"722","会战弓月城","10人普通",巴图仁钦,特殊,叁级五彩石,-,
"722","会战弓月城","10人普通",巴图仁钦,特殊,五行石（六级）,-,
"722","会战弓月城","10人普通",巴图仁钦,特殊,猫眼石,-,
"722","会战弓月城","10人普通",巴图仁钦,特殊,于阗玉川·疗·腕,-,
"722","会战弓月城","10人普通",巴图仁钦,特殊,昆仑玄石·附魔,-,
"722","会战弓月城","10人普通",巴图仁钦,特殊,探幽宝藏·防具,-,
"722","会战弓月城","10人普通",巴图仁钦,特殊,于阗玉川·伤·腕,-,
"722","会战弓月城","10人普通",巴图仁钦,特殊,于阗玉川·御·腕,-,
"722","会战弓月城","10人普通",巴图仁钦,特殊,玛瑙,-,
"722","会战弓月城","10人普通",巴图仁钦,特殊,匡义符·月,-,
"722","会战弓月城","10人普通",巴图仁钦,特殊,藏剑武器·延陵流安,-,
"722","会战弓月城","10人普通",巴图仁钦,特殊,探幽宝藏·武器,-,
"722","会战弓月城","10人普通",巴图仁钦,特殊,神兵玉匣·会战弓月城·破,-,
"722","会战弓月城","10人普通",巴图仁钦,特殊,鸣沙陨铁,-,
"722","会战弓月城","10人普通",巴图仁钦,特殊,探幽宝藏·首饰,-,
"722","会战弓月城","10人普通",竭勒,特殊,叁级五彩石,-,
"722","会战弓月城","10人普通",竭勒,特殊,五行石（六级）,-,
"722","会战弓月城","10人普通",竭勒,特殊,玛瑙,-,
"722","会战弓月城","10人普通",竭勒,特殊,鸣沙陨铁,-,
"722","会战弓月城","10人普通",竭勒,特殊,探幽宝藏·首饰,-,
"722","会战弓月城","10人普通",竭勒,特殊,于阗玉川·御·腰,-,
"722","会战弓月城","10人普通",竭勒,特殊,于阗玉川·伤·腰,-,
"722","会战弓月城","10人普通",竭勒,特殊,猫眼石,-,
"722","会战弓月城","10人普通",竭勒,特殊,探幽宝藏·防具,-,
"722","会战弓月城","10人普通",竭勒,特殊,昆仑玄石·附魔,-,
"722","会战弓月城","10人普通",竭勒,特殊,探幽宝藏·武器,-,
"722","会战弓月城","10人普通",竭勒,特殊,神兵玉匣·会战弓月城·急,-,
"722","会战弓月城","10人普通",竭勒,特殊,匡义符·月,-,
"722","会战弓月城","10人普通",竭勒,特殊,于阗玉川·疗·腰,-,
"722","会战弓月城","10人普通",竭勒,特殊,藏剑武器·甘风隐华,-,
"722","会战弓月城","10人普通",图南子,特殊,肆级五彩石,-,
"722","会战弓月城","10人普通",图南子,特殊,五行石（六级）,-,
"722","会战弓月城","10人普通",图南子,特殊,匡义符·月,-,
"722","会战弓月城","10人普通",图南子,特殊,鸣沙陨铁,-,
"722","会战弓月城","10人普通",图南子,特殊,探幽宝藏·首饰,-,
"722","会战弓月城","10人普通",图南子,特殊,于阗玉川·御·鞋,-,
"722","会战弓月城","10人普通",图南子,特殊,于阗玉川·伤·鞋,-,
"722","会战弓月城","10人普通",图南子,特殊,玛瑙,-,
"722","会战弓月城","10人普通",图南子,特殊,猫眼石,-,
"722","会战弓月城","10人普通",图南子,特殊,探幽宝藏·防具,-,
"722","会战弓月城","10人普通",图南子,特殊,神兵玉匣·会战弓月城·破,-,
"722","会战弓月城","10人普通",图南子,特殊,藏剑武器·延陵流安,-,
"722","会战弓月城","10人普通",图南子,特殊,昆仑玄石·附魔,-,
"722","会战弓月城","10人普通",图南子,特殊,探幽宝藏·武器,-,
"722","会战弓月城","10人普通",图南子,特殊,于阗玉川·疗·鞋,-,
"722","会战弓月城","10人普通",叶葵,特殊,肆级五彩石,-,
"722","会战弓月城","10人普通",叶葵,特殊,玛瑙,-,
"722","会战弓月城","10人普通",叶葵,特殊,昆仑玄石·附魔,-,
"722","会战弓月城","10人普通",叶葵,特殊,藏剑武器·甘风隐华,-,
"722","会战弓月城","10人普通",叶葵,特殊,于阗玉川·疗·帽,-,
"722","会战弓月城","10人普通",叶葵,特殊,匡义符·月,-,
"722","会战弓月城","10人普通",叶葵,特殊,鸣沙陨铁,-,
"722","会战弓月城","10人普通",叶葵,特殊,探幽宝藏·首饰,-,
"722","会战弓月城","10人普通",叶葵,特殊,于阗玉川·伤·帽,-,
"722","会战弓月城","10人普通",叶葵,特殊,五行石（六级）,-,
"722","会战弓月城","10人普通",叶葵,特殊,探幽宝藏·防具,-,
"722","会战弓月城","10人普通",叶葵,特殊,于阗玉川·御·帽,-,
"722","会战弓月城","10人普通",叶葵,特殊,猫眼石,-,
"722","会战弓月城","10人普通",叶葵,特殊,神兵玉匣·会战弓月城·急,-,
"722","会战弓月城","10人普通",叶葵,特殊,探幽宝藏·武器,-,
"722","会战弓月城","10人普通",尹雪尘,特殊,肆级五彩石,-,
"722","会战弓月城","10人普通",尹雪尘,特殊,五行石（六级）,-,
"722","会战弓月城","10人普通",尹雪尘,特殊,猫眼石,-,
"722","会战弓月城","10人普通",尹雪尘,特殊,探幽宝藏·武器,-,
"722","会战弓月城","10人普通",尹雪尘,特殊,于阗玉川·疗·衣,-,
"722","会战弓月城","10人普通",尹雪尘,特殊,藏剑武器·甘风隐华,-,
"722","会战弓月城","10人普通",尹雪尘,特殊,昆仑玄石·附魔,-,
"722","会战弓月城","10人普通",尹雪尘,特殊,鸣沙陨铁,-,
"722","会战弓月城","10人普通",尹雪尘,特殊,探幽宝藏·首饰,-,
"722","会战弓月城","10人普通",尹雪尘,特殊,于阗玉川·伤·衣,-,
"722","会战弓月城","10人普通",尹雪尘,特殊,玛瑙,-,
"722","会战弓月城","10人普通",尹雪尘,特殊,匡义符·月,-,
"722","会战弓月城","10人普通",尹雪尘,特殊,于阗玉川·御·衣,-,
"722","会战弓月城","10人普通",尹雪尘,特殊,神兵玉匣·会战弓月城·破,-,
"722","会战弓月城","10人普通",尹雪尘,特殊,藏剑武器·延陵流安,-,
"722","会战弓月城","10人普通",尹雪尘,特殊,探幽宝藏·防具,-,
"722","会战弓月城","10人普通",尹雪尘,特殊,神兵玉匣·会战弓月城·急,-,
"723","会战弓月城","25人普通",巴图仁钦,特殊,肆级五彩石,-,
"723","会战弓月城","25人普通",巴图仁钦,特殊,玛瑙,-,
"723","会战弓月城","25人普通",巴图仁钦,特殊,天极护腕·蓬莱,-,
"723","会战弓月城","25人普通",巴图仁钦,特殊,天极护腕·凌雪阁,-,
"723","会战弓月城","25人普通",巴图仁钦,特殊,天极护腕·衍天宗,-,
"723","会战弓月城","25人普通",巴图仁钦,特殊,天极护腕·北天药宗,-,
"723","会战弓月城","25人普通",巴图仁钦,特殊,《惊羽诀·秘卷》,-,
"723","会战弓月城","25人普通",巴图仁钦,特殊,天极护腕·刀宗,-,
"723","会战弓月城","25人普通",巴图仁钦,特殊,天极护腕·万灵,-,
"723","会战弓月城","25人普通",巴图仁钦,特殊,天极护腕·段氏,-,
"723","会战弓月城","25人普通",巴图仁钦,特殊,《离经易道·秘卷》,-,
"723","会战弓月城","25人普通",巴图仁钦,特殊,《纵横之剑·阖》,-,
"723","会战弓月城","25人普通",巴图仁钦,特殊,《纯阳别册·残卷》,-,
"723","会战弓月城","25人普通",巴图仁钦,特殊,上品茶饼·兑,-,
"723","会战弓月城","25人普通",巴图仁钦,特殊,《纵横之剑·捭》,-,
"723","会战弓月城","25人普通",巴图仁钦,特殊,猫眼石,-,
"723","会战弓月城","25人普通",巴图仁钦,特殊,昆仑玄石·附魔,-,
"723","会战弓月城","25人普通",巴图仁钦,特殊,五行石（六级）,-,
"723","会战弓月城","25人普通",巴图仁钦,特殊,《气经·残卷》,-,
"723","会战弓月城","25人普通",巴图仁钦,特殊,《蜀山剑诀·秘卷》,-,
"723","会战弓月城","25人普通",巴图仁钦,特殊,伍级五彩石,-,
"723","会战弓月城","25人普通",巴图仁钦,特殊,《相知剑意·残卷》,-,
"723","会战弓月城","25人普通",巴图仁钦,特殊,匡义符·月,-,
"723","会战弓月城","25人普通",巴图仁钦,特殊,《圣灵心法·秘卷》,-,
"723","会战弓月城","25人普通",巴图仁钦,特殊,维峰丹,-,
"723","会战弓月城","25人普通",巴图仁钦,特殊,鸣沙陨铁,-,
"723","会战弓月城","25人普通",巴图仁钦,特殊,藏剑武器·穆如,-,
"723","会战弓月城","25人普通",巴图仁钦,特殊,神兵玉匣·天极护腕,-,
"723","会战弓月城","25人普通",巴图仁钦,特殊,《月朔实录·残卷》,-,
"723","会战弓月城","25人普通",巴图仁钦,特殊,于阗玉邦·御·腕,-,
"723","会战弓月城","25人普通",巴图仁钦,特殊,天极护腕·少林,-,
"723","会战弓月城","25人普通",巴图仁钦,特殊,天极护腕·万花,-,
"723","会战弓月城","25人普通",巴图仁钦,特殊,于阗玉邦·疗·腕,-,
"723","会战弓月城","25人普通",巴图仁钦,特殊,天极护腕·天策,-,
"723","会战弓月城","25人普通",巴图仁钦,特殊,天极护腕·纯阳,-,
"723","会战弓月城","25人普通",巴图仁钦,特殊,天极护腕·七秀,-,
"723","会战弓月城","25人普通",巴图仁钦,特殊,于阗玉邦·伤·腕,-,
"723","会战弓月城","25人普通",巴图仁钦,特殊,天极护腕·五毒,-,
"723","会战弓月城","25人普通",巴图仁钦,特殊,冰心诀·秘卷,-,
"723","会战弓月城","25人普通",巴图仁钦,特殊,天极护腕·唐门,-,
"723","会战弓月城","25人普通",巴图仁钦,特殊,《易筋经·秘卷》,-,
"723","会战弓月城","25人普通",巴图仁钦,特殊,天极护腕·藏剑,-,
"723","会战弓月城","25人普通",巴图仁钦,特殊,天极护腕·丐帮,-,
"723","会战弓月城","25人普通",巴图仁钦,特殊,天极护腕·无相,-,
"723","会战弓月城","25人普通",巴图仁钦,特殊,《寸险律·残卷》,-,
"723","会战弓月城","25人普通",巴图仁钦,特殊,天极护腕·明教,-,
"723","会战弓月城","25人普通",巴图仁钦,特殊,天极护腕·苍云,-,
"723","会战弓月城","25人普通",巴图仁钦,特殊,天极护腕·长歌,-,
"723","会战弓月城","25人普通",巴图仁钦,特殊,神兵玉匣·普通会战弓月城·招,-,
"723","会战弓月城","25人普通",巴图仁钦,特殊,天极护腕·霸刀,-,
"723","会战弓月城","25人普通",竭勒,特殊,肆级五彩石,-,
"723","会战弓月城","25人普通",竭勒,特殊,《寸险律·残卷》,-,
"723","会战弓月城","25人普通",竭勒,特殊,《惊羽诀·秘卷》,-,
"723","会战弓月城","25人普通",竭勒,特殊,天极腰带·少林,-,
"723","会战弓月城","25人普通",竭勒,特殊,玛瑙,-,
"723","会战弓月城","25人普通",竭勒,特殊,天极腰带·万花,-,
"723","会战弓月城","25人普通",竭勒,特殊,天极腰带·天策,-,
"723","会战弓月城","25人普通",竭勒,特殊,天极腰带·纯阳,-,
"723","会战弓月城","25人普通",竭勒,特殊,天极腰带·七秀,-,
"723","会战弓月城","25人普通",竭勒,特殊,天极腰带·五毒,-,
"723","会战弓月城","25人普通",竭勒,特殊,天极腰带·唐门,-,
"723","会战弓月城","25人普通",竭勒,特殊,天极腰带·藏剑,-,
"723","会战弓月城","25人普通",竭勒,特殊,天极腰带·丐帮,-,
"723","会战弓月城","25人普通",竭勒,特殊,《离经易道·秘卷》,-,
"723","会战弓月城","25人普通",竭勒,特殊,天极腰带·明教,-,
"723","会战弓月城","25人普通",竭勒,特殊,天极腰带·苍云,-,
"723","会战弓月城","25人普通",竭勒,特殊,天极腰带·长歌,-,
"723","会战弓月城","25人普通",竭勒,特殊,天极腰带·霸刀,-,
"723","会战弓月城","25人普通",竭勒,特殊,《纵横之剑·阖》,-,
"723","会战弓月城","25人普通",竭勒,特殊,天极腰带·蓬莱,-,
"723","会战弓月城","25人普通",竭勒,特殊,天极腰带·凌雪阁,-,
"723","会战弓月城","25人普通",竭勒,特殊,天极腰带·衍天宗,-,
"723","会战弓月城","25人普通",竭勒,特殊,天极腰带·北天药宗,-,
"723","会战弓月城","25人普通",竭勒,特殊,天极腰带·刀宗,-,
"723","会战弓月城","25人普通",竭勒,特殊,天极腰带·万灵,-,
"723","会战弓月城","25人普通",竭勒,特殊,《纯阳别册·残卷》,-,
"723","会战弓月城","25人普通",竭勒,特殊,天极腰带·段氏,-,
"723","会战弓月城","25人普通",竭勒,特殊,上品茶饼·兑,-,
"723","会战弓月城","25人普通",竭勒,特殊,《纵横之剑·捭》,-,
"723","会战弓月城","25人普通",竭勒,特殊,昆仑玄石·附魔,-,
"723","会战弓月城","25人普通",竭勒,特殊,猫眼石,-,
"723","会战弓月城","25人普通",竭勒,特殊,《气经·残卷》,-,
"723","会战弓月城","25人普通",竭勒,特殊,《蜀山剑诀·秘卷》,-,
"723","会战弓月城","25人普通",竭勒,特殊,五行石（六级）,-,
"723","会战弓月城","25人普通",竭勒,特殊,《相知剑意·残卷》,-,
"723","会战弓月城","25人普通",竭勒,特殊,匡义符·月,-,
"723","会战弓月城","25人普通",竭勒,特殊,《圣灵心法·秘卷》,-,
"723","会战弓月城","25人普通",竭勒,特殊,鸣沙陨铁,-,
"723","会战弓月城","25人普通",竭勒,特殊,维峰丹,-,
"723","会战弓月城","25人普通",竭勒,特殊,藏剑武器·穆如,-,
"723","会战弓月城","25人普通",竭勒,特殊,神兵玉匣·天极腰带,-,
"723","会战弓月城","25人普通",竭勒,特殊,伍级五彩石,-,
"723","会战弓月城","25人普通",竭勒,特殊,于阗玉邦·御·腰,-,
"723","会战弓月城","25人普通",竭勒,特殊,《月朔实录·残卷》,-,
"723","会战弓月城","25人普通",竭勒,特殊,于阗玉邦·疗·腰,-,
"723","会战弓月城","25人普通",竭勒,特殊,于阗玉邦·伤·腰,-,
"723","会战弓月城","25人普通",竭勒,特殊,冰心诀·秘卷,-,
"723","会战弓月城","25人普通",竭勒,特殊,天极腰带·无相,-,
"723","会战弓月城","25人普通",竭勒,特殊,《易筋经·秘卷》,-,
"723","会战弓月城","25人普通",竭勒,特殊,神兵玉匣·普通会战弓月城·招,-,
"723","会战弓月城","25人普通",图南子,特殊,伍级五彩石,-,
"723","会战弓月城","25人普通",图南子,特殊,《寸险律·残卷》,-,
"723","会战弓月城","25人普通",图南子,特殊,《惊羽诀·秘卷》,-,
"723","会战弓月城","25人普通",图南子,特殊,玛瑙,-,
"723","会战弓月城","25人普通",图南子,特殊,《离经易道·秘卷》,-,
"723","会战弓月城","25人普通",图南子,特殊,《纵横之剑·阖》,-,
"723","会战弓月城","25人普通",图南子,特殊,天极鞋·少林,-,
"723","会战弓月城","25人普通",图南子,特殊,《纯阳别册·残卷》,-,
"723","会战弓月城","25人普通",图南子,特殊,天极鞋·万花,-,
"723","会战弓月城","25人普通",图南子,特殊,天极鞋·天策,-,
"723","会战弓月城","25人普通",图南子,特殊,天极鞋·纯阳,-,
"723","会战弓月城","25人普通",图南子,特殊,天极鞋·七秀,-,
"723","会战弓月城","25人普通",图南子,特殊,天极鞋·五毒,-,
"723","会战弓月城","25人普通",图南子,特殊,天极鞋·唐门,-,
"723","会战弓月城","25人普通",图南子,特殊,天极鞋·藏剑,-,
"723","会战弓月城","25人普通",图南子,特殊,天极鞋·丐帮,-,
"723","会战弓月城","25人普通",图南子,特殊,天极鞋·明教,-,
"723","会战弓月城","25人普通",图南子,特殊,天极鞋·苍云,-,
"723","会战弓月城","25人普通",图南子,特殊,上品茶饼·兑,-,
"723","会战弓月城","25人普通",图南子,特殊,天极鞋·长歌,-,
"723","会战弓月城","25人普通",图南子,特殊,天极鞋·霸刀,-,
"723","会战弓月城","25人普通",图南子,特殊,天极鞋·蓬莱,-,
"723","会战弓月城","25人普通",图南子,特殊,天极鞋·凌雪阁,-,
"723","会战弓月城","25人普通",图南子,特殊,天极鞋·衍天宗,-,
"723","会战弓月城","25人普通",图南子,特殊,天极鞋·北天药宗,-,
"723","会战弓月城","25人普通",图南子,特殊,《纵横之剑·捭》,-,
"723","会战弓月城","25人普通",图南子,特殊,天极鞋·刀宗,-,
"723","会战弓月城","25人普通",图南子,特殊,天极鞋·万灵,-,
"723","会战弓月城","25人普通",图南子,特殊,天极鞋·段氏,-,
"723","会战弓月城","25人普通",图南子,特殊,昆仑玄石·附魔,-,
"723","会战弓月城","25人普通",图南子,特殊,猫眼石,-,
"723","会战弓月城","25人普通",图南子,特殊,《气经·残卷》,-,
"723","会战弓月城","25人普通",图南子,特殊,肆级五彩石,-,
"723","会战弓月城","25人普通",图南子,特殊,《蜀山剑诀·秘卷》,-,
"723","会战弓月城","25人普通",图南子,特殊,《相知剑意·残卷》,-,
"723","会战弓月城","25人普通",图南子,特殊,匡义符·月,-,
"723","会战弓月城","25人普通",图南子,特殊,五行石（六级）,-,
"723","会战弓月城","25人普通",图南子,特殊,《圣灵心法·秘卷》,-,
"723","会战弓月城","25人普通",图南子,特殊,鸣沙陨铁,-,
"723","会战弓月城","25人普通",图南子,特殊,藏剑武器·穆如,-,
"723","会战弓月城","25人普通",图南子,特殊,神兵玉匣·天极鞋,-,
"723","会战弓月城","25人普通",图南子,特殊,维峰丹,-,
"723","会战弓月城","25人普通",图南子,特殊,于阗玉邦·御·鞋,-,
"723","会战弓月城","25人普通",图南子,特殊,《月朔实录·残卷》,-,
"723","会战弓月城","25人普通",图南子,特殊,于阗玉邦·疗·鞋,-,
"723","会战弓月城","25人普通",图南子,特殊,于阗玉邦·伤·鞋,-,
"723","会战弓月城","25人普通",图南子,特殊,冰心诀·秘卷,-,
"723","会战弓月城","25人普通",图南子,特殊,天极鞋·无相,-,
"723","会战弓月城","25人普通",图南子,特殊,《易筋经·秘卷》,-,
"723","会战弓月城","25人普通",图南子,特殊,神兵玉匣·普通会战弓月城·招,-,
"723","会战弓月城","25人普通",叶葵,特殊,肆级五彩石,-,
"723","会战弓月城","25人普通",叶葵,特殊,《易筋经·秘卷》,-,
"723","会战弓月城","25人普通",叶葵,特殊,《寸险律·残卷》,-,
"723","会战弓月城","25人普通",叶葵,特殊,《惊羽诀·秘卷》,-,
"723","会战弓月城","25人普通",叶葵,特殊,伍级五彩石,-,
"723","会战弓月城","25人普通",叶葵,特殊,《离经易道·秘卷》,-,
"723","会战弓月城","25人普通",叶葵,特殊,玛瑙,-,
"723","会战弓月城","25人普通",叶葵,特殊,《纵横之剑·阖》,-,
"723","会战弓月城","25人普通",叶葵,特殊,《纯阳别册·残卷》,-,
"723","会战弓月城","25人普通",叶葵,特殊,上品茶饼·兑,-,
"723","会战弓月城","25人普通",叶葵,特殊,天极帽·少林,-,
"723","会战弓月城","25人普通",叶葵,特殊,《纵横之剑·捭》,-,
"723","会战弓月城","25人普通",叶葵,特殊,天极帽·万花,-,
"723","会战弓月城","25人普通",叶葵,特殊,天极帽·天策,-,
"723","会战弓月城","25人普通",叶葵,特殊,昆仑玄石·附魔,-,
"723","会战弓月城","25人普通",叶葵,特殊,天极帽·纯阳,-,
"723","会战弓月城","25人普通",叶葵,特殊,天极帽·七秀,-,
"723","会战弓月城","25人普通",叶葵,特殊,天极帽·五毒,-,
"723","会战弓月城","25人普通",叶葵,特殊,天极帽·唐门,-,
"723","会战弓月城","25人普通",叶葵,特殊,天极帽·藏剑,-,
"723","会战弓月城","25人普通",叶葵,特殊,天极帽·丐帮,-,
"723","会战弓月城","25人普通",叶葵,特殊,天极帽·明教,-,
"723","会战弓月城","25人普通",叶葵,特殊,天极帽·苍云,-,
"723","会战弓月城","25人普通",叶葵,特殊,天极帽·长歌,-,
"723","会战弓月城","25人普通",叶葵,特殊,天极帽·霸刀,-,
"723","会战弓月城","25人普通",叶葵,特殊,《气经·残卷》,-,
"723","会战弓月城","25人普通",叶葵,特殊,天极帽·蓬莱,-,
"723","会战弓月城","25人普通",叶葵,特殊,天极帽·凌雪阁,-,
"723","会战弓月城","25人普通",叶葵,特殊,天极帽·衍天宗,-,
"723","会战弓月城","25人普通",叶葵,特殊,天极帽·北天药宗,-,
"723","会战弓月城","25人普通",叶葵,特殊,猫眼石,-,
"723","会战弓月城","25人普通",叶葵,特殊,天极帽·刀宗,-,
"723","会战弓月城","25人普通",叶葵,特殊,天极帽·万灵,-,
"723","会战弓月城","25人普通",叶葵,特殊,天极帽·段氏,-,
"723","会战弓月城","25人普通",叶葵,特殊,《蜀山剑诀·秘卷》,-,
"723","会战弓月城","25人普通",叶葵,特殊,《相知剑意·残卷》,-,
"723","会战弓月城","25人普通",叶葵,特殊,匡义符·月,-,
"723","会战弓月城","25人普通",叶葵,特殊,藏剑武器·夕岚,-,
"723","会战弓月城","25人普通",叶葵,特殊,《圣灵心法·秘卷》,-,
"723","会战弓月城","25人普通",叶葵,特殊,鸣沙陨铁,-,
"723","会战弓月城","25人普通",叶葵,特殊,藏剑武器·穆如,-,
"723","会战弓月城","25人普通",叶葵,特殊,昆玉玄晶,-,
"723","会战弓月城","25人普通",叶葵,特殊,五行石（六级）,-,
"723","会战弓月城","25人普通",叶葵,特殊,神兵玉匣·天极帽,-,
"723","会战弓月城","25人普通",叶葵,特殊,玉龙子,-,
"723","会战弓月城","25人普通",叶葵,特殊,于阗玉邦·御·帽,-,
"723","会战弓月城","25人普通",叶葵,特殊,维峰丹,-,
"723","会战弓月城","25人普通",叶葵,特殊,于阗玉邦·疗·帽,-,
"723","会战弓月城","25人普通",叶葵,特殊,《月朔实录·残卷》,-,
"723","会战弓月城","25人普通",叶葵,特殊,于阗玉邦·伤·帽,-,
"723","会战弓月城","25人普通",叶葵,特殊,冰心诀·秘卷,-,
"723","会战弓月城","25人普通",叶葵,特殊,天极帽·无相,-,
"723","会战弓月城","25人普通",叶葵,特殊,神兵玉匣·普通会战弓月城·会,-,
"723","会战弓月城","25人普通",叶葵,特殊,神兵玉匣·普通会战弓月城·招,-,
"723","会战弓月城","25人普通",尹雪尘,特殊,神兵玉匣·普通会战弓月城·奇,-,
"723","会战弓月城","25人普通",尹雪尘,特殊,《易筋经·秘卷》,-,
"723","会战弓月城","25人普通",尹雪尘,特殊,《寸险律·残卷》,-,
"723","会战弓月城","25人普通",尹雪尘,特殊,《惊羽诀·秘卷》,-,
"723","会战弓月城","25人普通",尹雪尘,特殊,《离经易道·秘卷》,-,
"723","会战弓月城","25人普通",尹雪尘,特殊,肆级五彩石,-,
"723","会战弓月城","25人普通",尹雪尘,特殊,伍级五彩石,-,
"723","会战弓月城","25人普通",尹雪尘,特殊,玛瑙,-,
"723","会战弓月城","25人普通",尹雪尘,特殊,《纵横之剑·阖》,-,
"723","会战弓月城","25人普通",尹雪尘,特殊,《纯阳别册·残卷》,-,
"723","会战弓月城","25人普通",尹雪尘,特殊,上品茶饼·兑,-,
"723","会战弓月城","25人普通",尹雪尘,特殊,《纵横之剑·捭》,-,
"723","会战弓月城","25人普通",尹雪尘,特殊,昆仑玄石·附魔,-,
"723","会战弓月城","25人普通",尹雪尘,特殊,《气经·残卷》,-,
"723","会战弓月城","25人普通",尹雪尘,特殊,天极衣·少林,-,
"723","会战弓月城","25人普通",尹雪尘,特殊,天极衣·万花,-,
"723","会战弓月城","25人普通",尹雪尘,特殊,天极衣·天策,-,
"723","会战弓月城","25人普通",尹雪尘,特殊,天极衣·纯阳,-,
"723","会战弓月城","25人普通",尹雪尘,特殊,天极衣·七秀,-,
"723","会战弓月城","25人普通",尹雪尘,特殊,猫眼石,-,
"723","会战弓月城","25人普通",尹雪尘,特殊,《蜀山剑诀·秘卷》,-,
"723","会战弓月城","25人普通",尹雪尘,特殊,《相知剑意·残卷》,-,
"723","会战弓月城","25人普通",尹雪尘,特殊,天极衣·五毒,-,
"723","会战弓月城","25人普通",尹雪尘,特殊,天极衣·唐门,-,
"723","会战弓月城","25人普通",尹雪尘,特殊,天极衣·藏剑,-,
"723","会战弓月城","25人普通",尹雪尘,特殊,天极衣·丐帮,-,
"723","会战弓月城","25人普通",尹雪尘,特殊,天极衣·明教,-,
"723","会战弓月城","25人普通",尹雪尘,特殊,天极衣·苍云,-,
"723","会战弓月城","25人普通",尹雪尘,特殊,天极衣·长歌,-,
"723","会战弓月城","25人普通",尹雪尘,特殊,天极衣·霸刀,-,
"723","会战弓月城","25人普通",尹雪尘,特殊,天极衣·蓬莱,-,
"723","会战弓月城","25人普通",尹雪尘,特殊,天极衣·凌雪阁,-,
"723","会战弓月城","25人普通",尹雪尘,特殊,匡义符·月,-,
"723","会战弓月城","25人普通",尹雪尘,特殊,天极衣·衍天宗,-,
"723","会战弓月城","25人普通",尹雪尘,特殊,天极衣·北天药宗,-,
"723","会战弓月城","25人普通",尹雪尘,特殊,天极衣·刀宗,-,
"723","会战弓月城","25人普通",尹雪尘,特殊,天极衣·万灵,-,
"723","会战弓月城","25人普通",尹雪尘,特殊,天极衣·段氏,-,
"723","会战弓月城","25人普通",尹雪尘,特殊,《圣灵心法·秘卷》,-,
"723","会战弓月城","25人普通",尹雪尘,特殊,鸣沙陨铁,-,
"723","会战弓月城","25人普通",尹雪尘,特殊,藏剑武器·孤山烟雨,-,
"723","会战弓月城","25人普通",尹雪尘,特殊,昆玉玄晶,-,
"723","会战弓月城","25人普通",尹雪尘,特殊,神兵玉匣·天极衣,-,
"723","会战弓月城","25人普通",尹雪尘,特殊,玉龙子,-,
"723","会战弓月城","25人普通",尹雪尘,特殊,于阗玉邦·御·衣,-,
"723","会战弓月城","25人普通",尹雪尘,特殊,于阗玉邦·疗·衣,-,
"723","会战弓月城","25人普通",尹雪尘,特殊,于阗玉邦·伤·衣,-,
"723","会战弓月城","25人普通",尹雪尘,特殊,五行石（六级）,-,
"723","会战弓月城","25人普通",尹雪尘,特殊,维峰丹,-,
"723","会战弓月城","25人普通",尹雪尘,特殊,《月朔实录·残卷》,-,
"723","会战弓月城","25人普通",尹雪尘,特殊,冰心诀·秘卷,-,
"723","会战弓月城","25人普通",尹雪尘,特殊,天极衣·无相,-,
"724","会战弓月城","25人英雄",巴图仁钦,特殊,肆级五彩石,-,
"724","会战弓月城","25人英雄",巴图仁钦,特殊,玛瑙,-,
"724","会战弓月城","25人英雄",巴图仁钦,特殊,牧川护腕·少林,-,
"724","会战弓月城","25人英雄",巴图仁钦,特殊,牧川护腕·万花,-,
"724","会战弓月城","25人英雄",巴图仁钦,特殊,牧川护腕·天策,-,
"724","会战弓月城","25人英雄",巴图仁钦,特殊,牧川护腕·纯阳,-,
"724","会战弓月城","25人英雄",巴图仁钦,特殊,《惊羽诀·秘卷》,-,
"724","会战弓月城","25人英雄",巴图仁钦,特殊,牧川护腕·七秀,-,
"724","会战弓月城","25人英雄",巴图仁钦,特殊,牧川护腕·五毒,-,
"724","会战弓月城","25人英雄",巴图仁钦,特殊,牧川护腕·唐门,-,
"724","会战弓月城","25人英雄",巴图仁钦,特殊,牧川护腕·藏剑,-,
"724","会战弓月城","25人英雄",巴图仁钦,特殊,牧川护腕·丐帮,-,
"724","会战弓月城","25人英雄",巴图仁钦,特殊,牧川护腕·明教,-,
"724","会战弓月城","25人英雄",巴图仁钦,特殊,牧川护腕·苍云,-,
"724","会战弓月城","25人英雄",巴图仁钦,特殊,牧川护腕·长歌,-,
"724","会战弓月城","25人英雄",巴图仁钦,特殊,牧川护腕·霸刀,-,
"724","会战弓月城","25人英雄",巴图仁钦,特殊,牧川护腕·蓬莱,-,
"724","会战弓月城","25人英雄",巴图仁钦,特殊,《离经易道·秘卷》,-,
"724","会战弓月城","25人英雄",巴图仁钦,特殊,牧川护腕·凌雪阁,-,
"724","会战弓月城","25人英雄",巴图仁钦,特殊,牧川护腕·衍天宗,-,
"724","会战弓月城","25人英雄",巴图仁钦,特殊,《纵横之剑·阖》,-,
"724","会战弓月城","25人英雄",巴图仁钦,特殊,牧川护腕·北天药宗,-,
"724","会战弓月城","25人英雄",巴图仁钦,特殊,牧川护腕·刀宗,-,
"724","会战弓月城","25人英雄",巴图仁钦,特殊,牧川护腕·万灵,-,
"724","会战弓月城","25人英雄",巴图仁钦,特殊,牧川护腕·段氏,-,
"724","会战弓月城","25人英雄",巴图仁钦,特殊,牧川护腕·无相,-,
"724","会战弓月城","25人英雄",巴图仁钦,特殊,《纯阳别册·残卷》,-,
"724","会战弓月城","25人英雄",巴图仁钦,特殊,上品茶饼·兑,-,
"724","会战弓月城","25人英雄",巴图仁钦,特殊,《纵横之剑·捭》,-,
"724","会战弓月城","25人英雄",巴图仁钦,特殊,猫眼石,-,
"724","会战弓月城","25人英雄",巴图仁钦,特殊,昆仑玄石·附魔,-,
"724","会战弓月城","25人英雄",巴图仁钦,特殊,五行石（六级）,-,
"724","会战弓月城","25人英雄",巴图仁钦,特殊,《气经·残卷》,-,
"724","会战弓月城","25人英雄",巴图仁钦,特殊,《蜀山剑诀·秘卷》,-,
"724","会战弓月城","25人英雄",巴图仁钦,特殊,伍级五彩石,-,
"724","会战弓月城","25人英雄",巴图仁钦,特殊,《相知剑意·残卷》,-,
"724","会战弓月城","25人英雄",巴图仁钦,特殊,匡义符·月,-,
"724","会战弓月城","25人英雄",巴图仁钦,特殊,《圣灵心法·秘卷》,-,
"724","会战弓月城","25人英雄",巴图仁钦,特殊,维峰丹,-,
"724","会战弓月城","25人英雄",巴图仁钦,特殊,鸣沙陨铁,-,
"724","会战弓月城","25人英雄",巴图仁钦,特殊,《月朔实录·残卷》,-,
"724","会战弓月城","25人英雄",巴图仁钦,特殊,神兵玉匣·英雄会战弓月城·招,-,
"724","会战弓月城","25人英雄",巴图仁钦,特殊,藏剑武器·断桥,-,
"724","会战弓月城","25人英雄",巴图仁钦,特殊,神兵玉匣·牧川护腕,-,
"724","会战弓月城","25人英雄",巴图仁钦,特殊,《易筋经·秘卷》,-,
"724","会战弓月城","25人英雄",巴图仁钦,特殊,冰心诀·秘卷,-,
"724","会战弓月城","25人英雄",巴图仁钦,特殊,《寸险律·残卷》,-,
"724","会战弓月城","25人英雄",竭勒,特殊,肆级五彩石,-,
"724","会战弓月城","25人英雄",竭勒,特殊,《寸险律·残卷》,-,
"724","会战弓月城","25人英雄",竭勒,特殊,《惊羽诀·秘卷》,-,
"724","会战弓月城","25人英雄",竭勒,特殊,玛瑙,-,
"724","会战弓月城","25人英雄",竭勒,特殊,《离经易道·秘卷》,-,
"724","会战弓月城","25人英雄",竭勒,特殊,《纵横之剑·阖》,-,
"724","会战弓月城","25人英雄",竭勒,特殊,牧川腰带·少林,-,
"724","会战弓月城","25人英雄",竭勒,特殊,牧川腰带·万花,-,
"724","会战弓月城","25人英雄",竭勒,特殊,牧川腰带·天策,-,
"724","会战弓月城","25人英雄",竭勒,特殊,牧川腰带·纯阳,-,
"724","会战弓月城","25人英雄",竭勒,特殊,牧川腰带·七秀,-,
"724","会战弓月城","25人英雄",竭勒,特殊,《纯阳别册·残卷》,-,
"724","会战弓月城","25人英雄",竭勒,特殊,牧川腰带·五毒,-,
"724","会战弓月城","25人英雄",竭勒,特殊,牧川腰带·唐门,-,
"724","会战弓月城","25人英雄",竭勒,特殊,牧川腰带·藏剑,-,
"724","会战弓月城","25人英雄",竭勒,特殊,牧川腰带·丐帮,-,
"724","会战弓月城","25人英雄",竭勒,特殊,牧川腰带·明教,-,
"724","会战弓月城","25人英雄",竭勒,特殊,牧川腰带·苍云,-,
"724","会战弓月城","25人英雄",竭勒,特殊,牧川腰带·长歌,-,
"724","会战弓月城","25人英雄",竭勒,特殊,牧川腰带·霸刀,-,
"724","会战弓月城","25人英雄",竭勒,特殊,牧川腰带·蓬莱,-,
"724","会战弓月城","25人英雄",竭勒,特殊,牧川腰带·凌雪阁,-,
"724","会战弓月城","25人英雄",竭勒,特殊,上品茶饼·兑,-,
"724","会战弓月城","25人英雄",竭勒,特殊,牧川腰带·衍天宗,-,
"724","会战弓月城","25人英雄",竭勒,特殊,牧川腰带·北天药宗,-,
"724","会战弓月城","25人英雄",竭勒,特殊,牧川腰带·刀宗,-,
"724","会战弓月城","25人英雄",竭勒,特殊,牧川腰带·万灵,-,
"724","会战弓月城","25人英雄",竭勒,特殊,《纵横之剑·捭》,-,
"724","会战弓月城","25人英雄",竭勒,特殊,牧川腰带·段氏,-,
"724","会战弓月城","25人英雄",竭勒,特殊,牧川腰带·无相,-,
"724","会战弓月城","25人英雄",竭勒,特殊,昆仑玄石·附魔,-,
"724","会战弓月城","25人英雄",竭勒,特殊,猫眼石,-,
"724","会战弓月城","25人英雄",竭勒,特殊,《气经·残卷》,-,
"724","会战弓月城","25人英雄",竭勒,特殊,《蜀山剑诀·秘卷》,-,
"724","会战弓月城","25人英雄",竭勒,特殊,五行石（六级）,-,
"724","会战弓月城","25人英雄",竭勒,特殊,《相知剑意·残卷》,-,
"724","会战弓月城","25人英雄",竭勒,特殊,匡义符·月,-,
"724","会战弓月城","25人英雄",竭勒,特殊,《圣灵心法·秘卷》,-,
"724","会战弓月城","25人英雄",竭勒,特殊,鸣沙陨铁,-,
"724","会战弓月城","25人英雄",竭勒,特殊,维峰丹,-,
"724","会战弓月城","25人英雄",竭勒,特殊,伍级五彩石,-,
"724","会战弓月城","25人英雄",竭勒,特殊,《月朔实录·残卷》,-,
"724","会战弓月城","25人英雄",竭勒,特殊,神兵玉匣·英雄会战弓月城·招,-,
"724","会战弓月城","25人英雄",竭勒,特殊,藏剑武器·断桥,-,
"724","会战弓月城","25人英雄",竭勒,特殊,神兵玉匣·牧川腰带,-,
"724","会战弓月城","25人英雄",竭勒,特殊,《易筋经·秘卷》,-,
"724","会战弓月城","25人英雄",竭勒,特殊,冰心诀·秘卷,-,
"724","会战弓月城","25人英雄",图南子,特殊,伍级五彩石,-,
"724","会战弓月城","25人英雄",图南子,特殊,《寸险律·残卷》,-,
"724","会战弓月城","25人英雄",图南子,特殊,《惊羽诀·秘卷》,-,
"724","会战弓月城","25人英雄",图南子,特殊,玛瑙,-,
"724","会战弓月城","25人英雄",图南子,特殊,《离经易道·秘卷》,-,
"724","会战弓月城","25人英雄",图南子,特殊,《纵横之剑·阖》,-,
"724","会战弓月城","25人英雄",图南子,特殊,《纯阳别册·残卷》,-,
"724","会战弓月城","25人英雄",图南子,特殊,上品茶饼·兑,-,
"724","会战弓月城","25人英雄",图南子,特殊,牧川鞋·少林,-,
"724","会战弓月城","25人英雄",图南子,特殊,牧川鞋·万花,-,
"724","会战弓月城","25人英雄",图南子,特殊,《纵横之剑·捭》,-,
"724","会战弓月城","25人英雄",图南子,特殊,牧川鞋·天策,-,
"724","会战弓月城","25人英雄",图南子,特殊,牧川鞋·纯阳,-,
"724","会战弓月城","25人英雄",图南子,特殊,牧川鞋·七秀,-,
"724","会战弓月城","25人英雄",图南子,特殊,牧川鞋·五毒,-,
"724","会战弓月城","25人英雄",图南子,特殊,昆仑玄石·附魔,-,
"724","会战弓月城","25人英雄",图南子,特殊,牧川鞋·唐门,-,
"724","会战弓月城","25人英雄",图南子,特殊,牧川鞋·藏剑,-,
"724","会战弓月城","25人英雄",图南子,特殊,牧川鞋·丐帮,-,
"724","会战弓月城","25人英雄",图南子,特殊,牧川鞋·明教,-,
"724","会战弓月城","25人英雄",图南子,特殊,牧川鞋·苍云,-,
"724","会战弓月城","25人英雄",图南子,特殊,牧川鞋·长歌,-,
"724","会战弓月城","25人英雄",图南子,特殊,牧川鞋·霸刀,-,
"724","会战弓月城","25人英雄",图南子,特殊,牧川鞋·蓬莱,-,
"724","会战弓月城","25人英雄",图南子,特殊,猫眼石,-,
"724","会战弓月城","25人英雄",图南子,特殊,牧川鞋·凌雪阁,-,
"724","会战弓月城","25人英雄",图南子,特殊,牧川鞋·衍天宗,-,
"724","会战弓月城","25人英雄",图南子,特殊,《气经·残卷》,-,
"724","会战弓月城","25人英雄",图南子,特殊,牧川鞋·北天药宗,-,
"724","会战弓月城","25人英雄",图南子,特殊,牧川鞋·刀宗,-,
"724","会战弓月城","25人英雄",图南子,特殊,牧川鞋·万灵,-,
"724","会战弓月城","25人英雄",图南子,特殊,牧川鞋·段氏,-,
"724","会战弓月城","25人英雄",图南子,特殊,牧川鞋·无相,-,
"724","会战弓月城","25人英雄",图南子,特殊,肆级五彩石,-,
"724","会战弓月城","25人英雄",图南子,特殊,《蜀山剑诀·秘卷》,-,
"724","会战弓月城","25人英雄",图南子,特殊,《相知剑意·残卷》,-,
"724","会战弓月城","25人英雄",图南子,特殊,匡义符·月,-,
"724","会战弓月城","25人英雄",图南子,特殊,五行石（六级）,-,
"724","会战弓月城","25人英雄",图南子,特殊,《圣灵心法·秘卷》,-,
"724","会战弓月城","25人英雄",图南子,特殊,鸣沙陨铁,-,
"724","会战弓月城","25人英雄",图南子,特殊,维峰丹,-,
"724","会战弓月城","25人英雄",图南子,特殊,《月朔实录·残卷》,-,
"724","会战弓月城","25人英雄",图南子,特殊,神兵玉匣·英雄会战弓月城·招,-,
"724","会战弓月城","25人英雄",图南子,特殊,藏剑武器·断桥,-,
"724","会战弓月城","25人英雄",图南子,特殊,神兵玉匣·牧川鞋,-,
"724","会战弓月城","25人英雄",图南子,特殊,冰心诀·秘卷,-,
"724","会战弓月城","25人英雄",图南子,特殊,《易筋经·秘卷》,-,
"724","会战弓月城","25人英雄",叶葵,特殊,肆级五彩石,-,
"724","会战弓月城","25人英雄",叶葵,特殊,《易筋经·秘卷》,-,
"724","会战弓月城","25人英雄",叶葵,特殊,《寸险律·残卷》,-,
"724","会战弓月城","25人英雄",叶葵,特殊,《惊羽诀·秘卷》,-,
"724","会战弓月城","25人英雄",叶葵,特殊,伍级五彩石,-,
"724","会战弓月城","25人英雄",叶葵,特殊,《离经易道·秘卷》,-,
"724","会战弓月城","25人英雄",叶葵,特殊,玛瑙,-,
"724","会战弓月城","25人英雄",叶葵,特殊,《纵横之剑·阖》,-,
"724","会战弓月城","25人英雄",叶葵,特殊,《纯阳别册·残卷》,-,
"724","会战弓月城","25人英雄",叶葵,特殊,上品茶饼·兑,-,
"724","会战弓月城","25人英雄",叶葵,特殊,《纵横之剑·捭》,-,
"724","会战弓月城","25人英雄",叶葵,特殊,昆仑玄石·附魔,-,
"724","会战弓月城","25人英雄",叶葵,特殊,《气经·残卷》,-,
"724","会战弓月城","25人英雄",叶葵,特殊,牧川帽·少林,-,
"724","会战弓月城","25人英雄",叶葵,特殊,猫眼石,-,
"724","会战弓月城","25人英雄",叶葵,特殊,牧川帽·万花,-,
"724","会战弓月城","25人英雄",叶葵,特殊,牧川帽·天策,-,
"724","会战弓月城","25人英雄",叶葵,特殊,牧川帽·纯阳,-,
"724","会战弓月城","25人英雄",叶葵,特殊,牧川帽·七秀,-,
"724","会战弓月城","25人英雄",叶葵,特殊,《蜀山剑诀·秘卷》,-,
"724","会战弓月城","25人英雄",叶葵,特殊,牧川帽·五毒,-,
"724","会战弓月城","25人英雄",叶葵,特殊,牧川帽·唐门,-,
"724","会战弓月城","25人英雄",叶葵,特殊,《相知剑意·残卷》,-,
"724","会战弓月城","25人英雄",叶葵,特殊,牧川帽·藏剑,-,
"724","会战弓月城","25人英雄",叶葵,特殊,牧川帽·丐帮,-,
"724","会战弓月城","25人英雄",叶葵,特殊,牧川帽·明教,-,
"724","会战弓月城","25人英雄",叶葵,特殊,牧川帽·苍云,-,
"724","会战弓月城","25人英雄",叶葵,特殊,牧川帽·长歌,-,
"724","会战弓月城","25人英雄",叶葵,特殊,牧川帽·霸刀,-,
"724","会战弓月城","25人英雄",叶葵,特殊,牧川帽·蓬莱,-,
"724","会战弓月城","25人英雄",叶葵,特殊,牧川帽·凌雪阁,-,
"724","会战弓月城","25人英雄",叶葵,特殊,牧川帽·衍天宗,-,
"724","会战弓月城","25人英雄",叶葵,特殊,牧川帽·北天药宗,-,
"724","会战弓月城","25人英雄",叶葵,特殊,匡义符·月,-,
"724","会战弓月城","25人英雄",叶葵,特殊,牧川帽·刀宗,-,
"724","会战弓月城","25人英雄",叶葵,特殊,牧川帽·万灵,-,
"724","会战弓月城","25人英雄",叶葵,特殊,牧川帽·段氏,-,
"724","会战弓月城","25人英雄",叶葵,特殊,牧川帽·无相,-,
"724","会战弓月城","25人英雄",叶葵,特殊,《圣灵心法·秘卷》,-,
"724","会战弓月城","25人英雄",叶葵,特殊,鸣沙陨铁,-,
"724","会战弓月城","25人英雄",叶葵,特殊,昆玉玄晶,-,
"724","会战弓月城","25人英雄",叶葵,特殊,五行石（六级）,-,
"724","会战弓月城","25人英雄",叶葵,特殊,天山碧髓,-,
"724","会战弓月城","25人英雄",叶葵,特殊,维峰丹,-,
"724","会战弓月城","25人英雄",叶葵,特殊,神兵玉匣·英雄会战弓月城·会,-,
"724","会战弓月城","25人英雄",叶葵,特殊,藏剑武器·流泉,-,
"724","会战弓月城","25人英雄",叶葵,特殊,《月朔实录·残卷》,-,
"724","会战弓月城","25人英雄",叶葵,特殊,神兵玉匣·英雄会战弓月城·招,-,
"724","会战弓月城","25人英雄",叶葵,特殊,藏剑武器·断桥,-,
"724","会战弓月城","25人英雄",叶葵,特殊,神兵玉匣·牧川帽,-,
"724","会战弓月城","25人英雄",叶葵,特殊,冰心诀·秘卷,-,
"724","会战弓月城","25人英雄",尹雪尘,特殊,《易筋经·秘卷》,-,
"724","会战弓月城","25人英雄",尹雪尘,特殊,《寸险律·残卷》,-,
"724","会战弓月城","25人英雄",尹雪尘,特殊,《惊羽诀·秘卷》,-,
"724","会战弓月城","25人英雄",尹雪尘,特殊,《离经易道·秘卷》,-,
"724","会战弓月城","25人英雄",尹雪尘,特殊,肆级五彩石,-,
"724","会战弓月城","25人英雄",尹雪尘,特殊,伍级五彩石,-,
"724","会战弓月城","25人英雄",尹雪尘,特殊,玛瑙,-,
"724","会战弓月城","25人英雄",尹雪尘,特殊,《纵横之剑·阖》,-,
"724","会战弓月城","25人英雄",尹雪尘,特殊,《纯阳别册·残卷》,-,
"724","会战弓月城","25人英雄",尹雪尘,特殊,上品茶饼·兑,-,
"724","会战弓月城","25人英雄",尹雪尘,特殊,《纵横之剑·捭》,-,
"724","会战弓月城","25人英雄",尹雪尘,特殊,昆仑玄石·附魔,-,
"724","会战弓月城","25人英雄",尹雪尘,特殊,《气经·残卷》,-,
"724","会战弓月城","25人英雄",尹雪尘,特殊,猫眼石,-,
"724","会战弓月城","25人英雄",尹雪尘,特殊,《蜀山剑诀·秘卷》,-,
"724","会战弓月城","25人英雄",尹雪尘,特殊,《相知剑意·残卷》,-,
"724","会战弓月城","25人英雄",尹雪尘,特殊,匡义符·月,-,
"724","会战弓月城","25人英雄",尹雪尘,特殊,牧川衣·少林,-,
"724","会战弓月城","25人英雄",尹雪尘,特殊,牧川衣·万花,-,
"724","会战弓月城","25人英雄",尹雪尘,特殊,牧川衣·天策,-,
"724","会战弓月城","25人英雄",尹雪尘,特殊,牧川衣·纯阳,-,
"724","会战弓月城","25人英雄",尹雪尘,特殊,牧川衣·七秀,-,
"724","会战弓月城","25人英雄",尹雪尘,特殊,牧川衣·五毒,-,
"724","会战弓月城","25人英雄",尹雪尘,特殊,牧川衣·唐门,-,
"724","会战弓月城","25人英雄",尹雪尘,特殊,牧川衣·藏剑,-,
"724","会战弓月城","25人英雄",尹雪尘,特殊,《圣灵心法·秘卷》,-,
"724","会战弓月城","25人英雄",尹雪尘,特殊,鸣沙陨铁,-,
"724","会战弓月城","25人英雄",尹雪尘,特殊,牧川衣·丐帮,-,
"724","会战弓月城","25人英雄",尹雪尘,特殊,牧川衣·明教,-,
"724","会战弓月城","25人英雄",尹雪尘,特殊,牧川衣·苍云,-,
"724","会战弓月城","25人英雄",尹雪尘,特殊,牧川衣·长歌,-,
"724","会战弓月城","25人英雄",尹雪尘,特殊,昆玉玄晶,-,
"724","会战弓月城","25人英雄",尹雪尘,特殊,牧川衣·霸刀,-,
"724","会战弓月城","25人英雄",尹雪尘,特殊,牧川衣·蓬莱,-,
"724","会战弓月城","25人英雄",尹雪尘,特殊,牧川衣·凌雪阁,-,
"724","会战弓月城","25人英雄",尹雪尘,特殊,牧川衣·衍天宗,-,
"724","会战弓月城","25人英雄",尹雪尘,特殊,天山碧髓,-,
"724","会战弓月城","25人英雄",尹雪尘,特殊,牧川衣·北天药宗,-,
"724","会战弓月城","25人英雄",尹雪尘,特殊,牧川衣·刀宗,-,
"724","会战弓月城","25人英雄",尹雪尘,特殊,云鬓脂·黑,-,
"724","会战弓月城","25人英雄",尹雪尘,特殊,牧川衣·万灵,-,
"724","会战弓月城","25人英雄",尹雪尘,特殊,牧川衣·段氏,-,
"724","会战弓月城","25人英雄",尹雪尘,特殊,云鬓脂·白,-,
"724","会战弓月城","25人英雄",尹雪尘,特殊,牧川衣·无相,-,
"724","会战弓月城","25人英雄",尹雪尘,特殊,神兵玉匣·英雄会战弓月城·奇,-,
"724","会战弓月城","25人英雄",尹雪尘,特殊,五行石（六级）,-,
"724","会战弓月城","25人英雄",尹雪尘,特殊,维峰丹,-,
"724","会战弓月城","25人英雄",尹雪尘,特殊,《月朔实录·残卷》,-,
"724","会战弓月城","25人英雄",尹雪尘,特殊,神兵玉匣·牧川衣,-,
"724","会战弓月城","25人英雄",尹雪尘,特殊,藏剑武器·泉飞西陵,-,
"724","会战弓月城","25人英雄",尹雪尘,特殊,冰心诀·秘卷,-,
"726","獭山岛","5人英雄",石固勇,特殊,挂件包·背部,-,
"726","獭山岛","5人英雄",石固勇,特殊,炼气丸,-,
"726","獭山岛","5人英雄",石固勇,特殊,挂件包·腰部,-,
"726","獭山岛","5人英雄",汪佑,特殊,挂件包·腰部,-,
"726","獭山岛","5人英雄",汪佑,特殊,炼气丸,-,
"726","獭山岛","5人英雄",汪佑,特殊,挂件包·背部,-,
"726","獭山岛","5人英雄",瓦赫拉,家具,从前有座山,-,
"726","獭山岛","5人英雄",瓦赫拉,特殊,《杂艺·舞火》,-,
"726","獭山岛","5人英雄",瓦赫拉,特殊,《破阵舞·丰财》,-,
"726","獭山岛","5人英雄",瓦赫拉,特殊,《九功舞·祥瑞》,-,
"726","獭山岛","5人英雄",瓦赫拉,特殊,九花玉露散,-,
"726","獭山岛","5人英雄",瓦赫拉,特殊,炼气丸,-,
"726","獭山岛","5人英雄",瓦赫拉,家具,聚宝灯笼,-,
"726","獭山岛","5人英雄",瓦赫拉,特殊,挂件包·背部,-,
"726","獭山岛","5人英雄",瓦赫拉,特殊,匡义符·月,-,
"726","獭山岛","5人英雄",瓦赫拉,特殊,藏剑武器·惜涯揽尽,-,
"726","獭山岛","5人英雄",瓦赫拉,特殊,木刻部件,-,
"726","獭山岛","5人英雄",瓦赫拉,特殊,挂件包·腰部,-,
"710","空城殿","25人挑战·空城殿·上",池清川,特殊,陆级五彩石,-,
"710","空城殿","25人挑战·空城殿·上",池清川,特殊,白虹贯岩·戒指（外攻）,-,
"710","空城殿","25人挑战·空城殿·上",池清川,特殊,白虹贯岩·戒指（内攻）,-,
"710","空城殿","25人挑战·空城殿·上",池清川,特殊,秘境宝藏·空城殿·上·奇,-,
"710","空城殿","25人挑战·空城殿·上",池清川,特殊,鸣沙陨铁,-,
"710","空城殿","25人挑战·空城殿·上",池清川,特殊,伍级五彩石,-,
"710","空城殿","25人挑战·空城殿·上",池清川,特殊,白虹贯岩·戒指（根骨）,-,
"710","空城殿","25人挑战·空城殿·上",池清川,特殊,白虹贯岩·戒指（力道）,-,
"710","空城殿","25人挑战·空城殿·上",池清川,特殊,白虹贯岩·戒指（元气）,-,
"710","空城殿","25人挑战·空城殿·上",池清川,特殊,白虹贯岩·戒指（身法）,-,
"711","空城殿","25人挑战·空城殿·下",李倓,特殊,陆级五彩石,-,
"711","空城殿","25人挑战·空城殿·下",李倓,特殊,白虹贯岩·项链（元气）,-,
"711","空城殿","25人挑战·空城殿·下",李倓,特殊,白虹贯岩·项链（身法）,-,
"711","空城殿","25人挑战·空城殿·下",李倓,特殊,白虹贯岩·腰坠（体质）,-,
"711","空城殿","25人挑战·空城殿·下",李倓,特殊,白虹贯岩·腰坠（会心）,-,
"711","空城殿","25人挑战·空城殿·下",李倓,特殊,鸣沙陨铁,-,
"711","空城殿","25人挑战·空城殿·下",李倓,特殊,白虹贯岩·戒指（根骨）,-,
"711","空城殿","25人挑战·空城殿·下",李倓,特殊,白虹贯岩·戒指（力道）,-,
"711","空城殿","25人挑战·空城殿·下",李倓,特殊,白虹贯岩·戒指（元气）,-,
"711","空城殿","25人挑战·空城殿·下",李倓,特殊,白虹贯岩·戒指（身法）,-,
"711","空城殿","25人挑战·空城殿·下",李倓,特殊,伍级五彩石,-,
"711","空城殿","25人挑战·空城殿·下",李倓,特殊,昆玉玄晶,-,
"711","空城殿","25人挑战·空城殿·下",李倓,特殊,白虹贯岩·戒指（外攻）,-,
"711","空城殿","25人挑战·空城殿·下",李倓,特殊,白虹贯岩·戒指（内攻）,-,
"711","空城殿","25人挑战·空城殿·下",李倓,特殊,白虹贯岩·暗器（根骨）,-,
"711","空城殿","25人挑战·空城殿·下",李倓,特殊,白虹贯岩·暗器（力道）,-,
"711","空城殿","25人挑战·空城殿·下",李倓,特殊,白虹贯岩·项链（体质）,-,
"711","空城殿","25人挑战·空城殿·下",李倓,特殊,白虹贯岩·暗器（元气）,-,
"711","空城殿","25人挑战·空城殿·下",李倓,特殊,白虹贯岩·暗器（身法）,-,
"711","空城殿","25人挑战·空城殿·下",李倓,特殊,白虹贯岩·暗器（外破）,-,
"711","空城殿","25人挑战·空城殿·下",李倓,特殊,白虹贯岩·暗器（内破）,-,
"711","空城殿","25人挑战·空城殿·下",李倓,特殊,白虹贯岩·项链（根骨）,-,
"711","空城殿","25人挑战·空城殿·下",李倓,特殊,白虹贯岩·暗器（加速）,-,
"711","空城殿","25人挑战·空城殿·下",李倓,特殊,如愿,-,
"711","空城殿","25人挑战·空城殿·下",李倓,特殊,秘境宝藏·空城殿·下·奇,-,
"711","空城殿","25人挑战·空城殿·下",李倓,特殊,白虹贯岩·项链（力道）,-,
"706","太极宫","10人普通",邢廷恩,特殊,叁级五彩石,-,
"706","太极宫","10人普通",邢廷恩,特殊,五行石（六级）,-,
"706","太极宫","10人普通",邢廷恩,特殊,玛瑙,-,
"706","太极宫","10人普通",邢廷恩,特殊,猫眼石,-,
"706","太极宫","10人普通",邢廷恩,特殊,探幽宝藏·防具,-,
"706","太极宫","10人普通",邢廷恩,特殊,探幽宝藏·首饰,-,
"706","太极宫","10人普通",邢廷恩,特殊,探幽宝藏·武器,-,
"706","太极宫","10人普通",许灵素,特殊,探幽宝藏·首饰,-,
"706","太极宫","10人普通",许灵素,特殊,探幽宝藏·武器,-,
"706","太极宫","10人普通",许灵素,特殊,叁级五彩石,-,
"706","太极宫","10人普通",许灵素,特殊,五行石（六级）,-,
"706","太极宫","10人普通",许灵素,特殊,玛瑙,-,
"706","太极宫","10人普通",许灵素,特殊,猫眼石,-,
"706","太极宫","10人普通",许灵素,特殊,探幽宝藏·防具,-,
"706","太极宫","10人普通",侯青,特殊,探幽宝藏·首饰,-,
"706","太极宫","10人普通",侯青,特殊,探幽宝藏·武器,-,
"706","太极宫","10人普通",侯青,特殊,肆级五彩石,-,
"706","太极宫","10人普通",侯青,特殊,五行石（六级）,-,
"706","太极宫","10人普通",侯青,特殊,玛瑙,-,
"706","太极宫","10人普通",侯青,特殊,猫眼石,-,
"706","太极宫","10人普通",侯青,特殊,探幽宝藏·防具,-,
"706","太极宫","10人普通",李系,特殊,肆级五彩石,-,
"706","太极宫","10人普通",李系,特殊,五行石（六级）,-,
"706","太极宫","10人普通",李系,特殊,玛瑙,-,
"706","太极宫","10人普通",李系,特殊,猫眼石,-,
"706","太极宫","10人普通",李系,特殊,探幽宝藏·防具,-,
"706","太极宫","10人普通",李系,特殊,探幽宝藏·首饰,-,
"706","太极宫","10人普通",李系,特殊,探幽宝藏·武器,-,
"706","太极宫","10人普通",年勒,特殊,探幽宝藏·首饰,-,
"706","太极宫","10人普通",年勒,特殊,探幽宝藏·武器,-,
"706","太极宫","10人普通",年勒,特殊,肆级五彩石,-,
"706","太极宫","10人普通",年勒,特殊,五行石（六级）,-,
"706","太极宫","10人普通",年勒,特殊,玛瑙,-,
"706","太极宫","10人普通",年勒,特殊,猫眼石,-,
"706","太极宫","10人普通",年勒,特殊,藏剑武器·延陵流安,-,
"706","太极宫","10人普通",年勒,特殊,探幽宝藏·防具,-,
"706","太极宫","10人普通",薛琢玉,特殊,肆级五彩石,-,
"706","太极宫","10人普通",薛琢玉,特殊,五行石（六级）,-,
"706","太极宫","10人普通",薛琢玉,特殊,玛瑙,-,
"706","太极宫","10人普通",薛琢玉,特殊,猫眼石,-,
"706","太极宫","10人普通",薛琢玉,特殊,藏剑武器·明祥华烛,-,
"706","太极宫","10人普通",薛琢玉,特殊,探幽宝藏·防具,-,
"706","太极宫","10人普通",薛琢玉,特殊,探幽宝藏·首饰,-,
"706","太极宫","10人普通",薛琢玉,特殊,探幽宝藏·武器,-,
"707","太极宫","25人普通",邢廷恩,特殊,神兵玉匣·孤漠护腕,-,
"707","太极宫","25人普通",邢廷恩,特殊,五行石（六级）,-,
"707","太极宫","25人普通",邢廷恩,特殊,藏剑武器·浮溪随山,-,
"707","太极宫","25人普通",邢廷恩,特殊,神兵玉匣·普通太极宫·招,-,
"707","太极宫","25人普通",邢廷恩,特殊,孤漠护腕·少林,-,
"707","太极宫","25人普通",邢廷恩,特殊,肆级五彩石,-,
"707","太极宫","25人普通",邢廷恩,特殊,孤漠护腕·万花,-,
"707","太极宫","25人普通",邢廷恩,特殊,孤漠护腕·天策,-,
"707","太极宫","25人普通",邢廷恩,特殊,孤漠护腕·纯阳,-,
"707","太极宫","25人普通",邢廷恩,特殊,孤漠护腕·七秀,-,
"707","太极宫","25人普通",邢廷恩,特殊,伍级五彩石,-,
"707","太极宫","25人普通",邢廷恩,特殊,孤漠护腕·五毒,-,
"707","太极宫","25人普通",邢廷恩,特殊,孤漠护腕·唐门,-,
"707","太极宫","25人普通",邢廷恩,特殊,玛瑙,-,
"707","太极宫","25人普通",邢廷恩,特殊,孤漠护腕·藏剑,-,
"707","太极宫","25人普通",邢廷恩,特殊,孤漠护腕·丐帮,-,
"707","太极宫","25人普通",邢廷恩,特殊,孤漠护腕·明教,-,
"707","太极宫","25人普通",邢廷恩,特殊,孤漠护腕·苍云,-,
"707","太极宫","25人普通",邢廷恩,特殊,孤漠护腕·长歌,-,
"707","太极宫","25人普通",邢廷恩,特殊,孤漠护腕·霸刀,-,
"707","太极宫","25人普通",邢廷恩,特殊,孤漠护腕·蓬莱,-,
"707","太极宫","25人普通",邢廷恩,特殊,孤漠护腕·凌雪阁,-,
"707","太极宫","25人普通",邢廷恩,特殊,孤漠护腕·衍天宗,-,
"707","太极宫","25人普通",邢廷恩,特殊,孤漠护腕·北天药宗,-,
"707","太极宫","25人普通",邢廷恩,特殊,孤漠护腕·刀宗,-,
"707","太极宫","25人普通",邢廷恩,特殊,孤漠护腕·万灵,-,
"707","太极宫","25人普通",邢廷恩,特殊,猫眼石,-,
"707","太极宫","25人普通",邢廷恩,特殊,孤漠护腕·段氏,-,
"707","太极宫","25人普通",许灵素,特殊,孤漠腰带·五毒,-,
"707","太极宫","25人普通",许灵素,特殊,孤漠腰带·唐门,-,
"707","太极宫","25人普通",许灵素,特殊,神兵玉匣·孤漠腰带,-,
"707","太极宫","25人普通",许灵素,特殊,孤漠腰带·藏剑,-,
"707","太极宫","25人普通",许灵素,特殊,孤漠腰带·丐帮,-,
"707","太极宫","25人普通",许灵素,特殊,孤漠腰带·明教,-,
"707","太极宫","25人普通",许灵素,特殊,孤漠腰带·苍云,-,
"707","太极宫","25人普通",许灵素,特殊,孤漠腰带·长歌,-,
"707","太极宫","25人普通",许灵素,特殊,孤漠腰带·霸刀,-,
"707","太极宫","25人普通",许灵素,特殊,五行石（六级）,-,
"707","太极宫","25人普通",许灵素,特殊,孤漠腰带·蓬莱,-,
"707","太极宫","25人普通",许灵素,特殊,藏剑武器·浮溪随山,-,
"707","太极宫","25人普通",许灵素,特殊,孤漠腰带·凌雪阁,-,
"707","太极宫","25人普通",许灵素,特殊,孤漠腰带·衍天宗,-,
"707","太极宫","25人普通",许灵素,特殊,孤漠腰带·北天药宗,-,
"707","太极宫","25人普通",许灵素,特殊,神兵玉匣·普通太极宫·招,-,
"707","太极宫","25人普通",许灵素,特殊,孤漠腰带·刀宗,-,
"707","太极宫","25人普通",许灵素,特殊,孤漠腰带·万灵,-,
"707","太极宫","25人普通",许灵素,特殊,孤漠腰带·段氏,-,
"707","太极宫","25人普通",许灵素,特殊,肆级五彩石,-,
"707","太极宫","25人普通",许灵素,特殊,伍级五彩石,-,
"707","太极宫","25人普通",许灵素,特殊,玛瑙,-,
"707","太极宫","25人普通",许灵素,特殊,孤漠腰带·少林,-,
"707","太极宫","25人普通",许灵素,特殊,猫眼石,-,
"707","太极宫","25人普通",许灵素,特殊,孤漠腰带·万花,-,
"707","太极宫","25人普通",许灵素,特殊,孤漠腰带·天策,-,
"707","太极宫","25人普通",许灵素,特殊,孤漠腰带·纯阳,-,
"707","太极宫","25人普通",许灵素,特殊,孤漠腰带·七秀,-,
"707","太极宫","25人普通",侯青,特殊,肆级五彩石,-,
"707","太极宫","25人普通",侯青,特殊,伍级五彩石,-,
"707","太极宫","25人普通",侯青,特殊,神兵玉匣·孤漠鞋,-,
"707","太极宫","25人普通",侯青,特殊,藏剑武器·浮溪随山,-,
"707","太极宫","25人普通",侯青,特殊,神兵玉匣·普通太极宫·招,-,
"707","太极宫","25人普通",侯青,特殊,孤漠鞋·少林,-,
"707","太极宫","25人普通",侯青,特殊,玛瑙,-,
"707","太极宫","25人普通",侯青,特殊,孤漠鞋·万花,-,
"707","太极宫","25人普通",侯青,特殊,孤漠鞋·天策,-,
"707","太极宫","25人普通",侯青,特殊,孤漠鞋·纯阳,-,
"707","太极宫","25人普通",侯青,特殊,孤漠鞋·七秀,-,
"707","太极宫","25人普通",侯青,特殊,孤漠鞋·五毒,-,
"707","太极宫","25人普通",侯青,特殊,孤漠鞋·唐门,-,
"707","太极宫","25人普通",侯青,特殊,孤漠鞋·藏剑,-,
"707","太极宫","25人普通",侯青,特殊,孤漠鞋·丐帮,-,
"707","太极宫","25人普通",侯青,特殊,孤漠鞋·明教,-,
"707","太极宫","25人普通",侯青,特殊,孤漠鞋·苍云,-,
"707","太极宫","25人普通",侯青,特殊,孤漠鞋·长歌,-,
"707","太极宫","25人普通",侯青,特殊,孤漠鞋·霸刀,-,
"707","太极宫","25人普通",侯青,特殊,孤漠鞋·蓬莱,-,
"707","太极宫","25人普通",侯青,特殊,孤漠鞋·凌雪阁,-,
"707","太极宫","25人普通",侯青,特殊,孤漠鞋·衍天宗,-,
"707","太极宫","25人普通",侯青,特殊,孤漠鞋·北天药宗,-,
"707","太极宫","25人普通",侯青,特殊,孤漠鞋·刀宗,-,
"707","太极宫","25人普通",侯青,特殊,孤漠鞋·万灵,-,
"707","太极宫","25人普通",侯青,特殊,孤漠鞋·段氏,-,
"707","太极宫","25人普通",侯青,特殊,猫眼石,-,
"707","太极宫","25人普通",侯青,特殊,五行石（六级）,-,
"707","太极宫","25人普通",李系,特殊,神兵玉匣·孤漠帽,-,
"707","太极宫","25人普通",李系,特殊,藏剑武器·浮溪随山,-,
"707","太极宫","25人普通",李系,特殊,伍级五彩石,-,
"707","太极宫","25人普通",李系,特殊,神兵玉匣·普通太极宫·招,-,
"707","太极宫","25人普通",李系,特殊,玛瑙,-,
"707","太极宫","25人普通",李系,特殊,肆级五彩石,-,
"707","太极宫","25人普通",李系,特殊,孤漠帽·少林,-,
"707","太极宫","25人普通",李系,特殊,孤漠帽·万花,-,
"707","太极宫","25人普通",李系,特殊,孤漠帽·天策,-,
"707","太极宫","25人普通",李系,特殊,孤漠帽·纯阳,-,
"707","太极宫","25人普通",李系,特殊,孤漠帽·七秀,-,
"707","太极宫","25人普通",李系,特殊,孤漠帽·五毒,-,
"707","太极宫","25人普通",李系,特殊,孤漠帽·唐门,-,
"707","太极宫","25人普通",李系,特殊,孤漠帽·藏剑,-,
"707","太极宫","25人普通",李系,特殊,孤漠帽·丐帮,-,
"707","太极宫","25人普通",李系,特殊,猫眼石,-,
"707","太极宫","25人普通",李系,特殊,孤漠帽·明教,-,
"707","太极宫","25人普通",李系,特殊,孤漠帽·苍云,-,
"707","太极宫","25人普通",李系,特殊,孤漠帽·长歌,-,
"707","太极宫","25人普通",李系,特殊,孤漠帽·霸刀,-,
"707","太极宫","25人普通",李系,特殊,孤漠帽·蓬莱,-,
"707","太极宫","25人普通",李系,特殊,孤漠帽·凌雪阁,-,
"707","太极宫","25人普通",李系,特殊,孤漠帽·衍天宗,-,
"707","太极宫","25人普通",李系,特殊,孤漠帽·北天药宗,-,
"707","太极宫","25人普通",李系,特殊,孤漠帽·刀宗,-,
"707","太极宫","25人普通",李系,特殊,孤漠帽·万灵,-,
"707","太极宫","25人普通",李系,特殊,孤漠帽·段氏,-,
"707","太极宫","25人普通",李系,特殊,五行石（六级）,-,
"707","太极宫","25人普通",年勒,特殊,肆级五彩石,-,
"707","太极宫","25人普通",年勒,特殊,五行石（六级）,-,
"707","太极宫","25人普通",年勒,特殊,孤漠衣·明教,-,
"707","太极宫","25人普通",年勒,特殊,孤漠衣·苍云,-,
"707","太极宫","25人普通",年勒,特殊,孤漠衣·长歌,-,
"707","太极宫","25人普通",年勒,特殊,孤漠衣·霸刀,-,
"707","太极宫","25人普通",年勒,特殊,孤漠衣·蓬莱,-,
"707","太极宫","25人普通",年勒,特殊,孤漠衣·凌雪阁,-,
"707","太极宫","25人普通",年勒,特殊,孤漠衣·衍天宗,-,
"707","太极宫","25人普通",年勒,特殊,孤漠衣·北天药宗,-,
"707","太极宫","25人普通",年勒,特殊,孤漠衣·刀宗,-,
"707","太极宫","25人普通",年勒,特殊,孤漠衣·万灵,-,
"707","太极宫","25人普通",年勒,特殊,孤漠衣·段氏,-,
"707","太极宫","25人普通",年勒,特殊,藏剑武器·兰茂柳繁,-,
"707","太极宫","25人普通",年勒,特殊,藏剑武器·浮溪随山,-,
"707","太极宫","25人普通",年勒,特殊,神兵玉匣·孤漠衣,-,
"707","太极宫","25人普通",年勒,特殊,神兵玉匣·普通太极宫·会,-,
"707","太极宫","25人普通",年勒,特殊,阳燧珠,-,
"707","太极宫","25人普通",年勒,特殊,神兵玉匣·普通太极宫·招,-,
"707","太极宫","25人普通",年勒,特殊,伍级五彩石,-,
"707","太极宫","25人普通",年勒,特殊,玛瑙,-,
"707","太极宫","25人普通",年勒,特殊,猫眼石,-,
"707","太极宫","25人普通",年勒,特殊,孤漠衣·少林,-,
"707","太极宫","25人普通",年勒,特殊,孤漠衣·万花,-,
"707","太极宫","25人普通",年勒,特殊,孤漠衣·天策,-,
"707","太极宫","25人普通",年勒,特殊,孤漠衣·纯阳,-,
"707","太极宫","25人普通",年勒,特殊,孤漠衣·七秀,-,
"707","太极宫","25人普通",年勒,特殊,孤漠衣·五毒,-,
"707","太极宫","25人普通",年勒,特殊,孤漠衣·唐门,-,
"707","太极宫","25人普通",年勒,特殊,孤漠衣·藏剑,-,
"707","太极宫","25人普通",年勒,特殊,孤漠衣·丐帮,-,
"707","太极宫","25人普通",薛琢玉,家具,龙奉音立镜,-,
"707","太极宫","25人普通",薛琢玉,特殊,藏剑武器·宸襟玉音,-,
"707","太极宫","25人普通",薛琢玉,特殊,五行石（六级）,-,
"707","太极宫","25人普通",薛琢玉,特殊,阳燧珠,-,
"707","太极宫","25人普通",薛琢玉,特殊,神兵玉匣·普通太极宫·奇,-,
"707","太极宫","25人普通",薛琢玉,特殊,玛瑙,-,
"707","太极宫","25人普通",薛琢玉,特殊,伍级五彩石,-,
"707","太极宫","25人普通",薛琢玉,特殊,肆级五彩石,-,
"707","太极宫","25人普通",薛琢玉,特殊,猫眼石,-,
"708","太极宫","25人英雄",邢廷恩,特殊,天极护腕·苍云,-,
"708","太极宫","25人英雄",邢廷恩,特殊,天极护腕·长歌,-,
"708","太极宫","25人英雄",邢廷恩,特殊,天极护腕·霸刀,-,
"708","太极宫","25人英雄",邢廷恩,特殊,天极护腕·蓬莱,-,
"708","太极宫","25人英雄",邢廷恩,特殊,五行石（六级）,-,
"708","太极宫","25人英雄",邢廷恩,特殊,天极护腕·凌雪阁,-,
"708","太极宫","25人英雄",邢廷恩,特殊,天极护腕·衍天宗,-,
"708","太极宫","25人英雄",邢廷恩,特殊,昆仑玄石·附魔,-,
"708","太极宫","25人英雄",邢廷恩,特殊,天极护腕·北天药宗,-,
"708","太极宫","25人英雄",邢廷恩,特殊,天极护腕·刀宗,-,
"708","太极宫","25人英雄",邢廷恩,特殊,天极护腕·万灵,-,
"708","太极宫","25人英雄",邢廷恩,特殊,天极护腕·段氏,-,
"708","太极宫","25人英雄",邢廷恩,特殊,神兵玉匣·英雄太极宫·招,-,
"708","太极宫","25人英雄",邢廷恩,特殊,肆级五彩石,-,
"708","太极宫","25人英雄",邢廷恩,特殊,匡义符·月,-,
"708","太极宫","25人英雄",邢廷恩,特殊,藏剑武器·穆如,-,
"708","太极宫","25人英雄",邢廷恩,特殊,神兵玉匣·天极护腕,-,
"708","太极宫","25人英雄",邢廷恩,特殊,伍级五彩石,-,
"708","太极宫","25人英雄",邢廷恩,特殊,秘境宝藏碎片·英雄太极宫,-,
"708","太极宫","25人英雄",邢廷恩,特殊,玛瑙,-,
"708","太极宫","25人英雄",邢廷恩,特殊,鸣沙陨铁,-,
"708","太极宫","25人英雄",邢廷恩,特殊,天极护腕·无相,-,
"708","太极宫","25人英雄",邢廷恩,特殊,天极护腕·少林,-,
"708","太极宫","25人英雄",邢廷恩,特殊,天极护腕·万花,-,
"708","太极宫","25人英雄",邢廷恩,特殊,天极护腕·天策,-,
"708","太极宫","25人英雄",邢廷恩,特殊,天极护腕·纯阳,-,
"708","太极宫","25人英雄",邢廷恩,特殊,猫眼石,-,
"708","太极宫","25人英雄",邢廷恩,特殊,天极护腕·七秀,-,
"708","太极宫","25人英雄",邢廷恩,特殊,天极护腕·五毒,-,
"708","太极宫","25人英雄",邢廷恩,特殊,天极护腕·唐门,-,
"708","太极宫","25人英雄",邢廷恩,特殊,天极护腕·藏剑,-,
"708","太极宫","25人英雄",邢廷恩,特殊,天极护腕·丐帮,-,
"708","太极宫","25人英雄",邢廷恩,特殊,天极护腕·明教,-,
"708","太极宫","25人英雄",许灵素,特殊,五行石（六级）,-,
"708","太极宫","25人英雄",许灵素,特殊,昆仑玄石·附魔,-,
"708","太极宫","25人英雄",许灵素,特殊,天极腰带·少林,-,
"708","太极宫","25人英雄",许灵素,特殊,天极腰带·万花,-,
"708","太极宫","25人英雄",许灵素,特殊,天极腰带·天策,-,
"708","太极宫","25人英雄",许灵素,特殊,天极腰带·纯阳,-,
"708","太极宫","25人英雄",许灵素,特殊,天极腰带·七秀,-,
"708","太极宫","25人英雄",许灵素,特殊,天极腰带·五毒,-,
"708","太极宫","25人英雄",许灵素,特殊,神兵玉匣·英雄太极宫·招,-,
"708","太极宫","25人英雄",许灵素,特殊,天极腰带·唐门,-,
"708","太极宫","25人英雄",许灵素,特殊,天极腰带·藏剑,-,
"708","太极宫","25人英雄",许灵素,特殊,天极腰带·丐帮,-,
"708","太极宫","25人英雄",许灵素,特殊,天极腰带·明教,-,
"708","太极宫","25人英雄",许灵素,特殊,藏剑武器·穆如,-,
"708","太极宫","25人英雄",许灵素,特殊,匡义符·月,-,
"708","太极宫","25人英雄",许灵素,特殊,天极腰带·苍云,-,
"708","太极宫","25人英雄",许灵素,特殊,神兵玉匣·天极腰带,-,
"708","太极宫","25人英雄",许灵素,特殊,天极腰带·长歌,-,
"708","太极宫","25人英雄",许灵素,特殊,天极腰带·霸刀,-,
"708","太极宫","25人英雄",许灵素,特殊,天极腰带·蓬莱,-,
"708","太极宫","25人英雄",许灵素,特殊,天极腰带·凌雪阁,-,
"708","太极宫","25人英雄",许灵素,特殊,秘境宝藏碎片·英雄太极宫,-,
"708","太极宫","25人英雄",许灵素,特殊,天极腰带·衍天宗,-,
"708","太极宫","25人英雄",许灵素,特殊,天极腰带·北天药宗,-,
"708","太极宫","25人英雄",许灵素,特殊,天极腰带·刀宗,-,
"708","太极宫","25人英雄",许灵素,特殊,于阗玉邦·御·腕,-,
"708","太极宫","25人英雄",许灵素,特殊,天极腰带·万灵,-,
"708","太极宫","25人英雄",许灵素,特殊,天极腰带·段氏,-,
"708","太极宫","25人英雄",许灵素,特殊,于阗玉邦·疗·腕,-,
"708","太极宫","25人英雄",许灵素,特殊,肆级五彩石,-,
"708","太极宫","25人英雄",许灵素,特殊,伍级五彩石,-,
"708","太极宫","25人英雄",许灵素,特殊,玛瑙,-,
"708","太极宫","25人英雄",许灵素,特殊,鸣沙陨铁,-,
"708","太极宫","25人英雄",许灵素,特殊,于阗玉邦·伤·腕,-,
"708","太极宫","25人英雄",许灵素,特殊,天极腰带·无相,-,
"708","太极宫","25人英雄",许灵素,特殊,猫眼石,-,
"708","太极宫","25人英雄",侯青,特殊,肆级五彩石,-,
"708","太极宫","25人英雄",侯青,特殊,伍级五彩石,-,
"708","太极宫","25人英雄",侯青,特殊,昆仑玄石·附魔,-,
"708","太极宫","25人英雄",侯青,特殊,匡义符·月,-,
"708","太极宫","25人英雄",侯青,特殊,神兵玉匣·英雄太极宫·招,-,
"708","太极宫","25人英雄",侯青,特殊,玛瑙,-,
"708","太极宫","25人英雄",侯青,特殊,藏剑武器·穆如,-,
"708","太极宫","25人英雄",侯青,特殊,神兵玉匣·天极鞋,-,
"708","太极宫","25人英雄",侯青,特殊,秘境宝藏碎片·英雄太极宫,-,
"708","太极宫","25人英雄",侯青,特殊,鸣沙陨铁,-,
"708","太极宫","25人英雄",侯青,特殊,于阗玉邦·御·腰,-,
"708","太极宫","25人英雄",侯青,特殊,于阗玉邦·疗·腰,-,
"708","太极宫","25人英雄",侯青,特殊,天极鞋·少林,-,
"708","太极宫","25人英雄",侯青,特殊,天极鞋·万花,-,
"708","太极宫","25人英雄",侯青,特殊,于阗玉邦·伤·腰,-,
"708","太极宫","25人英雄",侯青,特殊,天极鞋·天策,-,
"708","太极宫","25人英雄",侯青,特殊,天极鞋·纯阳,-,
"708","太极宫","25人英雄",侯青,特殊,天极鞋·七秀,-,
"708","太极宫","25人英雄",侯青,特殊,天极鞋·五毒,-,
"708","太极宫","25人英雄",侯青,特殊,天极鞋·无相,-,
"708","太极宫","25人英雄",侯青,特殊,天极鞋·唐门,-,
"708","太极宫","25人英雄",侯青,特殊,天极鞋·藏剑,-,
"708","太极宫","25人英雄",侯青,特殊,天极鞋·丐帮,-,
"708","太极宫","25人英雄",侯青,特殊,天极鞋·明教,-,
"708","太极宫","25人英雄",侯青,特殊,猫眼石,-,
"708","太极宫","25人英雄",侯青,特殊,天极鞋·苍云,-,
"708","太极宫","25人英雄",侯青,特殊,天极鞋·长歌,-,
"708","太极宫","25人英雄",侯青,特殊,天极鞋·霸刀,-,
"708","太极宫","25人英雄",侯青,特殊,天极鞋·蓬莱,-,
"708","太极宫","25人英雄",侯青,特殊,天极鞋·凌雪阁,-,
"708","太极宫","25人英雄",侯青,特殊,天极鞋·衍天宗,-,
"708","太极宫","25人英雄",侯青,特殊,天极鞋·北天药宗,-,
"708","太极宫","25人英雄",侯青,特殊,天极鞋·刀宗,-,
"708","太极宫","25人英雄",侯青,特殊,五行石（六级）,-,
"708","太极宫","25人英雄",侯青,特殊,天极鞋·万灵,-,
"708","太极宫","25人英雄",侯青,特殊,天极鞋·段氏,-,
"708","太极宫","25人英雄",李系,特殊,天极帽·凌雪阁,-,
"708","太极宫","25人英雄",李系,特殊,天极帽·衍天宗,-,
"708","太极宫","25人英雄",李系,特殊,天极帽·北天药宗,-,
"708","太极宫","25人英雄",李系,特殊,天极帽·刀宗,-,
"708","太极宫","25人英雄",李系,特殊,昆仑玄石·附魔,-,
"708","太极宫","25人英雄",李系,特殊,天极帽·万灵,-,
"708","太极宫","25人英雄",李系,特殊,天极帽·段氏,-,
"708","太极宫","25人英雄",李系,特殊,伍级五彩石,-,
"708","太极宫","25人英雄",李系,特殊,匡义符·月,-,
"708","太极宫","25人英雄",李系,特殊,神兵玉匣·英雄太极宫·招,-,
"708","太极宫","25人英雄",李系,特殊,藏剑武器·穆如,-,
"708","太极宫","25人英雄",李系,特殊,玛瑙,-,
"708","太极宫","25人英雄",李系,特殊,神兵玉匣·天极帽,-,
"708","太极宫","25人英雄",李系,特殊,秘境宝藏碎片·英雄太极宫,-,
"708","太极宫","25人英雄",李系,特殊,鸣沙陨铁,-,
"708","太极宫","25人英雄",李系,特殊,于阗玉邦·御·鞋,-,
"708","太极宫","25人英雄",李系,特殊,于阗玉邦·疗·鞋,-,
"708","太极宫","25人英雄",李系,特殊,肆级五彩石,-,
"708","太极宫","25人英雄",李系,特殊,于阗玉邦·伤·鞋,-,
"708","太极宫","25人英雄",李系,特殊,天极帽·无相,-,
"708","太极宫","25人英雄",李系,特殊,猫眼石,-,
"708","太极宫","25人英雄",李系,特殊,天极帽·少林,-,
"708","太极宫","25人英雄",李系,特殊,天极帽·万花,-,
"708","太极宫","25人英雄",李系,特殊,天极帽·天策,-,
"708","太极宫","25人英雄",李系,特殊,天极帽·纯阳,-,
"708","太极宫","25人英雄",李系,特殊,天极帽·七秀,-,
"708","太极宫","25人英雄",李系,特殊,天极帽·五毒,-,
"708","太极宫","25人英雄",李系,特殊,五行石（六级）,-,
"708","太极宫","25人英雄",李系,特殊,天极帽·唐门,-,
"708","太极宫","25人英雄",李系,特殊,天极帽·藏剑,-,
"708","太极宫","25人英雄",李系,特殊,天极帽·丐帮,-,
"708","太极宫","25人英雄",李系,特殊,天极帽·明教,-,
"708","太极宫","25人英雄",李系,特殊,天极帽·苍云,-,
"708","太极宫","25人英雄",李系,特殊,天极帽·长歌,-,
"708","太极宫","25人英雄",李系,特殊,天极帽·霸刀,-,
"708","太极宫","25人英雄",李系,特殊,天极帽·蓬莱,-,
"708","太极宫","25人英雄",年勒,特殊,肆级五彩石,-,
"708","太极宫","25人英雄",年勒,特殊,五行石（六级）,-,
"708","太极宫","25人英雄",年勒,特殊,天极衣·少林,-,
"708","太极宫","25人英雄",年勒,特殊,天极衣·万花,-,
"708","太极宫","25人英雄",年勒,特殊,昆仑玄石·附魔,-,
"708","太极宫","25人英雄",年勒,特殊,天极衣·天策,-,
"708","太极宫","25人英雄",年勒,特殊,天极衣·纯阳,-,
"708","太极宫","25人英雄",年勒,特殊,天极衣·七秀,-,
"708","太极宫","25人英雄",年勒,特殊,天极衣·五毒,-,
"708","太极宫","25人英雄",年勒,特殊,天极衣·唐门,-,
"708","太极宫","25人英雄",年勒,特殊,天极衣·藏剑,-,
"708","太极宫","25人英雄",年勒,特殊,天极衣·丐帮,-,
"708","太极宫","25人英雄",年勒,特殊,天极衣·明教,-,
"708","太极宫","25人英雄",年勒,特殊,天极衣·苍云,-,
"708","太极宫","25人英雄",年勒,特殊,天极衣·长歌,-,
"708","太极宫","25人英雄",年勒,特殊,天极衣·霸刀,-,
"708","太极宫","25人英雄",年勒,特殊,天极衣·蓬莱,-,
"708","太极宫","25人英雄",年勒,特殊,天极衣·凌雪阁,-,
"708","太极宫","25人英雄",年勒,特殊,天极衣·衍天宗,-,
"708","太极宫","25人英雄",年勒,特殊,天极衣·北天药宗,-,
"708","太极宫","25人英雄",年勒,特殊,天极衣·刀宗,-,
"708","太极宫","25人英雄",年勒,特殊,天极衣·万灵,-,
"708","太极宫","25人英雄",年勒,特殊,天极衣·段氏,-,
"708","太极宫","25人英雄",年勒,特殊,神兵玉匣·英雄太极宫·会,-,
"708","太极宫","25人英雄",年勒,特殊,神兵玉匣·英雄太极宫·招,-,
"708","太极宫","25人英雄",年勒,特殊,伍级五彩石,-,
"708","太极宫","25人英雄",年勒,特殊,匡义符·月,-,
"708","太极宫","25人英雄",年勒,特殊,藏剑武器·夕岚,-,
"708","太极宫","25人英雄",年勒,特殊,藏剑武器·穆如,-,
"708","太极宫","25人英雄",年勒,特殊,神兵玉匣·天极衣,-,
"708","太极宫","25人英雄",年勒,特殊,秘境宝藏碎片·英雄太极宫,-,
"708","太极宫","25人英雄",年勒,特殊,玛瑙,-,
"708","太极宫","25人英雄",年勒,特殊,太真玄玉石,-,
"708","太极宫","25人英雄",年勒,特殊,鸣沙陨铁,-,
"708","太极宫","25人英雄",年勒,特殊,于阗玉邦·御·帽,-,
"708","太极宫","25人英雄",年勒,特殊,于阗玉邦·疗·帽,-,
"708","太极宫","25人英雄",年勒,特殊,于阗玉邦·伤·帽,-,
"708","太极宫","25人英雄",年勒,特殊,昆玉玄晶,-,
"708","太极宫","25人英雄",年勒,特殊,天极衣·无相,-,
"708","太极宫","25人英雄",年勒,特殊,玉龙子,-,
"708","太极宫","25人英雄",年勒,特殊,猫眼石,-,
"708","太极宫","25人英雄",薛琢玉,家具,龙奉音立镜,-,
"708","太极宫","25人英雄",薛琢玉,特殊,昆仑玄石·附魔,-,
"708","太极宫","25人英雄",薛琢玉,特殊,五行石（六级）,-,
"708","太极宫","25人英雄",薛琢玉,特殊,神兵玉匣·英雄太极宫·奇,-,
"708","太极宫","25人英雄",薛琢玉,特殊,藏剑武器·孤山烟雨,-,
"708","太极宫","25人英雄",薛琢玉,特殊,匡义符·月,-,
"708","太极宫","25人英雄",薛琢玉,特殊,秘境宝藏碎片·英雄太极宫,-,
"708","太极宫","25人英雄",薛琢玉,特殊,太真玄玉石,-,
"708","太极宫","25人英雄",薛琢玉,特殊,于阗玉邦·御·衣,-,
"708","太极宫","25人英雄",薛琢玉,特殊,于阗玉邦·疗·衣,-,
"708","太极宫","25人英雄",薛琢玉,特殊,于阗玉邦·伤·衣,-,
"708","太极宫","25人英雄",薛琢玉,特殊,鸣沙陨铁,-,
"708","太极宫","25人英雄",薛琢玉,特殊,玛瑙,-,
"708","太极宫","25人英雄",薛琢玉,特殊,昆玉玄晶,-,
"708","太极宫","25人英雄",薛琢玉,特殊,伍级五彩石,-,
"708","太极宫","25人英雄",薛琢玉,特殊,玉龙子,-,
"708","太极宫","25人英雄",薛琢玉,特殊,肆级五彩石,-,
"708","太极宫","25人英雄",薛琢玉,特殊,猫眼石,-,
"686","一之窟","10人普通",骆耀阳,特殊,叁级五彩石,-,
"686","一之窟","10人普通",骆耀阳,特殊,五行石（六级）,-,
"686","一之窟","10人普通",骆耀阳,特殊,玛瑙,-,
"686","一之窟","10人普通",骆耀阳,特殊,猫眼石,-,
"686","一之窟","10人普通",骆耀阳,特殊,探幽宝藏·防具,-,
"686","一之窟","10人普通",骆耀阳,特殊,探幽宝藏·首饰,-,
"686","一之窟","10人普通",骆耀阳,特殊,探幽宝藏·武器,-,
"686","一之窟","10人普通",韦柔丝,特殊,探幽宝藏·首饰,-,
"686","一之窟","10人普通",韦柔丝,特殊,探幽宝藏·武器,-,
"686","一之窟","10人普通",韦柔丝,特殊,叁级五彩石,-,
"686","一之窟","10人普通",韦柔丝,特殊,五行石（六级）,-,
"686","一之窟","10人普通",韦柔丝,特殊,玛瑙,-,
"686","一之窟","10人普通",韦柔丝,特殊,猫眼石,-,
"686","一之窟","10人普通",韦柔丝,特殊,探幽宝藏·防具,-,
"686","一之窟","10人普通",宋泉,特殊,探幽宝藏·首饰,-,
"686","一之窟","10人普通",宋泉,特殊,探幽宝藏·武器,-,
"686","一之窟","10人普通",宋泉,特殊,肆级五彩石,-,
"686","一之窟","10人普通",宋泉,特殊,五行石（六级）,-,
"686","一之窟","10人普通",宋泉,特殊,玛瑙,-,
"686","一之窟","10人普通",宋泉,特殊,猫眼石,-,
"686","一之窟","10人普通",宋泉,特殊,探幽宝藏·防具,-,
"686","一之窟","10人普通",伍靖远,特殊,肆级五彩石,-,
"686","一之窟","10人普通",伍靖远,特殊,五行石（六级）,-,
"686","一之窟","10人普通",伍靖远,特殊,玛瑙,-,
"686","一之窟","10人普通",伍靖远,特殊,猫眼石,-,
"686","一之窟","10人普通",伍靖远,特殊,探幽宝藏·防具,-,
"686","一之窟","10人普通",伍靖远,特殊,探幽宝藏·首饰,-,
"686","一之窟","10人普通",伍靖远,特殊,探幽宝藏·武器,-,
"686","一之窟","10人普通",苏什,特殊,肆级五彩石,-,
"686","一之窟","10人普通",苏什,特殊,五行石（六级）,-,
"686","一之窟","10人普通",苏什,特殊,玛瑙,-,
"686","一之窟","10人普通",苏什,特殊,猫眼石,-,
"686","一之窟","10人普通",苏什,特殊,藏剑武器·明祥华烛,-,
"686","一之窟","10人普通",苏什,特殊,探幽宝藏·防具,-,
"686","一之窟","10人普通",苏什,特殊,探幽宝藏·首饰,-,
"686","一之窟","10人普通",苏什,特殊,探幽宝藏·武器,-,
"686","一之窟","10人普通",芭德,特殊,探幽宝藏·首饰,-,
"686","一之窟","10人普通",芭德,特殊,探幽宝藏·武器,-,
"686","一之窟","10人普通",芭德,特殊,肆级五彩石,-,
"686","一之窟","10人普通",芭德,特殊,五行石（六级）,-,
"686","一之窟","10人普通",芭德,特殊,玛瑙,-,
"686","一之窟","10人普通",芭德,特殊,猫眼石,-,
"686","一之窟","10人普通",芭德,特殊,藏剑武器·甘风隐华,-,
"686","一之窟","10人普通",芭德,特殊,探幽宝藏·防具,-,
"687","一之窟","25人普通",骆耀阳,家具,霸气外露,-,
"687","一之窟","25人普通",骆耀阳,特殊,伍级五彩石,-,
"687","一之窟","25人普通",骆耀阳,特殊,玛瑙,-,
"687","一之窟","25人普通",骆耀阳,特殊,肆级五彩石,-,
"687","一之窟","25人普通",骆耀阳,特殊,猫眼石,-,
"687","一之窟","25人普通",骆耀阳,特殊,五行石（六级）,-,
"687","一之窟","25人普通",韦柔丝,特殊,神兵玉匣·西塞护腕,-,
"687","一之窟","25人普通",韦柔丝,特殊,像龙般若功,-,
"687","一之窟","25人普通",韦柔丝,特殊,藏剑武器·霁野霭天,-,
"687","一之窟","25人普通",韦柔丝,特殊,五行石（六级）,-,
"687","一之窟","25人普通",韦柔丝,特殊,神兵玉匣·普通一之窟·会,-,
"687","一之窟","25人普通",韦柔丝,特殊,西塞护腕·少林,-,
"687","一之窟","25人普通",韦柔丝,特殊,西塞护腕·万花,-,
"687","一之窟","25人普通",韦柔丝,特殊,西塞护腕·天策,-,
"687","一之窟","25人普通",韦柔丝,特殊,西塞护腕·纯阳,-,
"687","一之窟","25人普通",韦柔丝,特殊,西塞护腕·七秀,-,
"687","一之窟","25人普通",韦柔丝,特殊,西塞护腕·五毒,-,
"687","一之窟","25人普通",韦柔丝,特殊,西塞护腕·唐门,-,
"687","一之窟","25人普通",韦柔丝,特殊,西塞护腕·藏剑,-,
"687","一之窟","25人普通",韦柔丝,特殊,西塞护腕·丐帮,-,
"687","一之窟","25人普通",韦柔丝,特殊,西塞护腕·明教,-,
"687","一之窟","25人普通",韦柔丝,特殊,西塞护腕·苍云,-,
"687","一之窟","25人普通",韦柔丝,特殊,肆级五彩石,-,
"687","一之窟","25人普通",韦柔丝,特殊,伍级五彩石,-,
"687","一之窟","25人普通",韦柔丝,特殊,玛瑙,-,
"687","一之窟","25人普通",韦柔丝,特殊,西塞护腕·长歌,-,
"687","一之窟","25人普通",韦柔丝,特殊,西塞护腕·霸刀,-,
"687","一之窟","25人普通",韦柔丝,特殊,西塞护腕·蓬莱,-,
"687","一之窟","25人普通",韦柔丝,特殊,西塞护腕·凌雪阁,-,
"687","一之窟","25人普通",韦柔丝,特殊,西塞护腕·衍天宗,-,
"687","一之窟","25人普通",韦柔丝,特殊,西塞护腕·北天药宗,-,
"687","一之窟","25人普通",韦柔丝,特殊,西塞护腕·刀宗,-,
"687","一之窟","25人普通",韦柔丝,特殊,西塞护腕·万灵,-,
"687","一之窟","25人普通",韦柔丝,特殊,西塞护腕·段氏,-,
"687","一之窟","25人普通",韦柔丝,特殊,猫眼石,-,
"687","一之窟","25人普通",宋泉,特殊,肆级五彩石,-,
"687","一之窟","25人普通",宋泉,特殊,五行石（六级）,-,
"687","一之窟","25人普通",宋泉,特殊,西塞腰带·藏剑,-,
"687","一之窟","25人普通",宋泉,特殊,西塞腰带·丐帮,-,
"687","一之窟","25人普通",宋泉,特殊,神兵玉匣·西塞腰带,-,
"687","一之窟","25人普通",宋泉,特殊,西塞腰带·明教,-,
"687","一之窟","25人普通",宋泉,特殊,西塞腰带·苍云,-,
"687","一之窟","25人普通",宋泉,特殊,西塞腰带·长歌,-,
"687","一之窟","25人普通",宋泉,特殊,西塞腰带·霸刀,-,
"687","一之窟","25人普通",宋泉,特殊,西塞腰带·蓬莱,-,
"687","一之窟","25人普通",宋泉,特殊,西塞腰带·凌雪阁,-,
"687","一之窟","25人普通",宋泉,特殊,藏剑武器·金塘絮结,-,
"687","一之窟","25人普通",宋泉,特殊,西塞腰带·衍天宗,-,
"687","一之窟","25人普通",宋泉,特殊,西塞腰带·北天药宗,-,
"687","一之窟","25人普通",宋泉,特殊,西塞腰带·刀宗,-,
"687","一之窟","25人普通",宋泉,特殊,西塞腰带·万灵,-,
"687","一之窟","25人普通",宋泉,特殊,神兵玉匣·普通一之窟·招,-,
"687","一之窟","25人普通",宋泉,特殊,西塞腰带·段氏,-,
"687","一之窟","25人普通",宋泉,特殊,伍级五彩石,-,
"687","一之窟","25人普通",宋泉,特殊,玛瑙,-,
"687","一之窟","25人普通",宋泉,特殊,猫眼石,-,
"687","一之窟","25人普通",宋泉,特殊,西塞腰带·少林,-,
"687","一之窟","25人普通",宋泉,特殊,西塞腰带·万花,-,
"687","一之窟","25人普通",宋泉,特殊,西塞腰带·天策,-,
"687","一之窟","25人普通",宋泉,特殊,西塞腰带·纯阳,-,
"687","一之窟","25人普通",宋泉,特殊,西塞腰带·七秀,-,
"687","一之窟","25人普通",宋泉,特殊,西塞腰带·五毒,-,
"687","一之窟","25人普通",宋泉,特殊,西塞腰带·唐门,-,
"687","一之窟","25人普通",伍靖远,特殊,神兵玉匣·西塞鞋,-,
"687","一之窟","25人普通",伍靖远,特殊,藏剑武器·霁野霭天,-,
"687","一之窟","25人普通",伍靖远,特殊,神兵玉匣·普通一之窟·会,-,
"687","一之窟","25人普通",伍靖远,特殊,五行石（六级）,-,
"687","一之窟","25人普通",伍靖远,特殊,捭阖拳套礼盒,-,
"687","一之窟","25人普通",伍靖远,特殊,西塞鞋·少林,-,
"687","一之窟","25人普通",伍靖远,特殊,西塞鞋·万花,-,
"687","一之窟","25人普通",伍靖远,特殊,西塞鞋·天策,-,
"687","一之窟","25人普通",伍靖远,特殊,西塞鞋·纯阳,-,
"687","一之窟","25人普通",伍靖远,特殊,西塞鞋·七秀,-,
"687","一之窟","25人普通",伍靖远,特殊,西塞鞋·五毒,-,
"687","一之窟","25人普通",伍靖远,特殊,西塞鞋·唐门,-,
"687","一之窟","25人普通",伍靖远,特殊,西塞鞋·藏剑,-,
"687","一之窟","25人普通",伍靖远,特殊,西塞鞋·丐帮,-,
"687","一之窟","25人普通",伍靖远,特殊,西塞鞋·明教,-,
"687","一之窟","25人普通",伍靖远,特殊,西塞鞋·苍云,-,
"687","一之窟","25人普通",伍靖远,特殊,西塞鞋·长歌,-,
"687","一之窟","25人普通",伍靖远,特殊,西塞鞋·霸刀,-,
"687","一之窟","25人普通",伍靖远,特殊,西塞鞋·蓬莱,-,
"687","一之窟","25人普通",伍靖远,特殊,西塞鞋·凌雪阁,-,
"687","一之窟","25人普通",伍靖远,特殊,西塞鞋·衍天宗,-,
"687","一之窟","25人普通",伍靖远,特殊,西塞鞋·北天药宗,-,
"687","一之窟","25人普通",伍靖远,特殊,西塞鞋·刀宗,-,
"687","一之窟","25人普通",伍靖远,特殊,西塞鞋·万灵,-,
"687","一之窟","25人普通",伍靖远,特殊,西塞鞋·段氏,-,
"687","一之窟","25人普通",伍靖远,特殊,玛瑙,-,
"687","一之窟","25人普通",伍靖远,特殊,伍级五彩石,-,
"687","一之窟","25人普通",伍靖远,特殊,肆级五彩石,-,
"687","一之窟","25人普通",伍靖远,特殊,猫眼石,-,
"687","一之窟","25人普通",苏什,特殊,五行石（六级）,-,
"687","一之窟","25人普通",苏什,特殊,藏剑武器·霁野霭天,-,
"687","一之窟","25人普通",苏什,特殊,神兵玉匣·西塞帽,-,
"687","一之窟","25人普通",苏什,特殊,藏剑武器·金塘絮结,-,
"687","一之窟","25人普通",苏什,特殊,神兵玉匣·普通一之窟·会,-,
"687","一之窟","25人普通",苏什,特殊,神兵玉匣·普通一之窟·招,-,
"687","一之窟","25人普通",苏什,特殊,肆级五彩石,-,
"687","一之窟","25人普通",苏什,特殊,伍级五彩石,-,
"687","一之窟","25人普通",苏什,特殊,玛瑙,-,
"687","一之窟","25人普通",苏什,特殊,西塞帽·少林,-,
"687","一之窟","25人普通",苏什,特殊,西塞帽·万花,-,
"687","一之窟","25人普通",苏什,特殊,西塞帽·天策,-,
"687","一之窟","25人普通",苏什,特殊,西塞帽·纯阳,-,
"687","一之窟","25人普通",苏什,特殊,西塞帽·七秀,-,
"687","一之窟","25人普通",苏什,特殊,西塞帽·五毒,-,
"687","一之窟","25人普通",苏什,特殊,西塞帽·唐门,-,
"687","一之窟","25人普通",苏什,特殊,西塞帽·藏剑,-,
"687","一之窟","25人普通",苏什,特殊,西塞帽·丐帮,-,
"687","一之窟","25人普通",苏什,特殊,西塞帽·明教,-,
"687","一之窟","25人普通",苏什,特殊,西塞帽·苍云,-,
"687","一之窟","25人普通",苏什,特殊,西塞帽·长歌,-,
"687","一之窟","25人普通",苏什,特殊,西塞帽·霸刀,-,
"687","一之窟","25人普通",苏什,特殊,西塞帽·蓬莱,-,
"687","一之窟","25人普通",苏什,特殊,西塞帽·凌雪阁,-,
"687","一之窟","25人普通",苏什,特殊,西塞帽·衍天宗,-,
"687","一之窟","25人普通",苏什,特殊,西塞帽·北天药宗,-,
"687","一之窟","25人普通",苏什,特殊,西塞帽·刀宗,-,
"687","一之窟","25人普通",苏什,特殊,西塞帽·万灵,-,
"687","一之窟","25人普通",苏什,特殊,猫眼石,-,
"687","一之窟","25人普通",苏什,特殊,西塞帽·段氏,-,
"687","一之窟","25人普通",芭德,特殊,肆级五彩石,-,
"687","一之窟","25人普通",芭德,特殊,伍级五彩石,-,
"687","一之窟","25人普通",芭德,特殊,西塞衣·长歌,-,
"687","一之窟","25人普通",芭德,特殊,西塞衣·霸刀,-,
"687","一之窟","25人普通",芭德,特殊,西塞衣·蓬莱,-,
"687","一之窟","25人普通",芭德,特殊,西塞衣·凌雪阁,-,
"687","一之窟","25人普通",芭德,特殊,西塞衣·衍天宗,-,
"687","一之窟","25人普通",芭德,特殊,西塞衣·北天药宗,-,
"687","一之窟","25人普通",芭德,特殊,西塞衣·刀宗,-,
"687","一之窟","25人普通",芭德,特殊,西塞衣·万灵,-,
"687","一之窟","25人普通",芭德,特殊,西塞衣·段氏,-,
"687","一之窟","25人普通",芭德,特殊,藏剑武器·霁野霭天,-,
"687","一之窟","25人普通",芭德,特殊,藏剑武器·金塘絮结,-,
"687","一之窟","25人普通",芭德,特殊,神兵玉匣·西塞衣,-,
"687","一之窟","25人普通",芭德,特殊,神兵玉匣·普通一之窟·会,-,
"687","一之窟","25人普通",芭德,特殊,神兵玉匣·普通一之窟·招,-,
"687","一之窟","25人普通",芭德,特殊,玄缘番锦袍,-,
"687","一之窟","25人普通",芭德,特殊,玛瑙,-,
"687","一之窟","25人普通",芭德,特殊,猫眼石,-,
"687","一之窟","25人普通",芭德,特殊,五行石（六级）,-,
"687","一之窟","25人普通",芭德,特殊,西塞衣·少林,-,
"687","一之窟","25人普通",芭德,特殊,西塞衣·万花,-,
"687","一之窟","25人普通",芭德,特殊,西塞衣·天策,-,
"687","一之窟","25人普通",芭德,特殊,西塞衣·纯阳,-,
"687","一之窟","25人普通",芭德,特殊,西塞衣·七秀,-,
"687","一之窟","25人普通",芭德,特殊,西塞衣·五毒,-,
"687","一之窟","25人普通",芭德,特殊,西塞衣·唐门,-,
"687","一之窟","25人普通",芭德,特殊,西塞衣·藏剑,-,
"687","一之窟","25人普通",芭德,特殊,西塞衣·丐帮,-,
"687","一之窟","25人普通",芭德,特殊,西塞衣·明教,-,
"687","一之窟","25人普通",芭德,特殊,西塞衣·苍云,-,
"688","一之窟","25人英雄",骆耀阳,家具,霸气外露,-,
"688","一之窟","25人英雄",骆耀阳,特殊,神兵玉匣·孤漠护腕,-,
"688","一之窟","25人英雄",骆耀阳,特殊,藏剑武器·浮溪随山,-,
"688","一之窟","25人英雄",骆耀阳,特殊,伍级五彩石,-,
"688","一之窟","25人英雄",骆耀阳,特殊,神兵玉匣·英雄一之窟·招,-,
"688","一之窟","25人英雄",骆耀阳,特殊,秘境宝藏碎片·英雄一之窟,-,
"688","一之窟","25人英雄",骆耀阳,特殊,孤漠护腕·少林,-,
"688","一之窟","25人英雄",骆耀阳,特殊,孤漠护腕·万花,-,
"688","一之窟","25人英雄",骆耀阳,特殊,孤漠护腕·天策,-,
"688","一之窟","25人英雄",骆耀阳,特殊,玛瑙,-,
"688","一之窟","25人英雄",骆耀阳,特殊,孤漠护腕·纯阳,-,
"688","一之窟","25人英雄",骆耀阳,特殊,孤漠护腕·七秀,-,
"688","一之窟","25人英雄",骆耀阳,特殊,孤漠护腕·五毒,-,
"688","一之窟","25人英雄",骆耀阳,特殊,孤漠护腕·唐门,-,
"688","一之窟","25人英雄",骆耀阳,特殊,孤漠护腕·藏剑,-,
"688","一之窟","25人英雄",骆耀阳,特殊,孤漠护腕·丐帮,-,
"688","一之窟","25人英雄",骆耀阳,特殊,肆级五彩石,-,
"688","一之窟","25人英雄",骆耀阳,特殊,孤漠护腕·明教,-,
"688","一之窟","25人英雄",骆耀阳,特殊,孤漠护腕·苍云,-,
"688","一之窟","25人英雄",骆耀阳,特殊,孤漠护腕·长歌,-,
"688","一之窟","25人英雄",骆耀阳,特殊,孤漠护腕·霸刀,-,
"688","一之窟","25人英雄",骆耀阳,特殊,孤漠护腕·蓬莱,-,
"688","一之窟","25人英雄",骆耀阳,特殊,孤漠护腕·凌雪阁,-,
"688","一之窟","25人英雄",骆耀阳,特殊,猫眼石,-,
"688","一之窟","25人英雄",骆耀阳,特殊,孤漠护腕·衍天宗,-,
"688","一之窟","25人英雄",骆耀阳,特殊,孤漠护腕·北天药宗,-,
"688","一之窟","25人英雄",骆耀阳,特殊,孤漠护腕·刀宗,-,
"688","一之窟","25人英雄",骆耀阳,特殊,孤漠护腕·万灵,-,
"688","一之窟","25人英雄",骆耀阳,特殊,孤漠护腕·段氏,-,
"688","一之窟","25人英雄",骆耀阳,特殊,五行石（六级）,-,
"688","一之窟","25人英雄",韦柔丝,特殊,孤漠腰带·五毒,-,
"688","一之窟","25人英雄",韦柔丝,特殊,孤漠腰带·唐门,-,
"688","一之窟","25人英雄",韦柔丝,特殊,神兵玉匣·孤漠腰带,-,
"688","一之窟","25人英雄",韦柔丝,特殊,孤漠腰带·藏剑,-,
"688","一之窟","25人英雄",韦柔丝,特殊,孤漠腰带·丐帮,-,
"688","一之窟","25人英雄",韦柔丝,特殊,孤漠腰带·明教,-,
"688","一之窟","25人英雄",韦柔丝,特殊,孤漠腰带·苍云,-,
"688","一之窟","25人英雄",韦柔丝,特殊,像龙般若功,-,
"688","一之窟","25人英雄",韦柔丝,特殊,孤漠腰带·长歌,-,
"688","一之窟","25人英雄",韦柔丝,特殊,孤漠腰带·霸刀,-,
"688","一之窟","25人英雄",韦柔丝,特殊,五行石（六级）,-,
"688","一之窟","25人英雄",韦柔丝,特殊,孤漠腰带·蓬莱,-,
"688","一之窟","25人英雄",韦柔丝,特殊,藏剑武器·浮溪随山,-,
"688","一之窟","25人英雄",韦柔丝,特殊,孤漠腰带·凌雪阁,-,
"688","一之窟","25人英雄",韦柔丝,特殊,孤漠腰带·衍天宗,-,
"688","一之窟","25人英雄",韦柔丝,特殊,孤漠腰带·北天药宗,-,
"688","一之窟","25人英雄",韦柔丝,特殊,孤漠腰带·刀宗,-,
"688","一之窟","25人英雄",韦柔丝,特殊,神兵玉匣·英雄一之窟·招,-,
"688","一之窟","25人英雄",韦柔丝,特殊,孤漠腰带·万灵,-,
"688","一之窟","25人英雄",韦柔丝,特殊,孤漠腰带·段氏,-,
"688","一之窟","25人英雄",韦柔丝,特殊,秘境宝藏碎片·英雄一之窟,-,
"688","一之窟","25人英雄",韦柔丝,特殊,肆级五彩石,-,
"688","一之窟","25人英雄",韦柔丝,特殊,伍级五彩石,-,
"688","一之窟","25人英雄",韦柔丝,特殊,玛瑙,-,
"688","一之窟","25人英雄",韦柔丝,特殊,孤漠腰带·少林,-,
"688","一之窟","25人英雄",韦柔丝,特殊,猫眼石,-,
"688","一之窟","25人英雄",韦柔丝,特殊,孤漠腰带·万花,-,
"688","一之窟","25人英雄",韦柔丝,特殊,孤漠腰带·天策,-,
"688","一之窟","25人英雄",韦柔丝,特殊,孤漠腰带·纯阳,-,
"688","一之窟","25人英雄",韦柔丝,特殊,孤漠腰带·七秀,-,
"688","一之窟","25人英雄",宋泉,特殊,肆级五彩石,-,
"688","一之窟","25人英雄",宋泉,特殊,五行石（六级）,-,
"688","一之窟","25人英雄",宋泉,特殊,神兵玉匣·孤漠鞋,-,
"688","一之窟","25人英雄",宋泉,特殊,藏剑武器·浮溪随山,-,
"688","一之窟","25人英雄",宋泉,特殊,神兵玉匣·英雄一之窟·招,-,
"688","一之窟","25人英雄",宋泉,特殊,秘境宝藏碎片·英雄一之窟,-,
"688","一之窟","25人英雄",宋泉,特殊,孤漠鞋·少林,-,
"688","一之窟","25人英雄",宋泉,特殊,伍级五彩石,-,
"688","一之窟","25人英雄",宋泉,特殊,孤漠鞋·万花,-,
"688","一之窟","25人英雄",宋泉,特殊,孤漠鞋·天策,-,
"688","一之窟","25人英雄",宋泉,特殊,孤漠鞋·纯阳,-,
"688","一之窟","25人英雄",宋泉,特殊,孤漠鞋·七秀,-,
"688","一之窟","25人英雄",宋泉,特殊,孤漠鞋·五毒,-,
"688","一之窟","25人英雄",宋泉,特殊,孤漠鞋·唐门,-,
"688","一之窟","25人英雄",宋泉,特殊,孤漠鞋·藏剑,-,
"688","一之窟","25人英雄",宋泉,特殊,孤漠鞋·丐帮,-,
"688","一之窟","25人英雄",宋泉,特殊,玛瑙,-,
"688","一之窟","25人英雄",宋泉,特殊,孤漠鞋·明教,-,
"688","一之窟","25人英雄",宋泉,特殊,孤漠鞋·苍云,-,
"688","一之窟","25人英雄",宋泉,特殊,孤漠鞋·长歌,-,
"688","一之窟","25人英雄",宋泉,特殊,孤漠鞋·霸刀,-,
"688","一之窟","25人英雄",宋泉,特殊,孤漠鞋·蓬莱,-,
"688","一之窟","25人英雄",宋泉,特殊,孤漠鞋·凌雪阁,-,
"688","一之窟","25人英雄",宋泉,特殊,孤漠鞋·衍天宗,-,
"688","一之窟","25人英雄",宋泉,特殊,孤漠鞋·北天药宗,-,
"688","一之窟","25人英雄",宋泉,特殊,孤漠鞋·刀宗,-,
"688","一之窟","25人英雄",宋泉,特殊,孤漠鞋·万灵,-,
"688","一之窟","25人英雄",宋泉,特殊,孤漠鞋·段氏,-,
"688","一之窟","25人英雄",宋泉,特殊,猫眼石,-,
"688","一之窟","25人英雄",伍靖远,特殊,神兵玉匣·孤漠帽,-,
"688","一之窟","25人英雄",伍靖远,特殊,藏剑武器·浮溪随山,-,
"688","一之窟","25人英雄",伍靖远,特殊,五行石（六级）,-,
"688","一之窟","25人英雄",伍靖远,特殊,神兵玉匣·英雄一之窟·招,-,
"688","一之窟","25人英雄",伍靖远,特殊,秘境宝藏碎片·英雄一之窟,-,
"688","一之窟","25人英雄",伍靖远,特殊,捭阖拳套礼盒,-,
"688","一之窟","25人英雄",伍靖远,特殊,孤漠帽·少林,-,
"688","一之窟","25人英雄",伍靖远,特殊,玛瑙,-,
"688","一之窟","25人英雄",伍靖远,特殊,孤漠帽·万花,-,
"688","一之窟","25人英雄",伍靖远,特殊,孤漠帽·天策,-,
"688","一之窟","25人英雄",伍靖远,特殊,孤漠帽·纯阳,-,
"688","一之窟","25人英雄",伍靖远,特殊,孤漠帽·七秀,-,
"688","一之窟","25人英雄",伍靖远,特殊,伍级五彩石,-,
"688","一之窟","25人英雄",伍靖远,特殊,孤漠帽·五毒,-,
"688","一之窟","25人英雄",伍靖远,特殊,孤漠帽·唐门,-,
"688","一之窟","25人英雄",伍靖远,特殊,孤漠帽·藏剑,-,
"688","一之窟","25人英雄",伍靖远,特殊,孤漠帽·丐帮,-,
"688","一之窟","25人英雄",伍靖远,特殊,孤漠帽·明教,-,
"688","一之窟","25人英雄",伍靖远,特殊,孤漠帽·苍云,-,
"688","一之窟","25人英雄",伍靖远,特殊,孤漠帽·长歌,-,
"688","一之窟","25人英雄",伍靖远,特殊,孤漠帽·霸刀,-,
"688","一之窟","25人英雄",伍靖远,特殊,肆级五彩石,-,
"688","一之窟","25人英雄",伍靖远,特殊,孤漠帽·蓬莱,-,
"688","一之窟","25人英雄",伍靖远,特殊,孤漠帽·凌雪阁,-,
"688","一之窟","25人英雄",伍靖远,特殊,孤漠帽·衍天宗,-,
"688","一之窟","25人英雄",伍靖远,特殊,孤漠帽·北天药宗,-,
"688","一之窟","25人英雄",伍靖远,特殊,孤漠帽·刀宗,-,
"688","一之窟","25人英雄",伍靖远,特殊,孤漠帽·万灵,-,
"688","一之窟","25人英雄",伍靖远,特殊,孤漠帽·段氏,-,
"688","一之窟","25人英雄",伍靖远,特殊,猫眼石,-,
"688","一之窟","25人英雄",苏什,特殊,孤漠衣·明教,-,
"688","一之窟","25人英雄",苏什,特殊,孤漠衣·苍云,-,
"688","一之窟","25人英雄",苏什,特殊,孤漠衣·长歌,-,
"688","一之窟","25人英雄",苏什,特殊,孤漠衣·霸刀,-,
"688","一之窟","25人英雄",苏什,特殊,孤漠衣·蓬莱,-,
"688","一之窟","25人英雄",苏什,特殊,孤漠衣·凌雪阁,-,
"688","一之窟","25人英雄",苏什,特殊,孤漠衣·衍天宗,-,
"688","一之窟","25人英雄",苏什,特殊,孤漠衣·北天药宗,-,
"688","一之窟","25人英雄",苏什,特殊,五行石（六级）,-,
"688","一之窟","25人英雄",苏什,特殊,孤漠衣·刀宗,-,
"688","一之窟","25人英雄",苏什,特殊,孤漠衣·万灵,-,
"688","一之窟","25人英雄",苏什,特殊,孤漠衣·段氏,-,
"688","一之窟","25人英雄",苏什,特殊,藏剑武器·兰茂柳繁,-,
"688","一之窟","25人英雄",苏什,特殊,藏剑武器·浮溪随山,-,
"688","一之窟","25人英雄",苏什,特殊,神兵玉匣·孤漠衣,-,
"688","一之窟","25人英雄",苏什,特殊,神兵玉匣·英雄一之窟·会,-,
"688","一之窟","25人英雄",苏什,特殊,神兵玉匣·英雄一之窟·招,-,
"688","一之窟","25人英雄",苏什,特殊,阳燧珠,-,
"688","一之窟","25人英雄",苏什,特殊,秘境宝藏碎片·英雄一之窟,-,
"688","一之窟","25人英雄",苏什,特殊,肆级五彩石,-,
"688","一之窟","25人英雄",苏什,特殊,伍级五彩石,-,
"688","一之窟","25人英雄",苏什,特殊,玛瑙,-,
"688","一之窟","25人英雄",苏什,特殊,猫眼石,-,
"688","一之窟","25人英雄",苏什,特殊,孤漠衣·少林,-,
"688","一之窟","25人英雄",苏什,特殊,孤漠衣·万花,-,
"688","一之窟","25人英雄",苏什,特殊,孤漠衣·天策,-,
"688","一之窟","25人英雄",苏什,特殊,孤漠衣·纯阳,-,
"688","一之窟","25人英雄",苏什,特殊,孤漠衣·七秀,-,
"688","一之窟","25人英雄",苏什,特殊,孤漠衣·五毒,-,
"688","一之窟","25人英雄",苏什,特殊,孤漠衣·唐门,-,
"688","一之窟","25人英雄",苏什,特殊,孤漠衣·藏剑,-,
"688","一之窟","25人英雄",苏什,特殊,孤漠衣·丐帮,-,
"688","一之窟","25人英雄",芭德,特殊,肆级五彩石,-,
"688","一之窟","25人英雄",芭德,特殊,伍级五彩石,-,
"688","一之窟","25人英雄",芭德,特殊,藏剑武器·宸襟玉音,-,
"688","一之窟","25人英雄",芭德,特殊,阳燧珠,-,
"688","一之窟","25人英雄",芭德,特殊,神兵玉匣·英雄一之窟·奇,-,
"688","一之窟","25人英雄",芭德,特殊,秘境宝藏碎片·英雄一之窟,-,
"688","一之窟","25人英雄",芭德,特殊,玛瑙,-,
"688","一之窟","25人英雄",芭德,特殊,玄缘番锦袍,-,
"688","一之窟","25人英雄",芭德,特殊,猫眼石,-,
"688","一之窟","25人英雄",芭德,特殊,五行石（六级）,-,
"682","天龙寺","5人普通",枯荣大师·幻影,特殊,炼气丸,-,
"682","天龙寺","5人普通",枯荣大师·幻影,特殊,挂件包·背部,-,
"682","天龙寺","5人普通",枯荣大师·幻影,特殊,挂件包·腰部,-,
"682","天龙寺","5人普通",段留影,特殊,挂件包·背部,-,
"682","天龙寺","5人普通",段留影,特殊,挂件包·腰部,-,
"682","天龙寺","5人普通",段留影,特殊,炼气丸,-,
"682","天龙寺","5人普通",段业声,特殊,挂件包·背部,-,
"682","天龙寺","5人普通",段业声,特殊,炼气丸,-,
"682","天龙寺","5人普通",段业声,特殊,挂件包·腰部,-,
"682","天龙寺","5人普通",段业声,特殊,青阳心·段业声,-,
"683","天龙寺","5人英雄",枯荣大师·幻影,特殊,挂件包·腰部,-,
"683","天龙寺","5人英雄",枯荣大师·幻影,特殊,炼气丸,-,
"683","天龙寺","5人英雄",枯荣大师·幻影,特殊,挂件包·背部,-,
"683","天龙寺","5人英雄",段留影,特殊,挂件包·背部,-,
"683","天龙寺","5人英雄",段留影,特殊,炼气丸,-,
"683","天龙寺","5人英雄",段留影,特殊,挂件包·腰部,-,
"683","天龙寺","5人英雄",段业声,家具,从前有座山,-,
"683","天龙寺","5人英雄",段业声,特殊,青阳心·段业声,-,
"683","天龙寺","5人英雄",段业声,特殊,《杂艺·舞火》,-,
"683","天龙寺","5人英雄",段业声,特殊,《破阵舞·丰财》,-,
"683","天龙寺","5人英雄",段业声,特殊,《九功舞·祥瑞》,-,
"683","天龙寺","5人英雄",段业声,特殊,九花玉露散,-,
"683","天龙寺","5人英雄",段业声,特殊,炼气丸,-,
"683","天龙寺","5人英雄",段业声,家具,聚宝灯笼,-,
"683","天龙寺","5人英雄",段业声,特殊,挂件包·背部,-,
"683","天龙寺","5人英雄",段业声,特殊,匡义符·月,-,
"683","天龙寺","5人英雄",段业声,特殊,藏剑武器·初长别意,-,
"683","天龙寺","5人英雄",段业声,特殊,挂件包·腰部,-,
"684","冰川宫宝库","5人普通",甄三笔,特殊,炼气丸,-,
"684","冰川宫宝库","5人普通",甄三笔,特殊,挂件包·背部,-,
"684","冰川宫宝库","5人普通",甄三笔,特殊,挂件包·腰部,-,
"684","冰川宫宝库","5人普通",思结日,特殊,炼气丸,-,
"684","冰川宫宝库","5人普通",思结日,特殊,挂件包·背部,-,
"684","冰川宫宝库","5人普通",思结日,特殊,挂件包·腰部,-,
"684","冰川宫宝库","5人普通",月凌人,特殊,挂件包·背部,-,
"684","冰川宫宝库","5人普通",月凌人,特殊,炼气丸,-,
"684","冰川宫宝库","5人普通",月凌人,特殊,藏剑武器·问梅行声,-,
"684","冰川宫宝库","5人普通",月凌人,特殊,挂件包·腰部,-,
"684","冰川宫宝库","5人普通",月凌人,特殊,迦毕试国·下,-,
"685","冰川宫宝库","5人英雄",甄三笔,特殊,挂件包·腰部,-,
"685","冰川宫宝库","5人英雄",甄三笔,特殊,炼气丸,-,
"685","冰川宫宝库","5人英雄",甄三笔,特殊,挂件包·背部,-,
"685","冰川宫宝库","5人英雄",思结日,特殊,挂件包·背部,-,
"685","冰川宫宝库","5人英雄",思结日,特殊,炼气丸,-,
"685","冰川宫宝库","5人英雄",思结日,特殊,挂件包·腰部,-,
"685","冰川宫宝库","5人英雄",月凌人,家具,从前有座山,-,
"685","冰川宫宝库","5人英雄",月凌人,特殊,迦毕试国·下,-,
"685","冰川宫宝库","5人英雄",月凌人,特殊,《杂艺·舞火》,-,
"685","冰川宫宝库","5人英雄",月凌人,特殊,《破阵舞·丰财》,-,
"685","冰川宫宝库","5人英雄",月凌人,特殊,《九功舞·祥瑞》,-,
"685","冰川宫宝库","5人英雄",月凌人,特殊,九花玉露散,-,
"685","冰川宫宝库","5人英雄",月凌人,特殊,炼气丸,-,
"685","冰川宫宝库","5人英雄",月凌人,家具,聚宝灯笼,-,
"685","冰川宫宝库","5人英雄",月凌人,特殊,挂件包·背部,-,
"685","冰川宫宝库","5人英雄",月凌人,特殊,匡义符·月,-,
"685","冰川宫宝库","5人英雄",月凌人,特殊,藏剑武器·惜涯揽尽,-,
"685","冰川宫宝库","5人英雄",月凌人,特殊,挂件包·腰部,-,
"690","风砂旧垒","5人普通",刘重,特殊,炼气丸,-,
"690","风砂旧垒","5人普通",刘重,特殊,挂件包·背部,-,
"690","风砂旧垒","5人普通",刘重,特殊,挂件包·腰部,-,
"690","风砂旧垒","5人普通",野希密,特殊,炼气丸,-,
"690","风砂旧垒","5人普通",野希密,特殊,挂件包·背部,-,
"690","风砂旧垒","5人普通",野希密,特殊,挂件包·腰部,-,
"690","风砂旧垒","5人普通",玛兰,特殊,挂件包·背部,-,
"690","风砂旧垒","5人普通",玛兰,特殊,炼气丸,-,
"690","风砂旧垒","5人普通",玛兰,特殊,藏剑武器·问梅行声,-,
"690","风砂旧垒","5人普通",玛兰,特殊,挂件包·腰部,-,
"690","风砂旧垒","5人普通",玛兰,特殊,健驮逻国·下,-,
"691","风砂旧垒","5人英雄",刘重,特殊,挂件包·背部,-,
"691","风砂旧垒","5人英雄",刘重,特殊,炼气丸,-,
"691","风砂旧垒","5人英雄",刘重,特殊,挂件包·腰部,-,
"691","风砂旧垒","5人英雄",野希密,特殊,挂件包·腰部,-,
"691","风砂旧垒","5人英雄",野希密,特殊,炼气丸,-,
"691","风砂旧垒","5人英雄",野希密,特殊,挂件包·背部,-,
"691","风砂旧垒","5人英雄",玛兰,家具,从前有座山,-,
"691","风砂旧垒","5人英雄",玛兰,特殊,健驮逻国·下,-,
"691","风砂旧垒","5人英雄",玛兰,特殊,《杂艺·舞火》,-,
"691","风砂旧垒","5人英雄",玛兰,特殊,《破阵舞·丰财》,-,
"691","风砂旧垒","5人英雄",玛兰,特殊,《九功舞·祥瑞》,-,
"691","风砂旧垒","5人英雄",玛兰,特殊,九花玉露散,-,
"691","风砂旧垒","5人英雄",玛兰,特殊,炼气丸,-,
"691","风砂旧垒","5人英雄",玛兰,家具,聚宝灯笼,-,
"691","风砂旧垒","5人英雄",玛兰,特殊,挂件包·背部,-,
"691","风砂旧垒","5人英雄",玛兰,特殊,匡义符·月,-,
"691","风砂旧垒","5人英雄",玛兰,特殊,藏剑武器·惜涯揽尽,-,
"691","风砂旧垒","5人英雄",玛兰,特殊,挂件包·腰部,-,
"693","不染窟","5人普通",奚筠,特殊,挂件包·背部,-,
"693","不染窟","5人普通",奚筠,特殊,炼气丸,-,
"693","不染窟","5人普通",奚筠,特殊,挂件包·腰部,-,
"693","不染窟","5人普通",米珊,特殊,炼气丸,-,
"693","不染窟","5人普通",米珊,特殊,挂件包·背部,-,
"693","不染窟","5人普通",米珊,特殊,挂件包·腰部,-,
"693","不染窟","5人普通",雨轻红,特殊,炼气丸,-,
"693","不染窟","5人普通",雨轻红,特殊,藏剑武器·问梅行声,-,
"693","不染窟","5人普通",雨轻红,特殊,挂件包·背部,-,
"693","不染窟","5人普通",雨轻红,特殊,挂件包·腰部,-,
"693","不染窟","5人普通",雨轻红,特殊,健驮逻国·中,-,
"694","不染窟","5人英雄",奚筠,特殊,炼气丸,-,
"694","不染窟","5人英雄",奚筠,特殊,挂件包·背部,-,
"694","不染窟","5人英雄",奚筠,特殊,挂件包·腰部,-,
"694","不染窟","5人英雄",米珊,特殊,挂件包·背部,-,
"694","不染窟","5人英雄",米珊,特殊,炼气丸,-,
"694","不染窟","5人英雄",米珊,特殊,挂件包·腰部,-,
"694","不染窟","5人英雄",雨轻红,家具,从前有座山,-,
"694","不染窟","5人英雄",雨轻红,特殊,挂件包·腰部,-,
"694","不染窟","5人英雄",雨轻红,特殊,健驮逻国·中,-,
"694","不染窟","5人英雄",雨轻红,特殊,《杂艺·舞火》,-,
"694","不染窟","5人英雄",雨轻红,特殊,《破阵舞·丰财》,-,
"694","不染窟","5人英雄",雨轻红,特殊,《九功舞·祥瑞》,-,
"694","不染窟","5人英雄",雨轻红,特殊,九花玉露散,-,
"694","不染窟","5人英雄",雨轻红,家具,聚宝灯笼,-,
"694","不染窟","5人英雄",雨轻红,特殊,炼气丸,-,
"694","不染窟","5人英雄",雨轻红,特殊,匡义符·月,-,
"694","不染窟","5人英雄",雨轻红,特殊,藏剑武器·初长别意,-,
"694","不染窟","5人英雄",雨轻红,特殊,挂件包·背部,-,
"668","冷龙峰","10人普通",葛木寒,特殊,探幽宝藏·防具,-,
"668","冷龙峰","10人普通",葛木寒,特殊,探幽宝藏·武器,-,
"668","冷龙峰","10人普通",葛木寒,特殊,叁级五彩石,-,
"668","冷龙峰","10人普通",葛木寒,特殊,五行石（六级）,-,
"668","冷龙峰","10人普通",葛木寒,特殊,玛瑙,-,
"668","冷龙峰","10人普通",葛木寒,特殊,猫眼石,-,
"668","冷龙峰","10人普通",葛木寒,特殊,劫烬陨铁,-,
"668","冷龙峰","10人普通",葛木寒,特殊,涉海翎,-,
"668","冷龙峰","10人普通",葛木寒,特殊,探幽宝藏·首饰,-,
"668","冷龙峰","10人普通",雨轻红,特殊,探幽宝藏·首饰,-,
"668","冷龙峰","10人普通",雨轻红,特殊,叁级五彩石,-,
"668","冷龙峰","10人普通",雨轻红,特殊,五行石（六级）,-,
"668","冷龙峰","10人普通",雨轻红,特殊,玛瑙,-,
"668","冷龙峰","10人普通",雨轻红,特殊,猫眼石,-,
"668","冷龙峰","10人普通",雨轻红,特殊,劫烬陨铁,-,
"668","冷龙峰","10人普通",雨轻红,特殊,探幽宝藏·防具,-,
"668","冷龙峰","10人普通",雨轻红,特殊,探幽宝藏·武器,-,
"668","冷龙峰","10人普通",喜雅,特殊,探幽宝藏·首饰,-,
"668","冷龙峰","10人普通",喜雅,特殊,肆级五彩石,-,
"668","冷龙峰","10人普通",喜雅,特殊,五行石（六级）,-,
"668","冷龙峰","10人普通",喜雅,特殊,玛瑙,-,
"668","冷龙峰","10人普通",喜雅,特殊,猫眼石,-,
"668","冷龙峰","10人普通",喜雅,特殊,劫烬陨铁,-,
"668","冷龙峰","10人普通",喜雅,特殊,转珠天轮,-,
"668","冷龙峰","10人普通",喜雅,特殊,探幽宝藏·防具,-,
"668","冷龙峰","10人普通",喜雅,特殊,探幽宝藏·武器,-,
"668","冷龙峰","10人普通",鹰眼客,特殊,探幽宝藏·防具,-,
"668","冷龙峰","10人普通",鹰眼客,特殊,探幽宝藏·武器,-,
"668","冷龙峰","10人普通",鹰眼客,特殊,肆级五彩石,-,
"668","冷龙峰","10人普通",鹰眼客,特殊,五行石（六级）,-,
"668","冷龙峰","10人普通",鹰眼客,特殊,玛瑙,-,
"668","冷龙峰","10人普通",鹰眼客,特殊,猫眼石,-,
"668","冷龙峰","10人普通",鹰眼客,特殊,劫烬陨铁,-,
"668","冷龙峰","10人普通",鹰眼客,特殊,太一玄晶,-,
"668","冷龙峰","10人普通",鹰眼客,特殊,探幽宝藏·首饰,-,
"668","冷龙峰","10人普通",赤幽明、赤厄明,特殊,探幽宝藏·首饰,-,
"668","冷龙峰","10人普通",赤幽明、赤厄明,家具,祆教神鸟像,-,
"668","冷龙峰","10人普通",赤幽明、赤厄明,特殊,肆级五彩石,-,
"668","冷龙峰","10人普通",赤幽明、赤厄明,特殊,五行石（六级）,-,
"668","冷龙峰","10人普通",赤幽明、赤厄明,特殊,玛瑙,-,
"668","冷龙峰","10人普通",赤幽明、赤厄明,特殊,猫眼石,-,
"668","冷龙峰","10人普通",赤幽明、赤厄明,特殊,劫烬陨铁,-,
"668","冷龙峰","10人普通",赤幽明、赤厄明,特殊,太一玄晶,-,
"668","冷龙峰","10人普通",赤幽明、赤厄明,特殊,藏剑武器·延陵流安,-,
"668","冷龙峰","10人普通",赤幽明、赤厄明,特殊,探幽宝藏·防具,-,
"668","冷龙峰","10人普通",赤幽明、赤厄明,特殊,探幽宝藏·武器,-,
"669","冷龙峰","25人普通",葛木寒,特殊,劫烬陨铁,-,
"669","冷龙峰","25人普通",葛木寒,特殊,灵源护腕·少林,-,
"669","冷龙峰","25人普通",葛木寒,特殊,灵源护腕·七秀,-,
"669","冷龙峰","25人普通",葛木寒,特殊,灵源护腕·丐帮,-,
"669","冷龙峰","25人普通",葛木寒,特殊,灵源护腕·霸刀,-,
"669","冷龙峰","25人普通",葛木寒,特殊,灵源护腕·北天药宗,-,
"669","冷龙峰","25人普通",葛木寒,特殊,灵源护腕·刀宗,-,
"669","冷龙峰","25人普通",葛木寒,特殊,灵源护腕·万花,-,
"669","冷龙峰","25人普通",葛木寒,特殊,灵源护腕·五毒,-,
"669","冷龙峰","25人普通",葛木寒,特殊,灵源护腕·明教,-,
"669","冷龙峰","25人普通",葛木寒,特殊,灵源护腕·蓬莱,-,
"669","冷龙峰","25人普通",葛木寒,特殊,灵源护腕·万灵,-,
"669","冷龙峰","25人普通",葛木寒,特殊,涉海翎,-,
"669","冷龙峰","25人普通",葛木寒,特殊,灵源护腕·段氏,-,
"669","冷龙峰","25人普通",葛木寒,特殊,藏剑武器·玄影苍松,-,
"669","冷龙峰","25人普通",葛木寒,特殊,灵源护腕·天策,-,
"669","冷龙峰","25人普通",葛木寒,特殊,灵源护腕·唐门,-,
"669","冷龙峰","25人普通",葛木寒,特殊,灵源护腕·苍云,-,
"669","冷龙峰","25人普通",葛木寒,特殊,灵源护腕·凌雪阁,-,
"669","冷龙峰","25人普通",葛木寒,特殊,灵源护腕·纯阳,-,
"669","冷龙峰","25人普通",葛木寒,特殊,灵源护腕·藏剑,-,
"669","冷龙峰","25人普通",葛木寒,特殊,灵源护腕·长歌,-,
"669","冷龙峰","25人普通",葛木寒,特殊,灵源护腕·衍天宗,-,
"669","冷龙峰","25人普通",葛木寒,特殊,神兵玉匣·普通冷龙峰,-,
"669","冷龙峰","25人普通",雨轻红,特殊,劫烬陨铁,-,
"669","冷龙峰","25人普通",雨轻红,特殊,藏剑武器·玄影苍松,-,
"669","冷龙峰","25人普通",雨轻红,特殊,灵源腰带·五毒,-,
"669","冷龙峰","25人普通",雨轻红,特殊,灵源腰带·蓬莱,-,
"669","冷龙峰","25人普通",雨轻红,特殊,灵源腰带·唐门,-,
"669","冷龙峰","25人普通",雨轻红,特殊,灵源腰带·凌雪阁,-,
"669","冷龙峰","25人普通",雨轻红,特殊,神兵玉匣·普通冷龙峰,-,
"669","冷龙峰","25人普通",雨轻红,特殊,灵源腰带·藏剑,-,
"669","冷龙峰","25人普通",雨轻红,特殊,灵源腰带·衍天宗,-,
"669","冷龙峰","25人普通",雨轻红,特殊,灵源腰带·少林,-,
"669","冷龙峰","25人普通",雨轻红,特殊,灵源腰带·丐帮,-,
"669","冷龙峰","25人普通",雨轻红,特殊,灵源腰带·北天药宗,-,
"669","冷龙峰","25人普通",雨轻红,特殊,灵源腰带·段氏,-,
"669","冷龙峰","25人普通",雨轻红,特殊,灵源腰带·万花,-,
"669","冷龙峰","25人普通",雨轻红,特殊,灵源腰带·明教,-,
"669","冷龙峰","25人普通",雨轻红,特殊,灵源腰带·刀宗,-,
"669","冷龙峰","25人普通",雨轻红,特殊,灵源腰带·天策,-,
"669","冷龙峰","25人普通",雨轻红,特殊,灵源腰带·苍云,-,
"669","冷龙峰","25人普通",雨轻红,特殊,灵源腰带·万灵,-,
"669","冷龙峰","25人普通",雨轻红,特殊,灵源腰带·纯阳,-,
"669","冷龙峰","25人普通",雨轻红,特殊,灵源腰带·长歌,-,
"669","冷龙峰","25人普通",雨轻红,特殊,灵源腰带·七秀,-,
"669","冷龙峰","25人普通",雨轻红,特殊,灵源腰带·霸刀,-,
"669","冷龙峰","25人普通",喜雅,特殊,劫烬陨铁,-,
"669","冷龙峰","25人普通",喜雅,特殊,藏剑武器·玄影苍松,-,
"669","冷龙峰","25人普通",喜雅,特殊,灵源鞋·天策,-,
"669","冷龙峰","25人普通",喜雅,特殊,灵源鞋·苍云,-,
"669","冷龙峰","25人普通",喜雅,特殊,神兵玉匣·普通冷龙峰,-,
"669","冷龙峰","25人普通",喜雅,特殊,灵源鞋·长歌,-,
"669","冷龙峰","25人普通",喜雅,特殊,灵源鞋·纯阳,-,
"669","冷龙峰","25人普通",喜雅,特殊,灵源鞋·霸刀,-,
"669","冷龙峰","25人普通",喜雅,特殊,灵源鞋·蓬莱,-,
"669","冷龙峰","25人普通",喜雅,特殊,灵源鞋·七秀,-,
"669","冷龙峰","25人普通",喜雅,特殊,灵源鞋·凌雪阁,-,
"669","冷龙峰","25人普通",喜雅,特殊,转珠天轮,-,
"669","冷龙峰","25人普通",喜雅,特殊,灵源鞋·衍天宗,-,
"669","冷龙峰","25人普通",喜雅,特殊,灵源鞋·五毒,-,
"669","冷龙峰","25人普通",喜雅,特殊,灵源鞋·北天药宗,-,
"669","冷龙峰","25人普通",喜雅,特殊,灵源鞋·刀宗,-,
"669","冷龙峰","25人普通",喜雅,特殊,灵源鞋·唐门,-,
"669","冷龙峰","25人普通",喜雅,特殊,灵源鞋·万灵,-,
"669","冷龙峰","25人普通",喜雅,特殊,灵源鞋·段氏,-,
"669","冷龙峰","25人普通",喜雅,特殊,灵源鞋·藏剑,-,
"669","冷龙峰","25人普通",喜雅,特殊,灵源鞋·少林,-,
"669","冷龙峰","25人普通",喜雅,特殊,灵源鞋·丐帮,-,
"669","冷龙峰","25人普通",喜雅,特殊,灵源鞋·万花,-,
"669","冷龙峰","25人普通",喜雅,特殊,灵源鞋·明教,-,
"669","冷龙峰","25人普通",鹰眼客,特殊,劫烬陨铁,-,
"669","冷龙峰","25人普通",鹰眼客,特殊,太一玄晶,-,
"669","冷龙峰","25人普通",鹰眼客,特殊,泣麟砂,-,
"669","冷龙峰","25人普通",鹰眼客,特殊,灵源帽·藏剑,-,
"669","冷龙峰","25人普通",鹰眼客,特殊,灵源帽·丐帮,-,
"669","冷龙峰","25人普通",鹰眼客,特殊,神兵玉匣·普通冷龙峰,-,
"669","冷龙峰","25人普通",鹰眼客,特殊,灵源帽·明教,-,
"669","冷龙峰","25人普通",鹰眼客,特殊,灵源帽·苍云,-,
"669","冷龙峰","25人普通",鹰眼客,特殊,灵源帽·长歌,-,
"669","冷龙峰","25人普通",鹰眼客,特殊,灵源帽·霸刀,-,
"669","冷龙峰","25人普通",鹰眼客,特殊,灵源帽·蓬莱,-,
"669","冷龙峰","25人普通",鹰眼客,特殊,灵源帽·凌雪阁,-,
"669","冷龙峰","25人普通",鹰眼客,特殊,藏剑武器·玄影苍松,-,
"669","冷龙峰","25人普通",鹰眼客,特殊,灵源帽·衍天宗,-,
"669","冷龙峰","25人普通",鹰眼客,特殊,灵源帽·少林,-,
"669","冷龙峰","25人普通",鹰眼客,特殊,灵源帽·北天药宗,-,
"669","冷龙峰","25人普通",鹰眼客,特殊,灵源帽·段氏,-,
"669","冷龙峰","25人普通",鹰眼客,特殊,灵源帽·万花,-,
"669","冷龙峰","25人普通",鹰眼客,特殊,灵源帽·刀宗,-,
"669","冷龙峰","25人普通",鹰眼客,特殊,灵源帽·天策,-,
"669","冷龙峰","25人普通",鹰眼客,特殊,灵源帽·万灵,-,
"669","冷龙峰","25人普通",鹰眼客,特殊,灵源帽·纯阳,-,
"669","冷龙峰","25人普通",鹰眼客,特殊,灵源帽·七秀,-,
"669","冷龙峰","25人普通",鹰眼客,特殊,灵源帽·五毒,-,
"669","冷龙峰","25人普通",鹰眼客,特殊,灵源帽·唐门,-,
"669","冷龙峰","25人普通",赤幽明、赤厄明,家具,祆教神鸟像,-,
"669","冷龙峰","25人普通",赤幽明、赤厄明,特殊,劫烬陨铁,-,
"669","冷龙峰","25人普通",赤幽明、赤厄明,特殊,太一玄晶,-,
"669","冷龙峰","25人普通",赤幽明、赤厄明,特殊,灵源衣·七秀,-,
"669","冷龙峰","25人普通",赤幽明、赤厄明,特殊,灵源衣·五毒,-,
"669","冷龙峰","25人普通",赤幽明、赤厄明,特殊,灵源衣·唐门,-,
"669","冷龙峰","25人普通",赤幽明、赤厄明,特殊,灵源衣·藏剑,-,
"669","冷龙峰","25人普通",赤幽明、赤厄明,特殊,神兵玉匣·普通冷龙峰·奇,-,
"669","冷龙峰","25人普通",赤幽明、赤厄明,特殊,灵源衣·丐帮,-,
"669","冷龙峰","25人普通",赤幽明、赤厄明,特殊,灵源衣·明教,-,
"669","冷龙峰","25人普通",赤幽明、赤厄明,特殊,灵源衣·苍云,-,
"669","冷龙峰","25人普通",赤幽明、赤厄明,特殊,灵源衣·长歌,-,
"669","冷龙峰","25人普通",赤幽明、赤厄明,特殊,泣麟砂,-,
"669","冷龙峰","25人普通",赤幽明、赤厄明,特殊,藏剑武器·秋远听寥,-,
"669","冷龙峰","25人普通",赤幽明、赤厄明,特殊,灵源衣·霸刀,-,
"669","冷龙峰","25人普通",赤幽明、赤厄明,特殊,灵源衣·蓬莱,-,
"669","冷龙峰","25人普通",赤幽明、赤厄明,特殊,灵源衣·凌雪阁,-,
"669","冷龙峰","25人普通",赤幽明、赤厄明,特殊,灵源衣·段氏,-,
"669","冷龙峰","25人普通",赤幽明、赤厄明,特殊,灵源衣·衍天宗,-,
"669","冷龙峰","25人普通",赤幽明、赤厄明,特殊,灵源衣·少林,-,
"669","冷龙峰","25人普通",赤幽明、赤厄明,特殊,灵源衣·北天药宗,-,
"669","冷龙峰","25人普通",赤幽明、赤厄明,特殊,灵源衣·万花,-,
"669","冷龙峰","25人普通",赤幽明、赤厄明,特殊,灵源衣·刀宗,-,
"669","冷龙峰","25人普通",赤幽明、赤厄明,特殊,灵源衣·天策,-,
"669","冷龙峰","25人普通",赤幽明、赤厄明,特殊,灵源衣·万灵,-,
"669","冷龙峰","25人普通",赤幽明、赤厄明,特殊,灵源衣·纯阳,-,
"670","冷龙峰","25人英雄",葛木寒,特殊,劫烬陨铁,-,
"670","冷龙峰","25人英雄",葛木寒,特殊,鸿辉护腕·万花,-,
"670","冷龙峰","25人英雄",葛木寒,特殊,鸿辉护腕·纯阳,-,
"670","冷龙峰","25人英雄",葛木寒,特殊,鸿辉护腕·五毒,-,
"670","冷龙峰","25人英雄",葛木寒,特殊,鸿辉护腕·藏剑,-,
"670","冷龙峰","25人英雄",葛木寒,特殊,鸿辉护腕·长歌,-,
"670","冷龙峰","25人英雄",葛木寒,特殊,鸿辉护腕·衍天宗,-,
"670","冷龙峰","25人英雄",葛木寒,特殊,鸿辉护腕·丐帮,-,
"670","冷龙峰","25人英雄",葛木寒,特殊,鸿辉护腕·霸刀,-,
"670","冷龙峰","25人英雄",葛木寒,特殊,鸿辉护腕·北天药宗,-,
"670","冷龙峰","25人英雄",葛木寒,特殊,涉海翎,-,
"670","冷龙峰","25人英雄",葛木寒,特殊,鸿辉护腕·段氏,-,
"670","冷龙峰","25人英雄",葛木寒,特殊,鸿辉护腕·少林,-,
"670","冷龙峰","25人英雄",葛木寒,特殊,鸿辉护腕·天策,-,
"670","冷龙峰","25人英雄",葛木寒,特殊,鸿辉护腕·七秀,-,
"670","冷龙峰","25人英雄",葛木寒,特殊,鸿辉护腕·唐门,-,
"670","冷龙峰","25人英雄",葛木寒,特殊,鸿辉护腕·明教,-,
"670","冷龙峰","25人英雄",葛木寒,特殊,鸿辉护腕·蓬莱,-,
"670","冷龙峰","25人英雄",葛木寒,特殊,鸿辉护腕·刀宗,-,
"670","冷龙峰","25人英雄",葛木寒,特殊,神兵玉匣·英雄冷龙峰,-,
"670","冷龙峰","25人英雄",葛木寒,特殊,鸿辉护腕·苍云,-,
"670","冷龙峰","25人英雄",葛木寒,特殊,鸿辉护腕·凌雪阁,-,
"670","冷龙峰","25人英雄",葛木寒,特殊,鸿辉护腕·万灵,-,
"670","冷龙峰","25人英雄",葛木寒,特殊,藏剑武器·冰山寒雪,-,
"670","冷龙峰","25人英雄",雨轻红,特殊,劫烬陨铁,-,
"670","冷龙峰","25人英雄",雨轻红,特殊,鸿辉腰带·少林,-,
"670","冷龙峰","25人英雄",雨轻红,特殊,鸿辉腰带·七秀,-,
"670","冷龙峰","25人英雄",雨轻红,特殊,鸿辉腰带·霸刀,-,
"670","冷龙峰","25人英雄",雨轻红,特殊,藏剑武器·冰山寒雪,-,
"670","冷龙峰","25人英雄",雨轻红,特殊,鸿辉腰带·五毒,-,
"670","冷龙峰","25人英雄",雨轻红,特殊,鸿辉腰带·蓬莱,-,
"670","冷龙峰","25人英雄",雨轻红,特殊,鸿辉腰带·万花,-,
"670","冷龙峰","25人英雄",雨轻红,特殊,鸿辉腰带·唐门,-,
"670","冷龙峰","25人英雄",雨轻红,特殊,鸿辉腰带·凌雪阁,-,
"670","冷龙峰","25人英雄",雨轻红,特殊,鸿辉腰带·藏剑,-,
"670","冷龙峰","25人英雄",雨轻红,特殊,鸿辉腰带·衍天宗,-,
"670","冷龙峰","25人英雄",雨轻红,特殊,鸿辉腰带·段氏,-,
"670","冷龙峰","25人英雄",雨轻红,特殊,鸿辉腰带·天策,-,
"670","冷龙峰","25人英雄",雨轻红,特殊,鸿辉腰带·丐帮,-,
"670","冷龙峰","25人英雄",雨轻红,特殊,鸿辉腰带·北天药宗,-,
"670","冷龙峰","25人英雄",雨轻红,特殊,鸿辉腰带·明教,-,
"670","冷龙峰","25人英雄",雨轻红,特殊,鸿辉腰带·刀宗,-,
"670","冷龙峰","25人英雄",雨轻红,特殊,神兵玉匣·英雄冷龙峰,-,
"670","冷龙峰","25人英雄",雨轻红,特殊,鸿辉腰带·纯阳,-,
"670","冷龙峰","25人英雄",雨轻红,特殊,鸿辉腰带·苍云,-,
"670","冷龙峰","25人英雄",雨轻红,特殊,鸿辉腰带·万灵,-,
"670","冷龙峰","25人英雄",雨轻红,特殊,鸿辉腰带·长歌,-,
"670","冷龙峰","25人英雄",喜雅,特殊,劫烬陨铁,-,
"670","冷龙峰","25人英雄",喜雅,特殊,鸿辉鞋·万花,-,
"670","冷龙峰","25人英雄",喜雅,特殊,鸿辉鞋·明教,-,
"670","冷龙峰","25人英雄",喜雅,特殊,鸿辉鞋·刀宗,-,
"670","冷龙峰","25人英雄",喜雅,特殊,鸿辉鞋·万灵,-,
"670","冷龙峰","25人英雄",喜雅,特殊,鸿辉鞋·天策,-,
"670","冷龙峰","25人英雄",喜雅,特殊,鸿辉鞋·苍云,-,
"670","冷龙峰","25人英雄",喜雅,特殊,鸿辉鞋·纯阳,-,
"670","冷龙峰","25人英雄",喜雅,特殊,鸿辉鞋·长歌,-,
"670","冷龙峰","25人英雄",喜雅,特殊,转珠天轮,-,
"670","冷龙峰","25人英雄",喜雅,特殊,鸿辉鞋·七秀,-,
"670","冷龙峰","25人英雄",喜雅,特殊,鸿辉鞋·霸刀,-,
"670","冷龙峰","25人英雄",喜雅,特殊,鸿辉鞋·五毒,-,
"670","冷龙峰","25人英雄",喜雅,特殊,鸿辉鞋·蓬莱,-,
"670","冷龙峰","25人英雄",喜雅,特殊,鸿辉鞋·段氏,-,
"670","冷龙峰","25人英雄",喜雅,特殊,神兵玉匣·英雄冷龙峰,-,
"670","冷龙峰","25人英雄",喜雅,特殊,鸿辉鞋·唐门,-,
"670","冷龙峰","25人英雄",喜雅,特殊,鸿辉鞋·凌雪阁,-,
"670","冷龙峰","25人英雄",喜雅,特殊,鸿辉鞋·藏剑,-,
"670","冷龙峰","25人英雄",喜雅,特殊,鸿辉鞋·衍天宗,-,
"670","冷龙峰","25人英雄",喜雅,特殊,鸿辉鞋·少林,-,
"670","冷龙峰","25人英雄",喜雅,特殊,鸿辉鞋·丐帮,-,
"670","冷龙峰","25人英雄",喜雅,特殊,鸿辉鞋·北天药宗,-,
"670","冷龙峰","25人英雄",喜雅,特殊,藏剑武器·冰山寒雪,-,
"670","冷龙峰","25人英雄",鹰眼客,特殊,劫烬陨铁,-,
"670","冷龙峰","25人英雄",鹰眼客,特殊,太一玄晶,-,
"670","冷龙峰","25人英雄",鹰眼客,特殊,鸿辉帽·凌雪阁,-,
"670","冷龙峰","25人英雄",鹰眼客,特殊,鸿辉帽·衍天宗,-,
"670","冷龙峰","25人英雄",鹰眼客,特殊,鸿辉帽·少林,-,
"670","冷龙峰","25人英雄",鹰眼客,特殊,鸿辉帽·北天药宗,-,
"670","冷龙峰","25人英雄",鹰眼客,特殊,鸿辉帽·万花,-,
"670","冷龙峰","25人英雄",鹰眼客,特殊,鸿辉帽·刀宗,-,
"670","冷龙峰","25人英雄",鹰眼客,特殊,龙朔砂,-,
"670","冷龙峰","25人英雄",鹰眼客,特殊,鸿辉帽·天策,-,
"670","冷龙峰","25人英雄",鹰眼客,特殊,鸿辉帽·万灵,-,
"670","冷龙峰","25人英雄",鹰眼客,特殊,鸿辉帽·纯阳,-,
"670","冷龙峰","25人英雄",鹰眼客,特殊,鸿辉帽·七秀,-,
"670","冷龙峰","25人英雄",鹰眼客,特殊,鸿辉帽·五毒,-,
"670","冷龙峰","25人英雄",鹰眼客,特殊,鸿辉帽·唐门,-,
"670","冷龙峰","25人英雄",鹰眼客,特殊,鸿辉帽·藏剑,-,
"670","冷龙峰","25人英雄",鹰眼客,特殊,鸿辉帽·段氏,-,
"670","冷龙峰","25人英雄",鹰眼客,特殊,鸿辉帽·丐帮,-,
"670","冷龙峰","25人英雄",鹰眼客,特殊,神兵玉匣·英雄冷龙峰,-,
"670","冷龙峰","25人英雄",鹰眼客,特殊,鸿辉帽·明教,-,
"670","冷龙峰","25人英雄",鹰眼客,特殊,鸿辉帽·苍云,-,
"670","冷龙峰","25人英雄",鹰眼客,特殊,鸿辉帽·长歌,-,
"670","冷龙峰","25人英雄",鹰眼客,特殊,鸿辉帽·霸刀,-,
"670","冷龙峰","25人英雄",鹰眼客,特殊,鸿辉帽·蓬莱,-,
"670","冷龙峰","25人英雄",鹰眼客,特殊,藏剑武器·冰山寒雪,-,
"670","冷龙峰","25人英雄",赤幽明、赤厄明,家具,祆教神鸟像,-,
"670","冷龙峰","25人英雄",赤幽明、赤厄明,特殊,劫烬陨铁,-,
"670","冷龙峰","25人英雄",赤幽明、赤厄明,特殊,太一玄晶,-,
"670","冷龙峰","25人英雄",赤幽明、赤厄明,特殊,鸿辉衣·长歌,-,
"670","冷龙峰","25人英雄",赤幽明、赤厄明,特殊,鸿辉衣·霸刀,-,
"670","冷龙峰","25人英雄",赤幽明、赤厄明,特殊,藏剑武器·天涯秋深,-,
"670","冷龙峰","25人英雄",赤幽明、赤厄明,特殊,鸿辉衣·蓬莱,-,
"670","冷龙峰","25人英雄",赤幽明、赤厄明,特殊,龙朔砂,-,
"670","冷龙峰","25人英雄",赤幽明、赤厄明,特殊,鸿辉衣·凌雪阁,-,
"670","冷龙峰","25人英雄",赤幽明、赤厄明,特殊,鸿辉衣·衍天宗,-,
"670","冷龙峰","25人英雄",赤幽明、赤厄明,特殊,鸿辉衣·少林,-,
"670","冷龙峰","25人英雄",赤幽明、赤厄明,特殊,鸿辉衣·北天药宗,-,
"670","冷龙峰","25人英雄",赤幽明、赤厄明,特殊,鸿辉衣·万花,-,
"670","冷龙峰","25人英雄",赤幽明、赤厄明,特殊,鸿辉衣·刀宗,-,
"670","冷龙峰","25人英雄",赤幽明、赤厄明,特殊,鸿辉衣·天策,-,
"670","冷龙峰","25人英雄",赤幽明、赤厄明,特殊,鸿辉衣·万灵,-,
"670","冷龙峰","25人英雄",赤幽明、赤厄明,特殊,鸿辉衣·纯阳,-,
"670","冷龙峰","25人英雄",赤幽明、赤厄明,特殊,鸿辉衣·七秀,-,
"670","冷龙峰","25人英雄",赤幽明、赤厄明,特殊,鸿辉衣·五毒,-,
"670","冷龙峰","25人英雄",赤幽明、赤厄明,特殊,鸿辉衣·段氏,-,
"670","冷龙峰","25人英雄",赤幽明、赤厄明,特殊,鸿辉衣·唐门,-,
"670","冷龙峰","25人英雄",赤幽明、赤厄明,特殊,鸿辉衣·藏剑,-,
"670","冷龙峰","25人英雄",赤幽明、赤厄明,特殊,神兵玉匣·英雄冷龙峰·奇,-,
"670","冷龙峰","25人英雄",赤幽明、赤厄明,特殊,鸿辉衣·丐帮,-,
"670","冷龙峰","25人英雄",赤幽明、赤厄明,特殊,鸿辉衣·明教,-,
"670","冷龙峰","25人英雄",赤幽明、赤厄明,特殊,鸿辉衣·苍云,-,
"648","九老洞","10人普通",魏华,特殊,探幽宝藏·防具,-,
"648","九老洞","10人普通",魏华,特殊,探幽宝藏·首饰,-,
"648","九老洞","10人普通",魏华,特殊,探幽宝藏·武器,-,
"648","九老洞","10人普通",魏华,特殊,叁级五彩石,-,
"648","九老洞","10人普通",魏华,特殊,五行石（六级）,-,
"648","九老洞","10人普通",魏华,特殊,玛瑙,-,
"648","九老洞","10人普通",魏华,特殊,猫眼石,-,
"648","九老洞","10人普通",魏华,特殊,劫烬陨铁,-,
"648","九老洞","10人普通",钟不归,特殊,探幽宝藏·防具,-,
"648","九老洞","10人普通",钟不归,特殊,探幽宝藏·首饰,-,
"648","九老洞","10人普通",钟不归,特殊,探幽宝藏·武器,-,
"648","九老洞","10人普通",钟不归,特殊,叁级五彩石,-,
"648","九老洞","10人普通",钟不归,特殊,五行石（六级）,-,
"648","九老洞","10人普通",钟不归,特殊,玛瑙,-,
"648","九老洞","10人普通",钟不归,特殊,猫眼石,-,
"648","九老洞","10人普通",钟不归,特殊,劫烬陨铁,-,
"648","九老洞","10人普通",岑伤,特殊,肆级五彩石,-,
"648","九老洞","10人普通",岑伤,特殊,五行石（六级）,-,
"648","九老洞","10人普通",岑伤,特殊,玛瑙,-,
"648","九老洞","10人普通",岑伤,特殊,猫眼石,-,
"648","九老洞","10人普通",岑伤,特殊,劫烬陨铁,-,
"648","九老洞","10人普通",岑伤,特殊,探幽宝藏·防具,-,
"648","九老洞","10人普通",岑伤,特殊,探幽宝藏·首饰,-,
"648","九老洞","10人普通",岑伤,特殊,探幽宝藏·武器,-,
"648","九老洞","10人普通",鬼筹,特殊,探幽宝藏·防具,-,
"648","九老洞","10人普通",鬼筹,特殊,探幽宝藏·首饰,-,
"648","九老洞","10人普通",鬼筹,特殊,探幽宝藏·武器,-,
"648","九老洞","10人普通",鬼筹,家具,朱雀·灼,-,
"648","九老洞","10人普通",鬼筹,家具,青龙·木,-,
"648","九老洞","10人普通",鬼筹,家具,白虎·岩,-,
"648","九老洞","10人普通",鬼筹,家具,玄武·水,-,
"648","九老洞","10人普通",鬼筹,特殊,肆级五彩石,-,
"648","九老洞","10人普通",鬼筹,特殊,五行石（六级）,-,
"648","九老洞","10人普通",鬼筹,特殊,玛瑙,-,
"648","九老洞","10人普通",鬼筹,特殊,猫眼石,-,
"648","九老洞","10人普通",鬼筹,特殊,劫烬陨铁,-,
"648","九老洞","10人普通",麒麟,特殊,太一玄晶,-,
"648","九老洞","10人普通",麒麟,特殊,破碎的麒麟角,-,
"648","九老洞","10人普通",麒麟,特殊,肆级五彩石,-,
"648","九老洞","10人普通",麒麟,特殊,五行石（六级）,-,
"648","九老洞","10人普通",麒麟,特殊,玛瑙,-,
"648","九老洞","10人普通",麒麟,特殊,猫眼石,-,
"648","九老洞","10人普通",麒麟,特殊,劫烬陨铁,-,
"648","九老洞","10人普通",麒麟,特殊,藏剑武器·延陵流安,-,
"648","九老洞","10人普通",麒麟,特殊,探幽宝藏·防具,-,
"648","九老洞","10人普通",麒麟,特殊,探幽宝藏·首饰,-,
"648","九老洞","10人普通",麒麟,特殊,探幽宝藏·武器,-,
"648","九老洞","10人普通",月泉淮,特殊,劫烬陨铁,-,
"648","九老洞","10人普通",月泉淮,特殊,藏剑武器·延陵流安,-,
"648","九老洞","10人普通",月泉淮,特殊,肆级五彩石,-,
"648","九老洞","10人普通",月泉淮,特殊,五行石（六级）,-,
"648","九老洞","10人普通",月泉淮,特殊,玛瑙,-,
"648","九老洞","10人普通",月泉淮,特殊,猫眼石,-,
"648","九老洞","10人普通",月泉淮,特殊,太一玄晶,-,
"648","九老洞","10人普通",月泉淮,特殊,探幽宝藏·防具,-,
"648","九老洞","10人普通",月泉淮,特殊,探幽宝藏·首饰,-,
"648","九老洞","10人普通",月泉淮,特殊,探幽宝藏·武器,-,
"649","九老洞","25人普通",魏华,特殊,藏剑武器·剑倚天海,-,
"649","九老洞","25人普通",魏华,特殊,濯心护腕·纯阳,-,
"649","九老洞","25人普通",魏华,特殊,濯心护腕·七秀,-,
"649","九老洞","25人普通",魏华,特殊,濯心护腕·五毒,-,
"649","九老洞","25人普通",魏华,特殊,濯心护腕·唐门,-,
"649","九老洞","25人普通",魏华,特殊,濯心护腕·藏剑,-,
"649","九老洞","25人普通",魏华,特殊,濯心护腕·丐帮,-,
"649","九老洞","25人普通",魏华,特殊,濯心护腕·明教,-,
"649","九老洞","25人普通",魏华,特殊,濯心护腕·苍云,-,
"649","九老洞","25人普通",魏华,特殊,濯心护腕·长歌,-,
"649","九老洞","25人普通",魏华,特殊,濯心护腕·霸刀,-,
"649","九老洞","25人普通",魏华,特殊,濯心护腕·万灵,-,
"649","九老洞","25人普通",魏华,特殊,濯心护腕·少林,-,
"649","九老洞","25人普通",魏华,特殊,濯心护腕·蓬莱,-,
"649","九老洞","25人普通",魏华,特殊,濯心护腕·凌雪阁,-,
"649","九老洞","25人普通",魏华,特殊,神兵玉匣·普通九老洞,-,
"649","九老洞","25人普通",魏华,特殊,濯心护腕·万花,-,
"649","九老洞","25人普通",魏华,特殊,濯心护腕·衍天宗,-,
"649","九老洞","25人普通",魏华,特殊,濯心护腕·段氏,-,
"649","九老洞","25人普通",魏华,特殊,濯心护腕·北天药宗,-,
"649","九老洞","25人普通",魏华,特殊,濯心护腕·天策,-,
"649","九老洞","25人普通",魏华,特殊,濯心护腕·刀宗,-,
"649","九老洞","25人普通",钟不归,特殊,濯心腰带·万花,-,
"649","九老洞","25人普通",钟不归,特殊,濯心腰带·天策,-,
"649","九老洞","25人普通",钟不归,特殊,濯心腰带·纯阳,-,
"649","九老洞","25人普通",钟不归,特殊,濯心腰带·七秀,-,
"649","九老洞","25人普通",钟不归,特殊,藏剑武器·剑倚天海,-,
"649","九老洞","25人普通",钟不归,特殊,濯心腰带·五毒,-,
"649","九老洞","25人普通",钟不归,特殊,濯心腰带·唐门,-,
"649","九老洞","25人普通",钟不归,特殊,濯心腰带·藏剑,-,
"649","九老洞","25人普通",钟不归,特殊,濯心腰带·丐帮,-,
"649","九老洞","25人普通",钟不归,特殊,濯心腰带·明教,-,
"649","九老洞","25人普通",钟不归,特殊,濯心腰带·苍云,-,
"649","九老洞","25人普通",钟不归,特殊,濯心腰带·长歌,-,
"649","九老洞","25人普通",钟不归,特殊,濯心腰带·霸刀,-,
"649","九老洞","25人普通",钟不归,特殊,濯心腰带·蓬莱,-,
"649","九老洞","25人普通",钟不归,特殊,濯心腰带·凌雪阁,-,
"649","九老洞","25人普通",钟不归,特殊,濯心腰带·衍天宗,-,
"649","九老洞","25人普通",钟不归,特殊,濯心腰带·北天药宗,-,
"649","九老洞","25人普通",钟不归,特殊,濯心腰带·刀宗,-,
"649","九老洞","25人普通",钟不归,特殊,濯心腰带·万灵,-,
"649","九老洞","25人普通",钟不归,特殊,神兵玉匣·普通九老洞,-,
"649","九老洞","25人普通",钟不归,特殊,濯心腰带·段氏,-,
"649","九老洞","25人普通",钟不归,特殊,濯心腰带·少林,-,
"649","九老洞","25人普通",岑伤,特殊,濯心鞋·衍天宗,-,
"649","九老洞","25人普通",岑伤,特殊,濯心鞋·北天药宗,-,
"649","九老洞","25人普通",岑伤,特殊,濯心鞋·刀宗,-,
"649","九老洞","25人普通",岑伤,特殊,藏剑武器·剑倚天海,-,
"649","九老洞","25人普通",岑伤,特殊,濯心鞋·少林,-,
"649","九老洞","25人普通",岑伤,特殊,濯心鞋·万花,-,
"649","九老洞","25人普通",岑伤,特殊,濯心鞋·天策,-,
"649","九老洞","25人普通",岑伤,特殊,濯心鞋·纯阳,-,
"649","九老洞","25人普通",岑伤,特殊,濯心鞋·万灵,-,
"649","九老洞","25人普通",岑伤,特殊,濯心鞋·七秀,-,
"649","九老洞","25人普通",岑伤,特殊,濯心鞋·五毒,-,
"649","九老洞","25人普通",岑伤,特殊,神兵玉匣·普通九老洞,-,
"649","九老洞","25人普通",岑伤,特殊,濯心鞋·唐门,-,
"649","九老洞","25人普通",岑伤,特殊,濯心鞋·藏剑,-,
"649","九老洞","25人普通",岑伤,特殊,濯心鞋·丐帮,-,
"649","九老洞","25人普通",岑伤,特殊,濯心鞋·明教,-,
"649","九老洞","25人普通",岑伤,特殊,濯心鞋·段氏,-,
"649","九老洞","25人普通",岑伤,特殊,濯心鞋·苍云,-,
"649","九老洞","25人普通",岑伤,特殊,濯心鞋·长歌,-,
"649","九老洞","25人普通",岑伤,特殊,濯心鞋·霸刀,-,
"649","九老洞","25人普通",岑伤,特殊,濯心鞋·蓬莱,-,
"649","九老洞","25人普通",岑伤,特殊,濯心鞋·凌雪阁,-,
"649","九老洞","25人普通",鬼筹,家具,朱雀·灼,-,
"649","九老洞","25人普通",鬼筹,家具,青龙·木,-,
"649","九老洞","25人普通",鬼筹,家具,玄武·水,-,
"649","九老洞","25人普通",鬼筹,特殊,濯心帽·少林,-,
"649","九老洞","25人普通",鬼筹,特殊,濯心帽·万花,-,
"649","九老洞","25人普通",鬼筹,特殊,濯心帽·天策,-,
"649","九老洞","25人普通",鬼筹,特殊,濯心帽·纯阳,-,
"649","九老洞","25人普通",鬼筹,特殊,濯心帽·七秀,-,
"649","九老洞","25人普通",鬼筹,特殊,濯心帽·五毒,-,
"649","九老洞","25人普通",鬼筹,特殊,濯心帽·唐门,-,
"649","九老洞","25人普通",鬼筹,特殊,濯心帽·藏剑,-,
"649","九老洞","25人普通",鬼筹,特殊,濯心帽·丐帮,-,
"649","九老洞","25人普通",鬼筹,特殊,濯心帽·明教,-,
"649","九老洞","25人普通",鬼筹,特殊,濯心帽·苍云,-,
"649","九老洞","25人普通",鬼筹,特殊,濯心帽·长歌,-,
"649","九老洞","25人普通",鬼筹,特殊,濯心帽·霸刀,-,
"649","九老洞","25人普通",鬼筹,特殊,濯心帽·蓬莱,-,
"649","九老洞","25人普通",鬼筹,特殊,濯心帽·凌雪阁,-,
"649","九老洞","25人普通",鬼筹,特殊,濯心帽·衍天宗,-,
"649","九老洞","25人普通",鬼筹,特殊,濯心帽·北天药宗,-,
"649","九老洞","25人普通",鬼筹,特殊,濯心帽·刀宗,-,
"649","九老洞","25人普通",鬼筹,家具,白虎·岩,-,
"649","九老洞","25人普通",鬼筹,特殊,藏剑武器·剑倚天海,-,
"649","九老洞","25人普通",鬼筹,特殊,濯心帽·万灵,-,
"649","九老洞","25人普通",鬼筹,特殊,神兵玉匣·普通九老洞,-,
"649","九老洞","25人普通",鬼筹,特殊,濯心帽·段氏,-,
"649","九老洞","25人普通",麒麟,特殊,濯心衣·少林,-,
"649","九老洞","25人普通",麒麟,特殊,濯心衣·万花,-,
"649","九老洞","25人普通",麒麟,特殊,濯心衣·天策,-,
"649","九老洞","25人普通",麒麟,特殊,玄黄砂,-,
"649","九老洞","25人普通",麒麟,特殊,濯心衣·纯阳,-,
"649","九老洞","25人普通",麒麟,特殊,濯心衣·七秀,-,
"649","九老洞","25人普通",麒麟,特殊,濯心衣·五毒,-,
"649","九老洞","25人普通",麒麟,特殊,濯心衣·唐门,-,
"649","九老洞","25人普通",麒麟,特殊,濯心衣·藏剑,-,
"649","九老洞","25人普通",麒麟,特殊,濯心衣·丐帮,-,
"649","九老洞","25人普通",麒麟,特殊,濯心衣·明教,-,
"649","九老洞","25人普通",麒麟,特殊,濯心衣·苍云,-,
"649","九老洞","25人普通",麒麟,特殊,濯心衣·长歌,-,
"649","九老洞","25人普通",麒麟,特殊,濯心衣·霸刀,-,
"649","九老洞","25人普通",麒麟,特殊,濯心衣·蓬莱,-,
"649","九老洞","25人普通",麒麟,特殊,濯心衣·凌雪阁,-,
"649","九老洞","25人普通",麒麟,特殊,濯心衣·衍天宗,-,
"649","九老洞","25人普通",麒麟,特殊,濯心衣·北天药宗,-,
"649","九老洞","25人普通",麒麟,特殊,濯心衣·刀宗,-,
"649","九老洞","25人普通",麒麟,特殊,濯心衣·万灵,-,
"649","九老洞","25人普通",麒麟,特殊,神兵玉匣·普通九老洞,-,
"649","九老洞","25人普通",麒麟,特殊,藏剑武器·剑倚天海,-,
"649","九老洞","25人普通",麒麟,特殊,破碎的麒麟角,-,
"649","九老洞","25人普通",麒麟,特殊,濯心衣·段氏,-,
"649","九老洞","25人普通",月泉淮,特殊,藏剑武器·平湖云中,-,
"649","九老洞","25人普通",月泉淮,特殊,玄黄砂,-,
"649","九老洞","25人普通",月泉淮,特殊,神兵玉匣·普通九老洞·奇,-,
"650","九老洞","25人英雄",魏华,特殊,劫烬陨铁,-,
"650","九老洞","25人英雄",魏华,特殊,灵源护腕·长歌,-,
"650","九老洞","25人英雄",魏华,特殊,灵源护腕·霸刀,-,
"650","九老洞","25人英雄",魏华,特殊,灵源护腕·蓬莱,-,
"650","九老洞","25人英雄",魏华,特殊,灵源护腕·凌雪阁,-,
"650","九老洞","25人英雄",魏华,特殊,藏剑武器·玄影苍松,-,
"650","九老洞","25人英雄",魏华,特殊,灵源护腕·衍天宗,-,
"650","九老洞","25人英雄",魏华,特殊,灵源护腕·北天药宗,-,
"650","九老洞","25人英雄",魏华,特殊,灵源护腕·刀宗,-,
"650","九老洞","25人英雄",魏华,特殊,灵源护腕·万灵,-,
"650","九老洞","25人英雄",魏华,特殊,灵源护腕·少林,-,
"650","九老洞","25人英雄",魏华,特殊,灵源护腕·万花,-,
"650","九老洞","25人英雄",魏华,特殊,灵源护腕·天策,-,
"650","九老洞","25人英雄",魏华,特殊,灵源护腕·纯阳,-,
"650","九老洞","25人英雄",魏华,特殊,灵源护腕·七秀,-,
"650","九老洞","25人英雄",魏华,特殊,灵源护腕·五毒,-,
"650","九老洞","25人英雄",魏华,特殊,灵源护腕·唐门,-,
"650","九老洞","25人英雄",魏华,特殊,灵源护腕·藏剑,-,
"650","九老洞","25人英雄",魏华,特殊,灵源护腕·丐帮,-,
"650","九老洞","25人英雄",魏华,特殊,神兵玉匣·英雄九老洞,-,
"650","九老洞","25人英雄",魏华,特殊,灵源护腕·明教,-,
"650","九老洞","25人英雄",魏华,特殊,灵源护腕·段氏,-,
"650","九老洞","25人英雄",魏华,特殊,灵源护腕·苍云,-,
"650","九老洞","25人英雄",钟不归,特殊,藏剑武器·玄影苍松,-,
"650","九老洞","25人英雄",钟不归,特殊,劫烬陨铁,-,
"650","九老洞","25人英雄",钟不归,特殊,灵源腰带·少林,-,
"650","九老洞","25人英雄",钟不归,特殊,灵源腰带·万花,-,
"650","九老洞","25人英雄",钟不归,特殊,灵源腰带·天策,-,
"650","九老洞","25人英雄",钟不归,特殊,灵源腰带·纯阳,-,
"650","九老洞","25人英雄",钟不归,特殊,灵源腰带·七秀,-,
"650","九老洞","25人英雄",钟不归,特殊,灵源腰带·五毒,-,
"650","九老洞","25人英雄",钟不归,特殊,灵源腰带·唐门,-,
"650","九老洞","25人英雄",钟不归,特殊,灵源腰带·藏剑,-,
"650","九老洞","25人英雄",钟不归,特殊,灵源腰带·丐帮,-,
"650","九老洞","25人英雄",钟不归,特殊,灵源腰带·明教,-,
"650","九老洞","25人英雄",钟不归,特殊,灵源腰带·苍云,-,
"650","九老洞","25人英雄",钟不归,特殊,灵源腰带·长歌,-,
"650","九老洞","25人英雄",钟不归,特殊,灵源腰带·霸刀,-,
"650","九老洞","25人英雄",钟不归,特殊,灵源腰带·蓬莱,-,
"650","九老洞","25人英雄",钟不归,特殊,灵源腰带·凌雪阁,-,
"650","九老洞","25人英雄",钟不归,特殊,灵源腰带·衍天宗,-,
"650","九老洞","25人英雄",钟不归,特殊,灵源腰带·北天药宗,-,
"650","九老洞","25人英雄",钟不归,特殊,灵源腰带·刀宗,-,
"650","九老洞","25人英雄",钟不归,特殊,灵源腰带·万灵,-,
"650","九老洞","25人英雄",钟不归,特殊,神兵玉匣·英雄九老洞,-,
"650","九老洞","25人英雄",钟不归,特殊,灵源腰带·段氏,-,
"650","九老洞","25人英雄",岑伤,特殊,灵源鞋·五毒,-,
"650","九老洞","25人英雄",岑伤,特殊,灵源鞋·唐门,-,
"650","九老洞","25人英雄",岑伤,特殊,灵源鞋·藏剑,-,
"650","九老洞","25人英雄",岑伤,特殊,灵源鞋·丐帮,-,
"650","九老洞","25人英雄",岑伤,特殊,灵源鞋·明教,-,
"650","九老洞","25人英雄",岑伤,特殊,灵源鞋·苍云,-,
"650","九老洞","25人英雄",岑伤,特殊,灵源鞋·长歌,-,
"650","九老洞","25人英雄",岑伤,特殊,灵源鞋·霸刀,-,
"650","九老洞","25人英雄",岑伤,特殊,灵源鞋·蓬莱,-,
"650","九老洞","25人英雄",岑伤,特殊,灵源鞋·凌雪阁,-,
"650","九老洞","25人英雄",岑伤,特殊,灵源鞋·衍天宗,-,
"650","九老洞","25人英雄",岑伤,特殊,灵源鞋·北天药宗,-,
"650","九老洞","25人英雄",岑伤,特殊,灵源鞋·刀宗,-,
"650","九老洞","25人英雄",岑伤,特殊,灵源鞋·万灵,-,
"650","九老洞","25人英雄",岑伤,特殊,劫烬陨铁,-,
"650","九老洞","25人英雄",岑伤,特殊,神兵玉匣·英雄九老洞,-,
"650","九老洞","25人英雄",岑伤,特殊,灵源鞋·少林,-,
"650","九老洞","25人英雄",岑伤,特殊,藏剑武器·玄影苍松,-,
"650","九老洞","25人英雄",岑伤,特殊,灵源鞋·万花,-,
"650","九老洞","25人英雄",岑伤,特殊,灵源鞋·天策,-,
"650","九老洞","25人英雄",岑伤,特殊,灵源鞋·纯阳,-,
"650","九老洞","25人英雄",岑伤,特殊,灵源鞋·段氏,-,
"650","九老洞","25人英雄",岑伤,特殊,灵源鞋·七秀,-,
"650","九老洞","25人英雄",鬼筹,家具,朱雀·灼,-,
"650","九老洞","25人英雄",鬼筹,家具,青龙·木,-,
"650","九老洞","25人英雄",鬼筹,家具,玄武·水,-,
"650","九老洞","25人英雄",鬼筹,特殊,藏剑武器·玄影苍松,-,
"650","九老洞","25人英雄",鬼筹,特殊,灵源帽·少林,-,
"650","九老洞","25人英雄",鬼筹,特殊,灵源帽·万花,-,
"650","九老洞","25人英雄",鬼筹,特殊,灵源帽·天策,-,
"650","九老洞","25人英雄",鬼筹,特殊,灵源帽·纯阳,-,
"650","九老洞","25人英雄",鬼筹,特殊,灵源帽·七秀,-,
"650","九老洞","25人英雄",鬼筹,特殊,灵源帽·五毒,-,
"650","九老洞","25人英雄",鬼筹,特殊,灵源帽·唐门,-,
"650","九老洞","25人英雄",鬼筹,特殊,灵源帽·藏剑,-,
"650","九老洞","25人英雄",鬼筹,特殊,灵源帽·丐帮,-,
"650","九老洞","25人英雄",鬼筹,特殊,灵源帽·明教,-,
"650","九老洞","25人英雄",鬼筹,特殊,灵源帽·苍云,-,
"650","九老洞","25人英雄",鬼筹,特殊,灵源帽·长歌,-,
"650","九老洞","25人英雄",鬼筹,特殊,灵源帽·霸刀,-,
"650","九老洞","25人英雄",鬼筹,特殊,灵源帽·蓬莱,-,
"650","九老洞","25人英雄",鬼筹,特殊,灵源帽·凌雪阁,-,
"650","九老洞","25人英雄",鬼筹,特殊,灵源帽·衍天宗,-,
"650","九老洞","25人英雄",鬼筹,特殊,灵源帽·北天药宗,-,
"650","九老洞","25人英雄",鬼筹,特殊,灵源帽·刀宗,-,
"650","九老洞","25人英雄",鬼筹,家具,白虎·岩,-,
"650","九老洞","25人英雄",鬼筹,特殊,劫烬陨铁,-,
"650","九老洞","25人英雄",鬼筹,特殊,灵源帽·万灵,-,
"650","九老洞","25人英雄",鬼筹,特殊,神兵玉匣·英雄九老洞,-,
"650","九老洞","25人英雄",鬼筹,特殊,灵源帽·段氏,-,
"650","九老洞","25人英雄",麒麟,特殊,藏剑武器·玄影苍松,-,
"650","九老洞","25人英雄",麒麟,特殊,太一玄晶,-,
"650","九老洞","25人英雄",麒麟,特殊,灵源衣·少林,-,
"650","九老洞","25人英雄",麒麟,特殊,灵源衣·万花,-,
"650","九老洞","25人英雄",麒麟,特殊,灵源衣·天策,-,
"650","九老洞","25人英雄",麒麟,特殊,灵源衣·纯阳,-,
"650","九老洞","25人英雄",麒麟,特殊,灵源衣·七秀,-,
"650","九老洞","25人英雄",麒麟,特殊,灵源衣·五毒,-,
"650","九老洞","25人英雄",麒麟,特殊,灵源衣·唐门,-,
"650","九老洞","25人英雄",麒麟,特殊,泣麟砂,-,
"650","九老洞","25人英雄",麒麟,特殊,灵源衣·藏剑,-,
"650","九老洞","25人英雄",麒麟,特殊,灵源衣·丐帮,-,
"650","九老洞","25人英雄",麒麟,特殊,灵源衣·明教,-,
"650","九老洞","25人英雄",麒麟,特殊,灵源衣·苍云,-,
"650","九老洞","25人英雄",麒麟,特殊,灵源衣·长歌,-,
"650","九老洞","25人英雄",麒麟,特殊,灵源衣·霸刀,-,
"650","九老洞","25人英雄",麒麟,特殊,灵源衣·蓬莱,-,
"650","九老洞","25人英雄",麒麟,特殊,灵源衣·凌雪阁,-,
"650","九老洞","25人英雄",麒麟,特殊,劫烬陨铁,-,
"650","九老洞","25人英雄",麒麟,特殊,灵源衣·衍天宗,-,
"650","九老洞","25人英雄",麒麟,特殊,灵源衣·北天药宗,-,
"650","九老洞","25人英雄",麒麟,特殊,灵源衣·刀宗,-,
"650","九老洞","25人英雄",麒麟,特殊,灵源衣·万灵,-,
"650","九老洞","25人英雄",麒麟,特殊,神兵玉匣·英雄九老洞,-,
"650","九老洞","25人英雄",麒麟,特殊,破碎的麒麟角,-,
"650","九老洞","25人英雄",麒麟,特殊,灵源衣·段氏,-,
"650","九老洞","25人英雄",月泉淮,特殊,劫烬陨铁,-,
"650","九老洞","25人英雄",月泉淮,特殊,藏剑武器·秋远听寥,-,
"650","九老洞","25人英雄",月泉淮,特殊,太一玄晶,-,
"650","九老洞","25人英雄",月泉淮,特殊,泣麟砂,-,
"650","九老洞","25人英雄",月泉淮,特殊,神兵玉匣·英雄九老洞·奇,-,
"658","栖灵洞天","5人普通",辛仕徽,特殊,挂件包·背部,-,
"658","栖灵洞天","5人普通",辛仕徽,特殊,炼气丸,-,
"658","栖灵洞天","5人普通",辛仕徽,特殊,挂件包·腰部,-,
"658","栖灵洞天","5人普通",宣骄,特殊,炼气丸,-,
"658","栖灵洞天","5人普通",宣骄,特殊,挂件包·背部,-,
"658","栖灵洞天","5人普通",宣骄,特殊,挂件包·腰部,-,
"658","栖灵洞天","5人普通",魏鑫,特殊,挂件包·背部,-,
"658","栖灵洞天","5人普通",魏鑫,特殊,挂件包·腰部,-,
"658","栖灵洞天","5人普通",魏鑫,特殊,炼气丸,-,
"659","栖灵洞天","5人英雄",辛仕徽,特殊,挂件包·腰部,-,
"659","栖灵洞天","5人英雄",辛仕徽,特殊,落日玄弓·颂南云,-,
"659","栖灵洞天","5人英雄",辛仕徽,特殊,炼气丸,-,
"659","栖灵洞天","5人英雄",辛仕徽,特殊,挂件包·背部,-,
"659","栖灵洞天","5人英雄",宣骄,特殊,挂件包·腰部,-,
"659","栖灵洞天","5人英雄",宣骄,特殊,炼气丸,-,
"659","栖灵洞天","5人英雄",宣骄,特殊,挂件包·背部,-,
"659","栖灵洞天","5人英雄",魏鑫,家具,落日圆,-,
"659","栖灵洞天","5人英雄",魏鑫,特殊,挂件包·腰部,-,
"659","栖灵洞天","5人英雄",魏鑫,特殊,苍梧君·颂少风,-,
"659","栖灵洞天","5人英雄",魏鑫,家具,争衔珠摆灯,-,
"659","栖灵洞天","5人英雄",魏鑫,特殊,《杂艺·舞火》,-,
"659","栖灵洞天","5人英雄",魏鑫,特殊,《破阵舞·丰财》,-,
"659","栖灵洞天","5人英雄",魏鑫,特殊,《九功舞·祥瑞》,-,
"659","栖灵洞天","5人英雄",魏鑫,家具,兰栖蝶翼灯,-,
"659","栖灵洞天","5人英雄",魏鑫,家具,石中微光,-,
"659","栖灵洞天","5人英雄",魏鑫,特殊,炼气丸,-,
"659","栖灵洞天","5人英雄",魏鑫,特殊,砆石,-,
"659","栖灵洞天","5人英雄",魏鑫,特殊,挂件包·背部,-,
"659","栖灵洞天","5人英雄",魏鑫,特殊,藏剑武器·山川一方,-,
"636","武狱黑牢","10人普通",时风,特殊,叁级五彩石,-,
"636","武狱黑牢","10人普通",时风,特殊,五行石（六级）,-,
"636","武狱黑牢","10人普通",时风,特殊,玛瑙,-,
"636","武狱黑牢","10人普通",时风,特殊,猫眼石,-,
"636","武狱黑牢","10人普通",时风,特殊,劫烬陨铁,-,
"636","武狱黑牢","10人普通",时风,特殊,探幽宝藏·防具,-,
"636","武狱黑牢","10人普通",时风,特殊,探幽宝藏·首饰,-,
"636","武狱黑牢","10人普通",时风,特殊,探幽宝藏·武器,-,
"636","武狱黑牢","10人普通",乐临川,特殊,叁级五彩石,-,
"636","武狱黑牢","10人普通",乐临川,特殊,五行石（六级）,-,
"636","武狱黑牢","10人普通",乐临川,特殊,玛瑙,-,
"636","武狱黑牢","10人普通",乐临川,特殊,猫眼石,-,
"636","武狱黑牢","10人普通",乐临川,特殊,劫烬陨铁,-,
"636","武狱黑牢","10人普通",乐临川,特殊,探幽宝藏·防具,-,
"636","武狱黑牢","10人普通",乐临川,特殊,探幽宝藏·首饰,-,
"636","武狱黑牢","10人普通",乐临川,特殊,探幽宝藏·武器,-,
"636","武狱黑牢","10人普通",牛波,特殊,探幽宝藏·防具,-,
"636","武狱黑牢","10人普通",牛波,特殊,探幽宝藏·首饰,-,
"636","武狱黑牢","10人普通",牛波,特殊,探幽宝藏·武器,-,
"636","武狱黑牢","10人普通",牛波,特殊,肆级五彩石,-,
"636","武狱黑牢","10人普通",牛波,特殊,五行石（六级）,-,
"636","武狱黑牢","10人普通",牛波,特殊,玛瑙,-,
"636","武狱黑牢","10人普通",牛波,特殊,猫眼石,-,
"636","武狱黑牢","10人普通",牛波,特殊,劫烬陨铁,-,
"636","武狱黑牢","10人普通",牛波,特殊,象心灵犀,-,
"636","武狱黑牢","10人普通",和正,特殊,探幽宝藏·防具,-,
"636","武狱黑牢","10人普通",和正,特殊,探幽宝藏·首饰,-,
"636","武狱黑牢","10人普通",和正,特殊,探幽宝藏·武器,-,
"636","武狱黑牢","10人普通",和正,特殊,肆级五彩石,-,
"636","武狱黑牢","10人普通",和正,特殊,五行石（六级）,-,
"636","武狱黑牢","10人普通",和正,特殊,玛瑙,-,
"636","武狱黑牢","10人普通",和正,特殊,猫眼石,-,
"636","武狱黑牢","10人普通",和正,特殊,劫烬陨铁,-,
"636","武狱黑牢","10人普通",和正,特殊,心定,-,
"636","武狱黑牢","10人普通",武云阙、解兰舟,特殊,太一玄晶,-,
"636","武狱黑牢","10人普通",武云阙、解兰舟,特殊,幽兰引芳,-,
"636","武狱黑牢","10人普通",武云阙、解兰舟,家具,武氏挂旗,-,
"636","武狱黑牢","10人普通",武云阙、解兰舟,特殊,肆级五彩石,-,
"636","武狱黑牢","10人普通",武云阙、解兰舟,特殊,五行石（六级）,-,
"636","武狱黑牢","10人普通",武云阙、解兰舟,特殊,玛瑙,-,
"636","武狱黑牢","10人普通",武云阙、解兰舟,特殊,猫眼石,-,
"636","武狱黑牢","10人普通",武云阙、解兰舟,特殊,劫烬陨铁,-,
"636","武狱黑牢","10人普通",武云阙、解兰舟,特殊,藏剑武器·甘风隐华,-,
"636","武狱黑牢","10人普通",武云阙、解兰舟,特殊,探幽宝藏·防具,-,
"636","武狱黑牢","10人普通",武云阙、解兰舟,特殊,探幽宝藏·首饰,-,
"636","武狱黑牢","10人普通",武云阙、解兰舟,特殊,探幽宝藏·武器,-,
"636","武狱黑牢","10人普通",翁幼之,特殊,藏剑武器·明祥华烛,-,
"636","武狱黑牢","10人普通",翁幼之,特殊,探幽宝藏·防具,-,
"636","武狱黑牢","10人普通",翁幼之,特殊,探幽宝藏·首饰,-,
"636","武狱黑牢","10人普通",翁幼之,特殊,探幽宝藏·武器,-,
"636","武狱黑牢","10人普通",翁幼之,特殊,肆级五彩石,-,
"636","武狱黑牢","10人普通",翁幼之,特殊,五行石（六级）,-,
"636","武狱黑牢","10人普通",翁幼之,特殊,玛瑙,-,
"636","武狱黑牢","10人普通",翁幼之,特殊,猫眼石,-,
"636","武狱黑牢","10人普通",翁幼之,特殊,劫烬陨铁,-,
"636","武狱黑牢","10人普通",翁幼之,特殊,太一玄晶,-,
"637","武狱黑牢","25人普通",时风,特殊,揽江护腕·唐门,-,
"637","武狱黑牢","25人普通",时风,特殊,揽江护腕·藏剑,-,
"637","武狱黑牢","25人普通",时风,特殊,揽江护腕·丐帮,-,
"637","武狱黑牢","25人普通",时风,特殊,揽江护腕·明教,-,
"637","武狱黑牢","25人普通",时风,特殊,藏剑武器·满楼行乐,-,
"637","武狱黑牢","25人普通",时风,特殊,揽江护腕·少林,-,
"637","武狱黑牢","25人普通",时风,特殊,揽江护腕·苍云,-,
"637","武狱黑牢","25人普通",时风,特殊,揽江护腕·长歌,-,
"637","武狱黑牢","25人普通",时风,特殊,揽江护腕·万花,-,
"637","武狱黑牢","25人普通",时风,特殊,揽江护腕·霸刀,-,
"637","武狱黑牢","25人普通",时风,特殊,揽江护腕·蓬莱,-,
"637","武狱黑牢","25人普通",时风,特殊,揽江护腕·天策,-,
"637","武狱黑牢","25人普通",时风,特殊,揽江护腕·凌雪阁,-,
"637","武狱黑牢","25人普通",时风,特殊,揽江护腕·衍天宗,-,
"637","武狱黑牢","25人普通",时风,特殊,揽江护腕·纯阳,-,
"637","武狱黑牢","25人普通",时风,特殊,揽江护腕·北天药宗,-,
"637","武狱黑牢","25人普通",时风,特殊,神兵玉匣·普通武狱黑牢,-,
"637","武狱黑牢","25人普通",时风,特殊,揽江护腕·刀宗,-,
"637","武狱黑牢","25人普通",时风,特殊,揽江护腕·万灵,-,
"637","武狱黑牢","25人普通",时风,特殊,揽江护腕·七秀,-,
"637","武狱黑牢","25人普通",时风,特殊,揽江护腕·段氏,-,
"637","武狱黑牢","25人普通",时风,特殊,揽江护腕·五毒,-,
"637","武狱黑牢","25人普通",乐临川,特殊,揽江腰带·七秀,-,
"637","武狱黑牢","25人普通",乐临川,特殊,揽江腰带·五毒,-,
"637","武狱黑牢","25人普通",乐临川,特殊,揽江腰带·唐门,-,
"637","武狱黑牢","25人普通",乐临川,特殊,揽江腰带·藏剑,-,
"637","武狱黑牢","25人普通",乐临川,特殊,揽江腰带·丐帮,-,
"637","武狱黑牢","25人普通",乐临川,特殊,揽江腰带·明教,-,
"637","武狱黑牢","25人普通",乐临川,特殊,揽江腰带·苍云,-,
"637","武狱黑牢","25人普通",乐临川,特殊,揽江腰带·长歌,-,
"637","武狱黑牢","25人普通",乐临川,特殊,揽江腰带·霸刀,-,
"637","武狱黑牢","25人普通",乐临川,特殊,揽江腰带·蓬莱,-,
"637","武狱黑牢","25人普通",乐临川,特殊,揽江腰带·凌雪阁,-,
"637","武狱黑牢","25人普通",乐临川,特殊,揽江腰带·衍天宗,-,
"637","武狱黑牢","25人普通",乐临川,特殊,揽江腰带·北天药宗,-,
"637","武狱黑牢","25人普通",乐临川,特殊,揽江腰带·刀宗,-,
"637","武狱黑牢","25人普通",乐临川,特殊,藏剑武器·满楼行乐,-,
"637","武狱黑牢","25人普通",乐临川,特殊,神兵玉匣·普通武狱黑牢,-,
"637","武狱黑牢","25人普通",乐临川,特殊,揽江腰带·万灵,-,
"637","武狱黑牢","25人普通",乐临川,特殊,揽江腰带·少林,-,
"637","武狱黑牢","25人普通",乐临川,特殊,揽江腰带·段氏,-,
"637","武狱黑牢","25人普通",乐临川,特殊,揽江腰带·万花,-,
"637","武狱黑牢","25人普通",乐临川,特殊,揽江腰带·天策,-,
"637","武狱黑牢","25人普通",乐临川,特殊,揽江腰带·纯阳,-,
"637","武狱黑牢","25人普通",牛波,特殊,藏剑武器·满楼行乐,-,
"637","武狱黑牢","25人普通",牛波,特殊,揽江鞋·少林,-,
"637","武狱黑牢","25人普通",牛波,特殊,揽江鞋·万花,-,
"637","武狱黑牢","25人普通",牛波,特殊,揽江鞋·天策,-,
"637","武狱黑牢","25人普通",牛波,特殊,揽江鞋·纯阳,-,
"637","武狱黑牢","25人普通",牛波,特殊,揽江鞋·七秀,-,
"637","武狱黑牢","25人普通",牛波,特殊,揽江鞋·五毒,-,
"637","武狱黑牢","25人普通",牛波,特殊,神兵玉匣·普通武狱黑牢,-,
"637","武狱黑牢","25人普通",牛波,特殊,揽江鞋·唐门,-,
"637","武狱黑牢","25人普通",牛波,特殊,揽江鞋·藏剑,-,
"637","武狱黑牢","25人普通",牛波,特殊,揽江鞋·丐帮,-,
"637","武狱黑牢","25人普通",牛波,特殊,象心灵犀,-,
"637","武狱黑牢","25人普通",牛波,特殊,揽江鞋·明教,-,
"637","武狱黑牢","25人普通",牛波,特殊,揽江鞋·万灵,-,
"637","武狱黑牢","25人普通",牛波,特殊,揽江鞋·苍云,-,
"637","武狱黑牢","25人普通",牛波,特殊,揽江鞋·长歌,-,
"637","武狱黑牢","25人普通",牛波,特殊,揽江鞋·霸刀,-,
"637","武狱黑牢","25人普通",牛波,特殊,揽江鞋·段氏,-,
"637","武狱黑牢","25人普通",牛波,特殊,揽江鞋·蓬莱,-,
"637","武狱黑牢","25人普通",牛波,特殊,揽江鞋·凌雪阁,-,
"637","武狱黑牢","25人普通",牛波,特殊,揽江鞋·衍天宗,-,
"637","武狱黑牢","25人普通",牛波,特殊,揽江鞋·北天药宗,-,
"637","武狱黑牢","25人普通",牛波,特殊,揽江鞋·刀宗,-,
"637","武狱黑牢","25人普通",和正,特殊,藏剑武器·满楼行乐,-,
"637","武狱黑牢","25人普通",和正,特殊,揽江帽·少林,-,
"637","武狱黑牢","25人普通",和正,特殊,揽江帽·万花,-,
"637","武狱黑牢","25人普通",和正,特殊,揽江帽·天策,-,
"637","武狱黑牢","25人普通",和正,特殊,揽江帽·纯阳,-,
"637","武狱黑牢","25人普通",和正,特殊,揽江帽·七秀,-,
"637","武狱黑牢","25人普通",和正,特殊,揽江帽·五毒,-,
"637","武狱黑牢","25人普通",和正,特殊,揽江帽·唐门,-,
"637","武狱黑牢","25人普通",和正,特殊,揽江帽·藏剑,-,
"637","武狱黑牢","25人普通",和正,特殊,揽江帽·丐帮,-,
"637","武狱黑牢","25人普通",和正,特殊,揽江帽·明教,-,
"637","武狱黑牢","25人普通",和正,特殊,揽江帽·苍云,-,
"637","武狱黑牢","25人普通",和正,特殊,揽江帽·长歌,-,
"637","武狱黑牢","25人普通",和正,特殊,揽江帽·霸刀,-,
"637","武狱黑牢","25人普通",和正,特殊,揽江帽·蓬莱,-,
"637","武狱黑牢","25人普通",和正,特殊,揽江帽·凌雪阁,-,
"637","武狱黑牢","25人普通",和正,特殊,揽江帽·衍天宗,-,
"637","武狱黑牢","25人普通",和正,特殊,揽江帽·北天药宗,-,
"637","武狱黑牢","25人普通",和正,特殊,揽江帽·刀宗,-,
"637","武狱黑牢","25人普通",和正,特殊,心定,-,
"637","武狱黑牢","25人普通",和正,特殊,神兵玉匣·普通武狱黑牢,-,
"637","武狱黑牢","25人普通",和正,特殊,揽江帽·万灵,-,
"637","武狱黑牢","25人普通",和正,特殊,揽江帽·段氏,-,
"637","武狱黑牢","25人普通",武云阙、解兰舟,家具,武氏挂旗,-,
"637","武狱黑牢","25人普通",武云阙、解兰舟,特殊,星汉砂,-,
"637","武狱黑牢","25人普通",武云阙、解兰舟,特殊,揽江衣·少林,-,
"637","武狱黑牢","25人普通",武云阙、解兰舟,特殊,揽江衣·万花,-,
"637","武狱黑牢","25人普通",武云阙、解兰舟,特殊,揽江衣·天策,-,
"637","武狱黑牢","25人普通",武云阙、解兰舟,特殊,揽江衣·纯阳,-,
"637","武狱黑牢","25人普通",武云阙、解兰舟,特殊,揽江衣·七秀,-,
"637","武狱黑牢","25人普通",武云阙、解兰舟,特殊,揽江衣·五毒,-,
"637","武狱黑牢","25人普通",武云阙、解兰舟,特殊,揽江衣·唐门,-,
"637","武狱黑牢","25人普通",武云阙、解兰舟,特殊,揽江衣·藏剑,-,
"637","武狱黑牢","25人普通",武云阙、解兰舟,特殊,揽江衣·丐帮,-,
"637","武狱黑牢","25人普通",武云阙、解兰舟,特殊,揽江衣·明教,-,
"637","武狱黑牢","25人普通",武云阙、解兰舟,特殊,揽江衣·苍云,-,
"637","武狱黑牢","25人普通",武云阙、解兰舟,特殊,揽江衣·长歌,-,
"637","武狱黑牢","25人普通",武云阙、解兰舟,特殊,揽江衣·霸刀,-,
"637","武狱黑牢","25人普通",武云阙、解兰舟,特殊,揽江衣·蓬莱,-,
"637","武狱黑牢","25人普通",武云阙、解兰舟,特殊,藏剑武器·满楼行乐,-,
"637","武狱黑牢","25人普通",武云阙、解兰舟,特殊,揽江衣·凌雪阁,-,
"637","武狱黑牢","25人普通",武云阙、解兰舟,特殊,揽江衣·衍天宗,-,
"637","武狱黑牢","25人普通",武云阙、解兰舟,特殊,揽江衣·北天药宗,-,
"637","武狱黑牢","25人普通",武云阙、解兰舟,特殊,揽江衣·刀宗,-,
"637","武狱黑牢","25人普通",武云阙、解兰舟,特殊,神兵玉匣·普通武狱黑牢,-,
"637","武狱黑牢","25人普通",武云阙、解兰舟,特殊,幽兰引芳,-,
"637","武狱黑牢","25人普通",武云阙、解兰舟,特殊,揽江衣·万灵,-,
"637","武狱黑牢","25人普通",武云阙、解兰舟,特殊,揽江衣·段氏,-,
"637","武狱黑牢","25人普通",翁幼之,特殊,星汉砂,-,
"637","武狱黑牢","25人普通",翁幼之,特殊,神兵玉匣·普通武狱黑牢·奇,-,
"637","武狱黑牢","25人普通",翁幼之,特殊,藏剑武器·逐霞川途,-,
"638","武狱黑牢","25人英雄",时风,特殊,濯心护腕·衍天宗,-,
"638","武狱黑牢","25人英雄",时风,特殊,濯心护腕·北天药宗,-,
"638","武狱黑牢","25人英雄",时风,特殊,濯心护腕·少林,-,
"638","武狱黑牢","25人英雄",时风,特殊,濯心护腕·刀宗,-,
"638","武狱黑牢","25人英雄",时风,特殊,濯心护腕·万花,-,
"638","武狱黑牢","25人英雄",时风,特殊,濯心护腕·天策,-,
"638","武狱黑牢","25人英雄",时风,特殊,藏剑武器·剑倚天海,-,
"638","武狱黑牢","25人英雄",时风,特殊,濯心护腕·纯阳,-,
"638","武狱黑牢","25人英雄",时风,特殊,濯心护腕·七秀,-,
"638","武狱黑牢","25人英雄",时风,特殊,濯心护腕·五毒,-,
"638","武狱黑牢","25人英雄",时风,特殊,濯心护腕·唐门,-,
"638","武狱黑牢","25人英雄",时风,特殊,濯心护腕·藏剑,-,
"638","武狱黑牢","25人英雄",时风,特殊,濯心护腕·丐帮,-,
"638","武狱黑牢","25人英雄",时风,特殊,濯心护腕·明教,-,
"638","武狱黑牢","25人英雄",时风,特殊,濯心护腕·苍云,-,
"638","武狱黑牢","25人英雄",时风,特殊,濯心护腕·万灵,-,
"638","武狱黑牢","25人英雄",时风,特殊,神兵玉匣·英雄武狱黑牢,-,
"638","武狱黑牢","25人英雄",时风,特殊,濯心护腕·长歌,-,
"638","武狱黑牢","25人英雄",时风,特殊,濯心护腕·段氏,-,
"638","武狱黑牢","25人英雄",时风,特殊,濯心护腕·霸刀,-,
"638","武狱黑牢","25人英雄",时风,特殊,濯心护腕·蓬莱,-,
"638","武狱黑牢","25人英雄",时风,特殊,濯心护腕·凌雪阁,-,
"638","武狱黑牢","25人英雄",乐临川,特殊,濯心腰带·少林,-,
"638","武狱黑牢","25人英雄",乐临川,特殊,濯心腰带·万花,-,
"638","武狱黑牢","25人英雄",乐临川,特殊,濯心腰带·天策,-,
"638","武狱黑牢","25人英雄",乐临川,特殊,濯心腰带·纯阳,-,
"638","武狱黑牢","25人英雄",乐临川,特殊,濯心腰带·七秀,-,
"638","武狱黑牢","25人英雄",乐临川,特殊,濯心腰带·五毒,-,
"638","武狱黑牢","25人英雄",乐临川,特殊,濯心腰带·唐门,-,
"638","武狱黑牢","25人英雄",乐临川,特殊,濯心腰带·藏剑,-,
"638","武狱黑牢","25人英雄",乐临川,特殊,濯心腰带·丐帮,-,
"638","武狱黑牢","25人英雄",乐临川,特殊,濯心腰带·明教,-,
"638","武狱黑牢","25人英雄",乐临川,特殊,濯心腰带·苍云,-,
"638","武狱黑牢","25人英雄",乐临川,特殊,濯心腰带·长歌,-,
"638","武狱黑牢","25人英雄",乐临川,特殊,濯心腰带·霸刀,-,
"638","武狱黑牢","25人英雄",乐临川,特殊,藏剑武器·剑倚天海,-,
"638","武狱黑牢","25人英雄",乐临川,特殊,神兵玉匣·英雄武狱黑牢,-,
"638","武狱黑牢","25人英雄",乐临川,特殊,濯心腰带·蓬莱,-,
"638","武狱黑牢","25人英雄",乐临川,特殊,濯心腰带·凌雪阁,-,
"638","武狱黑牢","25人英雄",乐临川,特殊,濯心腰带·衍天宗,-,
"638","武狱黑牢","25人英雄",乐临川,特殊,濯心腰带·北天药宗,-,
"638","武狱黑牢","25人英雄",乐临川,特殊,濯心腰带·刀宗,-,
"638","武狱黑牢","25人英雄",乐临川,特殊,濯心腰带·万灵,-,
"638","武狱黑牢","25人英雄",乐临川,特殊,濯心腰带·段氏,-,
"638","武狱黑牢","25人英雄",牛波,特殊,藏剑武器·剑倚天海,-,
"638","武狱黑牢","25人英雄",牛波,特殊,濯心鞋·长歌,-,
"638","武狱黑牢","25人英雄",牛波,特殊,濯心鞋·霸刀,-,
"638","武狱黑牢","25人英雄",牛波,特殊,濯心鞋·蓬莱,-,
"638","武狱黑牢","25人英雄",牛波,特殊,濯心鞋·凌雪阁,-,
"638","武狱黑牢","25人英雄",牛波,特殊,濯心鞋·衍天宗,-,
"638","武狱黑牢","25人英雄",牛波,特殊,濯心鞋·北天药宗,-,
"638","武狱黑牢","25人英雄",牛波,特殊,濯心鞋·刀宗,-,
"638","武狱黑牢","25人英雄",牛波,特殊,神兵玉匣·英雄武狱黑牢,-,
"638","武狱黑牢","25人英雄",牛波,特殊,濯心鞋·少林,-,
"638","武狱黑牢","25人英雄",牛波,特殊,濯心鞋·万花,-,
"638","武狱黑牢","25人英雄",牛波,特殊,象心灵犀,-,
"638","武狱黑牢","25人英雄",牛波,特殊,濯心鞋·天策,-,
"638","武狱黑牢","25人英雄",牛波,特殊,濯心鞋·万灵,-,
"638","武狱黑牢","25人英雄",牛波,特殊,濯心鞋·纯阳,-,
"638","武狱黑牢","25人英雄",牛波,特殊,濯心鞋·七秀,-,
"638","武狱黑牢","25人英雄",牛波,特殊,濯心鞋·五毒,-,
"638","武狱黑牢","25人英雄",牛波,特殊,濯心鞋·段氏,-,
"638","武狱黑牢","25人英雄",牛波,特殊,濯心鞋·唐门,-,
"638","武狱黑牢","25人英雄",牛波,特殊,濯心鞋·藏剑,-,
"638","武狱黑牢","25人英雄",牛波,特殊,濯心鞋·丐帮,-,
"638","武狱黑牢","25人英雄",牛波,特殊,濯心鞋·明教,-,
"638","武狱黑牢","25人英雄",牛波,特殊,濯心鞋·苍云,-,
"638","武狱黑牢","25人英雄",和正,特殊,藏剑武器·剑倚天海,-,
"638","武狱黑牢","25人英雄",和正,特殊,濯心帽·少林,-,
"638","武狱黑牢","25人英雄",和正,特殊,濯心帽·万花,-,
"638","武狱黑牢","25人英雄",和正,特殊,濯心帽·天策,-,
"638","武狱黑牢","25人英雄",和正,特殊,濯心帽·纯阳,-,
"638","武狱黑牢","25人英雄",和正,特殊,濯心帽·七秀,-,
"638","武狱黑牢","25人英雄",和正,特殊,濯心帽·五毒,-,
"638","武狱黑牢","25人英雄",和正,特殊,濯心帽·唐门,-,
"638","武狱黑牢","25人英雄",和正,特殊,濯心帽·藏剑,-,
"638","武狱黑牢","25人英雄",和正,特殊,濯心帽·丐帮,-,
"638","武狱黑牢","25人英雄",和正,特殊,心定,-,
"638","武狱黑牢","25人英雄",和正,特殊,濯心帽·明教,-,
"638","武狱黑牢","25人英雄",和正,特殊,濯心帽·苍云,-,
"638","武狱黑牢","25人英雄",和正,特殊,濯心帽·长歌,-,
"638","武狱黑牢","25人英雄",和正,特殊,濯心帽·霸刀,-,
"638","武狱黑牢","25人英雄",和正,特殊,濯心帽·蓬莱,-,
"638","武狱黑牢","25人英雄",和正,特殊,濯心帽·凌雪阁,-,
"638","武狱黑牢","25人英雄",和正,特殊,濯心帽·衍天宗,-,
"638","武狱黑牢","25人英雄",和正,特殊,濯心帽·北天药宗,-,
"638","武狱黑牢","25人英雄",和正,特殊,神兵玉匣·英雄武狱黑牢,-,
"638","武狱黑牢","25人英雄",和正,特殊,濯心帽·刀宗,-,
"638","武狱黑牢","25人英雄",和正,特殊,濯心帽·万灵,-,
"638","武狱黑牢","25人英雄",和正,特殊,濯心帽·段氏,-,
"638","武狱黑牢","25人英雄",武云阙、解兰舟,家具,武氏挂旗,-,
"638","武狱黑牢","25人英雄",武云阙、解兰舟,特殊,玄黄砂,-,
"638","武狱黑牢","25人英雄",武云阙、解兰舟,特殊,濯心衣·少林,-,
"638","武狱黑牢","25人英雄",武云阙、解兰舟,特殊,濯心衣·万花,-,
"638","武狱黑牢","25人英雄",武云阙、解兰舟,特殊,濯心衣·天策,-,
"638","武狱黑牢","25人英雄",武云阙、解兰舟,特殊,濯心衣·纯阳,-,
"638","武狱黑牢","25人英雄",武云阙、解兰舟,特殊,濯心衣·七秀,-,
"638","武狱黑牢","25人英雄",武云阙、解兰舟,特殊,濯心衣·五毒,-,
"638","武狱黑牢","25人英雄",武云阙、解兰舟,特殊,濯心衣·唐门,-,
"638","武狱黑牢","25人英雄",武云阙、解兰舟,特殊,藏剑武器·剑倚天海,-,
"638","武狱黑牢","25人英雄",武云阙、解兰舟,特殊,濯心衣·藏剑,-,
"638","武狱黑牢","25人英雄",武云阙、解兰舟,特殊,濯心衣·丐帮,-,
"638","武狱黑牢","25人英雄",武云阙、解兰舟,特殊,濯心衣·明教,-,
"638","武狱黑牢","25人英雄",武云阙、解兰舟,特殊,濯心衣·苍云,-,
"638","武狱黑牢","25人英雄",武云阙、解兰舟,特殊,濯心衣·长歌,-,
"638","武狱黑牢","25人英雄",武云阙、解兰舟,特殊,濯心衣·霸刀,-,
"638","武狱黑牢","25人英雄",武云阙、解兰舟,特殊,濯心衣·蓬莱,-,
"638","武狱黑牢","25人英雄",武云阙、解兰舟,特殊,濯心衣·凌雪阁,-,
"638","武狱黑牢","25人英雄",武云阙、解兰舟,特殊,濯心衣·衍天宗,-,
"638","武狱黑牢","25人英雄",武云阙、解兰舟,特殊,濯心衣·北天药宗,-,
"638","武狱黑牢","25人英雄",武云阙、解兰舟,特殊,濯心衣·刀宗,-,
"638","武狱黑牢","25人英雄",武云阙、解兰舟,特殊,幽兰引芳,-,
"638","武狱黑牢","25人英雄",武云阙、解兰舟,特殊,濯心衣·万灵,-,
"638","武狱黑牢","25人英雄",武云阙、解兰舟,特殊,濯心衣·段氏,-,
"638","武狱黑牢","25人英雄",武云阙、解兰舟,特殊,神兵玉匣·英雄武狱黑牢,-,
"638","武狱黑牢","25人英雄",翁幼之,特殊,玄黄砂,-,
"638","武狱黑牢","25人英雄",翁幼之,特殊,神兵玉匣·英雄武狱黑牢·奇,-,
"638","武狱黑牢","25人英雄",翁幼之,特殊,藏剑武器·平湖云中,-,
"639","鹿桥驿","5人英雄",骨面天君,特殊,挂件包·腰部,-,
"639","鹿桥驿","5人英雄",骨面天君,特殊,炼气丸,-,
"639","鹿桥驿","5人英雄",骨面天君,特殊,挂件包·背部,-,
"639","鹿桥驿","5人英雄",曹毅,特殊,挂件包·腰部,-,
"639","鹿桥驿","5人英雄",曹毅,特殊,炼气丸,-,
"639","鹿桥驿","5人英雄",曹毅,特殊,挂件包·背部,-,
"639","鹿桥驿","5人英雄",辛万时,家具,落日圆,-,
"639","鹿桥驿","5人英雄",辛万时,特殊,挂件包·腰部,-,
"639","鹿桥驿","5人英雄",辛万时,特殊,《杂艺·舞火》,-,
"639","鹿桥驿","5人英雄",辛万时,家具,争衔珠摆灯,-,
"639","鹿桥驿","5人英雄",辛万时,特殊,《破阵舞·丰财》,-,
"639","鹿桥驿","5人英雄",辛万时,特殊,《九功舞·祥瑞》,-,
"639","鹿桥驿","5人英雄",辛万时,家具,兰栖蝶翼灯,-,
"639","鹿桥驿","5人英雄",辛万时,家具,石中微光,-,
"639","鹿桥驿","5人英雄",辛万时,特殊,炼气丸,-,
"639","鹿桥驿","5人英雄",辛万时,特殊,砆石,-,
"639","鹿桥驿","5人英雄",辛万时,特殊,藏剑武器·山川一方,-,
"639","鹿桥驿","5人英雄",辛万时,特殊,挂件包·背部,-,
"640","鹿桥驿","5人挑战",骨面天君,特殊,挂件包·背部,-,
"640","鹿桥驿","5人挑战",骨面天君,特殊,挂件包·腰部,-,
"640","鹿桥驿","5人挑战",骨面天君,特殊,炼气丸,-,
"640","鹿桥驿","5人挑战",曹毅,特殊,挂件包·腰部,-,
"640","鹿桥驿","5人挑战",曹毅,特殊,炼气丸,-,
"640","鹿桥驿","5人挑战",曹毅,特殊,挂件包·背部,-,
"640","鹿桥驿","5人挑战",辛万时,特殊,挂件包·背部,-,
"640","鹿桥驿","5人挑战",辛万时,特殊,挂件包·腰部,-,
"640","鹿桥驿","5人挑战",辛万时,特殊,炼气丸,-,
"586","西津渡","10人普通",张景超、张法雷,特殊,叁级五彩石,-,
"586","西津渡","10人普通",张景超、张法雷,特殊,五行石（六级）,-,
"586","西津渡","10人普通",张景超、张法雷,特殊,玛瑙,-,
"586","西津渡","10人普通",张景超、张法雷,特殊,猫眼石,-,
"586","西津渡","10人普通",张景超、张法雷,特殊,劫烬陨铁,-,
"586","西津渡","10人普通",张景超、张法雷,特殊,探幽宝藏·防具,-,
"586","西津渡","10人普通",张景超、张法雷,特殊,探幽宝藏·首饰,-,
"586","西津渡","10人普通",张景超、张法雷,特殊,探幽宝藏·武器,-,
"586","西津渡","10人普通",刘展,特殊,探幽宝藏·防具,-,
"586","西津渡","10人普通",刘展,特殊,探幽宝藏·首饰,-,
"586","西津渡","10人普通",刘展,特殊,探幽宝藏·武器,-,
"586","西津渡","10人普通",刘展,特殊,叁级五彩石,-,
"586","西津渡","10人普通",刘展,特殊,五行石（六级）,-,
"586","西津渡","10人普通",刘展,特殊,玛瑙,-,
"586","西津渡","10人普通",刘展,特殊,猫眼石,-,
"586","西津渡","10人普通",刘展,特殊,劫烬陨铁,-,
"586","西津渡","10人普通",苏凤楼,特殊,肆级五彩石,-,
"586","西津渡","10人普通",苏凤楼,特殊,五行石（六级）,-,
"586","西津渡","10人普通",苏凤楼,特殊,玛瑙,-,
"586","西津渡","10人普通",苏凤楼,特殊,猫眼石,-,
"586","西津渡","10人普通",苏凤楼,特殊,劫烬陨铁,-,
"586","西津渡","10人普通",苏凤楼,特殊,探幽宝藏·防具,-,
"586","西津渡","10人普通",苏凤楼,特殊,探幽宝藏·首饰,-,
"586","西津渡","10人普通",苏凤楼,特殊,探幽宝藏·武器,-,
"586","西津渡","10人普通",韩敬青,特殊,探幽宝藏·防具,-,
"586","西津渡","10人普通",韩敬青,特殊,探幽宝藏·首饰,-,
"586","西津渡","10人普通",韩敬青,特殊,探幽宝藏·武器,-,
"586","西津渡","10人普通",韩敬青,特殊,肆级五彩石,-,
"586","西津渡","10人普通",韩敬青,特殊,五行石（六级）,-,
"586","西津渡","10人普通",韩敬青,特殊,玛瑙,-,
"586","西津渡","10人普通",韩敬青,特殊,猫眼石,-,
"586","西津渡","10人普通",韩敬青,特殊,劫烬陨铁,-,
"586","西津渡","10人普通",藤原佑野,特殊,太一玄晶,-,
"586","西津渡","10人普通",藤原佑野,特殊,探幽宝藏·防具,-,
"586","西津渡","10人普通",藤原佑野,特殊,探幽宝藏·首饰,-,
"586","西津渡","10人普通",藤原佑野,特殊,探幽宝藏·武器,-,
"586","西津渡","10人普通",藤原佑野,家具,泽心龙头像,-,
"586","西津渡","10人普通",藤原佑野,特殊,肆级五彩石,-,
"586","西津渡","10人普通",藤原佑野,特殊,五行石（六级）,-,
"586","西津渡","10人普通",藤原佑野,特殊,玛瑙,-,
"586","西津渡","10人普通",藤原佑野,特殊,猫眼石,-,
"586","西津渡","10人普通",藤原佑野,特殊,劫烬陨铁,-,
"586","西津渡","10人普通",藤原佑野,特殊,藏剑武器·明祥华烛,-,
"586","西津渡","10人普通",李重茂,特殊,赤发狻猊,-,
"586","西津渡","10人普通",李重茂,特殊,藏剑武器·延陵流安,-,
"586","西津渡","10人普通",李重茂,特殊,肆级五彩石,-,
"586","西津渡","10人普通",李重茂,特殊,五行石（六级）,-,
"586","西津渡","10人普通",李重茂,特殊,玛瑙,-,
"586","西津渡","10人普通",李重茂,特殊,猫眼石,-,
"586","西津渡","10人普通",李重茂,特殊,劫烬陨铁,-,
"586","西津渡","10人普通",李重茂,特殊,太一玄晶,-,
"586","西津渡","10人普通",李重茂,特殊,焚金阙,-,
"586","西津渡","10人普通",李重茂,特殊,墨龙坠,-,
"586","西津渡","10人普通",李重茂,特殊,探幽宝藏·防具,-,
"586","西津渡","10人普通",李重茂,特殊,探幽宝藏·首饰,-,
"586","西津渡","10人普通",李重茂,特殊,探幽宝藏·武器,-,
"587","西津渡","25人普通",张景超、张法雷,特殊,藏剑武器·映池洒虹,-,
"587","西津渡","25人普通",张景超、张法雷,特殊,神兵玉匣·普通西津渡,-,
"587","西津渡","25人普通",刘展,特殊,藏剑武器·映池洒虹,-,
"587","西津渡","25人普通",刘展,特殊,展锋护腕·少林,-,
"587","西津渡","25人普通",刘展,特殊,展锋护腕·天策,-,
"587","西津渡","25人普通",刘展,特殊,展锋护腕·七秀,-,
"587","西津渡","25人普通",刘展,特殊,展锋护腕·唐门,-,
"587","西津渡","25人普通",刘展,特殊,展锋护腕·丐帮,-,
"587","西津渡","25人普通",刘展,特殊,展锋护腕·霸刀,-,
"587","西津渡","25人普通",刘展,特殊,展锋护腕·北天药宗,-,
"587","西津渡","25人普通",刘展,特殊,展锋护腕·明教,-,
"587","西津渡","25人普通",刘展,特殊,展锋护腕·蓬莱,-,
"587","西津渡","25人普通",刘展,特殊,展锋护腕·刀宗,-,
"587","西津渡","25人普通",刘展,特殊,神兵玉匣·普通西津渡,-,
"587","西津渡","25人普通",刘展,特殊,展锋护腕·万花,-,
"587","西津渡","25人普通",刘展,特殊,展锋护腕·纯阳,-,
"587","西津渡","25人普通",刘展,特殊,展锋护腕·五毒,-,
"587","西津渡","25人普通",刘展,特殊,展锋护腕·藏剑,-,
"587","西津渡","25人普通",刘展,特殊,展锋护腕·苍云,-,
"587","西津渡","25人普通",刘展,特殊,展锋护腕·凌雪阁,-,
"587","西津渡","25人普通",刘展,特殊,展锋护腕·万灵,-,
"587","西津渡","25人普通",刘展,特殊,展锋护腕·长歌,-,
"587","西津渡","25人普通",刘展,特殊,展锋护腕·衍天宗,-,
"587","西津渡","25人普通",刘展,特殊,展锋护腕·段氏,-,
"587","西津渡","25人普通",苏凤楼,特殊,藏剑武器·映池洒虹,-,
"587","西津渡","25人普通",苏凤楼,特殊,展锋腰带·天策,-,
"587","西津渡","25人普通",苏凤楼,特殊,展锋腰带·唐门,-,
"587","西津渡","25人普通",苏凤楼,特殊,展锋腰带·凌雪阁,-,
"587","西津渡","25人普通",苏凤楼,特殊,展锋腰带·藏剑,-,
"587","西津渡","25人普通",苏凤楼,特殊,展锋腰带·衍天宗,-,
"587","西津渡","25人普通",苏凤楼,特殊,展锋腰带·纯阳,-,
"587","西津渡","25人普通",苏凤楼,特殊,展锋腰带·丐帮,-,
"587","西津渡","25人普通",苏凤楼,特殊,展锋腰带·北天药宗,-,
"587","西津渡","25人普通",苏凤楼,特殊,神兵玉匣·普通西津渡,-,
"587","西津渡","25人普通",苏凤楼,特殊,展锋腰带·明教,-,
"587","西津渡","25人普通",苏凤楼,特殊,展锋腰带·刀宗,-,
"587","西津渡","25人普通",苏凤楼,特殊,展锋腰带·少林,-,
"587","西津渡","25人普通",苏凤楼,特殊,展锋腰带·七秀,-,
"587","西津渡","25人普通",苏凤楼,特殊,展锋腰带·苍云,-,
"587","西津渡","25人普通",苏凤楼,特殊,展锋腰带·万灵,-,
"587","西津渡","25人普通",苏凤楼,特殊,展锋腰带·长歌,-,
"587","西津渡","25人普通",苏凤楼,特殊,展锋腰带·万花,-,
"587","西津渡","25人普通",苏凤楼,特殊,展锋腰带·五毒,-,
"587","西津渡","25人普通",苏凤楼,特殊,展锋腰带·霸刀,-,
"587","西津渡","25人普通",苏凤楼,特殊,展锋腰带·蓬莱,-,
"587","西津渡","25人普通",苏凤楼,特殊,展锋腰带·段氏,-,
"587","西津渡","25人普通",韩敬青,特殊,藏剑武器·映池洒虹,-,
"587","西津渡","25人普通",韩敬青,特殊,展锋鞋·七秀,-,
"587","西津渡","25人普通",韩敬青,特殊,展锋鞋·霸刀,-,
"587","西津渡","25人普通",韩敬青,特殊,展锋鞋·五毒,-,
"587","西津渡","25人普通",韩敬青,特殊,展锋鞋·蓬莱,-,
"587","西津渡","25人普通",韩敬青,特殊,神兵玉匣·普通西津渡,-,
"587","西津渡","25人普通",韩敬青,特殊,展锋鞋·唐门,-,
"587","西津渡","25人普通",韩敬青,特殊,展锋鞋·凌雪阁,-,
"587","西津渡","25人普通",韩敬青,特殊,展锋鞋·藏剑,-,
"587","西津渡","25人普通",韩敬青,特殊,展锋鞋·衍天宗,-,
"587","西津渡","25人普通",韩敬青,特殊,展锋鞋·少林,-,
"587","西津渡","25人普通",韩敬青,特殊,展锋鞋·丐帮,-,
"587","西津渡","25人普通",韩敬青,特殊,展锋鞋·北天药宗,-,
"587","西津渡","25人普通",韩敬青,特殊,展锋鞋·万花,-,
"587","西津渡","25人普通",韩敬青,特殊,展锋鞋·明教,-,
"587","西津渡","25人普通",韩敬青,特殊,展锋鞋·刀宗,-,
"587","西津渡","25人普通",韩敬青,特殊,展锋鞋·万灵,-,
"587","西津渡","25人普通",韩敬青,特殊,展锋鞋·天策,-,
"587","西津渡","25人普通",韩敬青,特殊,展锋鞋·苍云,-,
"587","西津渡","25人普通",韩敬青,特殊,展锋鞋·纯阳,-,
"587","西津渡","25人普通",韩敬青,特殊,展锋鞋·长歌,-,
"587","西津渡","25人普通",韩敬青,特殊,展锋鞋·段氏,-,
"587","西津渡","25人普通",藤原佑野,家具,泽心龙头像,-,
"587","西津渡","25人普通",藤原佑野,特殊,藏剑武器·映池洒虹,-,
"587","西津渡","25人普通",藤原佑野,特殊,展锋帽·天策,-,
"587","西津渡","25人普通",藤原佑野,特殊,展锋帽·段氏,-,
"587","西津渡","25人普通",藤原佑野,特殊,展锋帽·纯阳,-,
"587","西津渡","25人普通",藤原佑野,特殊,展锋帽·七秀,-,
"587","西津渡","25人普通",藤原佑野,特殊,展锋帽·五毒,-,
"587","西津渡","25人普通",藤原佑野,特殊,展锋帽·唐门,-,
"587","西津渡","25人普通",藤原佑野,特殊,展锋帽·藏剑,-,
"587","西津渡","25人普通",藤原佑野,特殊,展锋帽·丐帮,-,
"587","西津渡","25人普通",藤原佑野,特殊,神兵玉匣·普通西津渡,-,
"587","西津渡","25人普通",藤原佑野,特殊,展锋帽·明教,-,
"587","西津渡","25人普通",藤原佑野,特殊,展锋帽·苍云,-,
"587","西津渡","25人普通",藤原佑野,特殊,展锋帽·长歌,-,
"587","西津渡","25人普通",藤原佑野,特殊,展锋帽·霸刀,-,
"587","西津渡","25人普通",藤原佑野,特殊,展锋帽·蓬莱,-,
"587","西津渡","25人普通",藤原佑野,特殊,展锋帽·万灵,-,
"587","西津渡","25人普通",藤原佑野,特殊,展锋帽·少林,-,
"587","西津渡","25人普通",藤原佑野,特殊,展锋帽·凌雪阁,-,
"587","西津渡","25人普通",藤原佑野,特殊,展锋帽·衍天宗,-,
"587","西津渡","25人普通",藤原佑野,特殊,展锋帽·万花,-,
"587","西津渡","25人普通",藤原佑野,特殊,展锋帽·北天药宗,-,
"587","西津渡","25人普通",藤原佑野,特殊,展锋帽·刀宗,-,
"587","西津渡","25人普通",李重茂,特殊,藏剑武器·映池洒虹,-,
"587","西津渡","25人普通",李重茂,特殊,展锋衣·少林,-,
"587","西津渡","25人普通",李重茂,特殊,展锋衣·北天药宗,-,
"587","西津渡","25人普通",李重茂,特殊,展锋衣·万花,-,
"587","西津渡","25人普通",李重茂,特殊,展锋衣·刀宗,-,
"587","西津渡","25人普通",李重茂,特殊,展锋衣·段氏,-,
"587","西津渡","25人普通",李重茂,特殊,展锋衣·天策,-,
"587","西津渡","25人普通",李重茂,特殊,展锋衣·纯阳,-,
"587","西津渡","25人普通",李重茂,特殊,神兵玉匣·普通西津渡,-,
"587","西津渡","25人普通",李重茂,特殊,展锋衣·七秀,-,
"587","西津渡","25人普通",李重茂,特殊,展锋衣·五毒,-,
"587","西津渡","25人普通",李重茂,特殊,展锋衣·唐门,-,
"587","西津渡","25人普通",李重茂,特殊,展锋衣·藏剑,-,
"587","西津渡","25人普通",李重茂,特殊,展锋衣·丐帮,-,
"587","西津渡","25人普通",李重茂,特殊,展锋衣·明教,-,
"587","西津渡","25人普通",李重茂,特殊,展锋衣·苍云,-,
"587","西津渡","25人普通",李重茂,特殊,展锋衣·长歌,-,
"587","西津渡","25人普通",李重茂,特殊,展锋衣·霸刀,-,
"587","西津渡","25人普通",李重茂,特殊,展锋衣·万灵,-,
"587","西津渡","25人普通",李重茂,特殊,展锋衣·蓬莱,-,
"587","西津渡","25人普通",李重茂,特殊,展锋衣·凌雪阁,-,
"587","西津渡","25人普通",李重茂,特殊,展锋衣·衍天宗,-,
"588","西津渡","25人英雄",张景超、张法雷,特殊,揽江护腕·五毒,-,
"588","西津渡","25人英雄",张景超、张法雷,特殊,揽江护腕·唐门,-,
"588","西津渡","25人英雄",张景超、张法雷,特殊,揽江护腕·藏剑,-,
"588","西津渡","25人英雄",张景超、张法雷,特殊,揽江护腕·丐帮,-,
"588","西津渡","25人英雄",张景超、张法雷,特殊,揽江护腕·明教,-,
"588","西津渡","25人英雄",张景超、张法雷,特殊,揽江护腕·苍云,-,
"588","西津渡","25人英雄",张景超、张法雷,特殊,揽江护腕·少林,-,
"588","西津渡","25人英雄",张景超、张法雷,特殊,揽江护腕·长歌,-,
"588","西津渡","25人英雄",张景超、张法雷,特殊,揽江护腕·霸刀,-,
"588","西津渡","25人英雄",张景超、张法雷,特殊,藏剑武器·满楼行乐,-,
"588","西津渡","25人英雄",张景超、张法雷,特殊,揽江护腕·万花,-,
"588","西津渡","25人英雄",张景超、张法雷,特殊,揽江护腕·蓬莱,-,
"588","西津渡","25人英雄",张景超、张法雷,特殊,揽江护腕·凌雪阁,-,
"588","西津渡","25人英雄",张景超、张法雷,特殊,揽江护腕·天策,-,
"588","西津渡","25人英雄",张景超、张法雷,特殊,揽江护腕·衍天宗,-,
"588","西津渡","25人英雄",张景超、张法雷,特殊,神兵玉匣·英雄西津渡,-,
"588","西津渡","25人英雄",张景超、张法雷,特殊,揽江护腕·北天药宗,-,
"588","西津渡","25人英雄",张景超、张法雷,特殊,揽江护腕·万灵,-,
"588","西津渡","25人英雄",张景超、张法雷,特殊,揽江护腕·纯阳,-,
"588","西津渡","25人英雄",张景超、张法雷,特殊,揽江护腕·刀宗,-,
"588","西津渡","25人英雄",张景超、张法雷,特殊,揽江护腕·段氏,-,
"588","西津渡","25人英雄",张景超、张法雷,特殊,揽江护腕·七秀,-,
"588","西津渡","25人英雄",刘展,特殊,揽江腰带·纯阳,-,
"588","西津渡","25人英雄",刘展,特殊,揽江腰带·七秀,-,
"588","西津渡","25人英雄",刘展,特殊,揽江腰带·五毒,-,
"588","西津渡","25人英雄",刘展,特殊,揽江腰带·唐门,-,
"588","西津渡","25人英雄",刘展,特殊,揽江腰带·藏剑,-,
"588","西津渡","25人英雄",刘展,特殊,揽江腰带·丐帮,-,
"588","西津渡","25人英雄",刘展,特殊,揽江腰带·明教,-,
"588","西津渡","25人英雄",刘展,特殊,揽江腰带·苍云,-,
"588","西津渡","25人英雄",刘展,特殊,揽江腰带·长歌,-,
"588","西津渡","25人英雄",刘展,特殊,揽江腰带·霸刀,-,
"588","西津渡","25人英雄",刘展,特殊,揽江腰带·蓬莱,-,
"588","西津渡","25人英雄",刘展,特殊,揽江腰带·凌雪阁,-,
"588","西津渡","25人英雄",刘展,特殊,揽江腰带·衍天宗,-,
"588","西津渡","25人英雄",刘展,特殊,揽江腰带·北天药宗,-,
"588","西津渡","25人英雄",刘展,特殊,揽江腰带·刀宗,-,
"588","西津渡","25人英雄",刘展,特殊,藏剑武器·满楼行乐,-,
"588","西津渡","25人英雄",刘展,特殊,神兵玉匣·英雄西津渡,-,
"588","西津渡","25人英雄",刘展,特殊,揽江腰带·万灵,-,
"588","西津渡","25人英雄",刘展,特殊,揽江腰带·段氏,-,
"588","西津渡","25人英雄",刘展,特殊,揽江腰带·少林,-,
"588","西津渡","25人英雄",刘展,特殊,揽江腰带·万花,-,
"588","西津渡","25人英雄",刘展,特殊,揽江腰带·天策,-,
"588","西津渡","25人英雄",苏凤楼,特殊,藏剑武器·满楼行乐,-,
"588","西津渡","25人英雄",苏凤楼,特殊,揽江鞋·刀宗,-,
"588","西津渡","25人英雄",苏凤楼,特殊,揽江鞋·少林,-,
"588","西津渡","25人英雄",苏凤楼,特殊,揽江鞋·万花,-,
"588","西津渡","25人英雄",苏凤楼,特殊,揽江鞋·天策,-,
"588","西津渡","25人英雄",苏凤楼,特殊,揽江鞋·纯阳,-,
"588","西津渡","25人英雄",苏凤楼,特殊,揽江鞋·七秀,-,
"588","西津渡","25人英雄",苏凤楼,特殊,神兵玉匣·英雄西津渡,-,
"588","西津渡","25人英雄",苏凤楼,特殊,揽江鞋·五毒,-,
"588","西津渡","25人英雄",苏凤楼,特殊,揽江鞋·唐门,-,
"588","西津渡","25人英雄",苏凤楼,特殊,揽江鞋·藏剑,-,
"588","西津渡","25人英雄",苏凤楼,特殊,揽江鞋·丐帮,-,
"588","西津渡","25人英雄",苏凤楼,特殊,揽江鞋·万灵,-,
"588","西津渡","25人英雄",苏凤楼,特殊,揽江鞋·明教,-,
"588","西津渡","25人英雄",苏凤楼,特殊,揽江鞋·苍云,-,
"588","西津渡","25人英雄",苏凤楼,特殊,揽江鞋·长歌,-,
"588","西津渡","25人英雄",苏凤楼,特殊,揽江鞋·段氏,-,
"588","西津渡","25人英雄",苏凤楼,特殊,揽江鞋·霸刀,-,
"588","西津渡","25人英雄",苏凤楼,特殊,揽江鞋·蓬莱,-,
"588","西津渡","25人英雄",苏凤楼,特殊,揽江鞋·凌雪阁,-,
"588","西津渡","25人英雄",苏凤楼,特殊,揽江鞋·衍天宗,-,
"588","西津渡","25人英雄",苏凤楼,特殊,揽江鞋·北天药宗,-,
"588","西津渡","25人英雄",韩敬青,特殊,藏剑武器·满楼行乐,-,
"588","西津渡","25人英雄",韩敬青,特殊,揽江帽·少林,-,
"588","西津渡","25人英雄",韩敬青,特殊,揽江帽·万花,-,
"588","西津渡","25人英雄",韩敬青,特殊,揽江帽·天策,-,
"588","西津渡","25人英雄",韩敬青,特殊,揽江帽·纯阳,-,
"588","西津渡","25人英雄",韩敬青,特殊,揽江帽·七秀,-,
"588","西津渡","25人英雄",韩敬青,特殊,揽江帽·五毒,-,
"588","西津渡","25人英雄",韩敬青,特殊,揽江帽·唐门,-,
"588","西津渡","25人英雄",韩敬青,特殊,揽江帽·藏剑,-,
"588","西津渡","25人英雄",韩敬青,特殊,揽江帽·丐帮,-,
"588","西津渡","25人英雄",韩敬青,特殊,揽江帽·明教,-,
"588","西津渡","25人英雄",韩敬青,特殊,揽江帽·苍云,-,
"588","西津渡","25人英雄",韩敬青,特殊,揽江帽·长歌,-,
"588","西津渡","25人英雄",韩敬青,特殊,揽江帽·霸刀,-,
"588","西津渡","25人英雄",韩敬青,特殊,揽江帽·蓬莱,-,
"588","西津渡","25人英雄",韩敬青,特殊,揽江帽·凌雪阁,-,
"588","西津渡","25人英雄",韩敬青,特殊,揽江帽·衍天宗,-,
"588","西津渡","25人英雄",韩敬青,特殊,揽江帽·北天药宗,-,
"588","西津渡","25人英雄",韩敬青,特殊,揽江帽·刀宗,-,
"588","西津渡","25人英雄",韩敬青,特殊,神兵玉匣·英雄西津渡,-,
"588","西津渡","25人英雄",韩敬青,特殊,揽江帽·万灵,-,
"588","西津渡","25人英雄",韩敬青,特殊,揽江帽·段氏,-,
"588","西津渡","25人英雄",藤原佑野,家具,泽心龙头像,-,
"588","西津渡","25人英雄",藤原佑野,特殊,星汉砂,-,
"588","西津渡","25人英雄",藤原佑野,特殊,藏剑武器·满楼行乐,-,
"588","西津渡","25人英雄",藤原佑野,特殊,揽江衣·少林,-,
"588","西津渡","25人英雄",藤原佑野,特殊,揽江衣·万花,-,
"588","西津渡","25人英雄",藤原佑野,特殊,揽江衣·天策,-,
"588","西津渡","25人英雄",藤原佑野,特殊,揽江衣·纯阳,-,
"588","西津渡","25人英雄",藤原佑野,特殊,揽江衣·七秀,-,
"588","西津渡","25人英雄",藤原佑野,特殊,揽江衣·五毒,-,
"588","西津渡","25人英雄",藤原佑野,特殊,揽江衣·唐门,-,
"588","西津渡","25人英雄",藤原佑野,特殊,揽江衣·藏剑,-,
"588","西津渡","25人英雄",藤原佑野,特殊,揽江衣·丐帮,-,
"588","西津渡","25人英雄",藤原佑野,特殊,揽江衣·明教,-,
"588","西津渡","25人英雄",藤原佑野,特殊,揽江衣·苍云,-,
"588","西津渡","25人英雄",藤原佑野,特殊,揽江衣·长歌,-,
"588","西津渡","25人英雄",藤原佑野,特殊,揽江衣·霸刀,-,
"588","西津渡","25人英雄",藤原佑野,特殊,揽江衣·蓬莱,-,
"588","西津渡","25人英雄",藤原佑野,特殊,揽江衣·凌雪阁,-,
"588","西津渡","25人英雄",藤原佑野,特殊,揽江衣·衍天宗,-,
"588","西津渡","25人英雄",藤原佑野,特殊,揽江衣·北天药宗,-,
"588","西津渡","25人英雄",藤原佑野,特殊,揽江衣·刀宗,-,
"588","西津渡","25人英雄",藤原佑野,特殊,神兵玉匣·英雄西津渡,-,
"588","西津渡","25人英雄",藤原佑野,特殊,墨龙坠,-,
"588","西津渡","25人英雄",藤原佑野,特殊,揽江衣·万灵,-,
"588","西津渡","25人英雄",藤原佑野,特殊,揽江衣·段氏,-,
"588","西津渡","25人英雄",李重茂,特殊,星汉砂,-,
"588","西津渡","25人英雄",李重茂,特殊,焚金阙,-,
"588","西津渡","25人英雄",李重茂,特殊,神兵玉匣·英雄西津渡·奇,-,
"588","西津渡","25人英雄",李重茂,特殊,墨龙坠,-,
"588","西津渡","25人英雄",李重茂,特殊,藏剑武器·逐霞川途,-,
"596","沃石院","5人普通",孟承,特殊,挂件包·背部,-,
"596","沃石院","5人普通",孟承,特殊,炼气丸,-,
"596","沃石院","5人普通",孟承,特殊,挂件包·腰部,-,
"596","沃石院","5人普通",吕一平,特殊,挂件包·背部,-,
"596","沃石院","5人普通",吕一平,特殊,挂件包·腰部,-,
"596","沃石院","5人普通",吕一平,特殊,炼气丸,-,
"596","沃石院","5人普通",时风,特殊,炼气丸,-,
"596","沃石院","5人普通",时风,特殊,藏剑武器·水尽坚白,-,
"596","沃石院","5人普通",时风,特殊,挂件包·背部,-,
"596","沃石院","5人普通",时风,特殊,挂件包·腰部,-,
"597","沃石院","5人英雄",孟承,特殊,挂件包·腰部,-,
"597","沃石院","5人英雄",孟承,特殊,炼气丸,-,
"597","沃石院","5人英雄",孟承,特殊,挂件包·背部,-,
"597","沃石院","5人英雄",吕一平,特殊,挂件包·腰部,-,
"597","沃石院","5人英雄",吕一平,特殊,炼气丸,-,
"597","沃石院","5人英雄",吕一平,特殊,挂件包·背部,-,
"597","沃石院","5人英雄",时风,家具,落日圆,-,
"597","沃石院","5人英雄",时风,特殊,挂件包·腰部,-,
"597","沃石院","5人英雄",时风,特殊,鬼市秘闻·卷四,-,
"597","沃石院","5人英雄",时风,家具,争衔珠摆灯,-,
"597","沃石院","5人英雄",时风,特殊,《杂艺·舞火》,-,
"597","沃石院","5人英雄",时风,特殊,《破阵舞·丰财》,-,
"597","沃石院","5人英雄",时风,特殊,《九功舞·祥瑞》,-,
"597","沃石院","5人英雄",时风,家具,兰栖蝶翼灯,-,
"597","沃石院","5人英雄",时风,家具,石中微光,-,
"597","沃石院","5人英雄",时风,特殊,炼气丸,-,
"597","沃石院","5人英雄",时风,特殊,砆石,-,
"597","沃石院","5人英雄",时风,特殊,藏剑武器·山川一方,-,
"597","沃石院","5人英雄",时风,特殊,挂件包·背部,-,
"598","镇海阁地井","5人普通",关八天,特殊,挂件包·背部,-,
"598","镇海阁地井","5人普通",关八天,特殊,炼气丸,-,
"598","镇海阁地井","5人普通",关八天,特殊,挂件包·腰部,-,
"598","镇海阁地井","5人普通",苍森,特殊,挂件包·背部,-,
"598","镇海阁地井","5人普通",苍森,特殊,挂件包·腰部,-,
"598","镇海阁地井","5人普通",苍森,特殊,炼气丸,-,
"598","镇海阁地井","5人普通",巨型何罗,特殊,炼气丸,-,
"598","镇海阁地井","5人普通",巨型何罗,特殊,藏剑武器·水尽坚白,-,
"598","镇海阁地井","5人普通",巨型何罗,特殊,挂件包·背部,-,
"598","镇海阁地井","5人普通",巨型何罗,特殊,挂件包·腰部,-,
"599","镇海阁地井","5人英雄",关八天,特殊,挂件包·腰部,-,
"599","镇海阁地井","5人英雄",关八天,特殊,炼气丸,-,
"599","镇海阁地井","5人英雄",关八天,特殊,挂件包·背部,-,
"599","镇海阁地井","5人英雄",苍森,特殊,挂件包·腰部,-,
"599","镇海阁地井","5人英雄",苍森,特殊,炼气丸,-,
"599","镇海阁地井","5人英雄",苍森,特殊,挂件包·背部,-,
"599","镇海阁地井","5人英雄",巨型何罗,家具,落日圆,-,
"599","镇海阁地井","5人英雄",巨型何罗,特殊,挂件包·腰部,-,
"599","镇海阁地井","5人英雄",巨型何罗,特殊,《杂艺·舞火》,-,
"599","镇海阁地井","5人英雄",巨型何罗,家具,争衔珠摆灯,-,
"599","镇海阁地井","5人英雄",巨型何罗,特殊,《破阵舞·丰财》,-,
"599","镇海阁地井","5人英雄",巨型何罗,特殊,《九功舞·祥瑞》,-,
"599","镇海阁地井","5人英雄",巨型何罗,家具,兰栖蝶翼灯,-,
"599","镇海阁地井","5人英雄",巨型何罗,家具,石中微光,-,
"599","镇海阁地井","5人英雄",巨型何罗,特殊,炼气丸,-,
"599","镇海阁地井","5人英雄",巨型何罗,特殊,砆石,-,
"599","镇海阁地井","5人英雄",巨型何罗,特殊,藏剑武器·山川一方,-,
"599","镇海阁地井","5人英雄",巨型何罗,特殊,挂件包·背部,-,
"606","幽藤馆","5人普通",吴添明,特殊,炼气丸,-,
"606","幽藤馆","5人普通",吴添明,特殊,挂件包·背部,-,
"606","幽藤馆","5人普通",吴添明,特殊,挂件包·腰部,-,
"606","幽藤馆","5人普通",秘三花,特殊,挂件包·背部,-,
"606","幽藤馆","5人普通",秘三花,特殊,挂件包·腰部,-,
"606","幽藤馆","5人普通",秘三花,特殊,炼气丸,-,
"606","幽藤馆","5人普通",藤原广嗣,特殊,挂件包·背部,-,
"606","幽藤馆","5人普通",藤原广嗣,特殊,炼气丸,-,
"606","幽藤馆","5人普通",藤原广嗣,特殊,挂件包·腰部,-,
"607","幽藤馆","5人英雄",吴添明,特殊,挂件包·腰部,-,
"607","幽藤馆","5人英雄",吴添明,特殊,炼气丸,-,
"607","幽藤馆","5人英雄",吴添明,特殊,挂件包·背部,-,
"607","幽藤馆","5人英雄",秘三花,特殊,挂件包·腰部,-,
"607","幽藤馆","5人英雄",秘三花,特殊,炼气丸,-,
"607","幽藤馆","5人英雄",秘三花,特殊,挂件包·背部,-,
"607","幽藤馆","5人英雄",藤原广嗣,家具,落日圆,-,
"607","幽藤馆","5人英雄",藤原广嗣,特殊,挂件包·腰部,-,
"607","幽藤馆","5人英雄",藤原广嗣,特殊,谢云流·中,-,
"607","幽藤馆","5人英雄",藤原广嗣,家具,争衔珠摆灯,-,
"607","幽藤馆","5人英雄",藤原广嗣,特殊,谢云流·下,-,
"607","幽藤馆","5人英雄",藤原广嗣,特殊,《杂艺·舞火》,-,
"607","幽藤馆","5人英雄",藤原广嗣,特殊,《破阵舞·丰财》,-,
"607","幽藤馆","5人英雄",藤原广嗣,特殊,《九功舞·祥瑞》,-,
"607","幽藤馆","5人英雄",藤原广嗣,家具,兰栖蝶翼灯,-,
"607","幽藤馆","5人英雄",藤原广嗣,家具,石中微光,-,
"607","幽藤馆","5人英雄",藤原广嗣,特殊,炼气丸,-,
"607","幽藤馆","5人英雄",藤原广嗣,特殊,砆石,-,
"607","幽藤馆","5人英雄",藤原广嗣,特殊,藏剑武器·山川一方,-,
"607","幽藤馆","5人英雄",藤原广嗣,特殊,挂件包·背部,-,
"622","江天夜宴","5人普通",笑妆娘,特殊,炼气丸,-,
"622","江天夜宴","5人普通",笑妆娘,特殊,挂件包·背部,-,
"622","江天夜宴","5人普通",笑妆娘,特殊,挂件包·腰部,-,
"622","江天夜宴","5人普通",白兆霆,特殊,挂件包·背部,-,
"622","江天夜宴","5人普通",白兆霆,特殊,挂件包·腰部,-,
"622","江天夜宴","5人普通",白兆霆,特殊,炼气丸,-,
"622","江天夜宴","5人普通",邙赫达,特殊,挂件包·背部,-,
"622","江天夜宴","5人普通",邙赫达,特殊,炼气丸,-,
"622","江天夜宴","5人普通",邙赫达,特殊,藏剑武器·水尽坚白,-,
"622","江天夜宴","5人普通",邙赫达,特殊,挂件包·腰部,-,
"623","江天夜宴","5人英雄",笑妆娘,特殊,挂件包·腰部,-,
"623","江天夜宴","5人英雄",笑妆娘,特殊,炼气丸,-,
"623","江天夜宴","5人英雄",笑妆娘,特殊,挂件包·背部,-,
"623","江天夜宴","5人英雄",白兆霆,特殊,挂件包·腰部,-,
"623","江天夜宴","5人英雄",白兆霆,特殊,明镜飞白,-,
"623","江天夜宴","5人英雄",白兆霆,特殊,炼气丸,-,
"623","江天夜宴","5人英雄",白兆霆,特殊,挂件包·背部,-,
"623","江天夜宴","5人英雄",邙赫达,家具,落日圆,-,
"623","江天夜宴","5人英雄",邙赫达,特殊,挂件包·腰部,-,
"623","江天夜宴","5人英雄",邙赫达,家具,争衔珠摆灯,-,
"623","江天夜宴","5人英雄",邙赫达,特殊,《杂艺·舞火》,-,
"623","江天夜宴","5人英雄",邙赫达,特殊,《破阵舞·丰财》,-,
"623","江天夜宴","5人英雄",邙赫达,特殊,《九功舞·祥瑞》,-,
"623","江天夜宴","5人英雄",邙赫达,家具,兰栖蝶翼灯,-,
"623","江天夜宴","5人英雄",邙赫达,家具,石中微光,-,
"623","江天夜宴","5人英雄",邙赫达,特殊,炼气丸,-,
"623","江天夜宴","5人英雄",邙赫达,特殊,砆石,-,
"623","江天夜宴","5人英雄",邙赫达,特殊,藏剑武器·山川一方,-,
"623","江天夜宴","5人英雄",邙赫达,特殊,挂件包·背部,-,
"573","河阳之战","10人普通",勒齐那,特殊,探幽宝藏·防具,-,
"573","河阳之战","10人普通",勒齐那,特殊,探幽宝藏·武器,-,
"573","河阳之战","10人普通",勒齐那,特殊,叁级五彩石,-,
"573","河阳之战","10人普通",勒齐那,特殊,五行石（六级）,-,
"573","河阳之战","10人普通",勒齐那,特殊,玛瑙,-,
"573","河阳之战","10人普通",勒齐那,特殊,猫眼石,-,
"573","河阳之战","10人普通",勒齐那,特殊,星络陨铁,-,
"573","河阳之战","10人普通",勒齐那,特殊,头顶表情【爆炸】,-,
"573","河阳之战","10人普通",勒齐那,特殊,探幽宝藏·首饰,-,
"573","河阳之战","10人普通",阿阁诺,特殊,探幽宝藏·防具,-,
"573","河阳之战","10人普通",阿阁诺,特殊,探幽宝藏·武器,-,
"573","河阳之战","10人普通",阿阁诺,家具,北拒风狼,-,
"573","河阳之战","10人普通",阿阁诺,家具,百战同心,-,
"573","河阳之战","10人普通",阿阁诺,特殊,叁级五彩石,-,
"573","河阳之战","10人普通",阿阁诺,特殊,五行石（六级）,-,
"573","河阳之战","10人普通",阿阁诺,特殊,玛瑙,-,
"573","河阳之战","10人普通",阿阁诺,特殊,猫眼石,-,
"573","河阳之战","10人普通",阿阁诺,特殊,星络陨铁,-,
"573","河阳之战","10人普通",阿阁诺,特殊,探幽宝藏·首饰,-,
"573","河阳之战","10人普通",周通忌,特殊,探幽宝藏·首饰,-,
"573","河阳之战","10人普通",周通忌,特殊,肆级五彩石,-,
"573","河阳之战","10人普通",周通忌,特殊,五行石（六级）,-,
"573","河阳之战","10人普通",周通忌,特殊,玛瑙,-,
"573","河阳之战","10人普通",周通忌,特殊,猫眼石,-,
"573","河阳之战","10人普通",周通忌,特殊,星络陨铁,-,
"573","河阳之战","10人普通",周通忌,特殊,云鹤报捷,-,
"573","河阳之战","10人普通",周通忌,特殊,探幽宝藏·防具,-,
"573","河阳之战","10人普通",周通忌,特殊,探幽宝藏·武器,-,
"573","河阳之战","10人普通",周贽,特殊,探幽宝藏·防具,-,
"573","河阳之战","10人普通",周贽,特殊,探幽宝藏·武器,-,
"573","河阳之战","10人普通",周贽,特殊,肆级五彩石,-,
"573","河阳之战","10人普通",周贽,特殊,五行石（六级）,-,
"573","河阳之战","10人普通",周贽,特殊,玛瑙,-,
"573","河阳之战","10人普通",周贽,特殊,猫眼石,-,
"573","河阳之战","10人普通",周贽,特殊,天乙玄晶,-,
"573","河阳之战","10人普通",周贽,特殊,星络陨铁,-,
"573","河阳之战","10人普通",周贽,特殊,探幽宝藏·首饰,-,
"573","河阳之战","10人普通",常宿,特殊,探幽宝藏·首饰,-,
"573","河阳之战","10人普通",常宿,特殊,肆级五彩石,-,
"573","河阳之战","10人普通",常宿,特殊,五行石（六级）,-,
"573","河阳之战","10人普通",常宿,特殊,玛瑙,-,
"573","河阳之战","10人普通",常宿,特殊,猫眼石,-,
"573","河阳之战","10人普通",常宿,特殊,天乙玄晶,-,
"573","河阳之战","10人普通",常宿,特殊,星络陨铁,-,
"573","河阳之战","10人普通",常宿,特殊,藏剑武器·甘风隐华,-,
"573","河阳之战","10人普通",常宿,特殊,探幽宝藏·防具,-,
"573","河阳之战","10人普通",常宿,特殊,探幽宝藏·武器,-,
"574","河阳之战","25人普通",勒齐那,特殊,星络陨铁,-,
"574","河阳之战","25人普通",勒齐那,特殊,择芳护腕·少林,-,
"574","河阳之战","25人普通",勒齐那,特殊,择芳护腕·天策,-,
"574","河阳之战","25人普通",勒齐那,特殊,择芳护腕·七秀,-,
"574","河阳之战","25人普通",勒齐那,特殊,择芳护腕·丐帮,-,
"574","河阳之战","25人普通",勒齐那,特殊,择芳护腕·霸刀,-,
"574","河阳之战","25人普通",勒齐那,特殊,择芳护腕·北天药宗,-,
"574","河阳之战","25人普通",勒齐那,特殊,藏剑武器·肯顾伏澜,-,
"574","河阳之战","25人普通",勒齐那,特殊,择芳护腕·万灵,-,
"574","河阳之战","25人普通",勒齐那,特殊,择芳护腕·五毒,-,
"574","河阳之战","25人普通",勒齐那,特殊,择芳护腕·明教,-,
"574","河阳之战","25人普通",勒齐那,特殊,择芳护腕·蓬莱,-,
"574","河阳之战","25人普通",勒齐那,特殊,择芳护腕·万花,-,
"574","河阳之战","25人普通",勒齐那,特殊,择芳护腕·纯阳,-,
"574","河阳之战","25人普通",勒齐那,特殊,择芳护腕·唐门,-,
"574","河阳之战","25人普通",勒齐那,特殊,择芳护腕·苍云,-,
"574","河阳之战","25人普通",勒齐那,特殊,择芳护腕·凌雪阁,-,
"574","河阳之战","25人普通",勒齐那,特殊,神兵玉匣·普通河阳之战,-,
"574","河阳之战","25人普通",勒齐那,特殊,择芳护腕·藏剑,-,
"574","河阳之战","25人普通",勒齐那,特殊,择芳护腕·长歌,-,
"574","河阳之战","25人普通",勒齐那,特殊,择芳护腕·衍天宗,-,
"574","河阳之战","25人普通",勒齐那,特殊,头顶表情【爆炸】,-,
"574","河阳之战","25人普通",勒齐那,特殊,择芳护腕·刀宗,-,
"574","河阳之战","25人普通",阿阁诺,家具,北拒风狼,-,
"574","河阳之战","25人普通",阿阁诺,家具,百战同心,-,
"574","河阳之战","25人普通",阿阁诺,特殊,星络陨铁,-,
"574","河阳之战","25人普通",阿阁诺,特殊,择芳腰带·纯阳,-,
"574","河阳之战","25人普通",阿阁诺,特殊,择芳腰带·长歌,-,
"574","河阳之战","25人普通",阿阁诺,特殊,藏剑武器·肯顾伏澜,-,
"574","河阳之战","25人普通",阿阁诺,特殊,择芳腰带·七秀,-,
"574","河阳之战","25人普通",阿阁诺,特殊,择芳腰带·霸刀,-,
"574","河阳之战","25人普通",阿阁诺,特殊,择芳腰带·万灵,-,
"574","河阳之战","25人普通",阿阁诺,特殊,择芳腰带·少林,-,
"574","河阳之战","25人普通",阿阁诺,特殊,择芳腰带·五毒,-,
"574","河阳之战","25人普通",阿阁诺,特殊,择芳腰带·蓬莱,-,
"574","河阳之战","25人普通",阿阁诺,特殊,择芳腰带·唐门,-,
"574","河阳之战","25人普通",阿阁诺,特殊,择芳腰带·凌雪阁,-,
"574","河阳之战","25人普通",阿阁诺,特殊,神兵玉匣·普通河阳之战,-,
"574","河阳之战","25人普通",阿阁诺,特殊,择芳腰带·万花,-,
"574","河阳之战","25人普通",阿阁诺,特殊,择芳腰带·藏剑,-,
"574","河阳之战","25人普通",阿阁诺,特殊,择芳腰带·衍天宗,-,
"574","河阳之战","25人普通",阿阁诺,特殊,择芳腰带·丐帮,-,
"574","河阳之战","25人普通",阿阁诺,特殊,择芳腰带·北天药宗,-,
"574","河阳之战","25人普通",阿阁诺,特殊,择芳腰带·天策,-,
"574","河阳之战","25人普通",阿阁诺,特殊,择芳腰带·明教,-,
"574","河阳之战","25人普通",阿阁诺,特殊,择芳腰带·苍云,-,
"574","河阳之战","25人普通",阿阁诺,特殊,择芳腰带·刀宗,-,
"574","河阳之战","25人普通",周通忌,特殊,星络陨铁,-,
"574","河阳之战","25人普通",周通忌,特殊,择芳鞋·天策,-,
"574","河阳之战","25人普通",周通忌,特殊,择芳鞋·苍云,-,
"574","河阳之战","25人普通",周通忌,特殊,择芳鞋·纯阳,-,
"574","河阳之战","25人普通",周通忌,特殊,择芳鞋·长歌,-,
"574","河阳之战","25人普通",周通忌,特殊,藏剑武器·肯顾伏澜,-,
"574","河阳之战","25人普通",周通忌,特殊,择芳鞋·七秀,-,
"574","河阳之战","25人普通",周通忌,特殊,择芳鞋·霸刀,-,
"574","河阳之战","25人普通",周通忌,特殊,择芳鞋·万灵,-,
"574","河阳之战","25人普通",周通忌,特殊,择芳鞋·五毒,-,
"574","河阳之战","25人普通",周通忌,特殊,择芳鞋·蓬莱,-,
"574","河阳之战","25人普通",周通忌,特殊,云鹤报捷,-,
"574","河阳之战","25人普通",周通忌,特殊,择芳鞋·唐门,-,
"574","河阳之战","25人普通",周通忌,特殊,择芳鞋·凌雪阁,-,
"574","河阳之战","25人普通",周通忌,特殊,神兵玉匣·普通河阳之战,-,
"574","河阳之战","25人普通",周通忌,特殊,择芳鞋·藏剑,-,
"574","河阳之战","25人普通",周通忌,特殊,择芳鞋·衍天宗,-,
"574","河阳之战","25人普通",周通忌,特殊,择芳鞋·少林,-,
"574","河阳之战","25人普通",周通忌,特殊,择芳鞋·丐帮,-,
"574","河阳之战","25人普通",周通忌,特殊,择芳鞋·北天药宗,-,
"574","河阳之战","25人普通",周通忌,特殊,择芳鞋·万花,-,
"574","河阳之战","25人普通",周通忌,特殊,择芳鞋·明教,-,
"574","河阳之战","25人普通",周通忌,特殊,择芳鞋·刀宗,-,
"574","河阳之战","25人普通",周贽,特殊,天乙玄晶,-,
"574","河阳之战","25人普通",周贽,特殊,择芳帽·万花,-,
"574","河阳之战","25人普通",周贽,特殊,择芳帽·刀宗,-,
"574","河阳之战","25人普通",周贽,特殊,择芳帽·天策,-,
"574","河阳之战","25人普通",周贽,特殊,择芳帽·纯阳,-,
"574","河阳之战","25人普通",周贽,特殊,择芳帽·七秀,-,
"574","河阳之战","25人普通",周贽,特殊,择芳帽·五毒,-,
"574","河阳之战","25人普通",周贽,特殊,藏剑武器·肯顾伏澜,-,
"574","河阳之战","25人普通",周贽,特殊,择芳帽·唐门,-,
"574","河阳之战","25人普通",周贽,特殊,择芳帽·万灵,-,
"574","河阳之战","25人普通",周贽,特殊,择芳帽·藏剑,-,
"574","河阳之战","25人普通",周贽,特殊,择芳帽·丐帮,-,
"574","河阳之战","25人普通",周贽,特殊,星络陨铁,-,
"574","河阳之战","25人普通",周贽,特殊,雷墨砂,-,
"574","河阳之战","25人普通",周贽,特殊,择芳帽·明教,-,
"574","河阳之战","25人普通",周贽,特殊,择芳帽·苍云,-,
"574","河阳之战","25人普通",周贽,特殊,择芳帽·长歌,-,
"574","河阳之战","25人普通",周贽,特殊,神兵玉匣·普通河阳之战,-,
"574","河阳之战","25人普通",周贽,特殊,择芳帽·霸刀,-,
"574","河阳之战","25人普通",周贽,特殊,择芳帽·蓬莱,-,
"574","河阳之战","25人普通",周贽,特殊,择芳帽·凌雪阁,-,
"574","河阳之战","25人普通",周贽,特殊,择芳帽·少林,-,
"574","河阳之战","25人普通",周贽,特殊,择芳帽·衍天宗,-,
"574","河阳之战","25人普通",周贽,特殊,择芳帽·北天药宗,-,
"574","河阳之战","25人普通",常宿,特殊,天乙玄晶,-,
"574","河阳之战","25人普通",常宿,特殊,星络陨铁,-,
"574","河阳之战","25人普通",常宿,特殊,雷墨砂,-,
"574","河阳之战","25人普通",常宿,特殊,择芳衣·少林,-,
"574","河阳之战","25人普通",常宿,特殊,择芳衣·北天药宗,-,
"574","河阳之战","25人普通",常宿,特殊,择芳衣·万花,-,
"574","河阳之战","25人普通",常宿,特殊,择芳衣·刀宗,-,
"574","河阳之战","25人普通",常宿,特殊,择芳衣·天策,-,
"574","河阳之战","25人普通",常宿,特殊,择芳衣·纯阳,-,
"574","河阳之战","25人普通",常宿,特殊,择芳衣·七秀,-,
"574","河阳之战","25人普通",常宿,特殊,择芳衣·五毒,-,
"574","河阳之战","25人普通",常宿,特殊,藏剑武器·花盛花谢,-,
"574","河阳之战","25人普通",常宿,特殊,择芳衣·唐门,-,
"574","河阳之战","25人普通",常宿,特殊,择芳衣·万灵,-,
"574","河阳之战","25人普通",常宿,特殊,择芳衣·藏剑,-,
"574","河阳之战","25人普通",常宿,特殊,择芳衣·丐帮,-,
"574","河阳之战","25人普通",常宿,特殊,择芳衣·明教,-,
"574","河阳之战","25人普通",常宿,特殊,择芳衣·苍云,-,
"574","河阳之战","25人普通",常宿,特殊,择芳衣·长歌,-,
"574","河阳之战","25人普通",常宿,特殊,神兵玉匣·普通河阳之战·奇,-,
"574","河阳之战","25人普通",常宿,特殊,择芳衣·霸刀,-,
"574","河阳之战","25人普通",常宿,特殊,择芳衣·蓬莱,-,
"574","河阳之战","25人普通",常宿,特殊,择芳衣·凌雪阁,-,
"574","河阳之战","25人普通",常宿,特殊,择芳衣·衍天宗,-,
"575","河阳之战","25人英雄",勒齐那,特殊,星络陨铁,-,
"575","河阳之战","25人英雄",勒齐那,特殊,藏剑武器·切玉夜星,-,
"575","河阳之战","25人英雄",勒齐那,特殊,承霁护腕·万花,-,
"575","河阳之战","25人英雄",勒齐那,特殊,承霁护腕·五毒,-,
"575","河阳之战","25人英雄",勒齐那,特殊,承霁护腕·明教,-,
"575","河阳之战","25人英雄",勒齐那,特殊,承霁护腕·苍云,-,
"575","河阳之战","25人英雄",勒齐那,特殊,承霁护腕·万灵,-,
"575","河阳之战","25人英雄",勒齐那,特殊,承霁护腕·天策,-,
"575","河阳之战","25人英雄",勒齐那,特殊,承霁护腕·唐门,-,
"575","河阳之战","25人英雄",勒齐那,特殊,承霁护腕·长歌,-,
"575","河阳之战","25人英雄",勒齐那,特殊,承霁护腕·霸刀,-,
"575","河阳之战","25人英雄",勒齐那,特殊,承霁护腕·纯阳,-,
"575","河阳之战","25人英雄",勒齐那,特殊,承霁护腕·藏剑,-,
"575","河阳之战","25人英雄",勒齐那,特殊,承霁护腕·蓬莱,-,
"575","河阳之战","25人英雄",勒齐那,特殊,承霁护腕·凌雪阁,-,
"575","河阳之战","25人英雄",勒齐那,特殊,神兵玉匣·英雄河阳之战,-,
"575","河阳之战","25人英雄",勒齐那,特殊,承霁护腕·少林,-,
"575","河阳之战","25人英雄",勒齐那,特殊,承霁护腕·七秀,-,
"575","河阳之战","25人英雄",勒齐那,特殊,承霁护腕·丐帮,-,
"575","河阳之战","25人英雄",勒齐那,特殊,承霁护腕·衍天宗,-,
"575","河阳之战","25人英雄",勒齐那,特殊,头顶表情【爆炸】,-,
"575","河阳之战","25人英雄",勒齐那,特殊,承霁护腕·刀宗,-,
"575","河阳之战","25人英雄",勒齐那,特殊,承霁护腕·北天药宗,-,
"575","河阳之战","25人英雄",阿阁诺,家具,北拒风狼,-,
"575","河阳之战","25人英雄",阿阁诺,家具,百战同心,-,
"575","河阳之战","25人英雄",阿阁诺,特殊,星络陨铁,-,
"575","河阳之战","25人英雄",阿阁诺,特殊,承霁腰带·少林,-,
"575","河阳之战","25人英雄",阿阁诺,特殊,承霁腰带·丐帮,-,
"575","河阳之战","25人英雄",阿阁诺,特殊,承霁腰带·北天药宗,-,
"575","河阳之战","25人英雄",阿阁诺,特殊,承霁腰带·万花,-,
"575","河阳之战","25人英雄",阿阁诺,特殊,承霁腰带·明教,-,
"575","河阳之战","25人英雄",阿阁诺,特殊,承霁腰带·万灵,-,
"575","河阳之战","25人英雄",阿阁诺,特殊,承霁腰带·天策,-,
"575","河阳之战","25人英雄",阿阁诺,特殊,承霁腰带·苍云,-,
"575","河阳之战","25人英雄",阿阁诺,特殊,承霁腰带·纯阳,-,
"575","河阳之战","25人英雄",阿阁诺,特殊,承霁腰带·长歌,-,
"575","河阳之战","25人英雄",阿阁诺,特殊,藏剑武器·切玉夜星,-,
"575","河阳之战","25人英雄",阿阁诺,特殊,神兵玉匣·英雄河阳之战,-,
"575","河阳之战","25人英雄",阿阁诺,特殊,承霁腰带·七秀,-,
"575","河阳之战","25人英雄",阿阁诺,特殊,承霁腰带·霸刀,-,
"575","河阳之战","25人英雄",阿阁诺,特殊,承霁腰带·五毒,-,
"575","河阳之战","25人英雄",阿阁诺,特殊,承霁腰带·蓬莱,-,
"575","河阳之战","25人英雄",阿阁诺,特殊,承霁腰带·唐门,-,
"575","河阳之战","25人英雄",阿阁诺,特殊,承霁腰带·凌雪阁,-,
"575","河阳之战","25人英雄",阿阁诺,特殊,承霁腰带·藏剑,-,
"575","河阳之战","25人英雄",阿阁诺,特殊,承霁腰带·衍天宗,-,
"575","河阳之战","25人英雄",阿阁诺,特殊,承霁腰带·刀宗,-,
"575","河阳之战","25人英雄",周通忌,特殊,星络陨铁,-,
"575","河阳之战","25人英雄",周通忌,特殊,云鹤报捷,-,
"575","河阳之战","25人英雄",周通忌,特殊,神兵玉匣·英雄河阳之战,-,
"575","河阳之战","25人英雄",周通忌,特殊,承霁鞋·藏剑,-,
"575","河阳之战","25人英雄",周通忌,特殊,承霁鞋·丐帮,-,
"575","河阳之战","25人英雄",周通忌,特殊,承霁鞋·少林,-,
"575","河阳之战","25人英雄",周通忌,特殊,承霁鞋·明教,-,
"575","河阳之战","25人英雄",周通忌,特殊,承霁鞋·苍云,-,
"575","河阳之战","25人英雄",周通忌,特殊,承霁鞋·万花,-,
"575","河阳之战","25人英雄",周通忌,特殊,承霁鞋·长歌,-,
"575","河阳之战","25人英雄",周通忌,特殊,承霁鞋·万灵,-,
"575","河阳之战","25人英雄",周通忌,特殊,承霁鞋·霸刀,-,
"575","河阳之战","25人英雄",周通忌,特殊,承霁鞋·天策,-,
"575","河阳之战","25人英雄",周通忌,特殊,承霁鞋·蓬莱,-,
"575","河阳之战","25人英雄",周通忌,特殊,承霁鞋·凌雪阁,-,
"575","河阳之战","25人英雄",周通忌,特殊,藏剑武器·切玉夜星,-,
"575","河阳之战","25人英雄",周通忌,特殊,承霁鞋·纯阳,-,
"575","河阳之战","25人英雄",周通忌,特殊,承霁鞋·衍天宗,-,
"575","河阳之战","25人英雄",周通忌,特殊,承霁鞋·北天药宗,-,
"575","河阳之战","25人英雄",周通忌,特殊,承霁鞋·七秀,-,
"575","河阳之战","25人英雄",周通忌,特殊,承霁鞋·五毒,-,
"575","河阳之战","25人英雄",周通忌,特殊,承霁鞋·唐门,-,
"575","河阳之战","25人英雄",周通忌,特殊,承霁鞋·刀宗,-,
"575","河阳之战","25人英雄",周贽,特殊,天乙玄晶,-,
"575","河阳之战","25人英雄",周贽,特殊,藏剑武器·切玉夜星,-,
"575","河阳之战","25人英雄",周贽,特殊,承霁帽·唐门,-,
"575","河阳之战","25人英雄",周贽,特殊,承霁帽·刀宗,-,
"575","河阳之战","25人英雄",周贽,特殊,承霁帽·藏剑,-,
"575","河阳之战","25人英雄",周贽,特殊,承霁帽·丐帮,-,
"575","河阳之战","25人英雄",周贽,特殊,承霁帽·明教,-,
"575","河阳之战","25人英雄",周贽,特殊,神兵玉匣·英雄河阳之战,-,
"575","河阳之战","25人英雄",周贽,特殊,承霁帽·苍云,-,
"575","河阳之战","25人英雄",周贽,特殊,承霁帽·长歌,-,
"575","河阳之战","25人英雄",周贽,特殊,承霁帽·万灵,-,
"575","河阳之战","25人英雄",周贽,特殊,承霁帽·霸刀,-,
"575","河阳之战","25人英雄",周贽,特殊,承霁帽·蓬莱,-,
"575","河阳之战","25人英雄",周贽,特殊,星络陨铁,-,
"575","河阳之战","25人英雄",周贽,特殊,龙堂砂,-,
"575","河阳之战","25人英雄",周贽,特殊,承霁帽·凌雪阁,-,
"575","河阳之战","25人英雄",周贽,特殊,承霁帽·衍天宗,-,
"575","河阳之战","25人英雄",周贽,特殊,承霁帽·少林,-,
"575","河阳之战","25人英雄",周贽,特殊,承霁帽·北天药宗,-,
"575","河阳之战","25人英雄",周贽,特殊,承霁帽·万花,-,
"575","河阳之战","25人英雄",周贽,特殊,承霁帽·天策,-,
"575","河阳之战","25人英雄",周贽,特殊,承霁帽·纯阳,-,
"575","河阳之战","25人英雄",周贽,特殊,承霁帽·七秀,-,
"575","河阳之战","25人英雄",周贽,特殊,承霁帽·五毒,-,
"575","河阳之战","25人英雄",常宿,特殊,天乙玄晶,-,
"575","河阳之战","25人英雄",常宿,特殊,星络陨铁,-,
"575","河阳之战","25人英雄",常宿,特殊,龙堂砂,-,
"575","河阳之战","25人英雄",常宿,特殊,承霁衣·五毒,-,
"575","河阳之战","25人英雄",常宿,特殊,承霁衣·唐门,-,
"575","河阳之战","25人英雄",常宿,特殊,承霁衣·刀宗,-,
"575","河阳之战","25人英雄",常宿,特殊,承霁衣·藏剑,-,
"575","河阳之战","25人英雄",常宿,特殊,承霁衣·丐帮,-,
"575","河阳之战","25人英雄",常宿,特殊,藏剑武器·青山故旧,-,
"575","河阳之战","25人英雄",常宿,特殊,承霁衣·明教,-,
"575","河阳之战","25人英雄",常宿,特殊,承霁衣·苍云,-,
"575","河阳之战","25人英雄",常宿,特殊,承霁衣·长歌,-,
"575","河阳之战","25人英雄",常宿,特殊,承霁衣·万灵,-,
"575","河阳之战","25人英雄",常宿,特殊,承霁衣·霸刀,-,
"575","河阳之战","25人英雄",常宿,特殊,神兵玉匣·英雄河阳之战·奇,-,
"575","河阳之战","25人英雄",常宿,特殊,承霁衣·蓬莱,-,
"575","河阳之战","25人英雄",常宿,特殊,承霁衣·凌雪阁,-,
"575","河阳之战","25人英雄",常宿,特殊,承霁衣·衍天宗,-,
"575","河阳之战","25人英雄",常宿,特殊,承霁衣·少林,-,
"575","河阳之战","25人英雄",常宿,特殊,承霁衣·北天药宗,-,
"575","河阳之战","25人英雄",常宿,特殊,承霁衣·万花,-,
"575","河阳之战","25人英雄",常宿,特殊,承霁衣·天策,-,
"575","河阳之战","25人英雄",常宿,特殊,承霁衣·纯阳,-,
"575","河阳之战","25人英雄",常宿,特殊,承霁衣·七秀,-,
"559","雷域大泽","10人普通",巨型尖吻凤,特殊,探幽宝藏·防具,-,
"559","雷域大泽","10人普通",巨型尖吻凤,特殊,探幽宝藏·首饰,-,
"559","雷域大泽","10人普通",巨型尖吻凤,特殊,探幽宝藏·武器,-,
"559","雷域大泽","10人普通",巨型尖吻凤,特殊,叁级五彩石,-,
"559","雷域大泽","10人普通",巨型尖吻凤,特殊,五行石（六级）,-,
"559","雷域大泽","10人普通",巨型尖吻凤,特殊,玛瑙,-,
"559","雷域大泽","10人普通",巨型尖吻凤,特殊,猫眼石,-,
"559","雷域大泽","10人普通",巨型尖吻凤,特殊,星络陨铁,-,
"559","雷域大泽","10人普通",桑乔,特殊,星络陨铁,-,
"559","雷域大泽","10人普通",桑乔,特殊,林海秘事·蛊美人（上）,-,
"559","雷域大泽","10人普通",桑乔,特殊,林海秘事·蛊美人（下）,-,
"559","雷域大泽","10人普通",桑乔,特殊,叁级五彩石,-,
"559","雷域大泽","10人普通",桑乔,特殊,五行石（六级）,-,
"559","雷域大泽","10人普通",桑乔,特殊,玛瑙,-,
"559","雷域大泽","10人普通",桑乔,特殊,猫眼石,-,
"559","雷域大泽","10人普通",桑乔,特殊,探幽宝藏·防具,-,
"559","雷域大泽","10人普通",桑乔,特殊,探幽宝藏·首饰,-,
"559","雷域大泽","10人普通",桑乔,特殊,探幽宝藏·武器,-,
"559","雷域大泽","10人普通",悉达罗摩,特殊,星络陨铁,-,
"559","雷域大泽","10人普通",悉达罗摩,家具,灵虫石像,-,
"559","雷域大泽","10人普通",悉达罗摩,特殊,林海秘事·香巫复苏（中）,-,
"559","雷域大泽","10人普通",悉达罗摩,特殊,肆级五彩石,-,
"559","雷域大泽","10人普通",悉达罗摩,特殊,五行石（六级）,-,
"559","雷域大泽","10人普通",悉达罗摩,特殊,玛瑙,-,
"559","雷域大泽","10人普通",悉达罗摩,特殊,猫眼石,-,
"559","雷域大泽","10人普通",悉达罗摩,特殊,探幽宝藏·防具,-,
"559","雷域大泽","10人普通",悉达罗摩,特殊,探幽宝藏·首饰,-,
"559","雷域大泽","10人普通",悉达罗摩,特殊,探幽宝藏·武器,-,
"559","雷域大泽","10人普通",月泉淮,特殊,天乙玄晶,-,
"559","雷域大泽","10人普通",月泉淮,特殊,星络陨铁,-,
"559","雷域大泽","10人普通",月泉淮,特殊,林海秘事·香巫复苏（下）,-,
"559","雷域大泽","10人普通",月泉淮,特殊,肆级五彩石,-,
"559","雷域大泽","10人普通",月泉淮,特殊,五行石（六级）,-,
"559","雷域大泽","10人普通",月泉淮,特殊,玛瑙,-,
"559","雷域大泽","10人普通",月泉淮,特殊,猫眼石,-,
"559","雷域大泽","10人普通",月泉淮,特殊,探幽宝藏·防具,-,
"559","雷域大泽","10人普通",月泉淮,特殊,探幽宝藏·首饰,-,
"559","雷域大泽","10人普通",月泉淮,特殊,探幽宝藏·武器,-,
"559","雷域大泽","10人普通",乌蒙贵,特殊,探幽宝藏·防具,-,
"559","雷域大泽","10人普通",乌蒙贵,特殊,探幽宝藏·首饰,-,
"559","雷域大泽","10人普通",乌蒙贵,特殊,探幽宝藏·武器,-,
"559","雷域大泽","10人普通",乌蒙贵,特殊,肆级五彩石,-,
"559","雷域大泽","10人普通",乌蒙贵,特殊,五行石（六级）,-,
"559","雷域大泽","10人普通",乌蒙贵,特殊,玛瑙,-,
"559","雷域大泽","10人普通",乌蒙贵,特殊,猫眼石,-,
"559","雷域大泽","10人普通",乌蒙贵,特殊,天乙玄晶,-,
"559","雷域大泽","10人普通",乌蒙贵,特殊,星络陨铁,-,
"559","雷域大泽","10人普通",乌蒙贵,特殊,藏剑武器·延陵流安,-,
"560","雷域大泽","25人普通",巨型尖吻凤,特殊,百相护腕·少林,-,
"560","雷域大泽","25人普通",巨型尖吻凤,特殊,百相护腕·丐帮,-,
"560","雷域大泽","25人普通",巨型尖吻凤,特殊,百相护腕·明教,-,
"560","雷域大泽","25人普通",巨型尖吻凤,特殊,百相护腕·万花,-,
"560","雷域大泽","25人普通",巨型尖吻凤,特殊,百相护腕·苍云,-,
"560","雷域大泽","25人普通",巨型尖吻凤,特殊,百相护腕·长歌,-,
"560","雷域大泽","25人普通",巨型尖吻凤,特殊,百相护腕·天策,-,
"560","雷域大泽","25人普通",巨型尖吻凤,特殊,百相护腕·霸刀,-,
"560","雷域大泽","25人普通",巨型尖吻凤,特殊,百相护腕·蓬莱,-,
"560","雷域大泽","25人普通",巨型尖吻凤,特殊,百相护腕·纯阳,-,
"560","雷域大泽","25人普通",巨型尖吻凤,特殊,百相护腕·凌雪阁,-,
"560","雷域大泽","25人普通",巨型尖吻凤,特殊,藏剑武器·莲花幽人,-,
"560","雷域大泽","25人普通",巨型尖吻凤,特殊,百相护腕·衍天宗,-,
"560","雷域大泽","25人普通",巨型尖吻凤,特殊,百相护腕·七秀,-,
"560","雷域大泽","25人普通",巨型尖吻凤,特殊,神兵玉匣·普通雷域大泽,-,
"560","雷域大泽","25人普通",巨型尖吻凤,特殊,百相护腕·五毒,-,
"560","雷域大泽","25人普通",巨型尖吻凤,特殊,百相护腕·北天药宗,-,
"560","雷域大泽","25人普通",巨型尖吻凤,特殊,百相护腕·刀宗,-,
"560","雷域大泽","25人普通",巨型尖吻凤,特殊,百相护腕·唐门,-,
"560","雷域大泽","25人普通",巨型尖吻凤,特殊,百相护腕·万灵,-,
"560","雷域大泽","25人普通",巨型尖吻凤,特殊,百相护腕·藏剑,-,
"560","雷域大泽","25人普通",桑乔,特殊,林海秘事·蛊美人（下）,-,
"560","雷域大泽","25人普通",桑乔,特殊,百相腰带·丐帮,-,
"560","雷域大泽","25人普通",桑乔,特殊,百相腰带·明教,-,
"560","雷域大泽","25人普通",桑乔,特殊,百相腰带·苍云,-,
"560","雷域大泽","25人普通",桑乔,特殊,百相腰带·长歌,-,
"560","雷域大泽","25人普通",桑乔,特殊,百相腰带·霸刀,-,
"560","雷域大泽","25人普通",桑乔,特殊,百相腰带·蓬莱,-,
"560","雷域大泽","25人普通",桑乔,特殊,百相腰带·凌雪阁,-,
"560","雷域大泽","25人普通",桑乔,特殊,百相腰带·衍天宗,-,
"560","雷域大泽","25人普通",桑乔,特殊,藏剑武器·莲花幽人,-,
"560","雷域大泽","25人普通",桑乔,特殊,林海秘事·蛊美人（上）,-,
"560","雷域大泽","25人普通",桑乔,特殊,百相腰带·少林,-,
"560","雷域大泽","25人普通",桑乔,特殊,神兵玉匣·普通雷域大泽,-,
"560","雷域大泽","25人普通",桑乔,特殊,百相腰带·万花,-,
"560","雷域大泽","25人普通",桑乔,特殊,百相腰带·天策,-,
"560","雷域大泽","25人普通",桑乔,特殊,百相腰带·北天药宗,-,
"560","雷域大泽","25人普通",桑乔,特殊,百相腰带·纯阳,-,
"560","雷域大泽","25人普通",桑乔,特殊,百相腰带·刀宗,-,
"560","雷域大泽","25人普通",桑乔,特殊,百相腰带·七秀,-,
"560","雷域大泽","25人普通",桑乔,特殊,百相腰带·万灵,-,
"560","雷域大泽","25人普通",桑乔,特殊,百相腰带·五毒,-,
"560","雷域大泽","25人普通",桑乔,特殊,百相腰带·唐门,-,
"560","雷域大泽","25人普通",桑乔,特殊,百相腰带·藏剑,-,
"560","雷域大泽","25人普通",悉达罗摩,家具,灵虫石像,-,
"560","雷域大泽","25人普通",悉达罗摩,特殊,百相鞋·少林,-,
"560","雷域大泽","25人普通",悉达罗摩,特殊,百相鞋·万花,-,
"560","雷域大泽","25人普通",悉达罗摩,特殊,百相鞋·天策,-,
"560","雷域大泽","25人普通",悉达罗摩,特殊,百相鞋·纯阳,-,
"560","雷域大泽","25人普通",悉达罗摩,特殊,百相鞋·七秀,-,
"560","雷域大泽","25人普通",悉达罗摩,特殊,百相鞋·五毒,-,
"560","雷域大泽","25人普通",悉达罗摩,特殊,藏剑武器·莲花幽人,-,
"560","雷域大泽","25人普通",悉达罗摩,特殊,百相鞋·唐门,-,
"560","雷域大泽","25人普通",悉达罗摩,特殊,百相鞋·藏剑,-,
"560","雷域大泽","25人普通",悉达罗摩,特殊,林海秘事·香巫复苏（中）,-,
"560","雷域大泽","25人普通",悉达罗摩,特殊,百相鞋·丐帮,-,
"560","雷域大泽","25人普通",悉达罗摩,特殊,百相鞋·明教,-,
"560","雷域大泽","25人普通",悉达罗摩,特殊,百相鞋·苍云,-,
"560","雷域大泽","25人普通",悉达罗摩,特殊,神兵玉匣·普通雷域大泽,-,
"560","雷域大泽","25人普通",悉达罗摩,特殊,百相鞋·长歌,-,
"560","雷域大泽","25人普通",悉达罗摩,特殊,百相鞋·霸刀,-,
"560","雷域大泽","25人普通",悉达罗摩,特殊,百相鞋·蓬莱,-,
"560","雷域大泽","25人普通",悉达罗摩,特殊,百相鞋·北天药宗,-,
"560","雷域大泽","25人普通",悉达罗摩,特殊,百相鞋·凌雪阁,-,
"560","雷域大泽","25人普通",悉达罗摩,特殊,百相鞋·衍天宗,-,
"560","雷域大泽","25人普通",悉达罗摩,特殊,百相鞋·刀宗,-,
"560","雷域大泽","25人普通",悉达罗摩,特殊,百相鞋·万灵,-,
"560","雷域大泽","25人普通",月泉淮,特殊,百相衣·少林,-,
"560","雷域大泽","25人普通",月泉淮,特殊,百相衣·万花,-,
"560","雷域大泽","25人普通",月泉淮,特殊,百相衣·天策,-,
"560","雷域大泽","25人普通",月泉淮,特殊,百相衣·纯阳,-,
"560","雷域大泽","25人普通",月泉淮,特殊,百相衣·七秀,-,
"560","雷域大泽","25人普通",月泉淮,特殊,百相衣·五毒,-,
"560","雷域大泽","25人普通",月泉淮,特殊,百相衣·唐门,-,
"560","雷域大泽","25人普通",月泉淮,特殊,百相衣·藏剑,-,
"560","雷域大泽","25人普通",月泉淮,特殊,百相衣·丐帮,-,
"560","雷域大泽","25人普通",月泉淮,特殊,百相衣·明教,-,
"560","雷域大泽","25人普通",月泉淮,特殊,百相衣·苍云,-,
"560","雷域大泽","25人普通",月泉淮,特殊,百相衣·长歌,-,
"560","雷域大泽","25人普通",月泉淮,特殊,百相衣·霸刀,-,
"560","雷域大泽","25人普通",月泉淮,特殊,百相衣·蓬莱,-,
"560","雷域大泽","25人普通",月泉淮,特殊,百相衣·凌雪阁,-,
"560","雷域大泽","25人普通",月泉淮,特殊,百相衣·衍天宗,-,
"560","雷域大泽","25人普通",月泉淮,特殊,藏剑武器·莲花幽人,-,
"560","雷域大泽","25人普通",月泉淮,特殊,五元砂,-,
"560","雷域大泽","25人普通",月泉淮,特殊,神兵玉匣·普通雷域大泽,-,
"560","雷域大泽","25人普通",月泉淮,特殊,百相衣·北天药宗,-,
"560","雷域大泽","25人普通",月泉淮,特殊,林海秘事·香巫复苏（下）,-,
"560","雷域大泽","25人普通",月泉淮,特殊,百相衣·刀宗,-,
"560","雷域大泽","25人普通",月泉淮,特殊,百相衣·万灵,-,
"560","雷域大泽","25人普通",乌蒙贵,特殊,藏剑武器·莲花幽人,-,
"560","雷域大泽","25人普通",乌蒙贵,特殊,藏剑武器·风雨双鹤,-,
"560","雷域大泽","25人普通",乌蒙贵,特殊,五元砂,-,
"560","雷域大泽","25人普通",乌蒙贵,特殊,神兵玉匣·普通雷域大泽,-,
"560","雷域大泽","25人普通",乌蒙贵,特殊,神兵玉匣·普通雷域大泽·奇,-,
"561","雷域大泽","25人英雄",巨型尖吻凤,特殊,择芳护腕·凌雪阁,-,
"561","雷域大泽","25人英雄",巨型尖吻凤,特殊,择芳护腕·衍天宗,-,
"561","雷域大泽","25人英雄",巨型尖吻凤,特殊,择芳护腕·北天药宗,-,
"561","雷域大泽","25人英雄",巨型尖吻凤,特殊,择芳护腕·少林,-,
"561","雷域大泽","25人英雄",巨型尖吻凤,特殊,择芳护腕·万花,-,
"561","雷域大泽","25人英雄",巨型尖吻凤,特殊,星络陨铁,-,
"561","雷域大泽","25人英雄",巨型尖吻凤,特殊,择芳护腕·天策,-,
"561","雷域大泽","25人英雄",巨型尖吻凤,特殊,择芳护腕·纯阳,-,
"561","雷域大泽","25人英雄",巨型尖吻凤,特殊,择芳护腕·七秀,-,
"561","雷域大泽","25人英雄",巨型尖吻凤,特殊,择芳护腕·五毒,-,
"561","雷域大泽","25人英雄",巨型尖吻凤,特殊,择芳护腕·唐门,-,
"561","雷域大泽","25人英雄",巨型尖吻凤,特殊,择芳护腕·藏剑,-,
"561","雷域大泽","25人英雄",巨型尖吻凤,特殊,藏剑武器·肯顾伏澜,-,
"561","雷域大泽","25人英雄",巨型尖吻凤,特殊,择芳护腕·丐帮,-,
"561","雷域大泽","25人英雄",巨型尖吻凤,特殊,择芳护腕·明教,-,
"561","雷域大泽","25人英雄",巨型尖吻凤,特殊,神兵玉匣·英雄雷域大泽,-,
"561","雷域大泽","25人英雄",巨型尖吻凤,特殊,择芳护腕·苍云,-,
"561","雷域大泽","25人英雄",巨型尖吻凤,特殊,择芳护腕·刀宗,-,
"561","雷域大泽","25人英雄",巨型尖吻凤,特殊,择芳护腕·长歌,-,
"561","雷域大泽","25人英雄",巨型尖吻凤,特殊,择芳护腕·霸刀,-,
"561","雷域大泽","25人英雄",巨型尖吻凤,特殊,择芳护腕·万灵,-,
"561","雷域大泽","25人英雄",巨型尖吻凤,特殊,择芳护腕·蓬莱,-,
"561","雷域大泽","25人英雄",桑乔,特殊,林海秘事·蛊美人（下）,-,
"561","雷域大泽","25人英雄",桑乔,特殊,择芳腰带·少林,-,
"561","雷域大泽","25人英雄",桑乔,特殊,择芳腰带·万花,-,
"561","雷域大泽","25人英雄",桑乔,特殊,择芳腰带·天策,-,
"561","雷域大泽","25人英雄",桑乔,特殊,择芳腰带·纯阳,-,
"561","雷域大泽","25人英雄",桑乔,特殊,择芳腰带·七秀,-,
"561","雷域大泽","25人英雄",桑乔,特殊,择芳腰带·五毒,-,
"561","雷域大泽","25人英雄",桑乔,特殊,择芳腰带·唐门,-,
"561","雷域大泽","25人英雄",桑乔,特殊,择芳腰带·藏剑,-,
"561","雷域大泽","25人英雄",桑乔,特殊,择芳腰带·丐帮,-,
"561","雷域大泽","25人英雄",桑乔,特殊,星络陨铁,-,
"561","雷域大泽","25人英雄",桑乔,特殊,择芳腰带·明教,-,
"561","雷域大泽","25人英雄",桑乔,特殊,择芳腰带·苍云,-,
"561","雷域大泽","25人英雄",桑乔,特殊,择芳腰带·长歌,-,
"561","雷域大泽","25人英雄",桑乔,特殊,择芳腰带·霸刀,-,
"561","雷域大泽","25人英雄",桑乔,特殊,林海秘事·蛊美人（上）,-,
"561","雷域大泽","25人英雄",桑乔,特殊,择芳腰带·蓬莱,-,
"561","雷域大泽","25人英雄",桑乔,特殊,择芳腰带·凌雪阁,-,
"561","雷域大泽","25人英雄",桑乔,特殊,择芳腰带·衍天宗,-,
"561","雷域大泽","25人英雄",桑乔,特殊,择芳腰带·北天药宗,-,
"561","雷域大泽","25人英雄",桑乔,特殊,藏剑武器·肯顾伏澜,-,
"561","雷域大泽","25人英雄",桑乔,特殊,神兵玉匣·英雄雷域大泽,-,
"561","雷域大泽","25人英雄",桑乔,特殊,择芳腰带·刀宗,-,
"561","雷域大泽","25人英雄",桑乔,特殊,择芳腰带·万灵,-,
"561","雷域大泽","25人英雄",悉达罗摩,家具,灵虫石像,-,
"561","雷域大泽","25人英雄",悉达罗摩,特殊,择芳鞋·霸刀,-,
"561","雷域大泽","25人英雄",悉达罗摩,特殊,择芳鞋·蓬莱,-,
"561","雷域大泽","25人英雄",悉达罗摩,特殊,择芳鞋·凌雪阁,-,
"561","雷域大泽","25人英雄",悉达罗摩,特殊,择芳鞋·衍天宗,-,
"561","雷域大泽","25人英雄",悉达罗摩,特殊,择芳鞋·北天药宗,-,
"561","雷域大泽","25人英雄",悉达罗摩,特殊,林海秘事·香巫复苏（中）,-,
"561","雷域大泽","25人英雄",悉达罗摩,特殊,星络陨铁,-,
"561","雷域大泽","25人英雄",悉达罗摩,特殊,择芳鞋·少林,-,
"561","雷域大泽","25人英雄",悉达罗摩,特殊,藏剑武器·肯顾伏澜,-,
"561","雷域大泽","25人英雄",悉达罗摩,特殊,择芳鞋·万花,-,
"561","雷域大泽","25人英雄",悉达罗摩,特殊,择芳鞋·天策,-,
"561","雷域大泽","25人英雄",悉达罗摩,特殊,择芳鞋·纯阳,-,
"561","雷域大泽","25人英雄",悉达罗摩,特殊,神兵玉匣·英雄雷域大泽,-,
"561","雷域大泽","25人英雄",悉达罗摩,特殊,择芳鞋·七秀,-,
"561","雷域大泽","25人英雄",悉达罗摩,特殊,择芳鞋·五毒,-,
"561","雷域大泽","25人英雄",悉达罗摩,特殊,择芳鞋·唐门,-,
"561","雷域大泽","25人英雄",悉达罗摩,特殊,择芳鞋·刀宗,-,
"561","雷域大泽","25人英雄",悉达罗摩,特殊,择芳鞋·藏剑,-,
"561","雷域大泽","25人英雄",悉达罗摩,特殊,择芳鞋·丐帮,-,
"561","雷域大泽","25人英雄",悉达罗摩,特殊,择芳鞋·明教,-,
"561","雷域大泽","25人英雄",悉达罗摩,特殊,择芳鞋·万灵,-,
"561","雷域大泽","25人英雄",悉达罗摩,特殊,择芳鞋·苍云,-,
"561","雷域大泽","25人英雄",悉达罗摩,特殊,择芳鞋·长歌,-,
"561","雷域大泽","25人英雄",月泉淮,特殊,雷墨砂,-,
"561","雷域大泽","25人英雄",月泉淮,特殊,天乙玄晶,-,
"561","雷域大泽","25人英雄",月泉淮,特殊,择芳衣·少林,-,
"561","雷域大泽","25人英雄",月泉淮,特殊,择芳衣·万花,-,
"561","雷域大泽","25人英雄",月泉淮,特殊,择芳衣·天策,-,
"561","雷域大泽","25人英雄",月泉淮,特殊,择芳衣·纯阳,-,
"561","雷域大泽","25人英雄",月泉淮,特殊,择芳衣·七秀,-,
"561","雷域大泽","25人英雄",月泉淮,特殊,择芳衣·五毒,-,
"561","雷域大泽","25人英雄",月泉淮,特殊,择芳衣·唐门,-,
"561","雷域大泽","25人英雄",月泉淮,特殊,择芳衣·藏剑,-,
"561","雷域大泽","25人英雄",月泉淮,特殊,择芳衣·丐帮,-,
"561","雷域大泽","25人英雄",月泉淮,特殊,择芳衣·明教,-,
"561","雷域大泽","25人英雄",月泉淮,特殊,择芳衣·苍云,-,
"561","雷域大泽","25人英雄",月泉淮,特殊,择芳衣·长歌,-,
"561","雷域大泽","25人英雄",月泉淮,特殊,择芳衣·霸刀,-,
"561","雷域大泽","25人英雄",月泉淮,特殊,择芳衣·蓬莱,-,
"561","雷域大泽","25人英雄",月泉淮,特殊,择芳衣·凌雪阁,-,
"561","雷域大泽","25人英雄",月泉淮,特殊,择芳衣·衍天宗,-,
"561","雷域大泽","25人英雄",月泉淮,特殊,择芳衣·北天药宗,-,
"561","雷域大泽","25人英雄",月泉淮,特殊,藏剑武器·肯顾伏澜,-,
"561","雷域大泽","25人英雄",月泉淮,特殊,林海秘事·香巫复苏（下）,-,
"561","雷域大泽","25人英雄",月泉淮,特殊,神兵玉匣·英雄雷域大泽,-,
"561","雷域大泽","25人英雄",月泉淮,特殊,择芳衣·刀宗,-,
"561","雷域大泽","25人英雄",月泉淮,特殊,星络陨铁,-,
"561","雷域大泽","25人英雄",月泉淮,特殊,择芳衣·万灵,-,
"561","雷域大泽","25人英雄",乌蒙贵,特殊,天乙玄晶,-,
"561","雷域大泽","25人英雄",乌蒙贵,特殊,雷墨砂,-,
"561","雷域大泽","25人英雄",乌蒙贵,特殊,星络陨铁,-,
"561","雷域大泽","25人英雄",乌蒙贵,特殊,藏剑武器·花盛花谢,-,
"561","雷域大泽","25人英雄",乌蒙贵,特殊,神兵玉匣·英雄雷域大泽·奇,-,
"563","武氏别院","5人普通",李君竹,特殊,挂件包·背部,-,
"563","武氏别院","5人普通",李君竹,特殊,炼气丸,-,
"563","武氏别院","5人普通",李君竹,特殊,挂件包·腰部,-,
"563","武氏别院","5人普通",解秀朝,特殊,挂件包·背部,-,
"563","武氏别院","5人普通",解秀朝,特殊,挂件包·腰部,-,
"563","武氏别院","5人普通",解秀朝,特殊,炼气丸,-,
"563","武氏别院","5人普通",武云阙,特殊,炼气丸,-,
"563","武氏别院","5人普通",武云阙,特殊,挂件包·背部,-,
"563","武氏别院","5人普通",武云阙,特殊,挂件包·腰部,-,
"564","武氏别院","5人英雄",李君竹,特殊,炼气丸,-,
"564","武氏别院","5人英雄",李君竹,特殊,挂件包·背部,-,
"564","武氏别院","5人英雄",李君竹,特殊,挂件包·腰部,-,
"564","武氏别院","5人英雄",解秀朝,特殊,挂件包·背部,-,
"564","武氏别院","5人英雄",解秀朝,特殊,炼气丸,-,
"564","武氏别院","5人英雄",解秀朝,特殊,挂件包·腰部,-,
"564","武氏别院","5人英雄",武云阙,家具,苦竹环摆灯,-,
"564","武氏别院","5人英雄",武云阙,特殊,挂件包·腰部,-,
"564","武氏别院","5人英雄",武云阙,特殊,《杂艺·舞火》,-,
"564","武氏别院","5人英雄",武云阙,特殊,《破阵舞·丰财》,-,
"564","武氏别院","5人英雄",武云阙,特殊,《九功舞·祥瑞》,-,
"564","武氏别院","5人英雄",武云阙,特殊,封石,-,
"564","武氏别院","5人英雄",武云阙,特殊,炼气丸,-,
"564","武氏别院","5人英雄",武云阙,家具,修竹朗灯,-,
"564","武氏别院","5人英雄",武云阙,特殊,藏剑武器·山川一方,-,
"564","武氏别院","5人英雄",武云阙,特殊,挂件包·背部,-,
"518","白帝江关","10人普通",罗芬、胡汤,特殊,探幽宝藏·首饰,-,
"518","白帝江关","10人普通",罗芬、胡汤,特殊,叁级五彩石,-,
"518","白帝江关","10人普通",罗芬、胡汤,特殊,五行石（六级）,-,
"518","白帝江关","10人普通",罗芬、胡汤,特殊,玛瑙,-,
"518","白帝江关","10人普通",罗芬、胡汤,特殊,猫眼石,-,
"518","白帝江关","10人普通",罗芬、胡汤,特殊,星络陨铁,-,
"518","白帝江关","10人普通",罗芬、胡汤,特殊,探幽宝藏·防具,-,
"518","白帝江关","10人普通",罗芬、胡汤,特殊,探幽宝藏·武器,-,
"518","白帝江关","10人普通",赵八嫂,特殊,探幽宝藏·首饰,-,
"518","白帝江关","10人普通",赵八嫂,特殊,叁级五彩石,-,
"518","白帝江关","10人普通",赵八嫂,特殊,五行石（六级）,-,
"518","白帝江关","10人普通",赵八嫂,特殊,玛瑙,-,
"518","白帝江关","10人普通",赵八嫂,特殊,猫眼石,-,
"518","白帝江关","10人普通",赵八嫂,特殊,星络陨铁,-,
"518","白帝江关","10人普通",赵八嫂,特殊,探幽宝藏·防具,-,
"518","白帝江关","10人普通",赵八嫂,特殊,探幽宝藏·武器,-,
"518","白帝江关","10人普通",海荼,特殊,探幽宝藏·首饰,-,
"518","白帝江关","10人普通",海荼,特殊,肆级五彩石,-,
"518","白帝江关","10人普通",海荼,特殊,五行石（六级）,-,
"518","白帝江关","10人普通",海荼,特殊,玛瑙,-,
"518","白帝江关","10人普通",海荼,特殊,猫眼石,-,
"518","白帝江关","10人普通",海荼,特殊,星络陨铁,-,
"518","白帝江关","10人普通",海荼,特殊,探幽宝藏·防具,-,
"518","白帝江关","10人普通",海荼,特殊,探幽宝藏·武器,-,
"518","白帝江关","10人普通",姜集苦,特殊,星络陨铁,-,
"518","白帝江关","10人普通",姜集苦,特殊,探幽宝藏·防具,-,
"518","白帝江关","10人普通",姜集苦,特殊,探幽宝藏·武器,-,
"518","白帝江关","10人普通",姜集苦,特殊,肆级五彩石,-,
"518","白帝江关","10人普通",姜集苦,特殊,五行石（六级）,-,
"518","白帝江关","10人普通",姜集苦,特殊,玛瑙,-,
"518","白帝江关","10人普通",姜集苦,特殊,猫眼石,-,
"518","白帝江关","10人普通",姜集苦,特殊,探幽宝藏·首饰,-,
"518","白帝江关","10人普通",宇文灭,特殊,星络陨铁,-,
"518","白帝江关","10人普通",宇文灭,特殊,探幽宝藏·防具,-,
"518","白帝江关","10人普通",宇文灭,特殊,探幽宝藏·武器,-,
"518","白帝江关","10人普通",宇文灭,特殊,肆级五彩石,-,
"518","白帝江关","10人普通",宇文灭,特殊,五行石（六级）,-,
"518","白帝江关","10人普通",宇文灭,特殊,玛瑙,-,
"518","白帝江关","10人普通",宇文灭,特殊,猫眼石,-,
"518","白帝江关","10人普通",宇文灭,特殊,探幽宝藏·首饰,-,
"518","白帝江关","10人普通",宫威,特殊,星络陨铁,-,
"518","白帝江关","10人普通",宫威,特殊,探幽宝藏·防具,-,
"518","白帝江关","10人普通",宫威,特殊,探幽宝藏·武器,-,
"518","白帝江关","10人普通",宫威,特殊,肆级五彩石,-,
"518","白帝江关","10人普通",宫威,特殊,五行石（六级）,-,
"518","白帝江关","10人普通",宫威,特殊,玛瑙,-,
"518","白帝江关","10人普通",宫威,特殊,猫眼石,-,
"518","白帝江关","10人普通",宫威,特殊,天乙玄晶,-,
"518","白帝江关","10人普通",宫威,特殊,藏剑武器·明祥华烛,-,
"518","白帝江关","10人普通",宫威,特殊,探幽宝藏·首饰,-,
"518","白帝江关","10人普通",宫傲,特殊,阔豪,-,
"518","白帝江关","10人普通",宫傲,特殊,藏剑武器·甘风隐华,-,
"518","白帝江关","10人普通",宫傲,特殊,探幽宝藏·首饰,-,
"518","白帝江关","10人普通",宫傲,家具,清泉侍女像,-,
"518","白帝江关","10人普通",宫傲,特殊,肆级五彩石,-,
"518","白帝江关","10人普通",宫傲,特殊,五行石（六级）,-,
"518","白帝江关","10人普通",宫傲,特殊,玛瑙,-,
"518","白帝江关","10人普通",宫傲,特殊,猫眼石,-,
"518","白帝江关","10人普通",宫傲,特殊,天乙玄晶,-,
"518","白帝江关","10人普通",宫傲,特殊,星络陨铁,-,
"518","白帝江关","10人普通",宫傲,特殊,探幽宝藏·防具,-,
"518","白帝江关","10人普通",宫傲,特殊,探幽宝藏·武器,-,
"519","白帝江关","25人普通",赵八嫂,特殊,惊尘护腕·少林,-,
"519","白帝江关","25人普通",赵八嫂,特殊,惊尘护腕·七秀,-,
"519","白帝江关","25人普通",赵八嫂,特殊,惊尘护腕·霸刀,-,
"519","白帝江关","25人普通",赵八嫂,特殊,惊尘护腕·蓬莱,-,
"519","白帝江关","25人普通",赵八嫂,特殊,惊尘护腕·五毒,-,
"519","白帝江关","25人普通",赵八嫂,特殊,惊尘护腕·凌雪阁,-,
"519","白帝江关","25人普通",赵八嫂,特殊,惊尘护腕·衍天宗,-,
"519","白帝江关","25人普通",赵八嫂,特殊,惊尘护腕·万花,-,
"519","白帝江关","25人普通",赵八嫂,特殊,惊尘护腕·唐门,-,
"519","白帝江关","25人普通",赵八嫂,特殊,惊尘护腕·藏剑,-,
"519","白帝江关","25人普通",赵八嫂,特殊,藏剑武器·念婉寻风,-,
"519","白帝江关","25人普通",赵八嫂,特殊,惊尘护腕·北天药宗,-,
"519","白帝江关","25人普通",赵八嫂,特殊,惊尘护腕·天策,-,
"519","白帝江关","25人普通",赵八嫂,特殊,惊尘护腕·丐帮,-,
"519","白帝江关","25人普通",赵八嫂,特殊,惊尘护腕·刀宗,-,
"519","白帝江关","25人普通",赵八嫂,特殊,惊尘护腕·万灵,-,
"519","白帝江关","25人普通",赵八嫂,特殊,惊尘护腕·明教,-,
"519","白帝江关","25人普通",赵八嫂,特殊,惊尘护腕·纯阳,-,
"519","白帝江关","25人普通",赵八嫂,特殊,惊尘护腕·苍云,-,
"519","白帝江关","25人普通",赵八嫂,特殊,惊尘护腕·长歌,-,
"519","白帝江关","25人普通",海荼,特殊,惊尘腰带·霸刀,-,
"519","白帝江关","25人普通",海荼,特殊,惊尘腰带·蓬莱,-,
"519","白帝江关","25人普通",海荼,特殊,惊尘腰带·凌雪阁,-,
"519","白帝江关","25人普通",海荼,特殊,惊尘腰带·衍天宗,-,
"519","白帝江关","25人普通",海荼,特殊,惊尘腰带·少林,-,
"519","白帝江关","25人普通",海荼,特殊,惊尘腰带·万花,-,
"519","白帝江关","25人普通",海荼,特殊,藏剑武器·饮涧云开,-,
"519","白帝江关","25人普通",海荼,特殊,惊尘腰带·天策,-,
"519","白帝江关","25人普通",海荼,特殊,惊尘腰带·纯阳,-,
"519","白帝江关","25人普通",海荼,特殊,惊尘腰带·北天药宗,-,
"519","白帝江关","25人普通",海荼,特殊,惊尘腰带·七秀,-,
"519","白帝江关","25人普通",海荼,特殊,惊尘腰带·刀宗,-,
"519","白帝江关","25人普通",海荼,特殊,惊尘腰带·五毒,-,
"519","白帝江关","25人普通",海荼,特殊,惊尘腰带·万灵,-,
"519","白帝江关","25人普通",海荼,特殊,惊尘腰带·唐门,-,
"519","白帝江关","25人普通",海荼,特殊,惊尘腰带·藏剑,-,
"519","白帝江关","25人普通",海荼,特殊,惊尘腰带·丐帮,-,
"519","白帝江关","25人普通",海荼,特殊,惊尘腰带·明教,-,
"519","白帝江关","25人普通",海荼,特殊,惊尘腰带·苍云,-,
"519","白帝江关","25人普通",海荼,特殊,惊尘腰带·长歌,-,
"519","白帝江关","25人普通",姜集苦,特殊,惊尘鞋·少林,-,
"519","白帝江关","25人普通",姜集苦,特殊,惊尘鞋·万花,-,
"519","白帝江关","25人普通",姜集苦,特殊,惊尘鞋·天策,-,
"519","白帝江关","25人普通",姜集苦,特殊,惊尘鞋·纯阳,-,
"519","白帝江关","25人普通",姜集苦,特殊,惊尘鞋·七秀,-,
"519","白帝江关","25人普通",姜集苦,特殊,惊尘鞋·五毒,-,
"519","白帝江关","25人普通",姜集苦,特殊,惊尘鞋·唐门,-,
"519","白帝江关","25人普通",姜集苦,特殊,惊尘鞋·藏剑,-,
"519","白帝江关","25人普通",姜集苦,特殊,惊尘鞋·丐帮,-,
"519","白帝江关","25人普通",姜集苦,特殊,藏剑武器·念婉寻风,-,
"519","白帝江关","25人普通",姜集苦,特殊,惊尘鞋·明教,-,
"519","白帝江关","25人普通",姜集苦,特殊,惊尘鞋·苍云,-,
"519","白帝江关","25人普通",姜集苦,特殊,惊尘鞋·长歌,-,
"519","白帝江关","25人普通",姜集苦,特殊,惊尘鞋·北天药宗,-,
"519","白帝江关","25人普通",姜集苦,特殊,惊尘鞋·霸刀,-,
"519","白帝江关","25人普通",姜集苦,特殊,惊尘鞋·蓬莱,-,
"519","白帝江关","25人普通",姜集苦,特殊,惊尘鞋·刀宗,-,
"519","白帝江关","25人普通",姜集苦,特殊,惊尘鞋·凌雪阁,-,
"519","白帝江关","25人普通",姜集苦,特殊,惊尘鞋·衍天宗,-,
"519","白帝江关","25人普通",姜集苦,特殊,惊尘鞋·万灵,-,
"519","白帝江关","25人普通",宇文灭,特殊,惊尘帽·霸刀,-,
"519","白帝江关","25人普通",宇文灭,特殊,惊尘帽·蓬莱,-,
"519","白帝江关","25人普通",宇文灭,特殊,惊尘帽·凌雪阁,-,
"519","白帝江关","25人普通",宇文灭,特殊,惊尘帽·衍天宗,-,
"519","白帝江关","25人普通",宇文灭,特殊,藏剑武器·饮涧云开,-,
"519","白帝江关","25人普通",宇文灭,特殊,惊尘帽·北天药宗,-,
"519","白帝江关","25人普通",宇文灭,特殊,惊尘帽·刀宗,-,
"519","白帝江关","25人普通",宇文灭,特殊,惊尘帽·少林,-,
"519","白帝江关","25人普通",宇文灭,特殊,惊尘帽·万灵,-,
"519","白帝江关","25人普通",宇文灭,特殊,惊尘帽·万花,-,
"519","白帝江关","25人普通",宇文灭,特殊,惊尘帽·天策,-,
"519","白帝江关","25人普通",宇文灭,特殊,惊尘帽·纯阳,-,
"519","白帝江关","25人普通",宇文灭,特殊,惊尘帽·七秀,-,
"519","白帝江关","25人普通",宇文灭,特殊,惊尘帽·五毒,-,
"519","白帝江关","25人普通",宇文灭,特殊,惊尘帽·唐门,-,
"519","白帝江关","25人普通",宇文灭,特殊,惊尘帽·藏剑,-,
"519","白帝江关","25人普通",宇文灭,特殊,惊尘帽·丐帮,-,
"519","白帝江关","25人普通",宇文灭,特殊,惊尘帽·明教,-,
"519","白帝江关","25人普通",宇文灭,特殊,惊尘帽·苍云,-,
"519","白帝江关","25人普通",宇文灭,特殊,惊尘帽·长歌,-,
"519","白帝江关","25人普通",宫威,特殊,惊尘衣·少林,-,
"519","白帝江关","25人普通",宫威,特殊,惊尘衣·万花,-,
"519","白帝江关","25人普通",宫威,特殊,惊尘衣·天策,-,
"519","白帝江关","25人普通",宫威,特殊,惊尘衣·纯阳,-,
"519","白帝江关","25人普通",宫威,特殊,惊尘衣·七秀,-,
"519","白帝江关","25人普通",宫威,特殊,惊尘衣·五毒,-,
"519","白帝江关","25人普通",宫威,特殊,惊尘衣·唐门,-,
"519","白帝江关","25人普通",宫威,特殊,惊尘衣·藏剑,-,
"519","白帝江关","25人普通",宫威,特殊,惊尘衣·丐帮,-,
"519","白帝江关","25人普通",宫威,特殊,惊尘衣·明教,-,
"519","白帝江关","25人普通",宫威,特殊,惊尘衣·苍云,-,
"519","白帝江关","25人普通",宫威,特殊,惊尘衣·长歌,-,
"519","白帝江关","25人普通",宫威,特殊,惊尘衣·霸刀,-,
"519","白帝江关","25人普通",宫威,特殊,惊尘衣·蓬莱,-,
"519","白帝江关","25人普通",宫威,特殊,惊尘衣·凌雪阁,-,
"519","白帝江关","25人普通",宫威,特殊,惊尘衣·衍天宗,-,
"519","白帝江关","25人普通",宫威,特殊,藏剑武器·念婉寻风,-,
"519","白帝江关","25人普通",宫威,特殊,流波玉,-,
"519","白帝江关","25人普通",宫威,特殊,惊尘衣·北天药宗,-,
"519","白帝江关","25人普通",宫威,特殊,惊尘衣·刀宗,-,
"519","白帝江关","25人普通",宫威,特殊,惊尘衣·万灵,-,
"519","白帝江关","25人普通",宫傲,家具,清泉侍女像,-,
"519","白帝江关","25人普通",宫傲,特殊,流波玉,-,
"519","白帝江关","25人普通",宫傲,特殊,藏剑武器·饮涧云开,-,
"519","白帝江关","25人普通",宫傲,特殊,藏剑武器·连星江寒,-,
"519","白帝江关","25人普通",宫傲,特殊,阔豪,-,
"520","白帝江关","25人英雄",赵八嫂,特殊,百相护腕·少林,-,
"520","白帝江关","25人英雄",赵八嫂,特殊,百相护腕·天策,-,
"520","白帝江关","25人英雄",赵八嫂,特殊,百相护腕·唐门,-,
"520","白帝江关","25人英雄",赵八嫂,特殊,百相护腕·凌雪阁,-,
"520","白帝江关","25人英雄",赵八嫂,特殊,百相护腕·衍天宗,-,
"520","白帝江关","25人英雄",赵八嫂,特殊,百相护腕·藏剑,-,
"520","白帝江关","25人英雄",赵八嫂,特殊,百相护腕·纯阳,-,
"520","白帝江关","25人英雄",赵八嫂,特殊,百相护腕·丐帮,-,
"520","白帝江关","25人英雄",赵八嫂,特殊,藏剑武器·莲花幽人,-,
"520","白帝江关","25人英雄",赵八嫂,特殊,百相护腕·明教,-,
"520","白帝江关","25人英雄",赵八嫂,特殊,百相护腕·北天药宗,-,
"520","白帝江关","25人英雄",赵八嫂,特殊,百相护腕·万花,-,
"520","白帝江关","25人英雄",赵八嫂,特殊,百相护腕·七秀,-,
"520","白帝江关","25人英雄",赵八嫂,特殊,百相护腕·苍云,-,
"520","白帝江关","25人英雄",赵八嫂,特殊,百相护腕·刀宗,-,
"520","白帝江关","25人英雄",赵八嫂,特殊,百相护腕·万灵,-,
"520","白帝江关","25人英雄",赵八嫂,特殊,百相护腕·长歌,-,
"520","白帝江关","25人英雄",赵八嫂,特殊,百相护腕·五毒,-,
"520","白帝江关","25人英雄",赵八嫂,特殊,百相护腕·霸刀,-,
"520","白帝江关","25人英雄",赵八嫂,特殊,百相护腕·蓬莱,-,
"520","白帝江关","25人英雄",海荼,特殊,百相腰带·凌雪阁,-,
"520","白帝江关","25人英雄",海荼,特殊,百相腰带·衍天宗,-,
"520","白帝江关","25人英雄",海荼,特殊,百相腰带·少林,-,
"520","白帝江关","25人英雄",海荼,特殊,百相腰带·万花,-,
"520","白帝江关","25人英雄",海荼,特殊,百相腰带·天策,-,
"520","白帝江关","25人英雄",海荼,特殊,百相腰带·纯阳,-,
"520","白帝江关","25人英雄",海荼,特殊,藏剑武器·虎斗剑替,-,
"520","白帝江关","25人英雄",海荼,特殊,百相腰带·七秀,-,
"520","白帝江关","25人英雄",海荼,特殊,百相腰带·五毒,-,
"520","白帝江关","25人英雄",海荼,特殊,百相腰带·北天药宗,-,
"520","白帝江关","25人英雄",海荼,特殊,百相腰带·唐门,-,
"520","白帝江关","25人英雄",海荼,特殊,百相腰带·刀宗,-,
"520","白帝江关","25人英雄",海荼,特殊,百相腰带·藏剑,-,
"520","白帝江关","25人英雄",海荼,特殊,百相腰带·万灵,-,
"520","白帝江关","25人英雄",海荼,特殊,百相腰带·丐帮,-,
"520","白帝江关","25人英雄",海荼,特殊,百相腰带·明教,-,
"520","白帝江关","25人英雄",海荼,特殊,百相腰带·苍云,-,
"520","白帝江关","25人英雄",海荼,特殊,百相腰带·长歌,-,
"520","白帝江关","25人英雄",海荼,特殊,百相腰带·霸刀,-,
"520","白帝江关","25人英雄",海荼,特殊,百相腰带·蓬莱,-,
"520","白帝江关","25人英雄",姜集苦,特殊,百相鞋·少林,-,
"520","白帝江关","25人英雄",姜集苦,特殊,百相鞋·万花,-,
"520","白帝江关","25人英雄",姜集苦,特殊,百相鞋·天策,-,
"520","白帝江关","25人英雄",姜集苦,特殊,百相鞋·纯阳,-,
"520","白帝江关","25人英雄",姜集苦,特殊,百相鞋·七秀,-,
"520","白帝江关","25人英雄",姜集苦,特殊,百相鞋·五毒,-,
"520","白帝江关","25人英雄",姜集苦,特殊,百相鞋·唐门,-,
"520","白帝江关","25人英雄",姜集苦,特殊,百相鞋·藏剑,-,
"520","白帝江关","25人英雄",姜集苦,特殊,藏剑武器·莲花幽人,-,
"520","白帝江关","25人英雄",姜集苦,特殊,百相鞋·丐帮,-,
"520","白帝江关","25人英雄",姜集苦,特殊,百相鞋·明教,-,
"520","白帝江关","25人英雄",姜集苦,特殊,百相鞋·苍云,-,
"520","白帝江关","25人英雄",姜集苦,特殊,百相鞋·长歌,-,
"520","白帝江关","25人英雄",姜集苦,特殊,百相鞋·霸刀,-,
"520","白帝江关","25人英雄",姜集苦,特殊,百相鞋·北天药宗,-,
"520","白帝江关","25人英雄",姜集苦,特殊,百相鞋·蓬莱,-,
"520","白帝江关","25人英雄",姜集苦,特殊,百相鞋·凌雪阁,-,
"520","白帝江关","25人英雄",姜集苦,特殊,百相鞋·衍天宗,-,
"520","白帝江关","25人英雄",姜集苦,特殊,百相鞋·刀宗,-,
"520","白帝江关","25人英雄",姜集苦,特殊,百相鞋·万灵,-,
"520","白帝江关","25人英雄",宇文灭,特殊,百相帽·凌雪阁,-,
"520","白帝江关","25人英雄",宇文灭,特殊,百相帽·衍天宗,-,
"520","白帝江关","25人英雄",宇文灭,特殊,藏剑武器·虎斗剑替,-,
"520","白帝江关","25人英雄",宇文灭,特殊,百相帽·北天药宗,-,
"520","白帝江关","25人英雄",宇文灭,特殊,百相帽·刀宗,-,
"520","白帝江关","25人英雄",宇文灭,特殊,百相帽·少林,-,
"520","白帝江关","25人英雄",宇文灭,特殊,百相帽·万花,-,
"520","白帝江关","25人英雄",宇文灭,特殊,百相帽·天策,-,
"520","白帝江关","25人英雄",宇文灭,特殊,百相帽·万灵,-,
"520","白帝江关","25人英雄",宇文灭,特殊,百相帽·纯阳,-,
"520","白帝江关","25人英雄",宇文灭,特殊,百相帽·七秀,-,
"520","白帝江关","25人英雄",宇文灭,特殊,百相帽·五毒,-,
"520","白帝江关","25人英雄",宇文灭,特殊,百相帽·唐门,-,
"520","白帝江关","25人英雄",宇文灭,特殊,百相帽·藏剑,-,
"520","白帝江关","25人英雄",宇文灭,特殊,百相帽·丐帮,-,
"520","白帝江关","25人英雄",宇文灭,特殊,百相帽·明教,-,
"520","白帝江关","25人英雄",宇文灭,特殊,百相帽·苍云,-,
"520","白帝江关","25人英雄",宇文灭,特殊,百相帽·长歌,-,
"520","白帝江关","25人英雄",宇文灭,特殊,百相帽·霸刀,-,
"520","白帝江关","25人英雄",宇文灭,特殊,百相帽·蓬莱,-,
"520","白帝江关","25人英雄",宫威,特殊,百相衣·少林,-,
"520","白帝江关","25人英雄",宫威,特殊,百相衣·万花,-,
"520","白帝江关","25人英雄",宫威,特殊,百相衣·天策,-,
"520","白帝江关","25人英雄",宫威,特殊,百相衣·纯阳,-,
"520","白帝江关","25人英雄",宫威,特殊,百相衣·七秀,-,
"520","白帝江关","25人英雄",宫威,特殊,百相衣·五毒,-,
"520","白帝江关","25人英雄",宫威,特殊,百相衣·唐门,-,
"520","白帝江关","25人英雄",宫威,特殊,百相衣·藏剑,-,
"520","白帝江关","25人英雄",宫威,特殊,百相衣·丐帮,-,
"520","白帝江关","25人英雄",宫威,特殊,百相衣·明教,-,
"520","白帝江关","25人英雄",宫威,特殊,百相衣·苍云,-,
"520","白帝江关","25人英雄",宫威,特殊,百相衣·长歌,-,
"520","白帝江关","25人英雄",宫威,特殊,百相衣·霸刀,-,
"520","白帝江关","25人英雄",宫威,特殊,百相衣·蓬莱,-,
"520","白帝江关","25人英雄",宫威,特殊,百相衣·凌雪阁,-,
"520","白帝江关","25人英雄",宫威,特殊,百相衣·衍天宗,-,
"520","白帝江关","25人英雄",宫威,特殊,藏剑武器·莲花幽人,-,
"520","白帝江关","25人英雄",宫威,特殊,五元砂,-,
"520","白帝江关","25人英雄",宫威,特殊,百相衣·北天药宗,-,
"520","白帝江关","25人英雄",宫威,特殊,百相衣·刀宗,-,
"520","白帝江关","25人英雄",宫威,特殊,百相衣·万灵,-,
"520","白帝江关","25人英雄",宫傲,家具,清泉侍女像,-,
"520","白帝江关","25人英雄",宫傲,特殊,藏剑武器·风雨双鹤,-,
"520","白帝江关","25人英雄",宫傲,特殊,五元砂,-,
"520","白帝江关","25人英雄",宫傲,特殊,阔豪,-,
"521","漳水南路","5人英雄",史孝,特殊,挂件包·背部,-,
"521","漳水南路","5人英雄",史孝,特殊,炼气丸,-,
"521","漳水南路","5人英雄",史孝,特殊,挂件包·腰部,-,
"521","漳水南路","5人英雄",曹达干,特殊,中州寄叙·张飞,-,
"521","漳水南路","5人英雄",曹达干,特殊,炼气丸,-,
"521","漳水南路","5人英雄",曹达干,特殊,挂件包·背部,-,
"521","漳水南路","5人英雄",曹达干,特殊,挂件包·腰部,-,
"521","漳水南路","5人英雄",曹达干,特殊,中州寄叙·程贝儿,-,
"521","漳水南路","5人英雄",阎清怀,特殊,中州寄叙·关林,-,
"521","漳水南路","5人英雄",阎清怀,特殊,中州寄叙·桑百子,-,
"521","漳水南路","5人英雄",阎清怀,特殊,封石,-,
"521","漳水南路","5人英雄",阎清怀,特殊,挂件包·背部,-,
"521","漳水南路","5人英雄",阎清怀,特殊,炼气丸,-,
"521","漳水南路","5人英雄",阎清怀,特殊,藏剑武器·山川一方,-,
"521","漳水南路","5人英雄",阎清怀,特殊,挂件包·腰部,-,
"522","漳水南路","5人挑战",史孝,特殊,挂件包·背部,-,
"522","漳水南路","5人挑战",史孝,特殊,炼气丸,-,
"522","漳水南路","5人挑战",史孝,特殊,挂件包·腰部,-,
"522","漳水南路","5人挑战",曹达干,特殊,中州寄叙·张飞,-,
"522","漳水南路","5人挑战",曹达干,特殊,炼气丸,-,
"522","漳水南路","5人挑战",曹达干,特殊,挂件包·背部,-,
"522","漳水南路","5人挑战",曹达干,特殊,挂件包·腰部,-,
"522","漳水南路","5人挑战",曹达干,特殊,中州寄叙·程贝儿,-,
"522","漳水南路","5人挑战",阎清怀,特殊,中州寄叙·关林,-,
"522","漳水南路","5人挑战",阎清怀,特殊,中州寄叙·桑百子,-,
"522","漳水南路","5人挑战",阎清怀,特殊,挂件包·背部,-,
"522","漳水南路","5人挑战",阎清怀,特殊,炼气丸,-,
"522","漳水南路","5人挑战",阎清怀,特殊,藏剑武器·昙明寂涉,-,
"522","漳水南路","5人挑战",阎清怀,特殊,挂件包·腰部,-,
"482","达摩洞","10人普通",余晖,特殊,探幽宝藏·防具,-,
"482","达摩洞","10人普通",余晖,特殊,探幽宝藏·首饰,-,
"482","达摩洞","10人普通",余晖,特殊,探幽宝藏·武器,-,
"482","达摩洞","10人普通",余晖,特殊,叁级五彩石,-,
"482","达摩洞","10人普通",余晖,特殊,五行石（六级）,-,
"482","达摩洞","10人普通",余晖,特殊,玛瑙,-,
"482","达摩洞","10人普通",余晖,特殊,猫眼石,-,
"482","达摩洞","10人普通",余晖,特殊,星络陨铁,-,
"482","达摩洞","10人普通",宓桃,特殊,星络陨铁,-,
"482","达摩洞","10人普通",宓桃,特殊,叁级五彩石,-,
"482","达摩洞","10人普通",宓桃,特殊,五行石（六级）,-,
"482","达摩洞","10人普通",宓桃,特殊,玛瑙,-,
"482","达摩洞","10人普通",宓桃,特殊,猫眼石,-,
"482","达摩洞","10人普通",宓桃,特殊,探幽宝藏·防具,-,
"482","达摩洞","10人普通",宓桃,特殊,探幽宝藏·首饰,-,
"482","达摩洞","10人普通",宓桃,特殊,探幽宝藏·武器,-,
"482","达摩洞","10人普通",武雪散,特殊,探幽宝藏·防具,-,
"482","达摩洞","10人普通",武雪散,特殊,探幽宝藏·首饰,-,
"482","达摩洞","10人普通",武雪散,特殊,探幽宝藏·武器,-,
"482","达摩洞","10人普通",武雪散,特殊,肆级五彩石,-,
"482","达摩洞","10人普通",武雪散,特殊,五行石（六级）,-,
"482","达摩洞","10人普通",武雪散,特殊,玛瑙,-,
"482","达摩洞","10人普通",武雪散,特殊,猫眼石,-,
"482","达摩洞","10人普通",武雪散,特殊,星络陨铁,-,
"482","达摩洞","10人普通",猿飞,特殊,星络陨铁,-,
"482","达摩洞","10人普通",猿飞,特殊,肆级五彩石,-,
"482","达摩洞","10人普通",猿飞,特殊,五行石（六级）,-,
"482","达摩洞","10人普通",猿飞,特殊,玛瑙,-,
"482","达摩洞","10人普通",猿飞,特殊,猫眼石,-,
"482","达摩洞","10人普通",猿飞,特殊,天乙玄晶,-,
"482","达摩洞","10人普通",猿飞,特殊,猿神发带,-,
"482","达摩洞","10人普通",猿飞,特殊,探幽宝藏·防具,-,
"482","达摩洞","10人普通",猿飞,特殊,探幽宝藏·首饰,-,
"482","达摩洞","10人普通",猿飞,特殊,探幽宝藏·武器,-,
"482","达摩洞","10人普通",哑头陀,特殊,星络陨铁,-,
"482","达摩洞","10人普通",哑头陀,特殊,鬼斧之功,-,
"482","达摩洞","10人普通",哑头陀,特殊,清燕阴谋,-,
"482","达摩洞","10人普通",哑头陀,特殊,肆级五彩石,-,
"482","达摩洞","10人普通",哑头陀,特殊,五行石（六级）,-,
"482","达摩洞","10人普通",哑头陀,特殊,玛瑙,-,
"482","达摩洞","10人普通",哑头陀,特殊,猫眼石,-,
"482","达摩洞","10人普通",哑头陀,特殊,破损的机关轴承,-,
"482","达摩洞","10人普通",哑头陀,特殊,探幽宝藏·防具,-,
"482","达摩洞","10人普通",哑头陀,特殊,探幽宝藏·首饰,-,
"482","达摩洞","10人普通",哑头陀,特殊,探幽宝藏·武器,-,
"482","达摩洞","10人普通",岳琳、岳琅,特殊,曳影剑碎片,-,
"482","达摩洞","10人普通",岳琳、岳琅,特殊,藏剑武器·甘风隐华,-,
"482","达摩洞","10人普通",岳琳、岳琅,特殊,探幽宝藏·防具,-,
"482","达摩洞","10人普通",岳琳、岳琅,特殊,探幽宝藏·首饰,-,
"482","达摩洞","10人普通",岳琳、岳琅,特殊,探幽宝藏·武器,-,
"482","达摩洞","10人普通",岳琳、岳琅,家具,阿修罗像,-,
"482","达摩洞","10人普通",岳琳、岳琅,特殊,鬼市初现,-,
"482","达摩洞","10人普通",岳琳、岳琅,特殊,趁火打劫,-,
"482","达摩洞","10人普通",岳琳、岳琅,特殊,肆级五彩石,-,
"482","达摩洞","10人普通",岳琳、岳琅,特殊,五行石（六级）,-,
"482","达摩洞","10人普通",岳琳、岳琅,特殊,玛瑙,-,
"482","达摩洞","10人普通",岳琳、岳琅,特殊,猫眼石,-,
"482","达摩洞","10人普通",岳琳、岳琅,特殊,天乙玄晶,-,
"482","达摩洞","10人普通",岳琳、岳琅,特殊,星络陨铁,-,
"483","达摩洞","25人普通",余晖,特殊,藏剑武器·落星独客,-,
"483","达摩洞","25人普通",宓桃,特殊,星演护腕·少林,-,
"483","达摩洞","25人普通",宓桃,特殊,星演护腕·天策,-,
"483","达摩洞","25人普通",宓桃,特殊,星演护腕·七秀,-,
"483","达摩洞","25人普通",宓桃,特殊,星演护腕·丐帮,-,
"483","达摩洞","25人普通",宓桃,特殊,星演护腕·霸刀,-,
"483","达摩洞","25人普通",宓桃,特殊,星演护腕·万灵,-,
"483","达摩洞","25人普通",宓桃,特殊,星演护腕·五毒,-,
"483","达摩洞","25人普通",宓桃,特殊,星演护腕·明教,-,
"483","达摩洞","25人普通",宓桃,特殊,星演护腕·蓬莱,-,
"483","达摩洞","25人普通",宓桃,特殊,星演护腕·北天药宗,-,
"483","达摩洞","25人普通",宓桃,特殊,星演护腕·万花,-,
"483","达摩洞","25人普通",宓桃,特殊,星演护腕·纯阳,-,
"483","达摩洞","25人普通",宓桃,特殊,星演护腕·唐门,-,
"483","达摩洞","25人普通",宓桃,特殊,星演护腕·苍云,-,
"483","达摩洞","25人普通",宓桃,特殊,星演护腕·凌雪阁,-,
"483","达摩洞","25人普通",宓桃,特殊,星演护腕·藏剑,-,
"483","达摩洞","25人普通",宓桃,特殊,星演护腕·长歌,-,
"483","达摩洞","25人普通",宓桃,特殊,星演护腕·衍天宗,-,
"483","达摩洞","25人普通",宓桃,特殊,星演护腕·刀宗,-,
"483","达摩洞","25人普通",宓桃,特殊,藏剑武器·落星独客,-,
"483","达摩洞","25人普通",武雪散,特殊,星演腰带·少林,-,
"483","达摩洞","25人普通",武雪散,特殊,星演腰带·七秀,-,
"483","达摩洞","25人普通",武雪散,特殊,星演腰带·霸刀,-,
"483","达摩洞","25人普通",武雪散,特殊,星演腰带·五毒,-,
"483","达摩洞","25人普通",武雪散,特殊,星演腰带·蓬莱,-,
"483","达摩洞","25人普通",武雪散,特殊,星演腰带·万灵,-,
"483","达摩洞","25人普通",武雪散,特殊,星演腰带·万花,-,
"483","达摩洞","25人普通",武雪散,特殊,星演腰带·唐门,-,
"483","达摩洞","25人普通",武雪散,特殊,星演腰带·凌雪阁,-,
"483","达摩洞","25人普通",武雪散,特殊,星演腰带·藏剑,-,
"483","达摩洞","25人普通",武雪散,特殊,星演腰带·衍天宗,-,
"483","达摩洞","25人普通",武雪散,特殊,星演腰带·天策,-,
"483","达摩洞","25人普通",武雪散,特殊,星演腰带·丐帮,-,
"483","达摩洞","25人普通",武雪散,特殊,星演腰带·北天药宗,-,
"483","达摩洞","25人普通",武雪散,特殊,星演腰带·明教,-,
"483","达摩洞","25人普通",武雪散,特殊,星演腰带·纯阳,-,
"483","达摩洞","25人普通",武雪散,特殊,星演腰带·苍云,-,
"483","达摩洞","25人普通",武雪散,特殊,星演腰带·刀宗,-,
"483","达摩洞","25人普通",武雪散,特殊,星演腰带·长歌,-,
"483","达摩洞","25人普通",武雪散,特殊,藏剑武器·落星独客,-,
"483","达摩洞","25人普通",猿飞,特殊,星演帽·七秀,-,
"483","达摩洞","25人普通",猿飞,特殊,星演帽·五毒,-,
"483","达摩洞","25人普通",猿飞,特殊,藏剑武器·落星独客,-,
"483","达摩洞","25人普通",猿飞,特殊,星演帽·唐门,-,
"483","达摩洞","25人普通",猿飞,特殊,星演帽·藏剑,-,
"483","达摩洞","25人普通",猿飞,特殊,星演鞋·万灵,-,
"483","达摩洞","25人普通",猿飞,特殊,星演帽·丐帮,-,
"483","达摩洞","25人普通",猿飞,特殊,星演帽·明教,-,
"483","达摩洞","25人普通",猿飞,特殊,《盗无境》回目,-,
"483","达摩洞","25人普通",猿飞,特殊,星演帽·苍云,-,
"483","达摩洞","25人普通",猿飞,特殊,猿神发带,-,
"483","达摩洞","25人普通",猿飞,特殊,星演帽·长歌,-,
"483","达摩洞","25人普通",猿飞,特殊,星演帽·少林,-,
"483","达摩洞","25人普通",猿飞,特殊,星演帽·霸刀,-,
"483","达摩洞","25人普通",猿飞,特殊,星演帽·蓬莱,-,
"483","达摩洞","25人普通",猿飞,特殊,星演帽·万花,-,
"483","达摩洞","25人普通",猿飞,特殊,星演帽·凌雪阁,-,
"483","达摩洞","25人普通",猿飞,特殊,星演帽·北天药宗,-,
"483","达摩洞","25人普通",猿飞,特殊,星演帽·衍天宗,-,
"483","达摩洞","25人普通",猿飞,特殊,星演帽·天策,-,
"483","达摩洞","25人普通",猿飞,特殊,星演帽·纯阳,-,
"483","达摩洞","25人普通",猿飞,特殊,星演鞋·刀宗,-,
"483","达摩洞","25人普通",哑头陀,特殊,鬼斧之功,-,
"483","达摩洞","25人普通",哑头陀,特殊,清燕阴谋,-,
"483","达摩洞","25人普通",哑头陀,特殊,星演鞋·七秀,-,
"483","达摩洞","25人普通",哑头陀,特殊,星演鞋·霸刀,-,
"483","达摩洞","25人普通",哑头陀,特殊,星演鞋·五毒,-,
"483","达摩洞","25人普通",哑头陀,特殊,星演鞋·蓬莱,-,
"483","达摩洞","25人普通",哑头陀,特殊,星演鞋·唐门,-,
"483","达摩洞","25人普通",哑头陀,特殊,星演鞋·凌雪阁,-,
"483","达摩洞","25人普通",哑头陀,特殊,星演帽·万灵,-,
"483","达摩洞","25人普通",哑头陀,特殊,星演鞋·藏剑,-,
"483","达摩洞","25人普通",哑头陀,特殊,星演鞋·衍天宗,-,
"483","达摩洞","25人普通",哑头陀,特殊,星演鞋·少林,-,
"483","达摩洞","25人普通",哑头陀,特殊,星演鞋·丐帮,-,
"483","达摩洞","25人普通",哑头陀,特殊,星演鞋·北天药宗,-,
"483","达摩洞","25人普通",哑头陀,特殊,星演鞋·万花,-,
"483","达摩洞","25人普通",哑头陀,特殊,星演鞋·明教,-,
"483","达摩洞","25人普通",哑头陀,特殊,星演鞋·天策,-,
"483","达摩洞","25人普通",哑头陀,特殊,星演鞋·苍云,-,
"483","达摩洞","25人普通",哑头陀,特殊,破损的机关轴承,-,
"483","达摩洞","25人普通",哑头陀,特殊,星演鞋·纯阳,-,
"483","达摩洞","25人普通",哑头陀,特殊,星演鞋·长歌,-,
"483","达摩洞","25人普通",哑头陀,特殊,藏剑武器·落星独客,-,
"483","达摩洞","25人普通",哑头陀,特殊,星演帽·刀宗,-,
"483","达摩洞","25人普通",岳琳、岳琅,家具,阿修罗像,-,
"483","达摩洞","25人普通",岳琳、岳琅,特殊,鬼市初现,-,
"483","达摩洞","25人普通",岳琳、岳琅,特殊,趁火打劫,-,
"483","达摩洞","25人普通",岳琳、岳琅,特殊,星演衣·七秀,-,
"483","达摩洞","25人普通",岳琳、岳琅,特殊,星演衣·刀宗,-,
"483","达摩洞","25人普通",岳琳、岳琅,特殊,星演衣·五毒,-,
"483","达摩洞","25人普通",岳琳、岳琅,特殊,星演衣·唐门,-,
"483","达摩洞","25人普通",岳琳、岳琅,特殊,藏剑武器·落星独客,-,
"483","达摩洞","25人普通",岳琳、岳琅,特殊,星演衣·藏剑,-,
"483","达摩洞","25人普通",岳琳、岳琅,特殊,星演衣·丐帮,-,
"483","达摩洞","25人普通",岳琳、岳琅,特殊,曳影剑碎片,-,
"483","达摩洞","25人普通",岳琳、岳琅,特殊,星演衣·明教,-,
"483","达摩洞","25人普通",岳琳、岳琅,特殊,星演衣·万灵,-,
"483","达摩洞","25人普通",岳琳、岳琅,特殊,星演衣·苍云,-,
"483","达摩洞","25人普通",岳琳、岳琅,特殊,星演衣·长歌,-,
"483","达摩洞","25人普通",岳琳、岳琅,特殊,星演衣·霸刀,-,
"483","达摩洞","25人普通",岳琳、岳琅,特殊,星演衣·蓬莱,-,
"483","达摩洞","25人普通",岳琳、岳琅,特殊,星演衣·凌雪阁,-,
"483","达摩洞","25人普通",岳琳、岳琅,特殊,星演衣·衍天宗,-,
"483","达摩洞","25人普通",岳琳、岳琅,特殊,星演衣·北天药宗,-,
"483","达摩洞","25人普通",岳琳、岳琅,特殊,星演衣·少林,-,
"483","达摩洞","25人普通",岳琳、岳琅,特殊,星演衣·万花,-,
"483","达摩洞","25人普通",岳琳、岳琅,特殊,星演衣·天策,-,
"483","达摩洞","25人普通",岳琳、岳琅,特殊,星演衣·纯阳,-,
"484","达摩洞","25人英雄",余晖,特殊,惊尘护腕·少林,-,
"484","达摩洞","25人英雄",余晖,特殊,惊尘护腕·万花,-,
"484","达摩洞","25人英雄",余晖,特殊,惊尘护腕·天策,-,
"484","达摩洞","25人英雄",余晖,特殊,惊尘护腕·纯阳,-,
"484","达摩洞","25人英雄",余晖,特殊,惊尘护腕·七秀,-,
"484","达摩洞","25人英雄",余晖,特殊,惊尘护腕·五毒,-,
"484","达摩洞","25人英雄",余晖,特殊,惊尘护腕·唐门,-,
"484","达摩洞","25人英雄",余晖,特殊,惊尘护腕·藏剑,-,
"484","达摩洞","25人英雄",余晖,特殊,惊尘护腕·丐帮,-,
"484","达摩洞","25人英雄",余晖,特殊,惊尘护腕·明教,-,
"484","达摩洞","25人英雄",余晖,特殊,藏剑武器·饮涧云开,-,
"484","达摩洞","25人英雄",余晖,特殊,惊尘护腕·苍云,-,
"484","达摩洞","25人英雄",余晖,特殊,惊尘护腕·北天药宗,-,
"484","达摩洞","25人英雄",余晖,特殊,惊尘护腕·长歌,-,
"484","达摩洞","25人英雄",余晖,特殊,惊尘护腕·刀宗,-,
"484","达摩洞","25人英雄",余晖,特殊,惊尘护腕·霸刀,-,
"484","达摩洞","25人英雄",余晖,特殊,惊尘护腕·蓬莱,-,
"484","达摩洞","25人英雄",余晖,特殊,惊尘护腕·万灵,-,
"484","达摩洞","25人英雄",余晖,特殊,惊尘护腕·凌雪阁,-,
"484","达摩洞","25人英雄",余晖,特殊,惊尘护腕·衍天宗,-,
"484","达摩洞","25人英雄",宓桃,特殊,惊尘腰带·少林,-,
"484","达摩洞","25人英雄",宓桃,特殊,惊尘腰带·万花,-,
"484","达摩洞","25人英雄",宓桃,特殊,惊尘腰带·天策,-,
"484","达摩洞","25人英雄",宓桃,特殊,惊尘腰带·纯阳,-,
"484","达摩洞","25人英雄",宓桃,特殊,惊尘腰带·七秀,-,
"484","达摩洞","25人英雄",宓桃,特殊,惊尘腰带·五毒,-,
"484","达摩洞","25人英雄",宓桃,特殊,惊尘腰带·唐门,-,
"484","达摩洞","25人英雄",宓桃,特殊,惊尘腰带·藏剑,-,
"484","达摩洞","25人英雄",宓桃,特殊,惊尘腰带·丐帮,-,
"484","达摩洞","25人英雄",宓桃,特殊,惊尘腰带·明教,-,
"484","达摩洞","25人英雄",宓桃,特殊,惊尘腰带·苍云,-,
"484","达摩洞","25人英雄",宓桃,特殊,惊尘腰带·长歌,-,
"484","达摩洞","25人英雄",宓桃,特殊,惊尘腰带·霸刀,-,
"484","达摩洞","25人英雄",宓桃,特殊,惊尘腰带·蓬莱,-,
"484","达摩洞","25人英雄",宓桃,特殊,惊尘腰带·凌雪阁,-,
"484","达摩洞","25人英雄",宓桃,特殊,惊尘腰带·衍天宗,-,
"484","达摩洞","25人英雄",宓桃,特殊,藏剑武器·饮涧云开,-,
"484","达摩洞","25人英雄",宓桃,特殊,惊尘腰带·北天药宗,-,
"484","达摩洞","25人英雄",宓桃,特殊,惊尘腰带·刀宗,-,
"484","达摩洞","25人英雄",宓桃,特殊,惊尘腰带·万灵,-,
"484","达摩洞","25人英雄",武雪散,特殊,惊尘鞋·少林,-,
"484","达摩洞","25人英雄",武雪散,特殊,惊尘鞋·万花,-,
"484","达摩洞","25人英雄",武雪散,特殊,藏剑武器·饮涧云开,-,
"484","达摩洞","25人英雄",武雪散,特殊,惊尘鞋·天策,-,
"484","达摩洞","25人英雄",武雪散,特殊,惊尘鞋·纯阳,-,
"484","达摩洞","25人英雄",武雪散,特殊,惊尘鞋·七秀,-,
"484","达摩洞","25人英雄",武雪散,特殊,惊尘鞋·五毒,-,
"484","达摩洞","25人英雄",武雪散,特殊,惊尘鞋·唐门,-,
"484","达摩洞","25人英雄",武雪散,特殊,惊尘鞋·北天药宗,-,
"484","达摩洞","25人英雄",武雪散,特殊,惊尘鞋·藏剑,-,
"484","达摩洞","25人英雄",武雪散,特殊,惊尘鞋·丐帮,-,
"484","达摩洞","25人英雄",武雪散,特殊,惊尘鞋·刀宗,-,
"484","达摩洞","25人英雄",武雪散,特殊,惊尘鞋·明教,-,
"484","达摩洞","25人英雄",武雪散,特殊,惊尘鞋·苍云,-,
"484","达摩洞","25人英雄",武雪散,特殊,惊尘鞋·长歌,-,
"484","达摩洞","25人英雄",武雪散,特殊,惊尘鞋·万灵,-,
"484","达摩洞","25人英雄",武雪散,特殊,惊尘鞋·霸刀,-,
"484","达摩洞","25人英雄",武雪散,特殊,惊尘鞋·蓬莱,-,
"484","达摩洞","25人英雄",武雪散,特殊,惊尘鞋·凌雪阁,-,
"484","达摩洞","25人英雄",武雪散,特殊,惊尘鞋·衍天宗,-,
"484","达摩洞","25人英雄",猿飞,特殊,惊尘衣·少林,-,
"484","达摩洞","25人英雄",猿飞,特殊,惊尘衣·万花,-,
"484","达摩洞","25人英雄",猿飞,特殊,惊尘衣·天策,-,
"484","达摩洞","25人英雄",猿飞,特殊,惊尘衣·纯阳,-,
"484","达摩洞","25人英雄",猿飞,特殊,惊尘衣·七秀,-,
"484","达摩洞","25人英雄",猿飞,特殊,惊尘衣·五毒,-,
"484","达摩洞","25人英雄",猿飞,特殊,惊尘衣·唐门,-,
"484","达摩洞","25人英雄",猿飞,特殊,惊尘衣·藏剑,-,
"484","达摩洞","25人英雄",猿飞,特殊,惊尘衣·丐帮,-,
"484","达摩洞","25人英雄",猿飞,特殊,惊尘衣·明教,-,
"484","达摩洞","25人英雄",猿飞,特殊,惊尘衣·苍云,-,
"484","达摩洞","25人英雄",猿飞,特殊,惊尘衣·长歌,-,
"484","达摩洞","25人英雄",猿飞,特殊,惊尘衣·霸刀,-,
"484","达摩洞","25人英雄",猿飞,特殊,惊尘衣·蓬莱,-,
"484","达摩洞","25人英雄",猿飞,特殊,惊尘衣·凌雪阁,-,
"484","达摩洞","25人英雄",猿飞,特殊,惊尘衣·衍天宗,-,
"484","达摩洞","25人英雄",猿飞,特殊,藏剑武器·饮涧云开,-,
"484","达摩洞","25人英雄",猿飞,特殊,猿神发带,-,
"484","达摩洞","25人英雄",猿飞,特殊,惊尘衣·北天药宗,-,
"484","达摩洞","25人英雄",猿飞,特殊,流波玉,-,
"484","达摩洞","25人英雄",猿飞,特殊,惊尘衣·刀宗,-,
"484","达摩洞","25人英雄",猿飞,特殊,惊尘衣·万灵,-,
"484","达摩洞","25人英雄",哑头陀,特殊,鬼斧之功,-,
"484","达摩洞","25人英雄",哑头陀,特殊,惊尘帽·少林,-,
"484","达摩洞","25人英雄",哑头陀,特殊,惊尘帽·万花,-,
"484","达摩洞","25人英雄",哑头陀,特殊,惊尘帽·天策,-,
"484","达摩洞","25人英雄",哑头陀,特殊,惊尘帽·纯阳,-,
"484","达摩洞","25人英雄",哑头陀,特殊,惊尘帽·七秀,-,
"484","达摩洞","25人英雄",哑头陀,特殊,惊尘帽·五毒,-,
"484","达摩洞","25人英雄",哑头陀,特殊,惊尘帽·唐门,-,
"484","达摩洞","25人英雄",哑头陀,特殊,惊尘帽·藏剑,-,
"484","达摩洞","25人英雄",哑头陀,特殊,惊尘帽·丐帮,-,
"484","达摩洞","25人英雄",哑头陀,特殊,惊尘帽·明教,-,
"484","达摩洞","25人英雄",哑头陀,特殊,惊尘帽·苍云,-,
"484","达摩洞","25人英雄",哑头陀,特殊,惊尘帽·长歌,-,
"484","达摩洞","25人英雄",哑头陀,特殊,惊尘帽·霸刀,-,
"484","达摩洞","25人英雄",哑头陀,特殊,惊尘帽·蓬莱,-,
"484","达摩洞","25人英雄",哑头陀,特殊,惊尘帽·凌雪阁,-,
"484","达摩洞","25人英雄",哑头陀,特殊,惊尘帽·衍天宗,-,
"484","达摩洞","25人英雄",哑头陀,特殊,清燕阴谋,-,
"484","达摩洞","25人英雄",哑头陀,特殊,破损的机关轴承,-,
"484","达摩洞","25人英雄",哑头陀,特殊,藏剑武器·饮涧云开,-,
"484","达摩洞","25人英雄",哑头陀,特殊,惊尘帽·北天药宗,-,
"484","达摩洞","25人英雄",哑头陀,特殊,惊尘帽·刀宗,-,
"484","达摩洞","25人英雄",哑头陀,特殊,惊尘帽·万灵,-,
"484","达摩洞","25人英雄",岳琳、岳琅,家具,阿修罗像,-,
"484","达摩洞","25人英雄",岳琳、岳琅,特殊,鬼市初现,-,
"484","达摩洞","25人英雄",岳琳、岳琅,特殊,趁火打劫,-,
"484","达摩洞","25人英雄",岳琳、岳琅,特殊,藏剑武器·连星江寒,-,
"484","达摩洞","25人英雄",岳琳、岳琅,特殊,曳影剑碎片,-,
"484","达摩洞","25人英雄",岳琳、岳琅,特殊,流波玉,-,
"468","剑冢惊变","5人普通",陈骇,特殊,炼气丸,-,
"468","剑冢惊变","5人普通",陈骇,特殊,挂件包·背部,-,
"468","剑冢惊变","5人普通",陈骇,特殊,挂件包·腰部,-,
"468","剑冢惊变","5人普通",雾影千斩,特殊,炼气丸,-,
"468","剑冢惊变","5人普通",雾影千斩,特殊,挂件包·背部,-,
"468","剑冢惊变","5人普通",雾影千斩,特殊,挂件包·腰部,-,
"468","剑冢惊变","5人普通",陈徽,特殊,挂件包·背部,-,
"468","剑冢惊变","5人普通",陈徽,特殊,炼气丸,-,
"468","剑冢惊变","5人普通",陈徽,特殊,挂件包·腰部,-,
"468","剑冢惊变","5人普通",陈徽,特殊,藏剑武器·豪享风流,-,
"469","剑冢惊变","5人英雄",陈骇,特殊,挂件包·背部,-,
"469","剑冢惊变","5人英雄",陈骇,特殊,炼气丸,-,
"469","剑冢惊变","5人英雄",陈骇,特殊,挂件包·腰部,-,
"469","剑冢惊变","5人英雄",雾影千斩,特殊,挂件包·腰部,-,
"469","剑冢惊变","5人英雄",雾影千斩,特殊,炼气丸,-,
"469","剑冢惊变","5人英雄",雾影千斩,特殊,挂件包·背部,-,
"469","剑冢惊变","5人英雄",陈徽,家具,苦竹环摆灯,-,
"469","剑冢惊变","5人英雄",陈徽,特殊,《杂艺·舞火》,-,
"469","剑冢惊变","5人英雄",陈徽,特殊,《破阵舞·丰财》,-,
"469","剑冢惊变","5人英雄",陈徽,特殊,《九功舞·祥瑞》,-,
"469","剑冢惊变","5人英雄",陈徽,特殊,封石,-,
"469","剑冢惊变","5人英雄",陈徽,特殊,炼气丸,-,
"469","剑冢惊变","5人英雄",陈徽,家具,修竹朗灯,-,
"469","剑冢惊变","5人英雄",陈徽,特殊,挂件包·背部,-,
"469","剑冢惊变","5人英雄",陈徽,特殊,藏剑武器·山川一方,-,
"469","剑冢惊变","5人英雄",陈徽,特殊,挂件包·腰部,-,
"476","梦入集真岛","5人普通",观勒,特殊,挂件包·背部,-,
"476","梦入集真岛","5人普通",观勒,特殊,挂件包·腰部,-,
"476","梦入集真岛","5人普通",观勒,特殊,炼气丸,-,
"476","梦入集真岛","5人普通",天空,特殊,炼气丸,-,
"476","梦入集真岛","5人普通",天空,特殊,挂件包·背部,-,
"476","梦入集真岛","5人普通",天空,特殊,挂件包·腰部,-,
"481","梦入集真岛","5人英雄",观勒,特殊,挂件包·背部,-,
"481","梦入集真岛","5人英雄",观勒,特殊,炼气丸,-,
"481","梦入集真岛","5人英雄",观勒,特殊,挂件包·腰部,-,
"481","梦入集真岛","5人英雄",天空,家具,苦竹环摆灯,-,
"481","梦入集真岛","5人英雄",天空,特殊,挂件包·腰部,-,
"481","梦入集真岛","5人英雄",天空,特殊,《杂艺·舞火》,-,
"481","梦入集真岛","5人英雄",天空,特殊,《破阵舞·丰财》,-,
"481","梦入集真岛","5人英雄",天空,特殊,《九功舞·祥瑞》,-,
"481","梦入集真岛","5人英雄",天空,特殊,封石,-,
"481","梦入集真岛","5人英雄",天空,特殊,炼气丸,-,
"481","梦入集真岛","5人英雄",天空,家具,修竹朗灯,-,
"481","梦入集真岛","5人英雄",天空,特殊,藏剑武器·山川一方,-,
"481","梦入集真岛","5人英雄",天空,特殊,挂件包·背部,-,
"477","梧桐山庄","5人普通",雀卿,特殊,挂件包·背部,-,
"477","梧桐山庄","5人普通",雀卿,特殊,炼气丸,-,
"477","梧桐山庄","5人普通",雀卿,特殊,挂件包·腰部,-,
"477","梧桐山庄","5人普通",阮梅,特殊,炼气丸,-,
"477","梧桐山庄","5人普通",阮梅,特殊,挂件包·背部,-,
"477","梧桐山庄","5人普通",阮梅,特殊,挂件包·腰部,-,
"477","梧桐山庄","5人普通",罗刀,特殊,解尸记录,-,
"477","梧桐山庄","5人普通",罗刀,特殊,炼气丸,-,
"477","梧桐山庄","5人普通",罗刀,特殊,挂件包·背部,-,
"477","梧桐山庄","5人普通",罗刀,特殊,挂件包·腰部,-,
"477","梧桐山庄","5人普通",罗刀,特殊,藏剑武器·天地空山,-,
"478","梧桐山庄","5人英雄",雀卿,特殊,炼气丸,-,
"478","梧桐山庄","5人英雄",雀卿,特殊,挂件包·背部,-,
"478","梧桐山庄","5人英雄",雀卿,特殊,挂件包·腰部,-,
"478","梧桐山庄","5人英雄",阮梅,特殊,挂件包·腰部,-,
"478","梧桐山庄","5人英雄",阮梅,特殊,炼气丸,-,
"478","梧桐山庄","5人英雄",阮梅,特殊,挂件包·背部,-,
"478","梧桐山庄","5人英雄",罗刀,家具,苦竹环摆灯,-,
"478","梧桐山庄","5人英雄",罗刀,特殊,《杂艺·舞火》,-,
"478","梧桐山庄","5人英雄",罗刀,特殊,《破阵舞·丰财》,-,
"478","梧桐山庄","5人英雄",罗刀,特殊,《九功舞·祥瑞》,-,
"478","梧桐山庄","5人英雄",罗刀,特殊,挂件包·背部,-,
"478","梧桐山庄","5人英雄",罗刀,特殊,解尸记录,-,
"478","梧桐山庄","5人英雄",罗刀,特殊,封石,-,
"478","梧桐山庄","5人英雄",罗刀,特殊,炼气丸,-,
"478","梧桐山庄","5人英雄",罗刀,家具,修竹朗灯,-,
"478","梧桐山庄","5人英雄",罗刀,特殊,藏剑武器·山川一方,-,
"478","梧桐山庄","5人英雄",罗刀,特殊,挂件包·腰部,-,
"479","罗汉门","5人普通",宓果,特殊,炼气丸,-,
"479","罗汉门","5人普通",宓果,特殊,挂件包·背部,-,
"479","罗汉门","5人普通",宓果,特殊,挂件包·腰部,-,
"479","罗汉门","5人普通",刘细,特殊,挂件包·背部,-,
"479","罗汉门","5人普通",刘细,特殊,炼气丸,-,
"479","罗汉门","5人普通",刘细,特殊,挂件包·腰部,-,
"479","罗汉门","5人普通",郝大雪,特殊,炼气丸,-,
"479","罗汉门","5人普通",郝大雪,特殊,挂件包·背部,-,
"479","罗汉门","5人普通",郝大雪,特殊,挂件包·腰部,-,
"479","罗汉门","5人普通",郝大雪,特殊,藏剑武器·豪享风流,-,
"480","罗汉门","5人英雄",宓果,特殊,挂件包·腰部,-,
"480","罗汉门","5人英雄",宓果,特殊,炼气丸,-,
"480","罗汉门","5人英雄",宓果,特殊,挂件包·背部,-,
"480","罗汉门","5人英雄",刘细,特殊,炼气丸,-,
"480","罗汉门","5人英雄",刘细,特殊,挂件包·背部,-,
"480","罗汉门","5人英雄",刘细,特殊,挂件包·腰部,-,
"480","罗汉门","5人英雄",郝大雪,家具,苦竹环摆灯,-,
"480","罗汉门","5人英雄",郝大雪,特殊,《杂艺·舞火》,-,
"480","罗汉门","5人英雄",郝大雪,特殊,《破阵舞·丰财》,-,
"480","罗汉门","5人英雄",郝大雪,特殊,《九功舞·祥瑞》,-,
"480","罗汉门","5人英雄",郝大雪,特殊,挂件包·背部,-,
"480","罗汉门","5人英雄",郝大雪,特殊,封石,-,
"480","罗汉门","5人英雄",郝大雪,特殊,炼气丸,-,
"480","罗汉门","5人英雄",郝大雪,家具,修竹朗灯,-,
"480","罗汉门","5人英雄",郝大雪,特殊,藏剑武器·山川一方,-,
"480","罗汉门","5人英雄",郝大雪,特殊,挂件包·腰部,-,
"489","月落三星","5人普通",苏凤楼,特殊,挂件包·背部,-,
"489","月落三星","5人普通",苏凤楼,特殊,炼气丸,-,
"489","月落三星","5人普通",苏凤楼,特殊,挂件包·腰部,-,
"489","月落三星","5人普通",韩敬青,特殊,炼气丸,-,
"489","月落三星","5人普通",韩敬青,特殊,挂件包·背部,-,
"489","月落三星","5人普通",韩敬青,特殊,挂件包·腰部,-,
"489","月落三星","5人普通",藤原夕夏,特殊,炼气丸,-,
"489","月落三星","5人普通",藤原夕夏,特殊,挂件包·背部,-,
"489","月落三星","5人普通",藤原夕夏,特殊,挂件包·腰部,-,
"489","月落三星","5人普通",藤原夕夏,特殊,藏剑武器·天地空山,-,
"490","月落三星","5人英雄",苏凤楼,特殊,炼气丸,-,
"490","月落三星","5人英雄",苏凤楼,特殊,挂件包·背部,-,
"490","月落三星","5人英雄",苏凤楼,特殊,挂件包·腰部,-,
"490","月落三星","5人英雄",韩敬青,特殊,挂件包·背部,-,
"490","月落三星","5人英雄",韩敬青,特殊,染血的笔,-,
"490","月落三星","5人英雄",韩敬青,特殊,炼气丸,-,
"490","月落三星","5人英雄",韩敬青,特殊,挂件包·腰部,-,
"490","月落三星","5人英雄",藤原夕夏,家具,苦竹环摆灯,-,
"490","月落三星","5人英雄",藤原夕夏,特殊,挂件包·腰部,-,
"490","月落三星","5人英雄",藤原夕夏,特殊,《杂艺·舞火》,-,
"490","月落三星","5人英雄",藤原夕夏,特殊,《破阵舞·丰财》,-,
"490","月落三星","5人英雄",藤原夕夏,特殊,《九功舞·祥瑞》,-,
"490","月落三星","5人英雄",藤原夕夏,特殊,封石,-,
"490","月落三星","5人英雄",藤原夕夏,家具,修竹朗灯,-,
"490","月落三星","5人英雄",藤原夕夏,特殊,炼气丸,-,
"490","月落三星","5人英雄",藤原夕夏,特殊,藏剑武器·山川一方,-,
"490","月落三星","5人英雄",藤原夕夏,特殊,挂件包·背部,-,
"452","范阳夜变","10人普通",周贽,特殊,探幽宝藏·防具,-,
"452","范阳夜变","10人普通",周贽,特殊,探幽宝藏·武器,-,
"452","范阳夜变","10人普通",周贽,特殊,叁级五彩石,-,
"452","范阳夜变","10人普通",周贽,特殊,五行石（六级）,-,
"452","范阳夜变","10人普通",周贽,特殊,玛瑙,-,
"452","范阳夜变","10人普通",周贽,特殊,猫眼石,-,
"452","范阳夜变","10人普通",周贽,特殊,蜃海陨铁,-,
"452","范阳夜变","10人普通",周贽,特殊,探幽宝藏·首饰,-,
"452","范阳夜变","10人普通",厌夜,特殊,探幽宝藏·首饰,-,
"452","范阳夜变","10人普通",厌夜,特殊,叁级五彩石,-,
"452","范阳夜变","10人普通",厌夜,特殊,五行石（六级）,-,
"452","范阳夜变","10人普通",厌夜,特殊,玛瑙,-,
"452","范阳夜变","10人普通",厌夜,特殊,猫眼石,-,
"452","范阳夜变","10人普通",厌夜,特殊,蜃海陨铁,-,
"452","范阳夜变","10人普通",厌夜,特殊,探幽宝藏·防具,-,
"452","范阳夜变","10人普通",厌夜,特殊,探幽宝藏·武器,-,
"452","范阳夜变","10人普通",迟驻,特殊,探幽宝藏·防具,-,
"452","范阳夜变","10人普通",迟驻,特殊,探幽宝藏·武器,-,
"452","范阳夜变","10人普通",迟驻,特殊,何弃身·迟驻（下）,-,
"452","范阳夜变","10人普通",迟驻,特殊,肆级五彩石,-,
"452","范阳夜变","10人普通",迟驻,特殊,五行石（六级）,-,
"452","范阳夜变","10人普通",迟驻,特殊,玛瑙,-,
"452","范阳夜变","10人普通",迟驻,特殊,猫眼石,-,
"452","范阳夜变","10人普通",迟驻,特殊,蜃海陨铁,-,
"452","范阳夜变","10人普通",迟驻,特殊,探幽宝藏·首饰,-,
"452","范阳夜变","10人普通",白某,特殊,探幽宝藏·首饰,-,
"452","范阳夜变","10人普通",白某,特殊,何弃身·白某（上）,-,
"452","范阳夜变","10人普通",白某,特殊,何弃身·白某（下）,-,
"452","范阳夜变","10人普通",白某,特殊,肆级五彩石,-,
"452","范阳夜变","10人普通",白某,特殊,五行石（六级）,-,
"452","范阳夜变","10人普通",白某,特殊,玛瑙,-,
"452","范阳夜变","10人普通",白某,特殊,猫眼石,-,
"452","范阳夜变","10人普通",白某,特殊,蜃海陨铁,-,
"452","范阳夜变","10人普通",白某,特殊,归墟玄晶,-,
"452","范阳夜变","10人普通",白某,特殊,探幽宝藏·防具,-,
"452","范阳夜变","10人普通",白某,特殊,探幽宝藏·武器,-,
"452","范阳夜变","10人普通",安小逢,特殊,探幽宝藏·防具,-,
"452","范阳夜变","10人普通",安小逢,特殊,探幽宝藏·武器,-,
"452","范阳夜变","10人普通",安小逢,家具,润州绣舞筵,-,
"452","范阳夜变","10人普通",安小逢,特殊,肆级五彩石,-,
"452","范阳夜变","10人普通",安小逢,特殊,五行石（六级）,-,
"452","范阳夜变","10人普通",安小逢,特殊,玛瑙,-,
"452","范阳夜变","10人普通",安小逢,特殊,猫眼石,-,
"452","范阳夜变","10人普通",安小逢,特殊,蜃海陨铁,-,
"452","范阳夜变","10人普通",安小逢,特殊,归墟玄晶,-,
"452","范阳夜变","10人普通",安小逢,特殊,藏剑武器·延陵流安,-,
"452","范阳夜变","10人普通",安小逢,特殊,探幽宝藏·首饰,-,
"453","范阳夜变","25人普通",周贽,特殊,藏剑武器·冷秋斩水,-,
"453","范阳夜变","25人普通",周贽,特殊,晓天护腕·纯阳,-,
"453","范阳夜变","25人普通",周贽,特殊,晓天护腕·藏剑,-,
"453","范阳夜变","25人普通",周贽,特殊,晓天护腕·长歌,-,
"453","范阳夜变","25人普通",周贽,特殊,晓天护腕·少林,-,
"453","范阳夜变","25人普通",周贽,特殊,晓天护腕·七秀,-,
"453","范阳夜变","25人普通",周贽,特殊,晓天护腕·丐帮,-,
"453","范阳夜变","25人普通",周贽,特殊,晓天护腕·霸刀,-,
"453","范阳夜变","25人普通",周贽,特殊,蜃海陨铁,-,
"453","范阳夜变","25人普通",周贽,特殊,晓天护腕·万花,-,
"453","范阳夜变","25人普通",周贽,特殊,晓天护腕·五毒,-,
"453","范阳夜变","25人普通",周贽,特殊,晓天护腕·明教,-,
"453","范阳夜变","25人普通",周贽,特殊,晓天护腕·蓬莱,-,
"453","范阳夜变","25人普通",周贽,特殊,晓天护腕·天策,-,
"453","范阳夜变","25人普通",周贽,特殊,晓天护腕·唐门,-,
"453","范阳夜变","25人普通",周贽,特殊,晓天护腕·苍云,-,
"453","范阳夜变","25人普通",周贽,特殊,晓天护腕·凌雪阁,-,
"453","范阳夜变","25人普通",周贽,特殊,晓天护腕·刀宗,-,
"453","范阳夜变","25人普通",厌夜,特殊,蜃海陨铁,-,
"453","范阳夜变","25人普通",厌夜,特殊,晓天腰带·少林,-,
"453","范阳夜变","25人普通",厌夜,特殊,晓天腰带·丐帮,-,
"453","范阳夜变","25人普通",厌夜,特殊,晓天腰带·万花,-,
"453","范阳夜变","25人普通",厌夜,特殊,晓天腰带·明教,-,
"453","范阳夜变","25人普通",厌夜,特殊,晓天腰带·天策,-,
"453","范阳夜变","25人普通",厌夜,特殊,晓天腰带·苍云,-,
"453","范阳夜变","25人普通",厌夜,特殊,晓天腰带·纯阳,-,
"453","范阳夜变","25人普通",厌夜,特殊,晓天腰带·长歌,-,
"453","范阳夜变","25人普通",厌夜,特殊,藏剑武器·冷秋斩水,-,
"453","范阳夜变","25人普通",厌夜,特殊,晓天腰带·七秀,-,
"453","范阳夜变","25人普通",厌夜,特殊,晓天腰带·霸刀,-,
"453","范阳夜变","25人普通",厌夜,特殊,晓天腰带·五毒,-,
"453","范阳夜变","25人普通",厌夜,特殊,晓天腰带·蓬莱,-,
"453","范阳夜变","25人普通",厌夜,特殊,晓天腰带·唐门,-,
"453","范阳夜变","25人普通",厌夜,特殊,晓天腰带·凌雪阁,-,
"453","范阳夜变","25人普通",厌夜,特殊,晓天腰带·刀宗,-,
"453","范阳夜变","25人普通",厌夜,特殊,晓天腰带·藏剑,-,
"453","范阳夜变","25人普通",迟驻,特殊,何弃身·迟驻（下）,-,
"453","范阳夜变","25人普通",迟驻,特殊,蜃海陨铁,-,
"453","范阳夜变","25人普通",迟驻,特殊,藏剑武器·冷秋斩水,-,
"453","范阳夜变","25人普通",迟驻,特殊,晓天鞋·万花,-,
"453","范阳夜变","25人普通",迟驻,特殊,晓天鞋·明教,-,
"453","范阳夜变","25人普通",迟驻,特殊,晓天鞋·天策,-,
"453","范阳夜变","25人普通",迟驻,特殊,晓天鞋·苍云,-,
"453","范阳夜变","25人普通",迟驻,特殊,晓天鞋·纯阳,-,
"453","范阳夜变","25人普通",迟驻,特殊,晓天鞋·长歌,-,
"453","范阳夜变","25人普通",迟驻,特殊,晓天鞋·七秀,-,
"453","范阳夜变","25人普通",迟驻,特殊,晓天鞋·霸刀,-,
"453","范阳夜变","25人普通",迟驻,特殊,晓天鞋·五毒,-,
"453","范阳夜变","25人普通",迟驻,特殊,晓天鞋·蓬莱,-,
"453","范阳夜变","25人普通",迟驻,特殊,晓天鞋·唐门,-,
"453","范阳夜变","25人普通",迟驻,特殊,晓天鞋·凌雪阁,-,
"453","范阳夜变","25人普通",迟驻,特殊,晓天鞋·藏剑,-,
"453","范阳夜变","25人普通",迟驻,特殊,晓天鞋·少林,-,
"453","范阳夜变","25人普通",迟驻,特殊,晓天鞋·丐帮,-,
"453","范阳夜变","25人普通",迟驻,特殊,晓天鞋·刀宗,-,
"453","范阳夜变","25人普通",白某,特殊,何弃身·白某（上）,-,
"453","范阳夜变","25人普通",白某,特殊,何弃身·白某（下）,-,
"453","范阳夜变","25人普通",白某,特殊,蜃海陨铁,-,
"453","范阳夜变","25人普通",白某,特殊,晓天帽·天策,-,
"453","范阳夜变","25人普通",白某,特殊,晓天帽·纯阳,-,
"453","范阳夜变","25人普通",白某,特殊,晓天帽·七秀,-,
"453","范阳夜变","25人普通",白某,特殊,晓天帽·五毒,-,
"453","范阳夜变","25人普通",白某,特殊,晓天帽·唐门,-,
"453","范阳夜变","25人普通",白某,特殊,晓天帽·藏剑,-,
"453","范阳夜变","25人普通",白某,特殊,晓天帽·丐帮,-,
"453","范阳夜变","25人普通",白某,特殊,晓天帽·明教,-,
"453","范阳夜变","25人普通",白某,特殊,归墟玄晶,-,
"453","范阳夜变","25人普通",白某,特殊,藏剑武器·冷秋斩水,-,
"453","范阳夜变","25人普通",白某,特殊,晓天帽·苍云,-,
"453","范阳夜变","25人普通",白某,特殊,晓天帽·长歌,-,
"453","范阳夜变","25人普通",白某,特殊,晓天帽·霸刀,-,
"453","范阳夜变","25人普通",白某,特殊,晓天帽·蓬莱,-,
"453","范阳夜变","25人普通",白某,特殊,晓天帽·少林,-,
"453","范阳夜变","25人普通",白某,特殊,晓天帽·凌雪阁,-,
"453","范阳夜变","25人普通",白某,特殊,晓天帽·万花,-,
"453","范阳夜变","25人普通",白某,特殊,晓天帽·刀宗,-,
"453","范阳夜变","25人普通",安小逢,家具,润州绣舞筵,-,
"453","范阳夜变","25人普通",安小逢,特殊,蜃海陨铁,-,
"453","范阳夜变","25人普通",安小逢,特殊,归墟玄晶,-,
"453","范阳夜变","25人普通",安小逢,特殊,藏剑武器·冷秋斩水,-,
"453","范阳夜变","25人普通",安小逢,特殊,晓天衣·纯阳,-,
"453","范阳夜变","25人普通",安小逢,特殊,晓天衣·刀宗,-,
"453","范阳夜变","25人普通",安小逢,特殊,晓天衣·七秀,-,
"453","范阳夜变","25人普通",安小逢,特殊,晓天衣·五毒,-,
"453","范阳夜变","25人普通",安小逢,特殊,晓天衣·唐门,-,
"453","范阳夜变","25人普通",安小逢,特殊,晓天衣·藏剑,-,
"453","范阳夜变","25人普通",安小逢,特殊,晓天衣·丐帮,-,
"453","范阳夜变","25人普通",安小逢,特殊,晓天衣·明教,-,
"453","范阳夜变","25人普通",安小逢,特殊,晓天衣·苍云,-,
"453","范阳夜变","25人普通",安小逢,特殊,晓天衣·长歌,-,
"453","范阳夜变","25人普通",安小逢,特殊,晓天衣·霸刀,-,
"453","范阳夜变","25人普通",安小逢,特殊,晓天衣·蓬莱,-,
"453","范阳夜变","25人普通",安小逢,特殊,晓天衣·凌雪阁,-,
"453","范阳夜变","25人普通",安小逢,特殊,晓天衣·少林,-,
"453","范阳夜变","25人普通",安小逢,特殊,晓天衣·万花,-,
"453","范阳夜变","25人普通",安小逢,特殊,晓天衣·天策,-,
"454","范阳夜变","25人英雄",周贽,特殊,夺夜护腕·少林,-,
"454","范阳夜变","25人英雄",周贽,特殊,夺夜护腕·天策,-,
"454","范阳夜变","25人英雄",周贽,特殊,夺夜护腕·七秀,-,
"454","范阳夜变","25人英雄",周贽,特殊,夺夜护腕·丐帮,-,
"454","范阳夜变","25人英雄",周贽,特殊,夺夜护腕·霸刀,-,
"454","范阳夜变","25人英雄",周贽,特殊,夺夜护腕·刀宗,-,
"454","范阳夜变","25人英雄",周贽,特殊,夺夜护腕·五毒,-,
"454","范阳夜变","25人英雄",周贽,特殊,夺夜护腕·明教,-,
"454","范阳夜变","25人英雄",周贽,特殊,夺夜护腕·蓬莱,-,
"454","范阳夜变","25人英雄",周贽,特殊,蜃海陨铁,-,
"454","范阳夜变","25人英雄",周贽,特殊,夺夜护腕·万花,-,
"454","范阳夜变","25人英雄",周贽,特殊,夺夜护腕·纯阳,-,
"454","范阳夜变","25人英雄",周贽,特殊,夺夜护腕·唐门,-,
"454","范阳夜变","25人英雄",周贽,特殊,夺夜护腕·苍云,-,
"454","范阳夜变","25人英雄",周贽,特殊,夺夜护腕·凌雪阁,-,
"454","范阳夜变","25人英雄",周贽,特殊,藏剑武器·江涛斜影,-,
"454","范阳夜变","25人英雄",周贽,特殊,夺夜护腕·藏剑,-,
"454","范阳夜变","25人英雄",周贽,特殊,夺夜护腕·长歌,-,
"454","范阳夜变","25人英雄",厌夜,特殊,蜃海陨铁,-,
"454","范阳夜变","25人英雄",厌夜,特殊,夺夜腰带·万花,-,
"454","范阳夜变","25人英雄",厌夜,特殊,夺夜腰带·五毒,-,
"454","范阳夜变","25人英雄",厌夜,特殊,夺夜腰带·蓬莱,-,
"454","范阳夜变","25人英雄",厌夜,特殊,夺夜腰带·唐门,-,
"454","范阳夜变","25人英雄",厌夜,特殊,夺夜腰带·凌雪阁,-,
"454","范阳夜变","25人英雄",厌夜,特殊,夺夜腰带·刀宗,-,
"454","范阳夜变","25人英雄",厌夜,特殊,夺夜腰带·天策,-,
"454","范阳夜变","25人英雄",厌夜,特殊,夺夜腰带·藏剑,-,
"454","范阳夜变","25人英雄",厌夜,特殊,夺夜腰带·丐帮,-,
"454","范阳夜变","25人英雄",厌夜,特殊,夺夜腰带·纯阳,-,
"454","范阳夜变","25人英雄",厌夜,特殊,夺夜腰带·明教,-,
"454","范阳夜变","25人英雄",厌夜,特殊,藏剑武器·江涛斜影,-,
"454","范阳夜变","25人英雄",厌夜,特殊,夺夜腰带·苍云,-,
"454","范阳夜变","25人英雄",厌夜,特殊,夺夜腰带·少林,-,
"454","范阳夜变","25人英雄",厌夜,特殊,夺夜腰带·七秀,-,
"454","范阳夜变","25人英雄",厌夜,特殊,夺夜腰带·长歌,-,
"454","范阳夜变","25人英雄",厌夜,特殊,夺夜腰带·霸刀,-,
"454","范阳夜变","25人英雄",迟驻,特殊,何弃身·迟驻（下）,-,
"454","范阳夜变","25人英雄",迟驻,特殊,蜃海陨铁,-,
"454","范阳夜变","25人英雄",迟驻,特殊,夺夜鞋·唐门,-,
"454","范阳夜变","25人英雄",迟驻,特殊,夺夜鞋·凌雪阁,-,
"454","范阳夜变","25人英雄",迟驻,特殊,夺夜鞋·藏剑,-,
"454","范阳夜变","25人英雄",迟驻,特殊,夺夜鞋·刀宗,-,
"454","范阳夜变","25人英雄",迟驻,特殊,夺夜鞋·少林,-,
"454","范阳夜变","25人英雄",迟驻,特殊,夺夜鞋·丐帮,-,
"454","范阳夜变","25人英雄",迟驻,特殊,夺夜鞋·万花,-,
"454","范阳夜变","25人英雄",迟驻,特殊,夺夜鞋·明教,-,
"454","范阳夜变","25人英雄",迟驻,特殊,夺夜鞋·天策,-,
"454","范阳夜变","25人英雄",迟驻,特殊,夺夜鞋·苍云,-,
"454","范阳夜变","25人英雄",迟驻,特殊,藏剑武器·江涛斜影,-,
"454","范阳夜变","25人英雄",迟驻,特殊,夺夜鞋·纯阳,-,
"454","范阳夜变","25人英雄",迟驻,特殊,夺夜鞋·长歌,-,
"454","范阳夜变","25人英雄",迟驻,特殊,夺夜鞋·七秀,-,
"454","范阳夜变","25人英雄",迟驻,特殊,夺夜鞋·霸刀,-,
"454","范阳夜变","25人英雄",迟驻,特殊,夺夜鞋·五毒,-,
"454","范阳夜变","25人英雄",迟驻,特殊,夺夜鞋·蓬莱,-,
"454","范阳夜变","25人英雄",幻境·迟驻,特殊,弹指去来,-,
"454","范阳夜变","25人英雄",白某,特殊,何弃身·白某（上）,-,
"454","范阳夜变","25人英雄",白某,特殊,何弃身·白某（下）,-,
"454","范阳夜变","25人英雄",白某,特殊,蜃海陨铁,-,
"454","范阳夜变","25人英雄",白某,特殊,夺夜帽·藏剑,-,
"454","范阳夜变","25人英雄",白某,特殊,夺夜帽·丐帮,-,
"454","范阳夜变","25人英雄",白某,特殊,夺夜帽·少林,-,
"454","范阳夜变","25人英雄",白某,特殊,夺夜帽·明教,-,
"454","范阳夜变","25人英雄",白某,特殊,夺夜帽·苍云,-,
"454","范阳夜变","25人英雄",白某,特殊,夺夜帽·万花,-,
"454","范阳夜变","25人英雄",白某,特殊,夺夜帽·长歌,-,
"454","范阳夜变","25人英雄",白某,特殊,夺夜帽·刀宗,-,
"454","范阳夜变","25人英雄",白某,特殊,夺夜帽·霸刀,-,
"454","范阳夜变","25人英雄",白某,特殊,夺夜帽·天策,-,
"454","范阳夜变","25人英雄",白某,特殊,夺夜帽·蓬莱,-,
"454","范阳夜变","25人英雄",白某,特殊,夺夜帽·凌雪阁,-,
"454","范阳夜变","25人英雄",白某,特殊,藏剑武器·江涛斜影,-,
"454","范阳夜变","25人英雄",白某,特殊,归墟玄晶,-,
"454","范阳夜变","25人英雄",白某,特殊,夺夜帽·纯阳,-,
"454","范阳夜变","25人英雄",白某,特殊,夺夜帽·七秀,-,
"454","范阳夜变","25人英雄",白某,特殊,藏剑武器·登临羁望,-,
"454","范阳夜变","25人英雄",白某,特殊,夺夜帽·五毒,-,
"454","范阳夜变","25人英雄",白某,特殊,观日玉,-,
"454","范阳夜变","25人英雄",白某,特殊,夺夜帽·唐门,-,
"454","范阳夜变","25人英雄",安小逢,家具,润州绣舞筵,-,
"454","范阳夜变","25人英雄",安小逢,特殊,蜃海陨铁,-,
"454","范阳夜变","25人英雄",安小逢,特殊,归墟玄晶,-,
"454","范阳夜变","25人英雄",安小逢,特殊,夺夜衣·丐帮,-,
"454","范阳夜变","25人英雄",幻境·安小逢,特殊,一朵精致的百合花,-,
"454","范阳夜变","25人英雄",安小逢,特殊,夺夜衣·明教,-,
"454","范阳夜变","25人英雄",安小逢,特殊,夺夜衣·苍云,-,
"454","范阳夜变","25人英雄",安小逢,特殊,夺夜衣·长歌,-,
"454","范阳夜变","25人英雄",安小逢,特殊,夺夜衣·霸刀,-,
"454","范阳夜变","25人英雄",安小逢,特殊,夺夜衣·蓬莱,-,
"454","范阳夜变","25人英雄",安小逢,特殊,夺夜衣·刀宗,-,
"454","范阳夜变","25人英雄",安小逢,特殊,夺夜衣·凌雪阁,-,
"454","范阳夜变","25人英雄",安小逢,特殊,夺夜衣·少林,-,
"454","范阳夜变","25人英雄",安小逢,特殊,夺夜衣·万花,-,
"454","范阳夜变","25人英雄",安小逢,特殊,夺夜衣·天策,-,
"454","范阳夜变","25人英雄",安小逢,特殊,夺夜衣·纯阳,-,
"454","范阳夜变","25人英雄",安小逢,特殊,夺夜衣·七秀,-,
"454","范阳夜变","25人英雄",安小逢,特殊,观日玉,-,
"454","范阳夜变","25人英雄",安小逢,特殊,夺夜衣·五毒,-,
"454","范阳夜变","25人英雄",安小逢,特殊,夺夜衣·唐门,-,
"454","范阳夜变","25人英雄",幻境·安小逢,特殊,弹指去来,-,
"454","范阳夜变","25人英雄",安小逢,特殊,夺夜衣·藏剑,-,
"426","敖龙岛","10人普通",铁黎,特殊,叁级五彩石,-,
"426","敖龙岛","10人普通",铁黎,特殊,五行石（六级）,-,
"426","敖龙岛","10人普通",铁黎,特殊,玛瑙,-,
"426","敖龙岛","10人普通",铁黎,特殊,猫眼石,-,
"426","敖龙岛","10人普通",铁黎,特殊,蜃海陨铁,-,
"426","敖龙岛","10人普通",铁黎,特殊,命石的碎片,-,
"426","敖龙岛","10人普通",铁黎,特殊,探幽宝藏·防具,-,
"426","敖龙岛","10人普通",铁黎,特殊,探幽宝藏·首饰,-,
"426","敖龙岛","10人普通",铁黎,特殊,探幽宝藏·武器,-,
"426","敖龙岛","10人普通",陈徽,特殊,命石的碎片,-,
"426","敖龙岛","10人普通",陈徽,特殊,探幽宝藏·防具,-,
"426","敖龙岛","10人普通",陈徽,特殊,探幽宝藏·首饰,-,
"426","敖龙岛","10人普通",陈徽,特殊,探幽宝藏·武器,-,
"426","敖龙岛","10人普通",陈徽,特殊,叁级五彩石,-,
"426","敖龙岛","10人普通",陈徽,特殊,五行石（六级）,-,
"426","敖龙岛","10人普通",陈徽,特殊,玛瑙,-,
"426","敖龙岛","10人普通",陈徽,特殊,猫眼石,-,
"426","敖龙岛","10人普通",陈徽,特殊,蜃海陨铁,-,
"426","敖龙岛","10人普通",藤原武裔,特殊,命石的碎片,-,
"426","敖龙岛","10人普通",藤原武裔,特殊,探幽宝藏·防具,-,
"426","敖龙岛","10人普通",藤原武裔,特殊,探幽宝藏·首饰,-,
"426","敖龙岛","10人普通",藤原武裔,特殊,探幽宝藏·武器,-,
"426","敖龙岛","10人普通",藤原武裔,特殊,肆级五彩石,-,
"426","敖龙岛","10人普通",藤原武裔,特殊,五行石（六级）,-,
"426","敖龙岛","10人普通",藤原武裔,特殊,玛瑙,-,
"426","敖龙岛","10人普通",藤原武裔,特殊,猫眼石,-,
"426","敖龙岛","10人普通",藤原武裔,特殊,蜃海陨铁,-,
"426","敖龙岛","10人普通",源思弦,特殊,命石的碎片,-,
"426","敖龙岛","10人普通",源思弦,特殊,探幽宝藏·防具,-,
"426","敖龙岛","10人普通",源思弦,特殊,探幽宝藏·首饰,-,
"426","敖龙岛","10人普通",源思弦,特殊,探幽宝藏·武器,-,
"426","敖龙岛","10人普通",源思弦,特殊,肆级五彩石,-,
"426","敖龙岛","10人普通",源思弦,特殊,五行石（六级）,-,
"426","敖龙岛","10人普通",源思弦,特殊,玛瑙,-,
"426","敖龙岛","10人普通",源思弦,特殊,猫眼石,-,
"426","敖龙岛","10人普通",源思弦,特殊,蜃海陨铁,-,
"426","敖龙岛","10人普通",驺吾,特殊,肆级五彩石,-,
"426","敖龙岛","10人普通",驺吾,特殊,五行石（六级）,-,
"426","敖龙岛","10人普通",驺吾,特殊,玛瑙,-,
"426","敖龙岛","10人普通",驺吾,特殊,猫眼石,-,
"426","敖龙岛","10人普通",驺吾,特殊,蜃海陨铁,-,
"426","敖龙岛","10人普通",驺吾,特殊,归墟玄晶,-,
"426","敖龙岛","10人普通",驺吾,特殊,生命之石,-,
"426","敖龙岛","10人普通",驺吾,特殊,命石的碎片,-,
"426","敖龙岛","10人普通",驺吾,特殊,探幽宝藏·防具,-,
"426","敖龙岛","10人普通",驺吾,特殊,探幽宝藏·首饰,-,
"426","敖龙岛","10人普通",驺吾,特殊,探幽宝藏·武器,-,
"426","敖龙岛","10人普通",方有崖,特殊,生命之石,-,
"426","敖龙岛","10人普通",方有崖,特殊,银环玉扣,-,
"426","敖龙岛","10人普通",方有崖,特殊,肆级五彩石,-,
"426","敖龙岛","10人普通",方有崖,特殊,五行石（六级）,-,
"426","敖龙岛","10人普通",方有崖,特殊,玛瑙,-,
"426","敖龙岛","10人普通",方有崖,特殊,猫眼石,-,
"426","敖龙岛","10人普通",方有崖,特殊,蜃海陨铁,-,
"426","敖龙岛","10人普通",方有崖,特殊,归墟玄晶,-,
"426","敖龙岛","10人普通",方有崖,特殊,命石的碎片,-,
"426","敖龙岛","10人普通",方有崖,特殊,藏剑武器·明祥华烛,-,
"426","敖龙岛","10人普通",方有崖,特殊,探幽宝藏·防具,-,
"426","敖龙岛","10人普通",方有崖,特殊,探幽宝藏·首饰,-,
"426","敖龙岛","10人普通",方有崖,特殊,探幽宝藏·武器,-,
"427","敖龙岛","25人普通",铁黎,特殊,藏剑武器·珠丸赤叶,-,
"427","敖龙岛","25人普通",陈徽,特殊,藏剑武器·疏林芳草,-,
"427","敖龙岛","25人普通",陈徽,特殊,凌绝护腕·少林,-,
"427","敖龙岛","25人普通",陈徽,特殊,凌绝护腕·万花,-,
"427","敖龙岛","25人普通",陈徽,特殊,凌绝护腕·纯阳,-,
"427","敖龙岛","25人普通",陈徽,特殊,凌绝护腕·五毒,-,
"427","敖龙岛","25人普通",陈徽,特殊,凌绝护腕·藏剑,-,
"427","敖龙岛","25人普通",陈徽,特殊,凌绝护腕·明教,-,
"427","敖龙岛","25人普通",陈徽,特殊,凌绝护腕·蓬莱,-,
"427","敖龙岛","25人普通",陈徽,特殊,凌绝护腕·苍云,-,
"427","敖龙岛","25人普通",陈徽,特殊,凌绝护腕·刀宗,-,
"427","敖龙岛","25人普通",陈徽,特殊,凌绝护腕·天策,-,
"427","敖龙岛","25人普通",陈徽,特殊,凌绝护腕·七秀,-,
"427","敖龙岛","25人普通",陈徽,特殊,凌绝护腕·唐门,-,
"427","敖龙岛","25人普通",陈徽,特殊,凌绝护腕·丐帮,-,
"427","敖龙岛","25人普通",陈徽,特殊,凌绝护腕·长歌,-,
"427","敖龙岛","25人普通",陈徽,特殊,凌绝护腕·霸刀,-,
"427","敖龙岛","25人普通",陈徽,特殊,凌绝护腕·凌雪阁,-,
"427","敖龙岛","25人普通",藤原武裔,特殊,藏剑武器·珠丸赤叶,-,
"427","敖龙岛","25人普通",藤原武裔,特殊,凌绝腰带·纯阳,-,
"427","敖龙岛","25人普通",藤原武裔,特殊,凌绝腰带·藏剑,-,
"427","敖龙岛","25人普通",藤原武裔,特殊,凌绝腰带·长歌,-,
"427","敖龙岛","25人普通",藤原武裔,特殊,凌绝腰带·霸刀,-,
"427","敖龙岛","25人普通",藤原武裔,特殊,凌绝腰带·少林,-,
"427","敖龙岛","25人普通",藤原武裔,特殊,凌绝腰带·七秀,-,
"427","敖龙岛","25人普通",藤原武裔,特殊,凌绝腰带·丐帮,-,
"427","敖龙岛","25人普通",藤原武裔,特殊,凌绝腰带·蓬莱,-,
"427","敖龙岛","25人普通",藤原武裔,特殊,凌绝腰带·刀宗,-,
"427","敖龙岛","25人普通",藤原武裔,特殊,凌绝腰带·万花,-,
"427","敖龙岛","25人普通",藤原武裔,特殊,凌绝腰带·五毒,-,
"427","敖龙岛","25人普通",藤原武裔,特殊,凌绝腰带·明教,-,
"427","敖龙岛","25人普通",藤原武裔,特殊,凌绝腰带·天策,-,
"427","敖龙岛","25人普通",藤原武裔,特殊,凌绝腰带·唐门,-,
"427","敖龙岛","25人普通",藤原武裔,特殊,凌绝腰带·苍云,-,
"427","敖龙岛","25人普通",藤原武裔,特殊,凌绝腰带·凌雪阁,-,
"427","敖龙岛","25人普通",源思弦,特殊,藏剑武器·疏林芳草,-,
"427","敖龙岛","25人普通",源思弦,特殊,凌绝鞋·五毒,-,
"427","敖龙岛","25人普通",源思弦,特殊,凌绝鞋·蓬莱,-,
"427","敖龙岛","25人普通",源思弦,特殊,凌绝鞋·唐门,-,
"427","敖龙岛","25人普通",源思弦,特殊,凌绝鞋·藏剑,-,
"427","敖龙岛","25人普通",源思弦,特殊,凌绝鞋·少林,-,
"427","敖龙岛","25人普通",源思弦,特殊,凌绝鞋·丐帮,-,
"427","敖龙岛","25人普通",源思弦,特殊,凌绝鞋·万花,-,
"427","敖龙岛","25人普通",源思弦,特殊,凌绝鞋·明教,-,
"427","敖龙岛","25人普通",源思弦,特殊,凌绝鞋·刀宗,-,
"427","敖龙岛","25人普通",源思弦,特殊,凌绝鞋·天策,-,
"427","敖龙岛","25人普通",源思弦,特殊,凌绝鞋·苍云,-,
"427","敖龙岛","25人普通",源思弦,特殊,凌绝鞋·纯阳,-,
"427","敖龙岛","25人普通",源思弦,特殊,凌绝鞋·长歌,-,
"427","敖龙岛","25人普通",源思弦,特殊,凌绝鞋·七秀,-,
"427","敖龙岛","25人普通",源思弦,特殊,凌绝鞋·霸刀,-,
"427","敖龙岛","25人普通",源思弦,特殊,凌绝鞋·凌雪阁,-,
"427","敖龙岛","25人普通",驺吾,特殊,藏剑武器·珠丸赤叶,-,
"427","敖龙岛","25人普通",驺吾,特殊,凌绝帽·藏剑,-,
"427","敖龙岛","25人普通",驺吾,特殊,凌绝帽·凌雪阁,-,
"427","敖龙岛","25人普通",驺吾,特殊,凌绝帽·少林,-,
"427","敖龙岛","25人普通",驺吾,特殊,凌绝帽·丐帮,-,
"427","敖龙岛","25人普通",驺吾,特殊,凌绝帽·万花,-,
"427","敖龙岛","25人普通",驺吾,特殊,凌绝帽·明教,-,
"427","敖龙岛","25人普通",驺吾,特殊,命石的碎片,-,
"427","敖龙岛","25人普通",驺吾,特殊,凌绝帽·天策,-,
"427","敖龙岛","25人普通",驺吾,特殊,凌绝帽·苍云,-,
"427","敖龙岛","25人普通",驺吾,特殊,凌绝帽·纯阳,-,
"427","敖龙岛","25人普通",驺吾,特殊,凌绝帽·长歌,-,
"427","敖龙岛","25人普通",驺吾,特殊,凌绝帽·刀宗,-,
"427","敖龙岛","25人普通",驺吾,特殊,凌绝帽·七秀,-,
"427","敖龙岛","25人普通",驺吾,特殊,凌绝帽·霸刀,-,
"427","敖龙岛","25人普通",驺吾,特殊,凌绝帽·五毒,-,
"427","敖龙岛","25人普通",驺吾,特殊,凌绝帽·蓬莱,-,
"427","敖龙岛","25人普通",驺吾,特殊,凌绝帽·唐门,-,
"427","敖龙岛","25人普通",方有崖,特殊,藏剑武器·疏林芳草,-,
"427","敖龙岛","25人普通",方有崖,特殊,凌绝衣·万花,-,
"427","敖龙岛","25人普通",方有崖,特殊,凌绝衣·天策,-,
"427","敖龙岛","25人普通",方有崖,特殊,凌绝衣·凌雪阁,-,
"427","敖龙岛","25人普通",方有崖,特殊,凌绝衣·纯阳,-,
"427","敖龙岛","25人普通",方有崖,特殊,生命之石,-,
"427","敖龙岛","25人普通",方有崖,特殊,凌绝衣·七秀,-,
"427","敖龙岛","25人普通",方有崖,特殊,命石的碎片,-,
"427","敖龙岛","25人普通",方有崖,特殊,凌绝衣·五毒,-,
"427","敖龙岛","25人普通",方有崖,特殊,凌绝衣·唐门,-,
"427","敖龙岛","25人普通",方有崖,特殊,银环玉扣,-,
"427","敖龙岛","25人普通",方有崖,特殊,凌绝衣·藏剑,-,
"427","敖龙岛","25人普通",方有崖,特殊,凌绝衣·丐帮,-,
"427","敖龙岛","25人普通",方有崖,特殊,凌绝衣·明教,-,
"427","敖龙岛","25人普通",方有崖,特殊,凌绝衣·苍云,-,
"427","敖龙岛","25人普通",方有崖,特殊,凌绝衣·长歌,-,
"427","敖龙岛","25人普通",方有崖,特殊,凌绝衣·刀宗,-,
"427","敖龙岛","25人普通",方有崖,特殊,凌绝衣·霸刀,-,
"427","敖龙岛","25人普通",方有崖,特殊,凌绝衣·蓬莱,-,
"427","敖龙岛","25人普通",方有崖,特殊,凌绝衣·少林,-,
"428","敖龙岛","25人英雄",铁黎,特殊,蜃海陨铁,-,
"428","敖龙岛","25人英雄",铁黎,特殊,晓天护腕·万花,-,
"428","敖龙岛","25人英雄",铁黎,特殊,晓天护腕·五毒,-,
"428","敖龙岛","25人英雄",铁黎,特殊,晓天护腕·明教,-,
"428","敖龙岛","25人英雄",铁黎,特殊,晓天护腕·蓬莱,-,
"428","敖龙岛","25人英雄",铁黎,特殊,命石的碎片,-,
"428","敖龙岛","25人英雄",铁黎,特殊,晓天护腕·天策,-,
"428","敖龙岛","25人英雄",铁黎,特殊,晓天护腕·唐门,-,
"428","敖龙岛","25人英雄",铁黎,特殊,晓天护腕·苍云,-,
"428","敖龙岛","25人英雄",铁黎,特殊,晓天护腕·凌雪阁,-,
"428","敖龙岛","25人英雄",铁黎,特殊,晓天护腕·刀宗,-,
"428","敖龙岛","25人英雄",铁黎,特殊,藏剑武器·冷秋斩水,-,
"428","敖龙岛","25人英雄",铁黎,特殊,晓天护腕·少林,-,
"428","敖龙岛","25人英雄",铁黎,特殊,晓天护腕·纯阳,-,
"428","敖龙岛","25人英雄",铁黎,特殊,晓天护腕·藏剑,-,
"428","敖龙岛","25人英雄",铁黎,特殊,晓天护腕·长歌,-,
"428","敖龙岛","25人英雄",铁黎,特殊,晓天护腕·七秀,-,
"428","敖龙岛","25人英雄",铁黎,特殊,晓天护腕·丐帮,-,
"428","敖龙岛","25人英雄",铁黎,特殊,晓天护腕·霸刀,-,
"428","敖龙岛","25人英雄",陈徽,特殊,蜃海陨铁,-,
"428","敖龙岛","25人英雄",陈徽,特殊,晓天腰带·天策,-,
"428","敖龙岛","25人英雄",陈徽,特殊,晓天腰带·苍云,-,
"428","敖龙岛","25人英雄",陈徽,特殊,晓天腰带·纯阳,-,
"428","敖龙岛","25人英雄",陈徽,特殊,晓天腰带·长歌,-,
"428","敖龙岛","25人英雄",陈徽,特殊,晓天腰带·七秀,-,
"428","敖龙岛","25人英雄",陈徽,特殊,晓天腰带·霸刀,-,
"428","敖龙岛","25人英雄",陈徽,特殊,晓天腰带·五毒,-,
"428","敖龙岛","25人英雄",陈徽,特殊,晓天腰带·蓬莱,-,
"428","敖龙岛","25人英雄",陈徽,特殊,晓天腰带·刀宗,-,
"428","敖龙岛","25人英雄",陈徽,特殊,藏剑武器·冷秋斩水,-,
"428","敖龙岛","25人英雄",陈徽,特殊,晓天腰带·少林,-,
"428","敖龙岛","25人英雄",陈徽,特殊,晓天腰带·唐门,-,
"428","敖龙岛","25人英雄",陈徽,特殊,晓天腰带·凌雪阁,-,
"428","敖龙岛","25人英雄",陈徽,特殊,晓天腰带·藏剑,-,
"428","敖龙岛","25人英雄",陈徽,特殊,晓天腰带·万花,-,
"428","敖龙岛","25人英雄",陈徽,特殊,晓天腰带·丐帮,-,
"428","敖龙岛","25人英雄",陈徽,特殊,晓天腰带·明教,-,
"428","敖龙岛","25人英雄",陈徽,特殊,命石的碎片,-,
"428","敖龙岛","25人英雄",藤原武裔,特殊,蜃海陨铁,-,
"428","敖龙岛","25人英雄",藤原武裔,特殊,藏剑武器·冷秋斩水,-,
"428","敖龙岛","25人英雄",藤原武裔,特殊,晓天鞋·纯阳,-,
"428","敖龙岛","25人英雄",藤原武裔,特殊,晓天鞋·长歌,-,
"428","敖龙岛","25人英雄",藤原武裔,特殊,命石的碎片,-,
"428","敖龙岛","25人英雄",藤原武裔,特殊,晓天鞋·七秀,-,
"428","敖龙岛","25人英雄",藤原武裔,特殊,晓天鞋·霸刀,-,
"428","敖龙岛","25人英雄",藤原武裔,特殊,晓天鞋·五毒,-,
"428","敖龙岛","25人英雄",藤原武裔,特殊,晓天鞋·蓬莱,-,
"428","敖龙岛","25人英雄",藤原武裔,特殊,晓天鞋·唐门,-,
"428","敖龙岛","25人英雄",藤原武裔,特殊,晓天鞋·凌雪阁,-,
"428","敖龙岛","25人英雄",藤原武裔,特殊,晓天鞋·刀宗,-,
"428","敖龙岛","25人英雄",藤原武裔,特殊,晓天鞋·藏剑,-,
"428","敖龙岛","25人英雄",藤原武裔,特殊,晓天鞋·少林,-,
"428","敖龙岛","25人英雄",藤原武裔,特殊,晓天鞋·丐帮,-,
"428","敖龙岛","25人英雄",藤原武裔,特殊,晓天鞋·万花,-,
"428","敖龙岛","25人英雄",藤原武裔,特殊,晓天鞋·明教,-,
"428","敖龙岛","25人英雄",藤原武裔,特殊,晓天鞋·天策,-,
"428","敖龙岛","25人英雄",藤原武裔,特殊,晓天鞋·苍云,-,
"428","敖龙岛","25人英雄",源思弦,特殊,蜃海陨铁,-,
"428","敖龙岛","25人英雄",源思弦,特殊,藏剑武器·冷秋斩水,-,
"428","敖龙岛","25人英雄",源思弦,特殊,晓天帽·七秀,-,
"428","敖龙岛","25人英雄",源思弦,特殊,晓天帽·五毒,-,
"428","敖龙岛","25人英雄",源思弦,特殊,晓天帽·唐门,-,
"428","敖龙岛","25人英雄",源思弦,特殊,命石的碎片,-,
"428","敖龙岛","25人英雄",源思弦,特殊,晓天帽·藏剑,-,
"428","敖龙岛","25人英雄",源思弦,特殊,晓天帽·丐帮,-,
"428","敖龙岛","25人英雄",源思弦,特殊,晓天帽·明教,-,
"428","敖龙岛","25人英雄",源思弦,特殊,晓天帽·苍云,-,
"428","敖龙岛","25人英雄",源思弦,特殊,晓天帽·长歌,-,
"428","敖龙岛","25人英雄",源思弦,特殊,晓天帽·少林,-,
"428","敖龙岛","25人英雄",源思弦,特殊,晓天帽·霸刀,-,
"428","敖龙岛","25人英雄",源思弦,特殊,晓天帽·刀宗,-,
"428","敖龙岛","25人英雄",源思弦,特殊,晓天帽·蓬莱,-,
"428","敖龙岛","25人英雄",源思弦,特殊,晓天帽·万花,-,
"428","敖龙岛","25人英雄",源思弦,特殊,晓天帽·凌雪阁,-,
"428","敖龙岛","25人英雄",源思弦,特殊,晓天帽·天策,-,
"428","敖龙岛","25人英雄",源思弦,特殊,晓天帽·纯阳,-,
"428","敖龙岛","25人英雄",驺吾,特殊,蜃海陨铁,-,
"428","敖龙岛","25人英雄",驺吾,特殊,归墟玄晶,-,
"428","敖龙岛","25人英雄",驺吾,特殊,晓天衣·五毒,-,
"428","敖龙岛","25人英雄",驺吾,特殊,晓天衣·唐门,-,
"428","敖龙岛","25人英雄",驺吾,特殊,晓天衣·藏剑,-,
"428","敖龙岛","25人英雄",驺吾,特殊,晓天衣·丐帮,-,
"428","敖龙岛","25人英雄",驺吾,特殊,命石的碎片,-,
"428","敖龙岛","25人英雄",驺吾,特殊,晓天衣·明教,-,
"428","敖龙岛","25人英雄",驺吾,特殊,晓天衣·苍云,-,
"428","敖龙岛","25人英雄",驺吾,特殊,晓天衣·长歌,-,
"428","敖龙岛","25人英雄",驺吾,特殊,晓天衣·霸刀,-,
"428","敖龙岛","25人英雄",驺吾,特殊,藏剑武器·冷秋斩水,-,
"428","敖龙岛","25人英雄",驺吾,特殊,晓天衣·蓬莱,-,
"428","敖龙岛","25人英雄",驺吾,特殊,晓天衣·凌雪阁,-,
"428","敖龙岛","25人英雄",驺吾,特殊,晓天衣·刀宗,-,
"428","敖龙岛","25人英雄",驺吾,特殊,晓天衣·少林,-,
"428","敖龙岛","25人英雄",驺吾,特殊,连金泥,-,
"428","敖龙岛","25人英雄",驺吾,特殊,晓天衣·万花,-,
"428","敖龙岛","25人英雄",驺吾,特殊,晓天衣·天策,-,
"428","敖龙岛","25人英雄",驺吾,特殊,生命之石,-,
"428","敖龙岛","25人英雄",驺吾,特殊,晓天衣·纯阳,-,
"428","敖龙岛","25人英雄",驺吾,特殊,晓天衣·七秀,-,
"428","敖龙岛","25人英雄",方有崖,特殊,蜃海陨铁,-,
"428","敖龙岛","25人英雄",方有崖,特殊,归墟玄晶,-,
"428","敖龙岛","25人英雄",方有崖,特殊,藏剑武器·点朱苍颜,-,
"428","敖龙岛","25人英雄",方有崖,特殊,银环玉扣,-,
"428","敖龙岛","25人英雄",方有崖,特殊,连金泥,-,
"428","敖龙岛","25人英雄",方有崖,特殊,生命之石,-,
"428","敖龙岛","25人英雄",方有崖,特殊,命石的碎片,-,
"431","玄鹤别院","5人普通",秦高相,特殊,炼气丸,-,
"431","玄鹤别院","5人普通",秦高相,特殊,挂件包·背部,-,
"431","玄鹤别院","5人普通",秦高相,特殊,挂件包·腰部,-,
"431","玄鹤别院","5人普通",慧枯,特殊,挂件包·背部,-,
"431","玄鹤别院","5人普通",慧枯,特殊,挂件包·腰部,-,
"431","玄鹤别院","5人普通",慧枯,特殊,炼气丸,-,
"431","玄鹤别院","5人普通",江潮,特殊,挂件包·背部,-,
"431","玄鹤别院","5人普通",江潮,特殊,炼气丸,-,
"431","玄鹤别院","5人普通",江潮,特殊,挂件包·腰部,-,
"432","玄鹤别院","5人英雄",秦高相,特殊,炼气丸,-,
"432","玄鹤别院","5人英雄",秦高相,特殊,挂件包·背部,-,
"432","玄鹤别院","5人英雄",秦高相,特殊,挂件包·腰部,-,
"432","玄鹤别院","5人英雄",慧枯,特殊,挂件包·背部,-,
"432","玄鹤别院","5人英雄",慧枯,特殊,张十五日记·一,-,
"432","玄鹤别院","5人英雄",慧枯,特殊,炼气丸,-,
"432","玄鹤别院","5人英雄",慧枯,特殊,挂件包·腰部,-,
"432","玄鹤别院","5人英雄",江潮,特殊,陨海晶,-,
"432","玄鹤别院","5人英雄",江潮,特殊,炼气丸,-,
"432","玄鹤别院","5人英雄",江潮,特殊,挂件包·背部,-,
"432","玄鹤别院","5人英雄",江潮,特殊,藏剑武器·山川一方,-,
"432","玄鹤别院","5人英雄",江潮,家具,夹竹桃书灯,-,
"432","玄鹤别院","5人英雄",江潮,特殊,挂件包·腰部,-,
"341","冰火岛·荒血路","10人普通",康疑,特殊,探幽宝藏·武器,-,
"341","冰火岛·荒血路","10人普通",康疑,特殊,叁级五彩石,-,
"341","冰火岛·荒血路","10人普通",康疑,特殊,五行石（六级）,-,
"341","冰火岛·荒血路","10人普通",康疑,特殊,玛瑙,-,
"341","冰火岛·荒血路","10人普通",康疑,特殊,猫眼石,-,
"341","冰火岛·荒血路","10人普通",康疑,特殊,蜃海陨铁,-,
"341","冰火岛·荒血路","10人普通",康疑,特殊,探幽宝藏·防具,-,
"341","冰火岛·荒血路","10人普通",康疑,特殊,探幽宝藏·首饰,-,
"341","冰火岛·荒血路","10人普通",铂尔,特殊,探幽宝藏·首饰,-,
"341","冰火岛·荒血路","10人普通",铂尔,特殊,叁级五彩石,-,
"341","冰火岛·荒血路","10人普通",铂尔,特殊,五行石（六级）,-,
"341","冰火岛·荒血路","10人普通",铂尔,特殊,玛瑙,-,
"341","冰火岛·荒血路","10人普通",铂尔,特殊,猫眼石,-,
"341","冰火岛·荒血路","10人普通",铂尔,特殊,蜃海陨铁,-,
"341","冰火岛·荒血路","10人普通",铂尔,特殊,探幽宝藏·防具,-,
"341","冰火岛·荒血路","10人普通",铂尔,特殊,探幽宝藏·武器,-,
"341","冰火岛·荒血路","10人普通",罗纳真,特殊,探幽宝藏·首饰,-,
"341","冰火岛·荒血路","10人普通",罗纳真,特殊,肆级五彩石,-,
"341","冰火岛·荒血路","10人普通",罗纳真,特殊,五行石（六级）,-,
"341","冰火岛·荒血路","10人普通",罗纳真,特殊,玛瑙,-,
"341","冰火岛·荒血路","10人普通",罗纳真,特殊,猫眼石,-,
"341","冰火岛·荒血路","10人普通",罗纳真,特殊,蜃海陨铁,-,
"341","冰火岛·荒血路","10人普通",罗纳真,特殊,探幽宝藏·防具,-,
"341","冰火岛·荒血路","10人普通",罗纳真,特殊,探幽宝藏·武器,-,
"341","冰火岛·荒血路","10人普通",没藏呼月与拓跋思羽,特殊,探幽宝藏·武器,-,
"341","冰火岛·荒血路","10人普通",没藏呼月与拓跋思羽,特殊,肆级五彩石,-,
"341","冰火岛·荒血路","10人普通",没藏呼月与拓跋思羽,特殊,五行石（六级）,-,
"341","冰火岛·荒血路","10人普通",没藏呼月与拓跋思羽,特殊,玛瑙,-,
"341","冰火岛·荒血路","10人普通",没藏呼月与拓跋思羽,特殊,猫眼石,-,
"341","冰火岛·荒血路","10人普通",没藏呼月与拓跋思羽,特殊,蜃海陨铁,-,
"341","冰火岛·荒血路","10人普通",没藏呼月与拓跋思羽,特殊,探幽宝藏·防具,-,
"341","冰火岛·荒血路","10人普通",没藏呼月与拓跋思羽,特殊,探幽宝藏·首饰,-,
"341","冰火岛·荒血路","10人普通",拿云,特殊,探幽宝藏·首饰,-,
"341","冰火岛·荒血路","10人普通",拿云,特殊,肆级五彩石,-,
"341","冰火岛·荒血路","10人普通",拿云,特殊,五行石（六级）,-,
"341","冰火岛·荒血路","10人普通",拿云,特殊,玛瑙,-,
"341","冰火岛·荒血路","10人普通",拿云,特殊,猫眼石,-,
"341","冰火岛·荒血路","10人普通",拿云,特殊,蜃海陨铁,-,
"341","冰火岛·荒血路","10人普通",拿云,特殊,归墟玄晶,-,
"341","冰火岛·荒血路","10人普通",拿云,特殊,藏剑武器·延陵流安,-,
"341","冰火岛·荒血路","10人普通",拿云,特殊,探幽宝藏·防具,-,
"341","冰火岛·荒血路","10人普通",拿云,特殊,探幽宝藏·武器,-,
"354","冰火岛·荒血路","25人英雄",康疑,特殊,藏剑武器·谷风山松,-,
"354","冰火岛·荒血路","25人英雄",铂尔,特殊,藏剑武器·谷风山松,-,
"354","冰火岛·荒血路","25人英雄",铂尔,特殊,鹤梦护腕·少林,-,
"354","冰火岛·荒血路","25人英雄",铂尔,特殊,鹤梦护腕·万花,-,
"354","冰火岛·荒血路","25人英雄",铂尔,特殊,鹤梦护腕·天策,-,
"354","冰火岛·荒血路","25人英雄",铂尔,特殊,鹤梦护腕·七秀,-,
"354","冰火岛·荒血路","25人英雄",铂尔,特殊,鹤梦护腕·唐门,-,
"354","冰火岛·荒血路","25人英雄",铂尔,特殊,鹤梦护腕·丐帮,-,
"354","冰火岛·荒血路","25人英雄",铂尔,特殊,鹤梦护腕·苍云,-,
"354","冰火岛·荒血路","25人英雄",铂尔,特殊,鹤梦护腕·刀宗,-,
"354","冰火岛·荒血路","25人英雄",铂尔,特殊,鹤梦护腕·长歌,-,
"354","冰火岛·荒血路","25人英雄",铂尔,特殊,鹤梦护腕·纯阳,-,
"354","冰火岛·荒血路","25人英雄",铂尔,特殊,鹤梦护腕·五毒,-,
"354","冰火岛·荒血路","25人英雄",铂尔,特殊,鹤梦护腕·藏剑,-,
"354","冰火岛·荒血路","25人英雄",铂尔,特殊,鹤梦护腕·明教,-,
"354","冰火岛·荒血路","25人英雄",铂尔,特殊,鹤梦护腕·霸刀,-,
"354","冰火岛·荒血路","25人英雄",铂尔,特殊,鹤梦护腕·蓬莱,-,
"354","冰火岛·荒血路","25人英雄",铂尔,特殊,鹤梦护腕·凌雪阁,-,
"354","冰火岛·荒血路","25人英雄",罗纳真,特殊,藏剑武器·谷风山松,-,
"354","冰火岛·荒血路","25人英雄",罗纳真,特殊,鹤梦腰带·少林,-,
"354","冰火岛·荒血路","25人英雄",罗纳真,特殊,鹤梦腰带·七秀,-,
"354","冰火岛·荒血路","25人英雄",罗纳真,特殊,鹤梦腰带·丐帮,-,
"354","冰火岛·荒血路","25人英雄",罗纳真,特殊,鹤梦腰带·霸刀,-,
"354","冰火岛·荒血路","25人英雄",罗纳真,特殊,鹤梦腰带·蓬莱,-,
"354","冰火岛·荒血路","25人英雄",罗纳真,特殊,鹤梦腰带·刀宗,-,
"354","冰火岛·荒血路","25人英雄",罗纳真,特殊,鹤梦腰带·万花,-,
"354","冰火岛·荒血路","25人英雄",罗纳真,特殊,鹤梦腰带·五毒,-,
"354","冰火岛·荒血路","25人英雄",罗纳真,特殊,鹤梦腰带·明教,-,
"354","冰火岛·荒血路","25人英雄",罗纳真,特殊,鹤梦腰带·天策,-,
"354","冰火岛·荒血路","25人英雄",罗纳真,特殊,鹤梦腰带·唐门,-,
"354","冰火岛·荒血路","25人英雄",罗纳真,特殊,鹤梦腰带·苍云,-,
"354","冰火岛·荒血路","25人英雄",罗纳真,特殊,鹤梦腰带·纯阳,-,
"354","冰火岛·荒血路","25人英雄",罗纳真,特殊,鹤梦腰带·藏剑,-,
"354","冰火岛·荒血路","25人英雄",罗纳真,特殊,鹤梦腰带·长歌,-,
"354","冰火岛·荒血路","25人英雄",罗纳真,特殊,鹤梦腰带·凌雪阁,-,
"354","冰火岛·荒血路","25人英雄",没藏呼月与拓跋思羽,特殊,藏剑武器·谷风山松,-,
"354","冰火岛·荒血路","25人英雄",没藏呼月与拓跋思羽,特殊,鹤梦鞋·唐门,-,
"354","冰火岛·荒血路","25人英雄",没藏呼月与拓跋思羽,特殊,鹤梦鞋·凌雪阁,-,
"354","冰火岛·荒血路","25人英雄",没藏呼月与拓跋思羽,特殊,鹤梦鞋·藏剑,-,
"354","冰火岛·荒血路","25人英雄",没藏呼月与拓跋思羽,特殊,鹤梦鞋·少林,-,
"354","冰火岛·荒血路","25人英雄",没藏呼月与拓跋思羽,特殊,鹤梦鞋·丐帮,-,
"354","冰火岛·荒血路","25人英雄",没藏呼月与拓跋思羽,特殊,鹤梦鞋·刀宗,-,
"354","冰火岛·荒血路","25人英雄",没藏呼月与拓跋思羽,特殊,鹤梦鞋·万花,-,
"354","冰火岛·荒血路","25人英雄",没藏呼月与拓跋思羽,特殊,鹤梦鞋·明教,-,
"354","冰火岛·荒血路","25人英雄",没藏呼月与拓跋思羽,特殊,鹤梦鞋·天策,-,
"354","冰火岛·荒血路","25人英雄",没藏呼月与拓跋思羽,特殊,鹤梦鞋·苍云,-,
"354","冰火岛·荒血路","25人英雄",没藏呼月与拓跋思羽,特殊,鹤梦鞋·纯阳,-,
"354","冰火岛·荒血路","25人英雄",没藏呼月与拓跋思羽,特殊,鹤梦鞋·长歌,-,
"354","冰火岛·荒血路","25人英雄",没藏呼月与拓跋思羽,特殊,鹤梦鞋·七秀,-,
"354","冰火岛·荒血路","25人英雄",没藏呼月与拓跋思羽,特殊,鹤梦鞋·霸刀,-,
"354","冰火岛·荒血路","25人英雄",没藏呼月与拓跋思羽,特殊,鹤梦鞋·五毒,-,
"354","冰火岛·荒血路","25人英雄",没藏呼月与拓跋思羽,特殊,鹤梦鞋·蓬莱,-,
"354","冰火岛·荒血路","25人英雄",拿云,特殊,藏剑武器·谷风山松,-,
"354","冰火岛·荒血路","25人英雄",拿云,特殊,鹤梦帽·少林,-,
"354","冰火岛·荒血路","25人英雄",拿云,特殊,鹤梦帽·丐帮,-,
"354","冰火岛·荒血路","25人英雄",拿云,特殊,鹤梦帽·凌雪阁,-,
"354","冰火岛·荒血路","25人英雄",拿云,特殊,鹤梦帽·万花,-,
"354","冰火岛·荒血路","25人英雄",拿云,特殊,鹤梦帽·明教,-,
"354","冰火岛·荒血路","25人英雄",拿云,特殊,鹤梦帽·天策,-,
"354","冰火岛·荒血路","25人英雄",拿云,特殊,鹤梦帽·苍云,-,
"354","冰火岛·荒血路","25人英雄",拿云,特殊,鹤梦帽·刀宗,-,
"354","冰火岛·荒血路","25人英雄",拿云,特殊,鹤梦帽·纯阳,-,
"354","冰火岛·荒血路","25人英雄",拿云,特殊,鹤梦帽·长歌,-,
"354","冰火岛·荒血路","25人英雄",拿云,特殊,鹤梦帽·七秀,-,
"354","冰火岛·荒血路","25人英雄",拿云,特殊,鹤梦帽·霸刀,-,
"354","冰火岛·荒血路","25人英雄",拿云,特殊,鹤梦帽·五毒,-,
"354","冰火岛·荒血路","25人英雄",拿云,特殊,鹤梦帽·蓬莱,-,
"354","冰火岛·荒血路","25人英雄",拿云,特殊,鹤梦帽·唐门,-,
"354","冰火岛·荒血路","25人英雄",拿云,特殊,鹤梦帽·藏剑,-,
"360","冰火岛·荒血路","25人挑战",康疑,特殊,藏剑武器·落英飞泉,-,
"360","冰火岛·荒血路","25人挑战",康疑,特殊,天韶护腕·少林,-,
"360","冰火岛·荒血路","25人挑战",康疑,特殊,天韶护腕·万花,-,
"360","冰火岛·荒血路","25人挑战",康疑,特殊,天韶护腕·纯阳,-,
"360","冰火岛·荒血路","25人挑战",康疑,特殊,天韶护腕·五毒,-,
"360","冰火岛·荒血路","25人挑战",康疑,特殊,天韶护腕·藏剑,-,
"360","冰火岛·荒血路","25人挑战",康疑,特殊,天韶护腕·明教,-,
"360","冰火岛·荒血路","25人挑战",康疑,特殊,天韶护腕·蓬莱,-,
"360","冰火岛·荒血路","25人挑战",康疑,特殊,天韶护腕·刀宗,-,
"360","冰火岛·荒血路","25人挑战",康疑,特殊,天韶护腕·苍云,-,
"360","冰火岛·荒血路","25人挑战",康疑,特殊,天韶护腕·天策,-,
"360","冰火岛·荒血路","25人挑战",康疑,特殊,天韶护腕·七秀,-,
"360","冰火岛·荒血路","25人挑战",康疑,特殊,天韶护腕·唐门,-,
"360","冰火岛·荒血路","25人挑战",康疑,特殊,天韶护腕·丐帮,-,
"360","冰火岛·荒血路","25人挑战",康疑,特殊,天韶护腕·长歌,-,
"360","冰火岛·荒血路","25人挑战",康疑,特殊,天韶护腕·霸刀,-,
"360","冰火岛·荒血路","25人挑战",康疑,特殊,天韶护腕·凌雪阁,-,
"360","冰火岛·荒血路","25人挑战",铂尔,特殊,藏剑武器·落英飞泉,-,
"360","冰火岛·荒血路","25人挑战",铂尔,特殊,天韶腰带·纯阳,-,
"360","冰火岛·荒血路","25人挑战",铂尔,特殊,天韶腰带·藏剑,-,
"360","冰火岛·荒血路","25人挑战",铂尔,特殊,天韶腰带·长歌,-,
"360","冰火岛·荒血路","25人挑战",铂尔,特殊,天韶腰带·霸刀,-,
"360","冰火岛·荒血路","25人挑战",铂尔,特殊,天韶腰带·刀宗,-,
"360","冰火岛·荒血路","25人挑战",铂尔,特殊,天韶腰带·少林,-,
"360","冰火岛·荒血路","25人挑战",铂尔,特殊,天韶腰带·七秀,-,
"360","冰火岛·荒血路","25人挑战",铂尔,特殊,天韶腰带·丐帮,-,
"360","冰火岛·荒血路","25人挑战",铂尔,特殊,天韶腰带·蓬莱,-,
"360","冰火岛·荒血路","25人挑战",铂尔,特殊,天韶腰带·万花,-,
"360","冰火岛·荒血路","25人挑战",铂尔,特殊,天韶腰带·五毒,-,
"360","冰火岛·荒血路","25人挑战",铂尔,特殊,天韶腰带·明教,-,
"360","冰火岛·荒血路","25人挑战",铂尔,特殊,天韶腰带·天策,-,
"360","冰火岛·荒血路","25人挑战",铂尔,特殊,天韶腰带·唐门,-,
"360","冰火岛·荒血路","25人挑战",铂尔,特殊,天韶腰带·苍云,-,
"360","冰火岛·荒血路","25人挑战",铂尔,特殊,天韶腰带·凌雪阁,-,
"360","冰火岛·荒血路","25人挑战",罗纳真,特殊,藏剑武器·落英飞泉,-,
"360","冰火岛·荒血路","25人挑战",罗纳真,特殊,天韶鞋·五毒,-,
"360","冰火岛·荒血路","25人挑战",罗纳真,特殊,天韶鞋·蓬莱,-,
"360","冰火岛·荒血路","25人挑战",罗纳真,特殊,天韶鞋·唐门,-,
"360","冰火岛·荒血路","25人挑战",罗纳真,特殊,天韶鞋·藏剑,-,
"360","冰火岛·荒血路","25人挑战",罗纳真,特殊,天韶鞋·刀宗,-,
"360","冰火岛·荒血路","25人挑战",罗纳真,特殊,天韶鞋·少林,-,
"360","冰火岛·荒血路","25人挑战",罗纳真,特殊,天韶鞋·丐帮,-,
"360","冰火岛·荒血路","25人挑战",罗纳真,特殊,天韶鞋·万花,-,
"360","冰火岛·荒血路","25人挑战",罗纳真,特殊,天韶鞋·明教,-,
"360","冰火岛·荒血路","25人挑战",罗纳真,特殊,天韶鞋·天策,-,
"360","冰火岛·荒血路","25人挑战",罗纳真,特殊,天韶鞋·苍云,-,
"360","冰火岛·荒血路","25人挑战",罗纳真,特殊,天韶鞋·纯阳,-,
"360","冰火岛·荒血路","25人挑战",罗纳真,特殊,天韶鞋·长歌,-,
"360","冰火岛·荒血路","25人挑战",罗纳真,特殊,天韶鞋·七秀,-,
"360","冰火岛·荒血路","25人挑战",罗纳真,特殊,天韶鞋·霸刀,-,
"360","冰火岛·荒血路","25人挑战",罗纳真,特殊,天韶鞋·凌雪阁,-,
"360","冰火岛·荒血路","25人挑战",没藏呼月与拓跋思羽,特殊,藏剑武器·落英飞泉,-,
"360","冰火岛·荒血路","25人挑战",没藏呼月与拓跋思羽,特殊,天韶帽·藏剑,-,
"360","冰火岛·荒血路","25人挑战",没藏呼月与拓跋思羽,特殊,天韶帽·凌雪阁,-,
"360","冰火岛·荒血路","25人挑战",没藏呼月与拓跋思羽,特殊,天韶帽·少林,-,
"360","冰火岛·荒血路","25人挑战",没藏呼月与拓跋思羽,特殊,天韶帽·丐帮,-,
"360","冰火岛·荒血路","25人挑战",没藏呼月与拓跋思羽,特殊,天韶帽·万花,-,
"360","冰火岛·荒血路","25人挑战",没藏呼月与拓跋思羽,特殊,天韶帽·明教,-,
"360","冰火岛·荒血路","25人挑战",没藏呼月与拓跋思羽,特殊,天韶帽·刀宗,-,
"360","冰火岛·荒血路","25人挑战",没藏呼月与拓跋思羽,特殊,天韶帽·天策,-,
"360","冰火岛·荒血路","25人挑战",没藏呼月与拓跋思羽,特殊,天韶帽·苍云,-,
"360","冰火岛·荒血路","25人挑战",没藏呼月与拓跋思羽,特殊,天韶帽·纯阳,-,
"360","冰火岛·荒血路","25人挑战",没藏呼月与拓跋思羽,特殊,天韶帽·长歌,-,
"360","冰火岛·荒血路","25人挑战",没藏呼月与拓跋思羽,特殊,天韶帽·七秀,-,
"360","冰火岛·荒血路","25人挑战",没藏呼月与拓跋思羽,特殊,天韶帽·霸刀,-,
"360","冰火岛·荒血路","25人挑战",没藏呼月与拓跋思羽,特殊,天韶帽·五毒,-,
"360","冰火岛·荒血路","25人挑战",没藏呼月与拓跋思羽,特殊,天韶帽·蓬莱,-,
"360","冰火岛·荒血路","25人挑战",没藏呼月与拓跋思羽,特殊,天韶帽·唐门,-,
"360","冰火岛·荒血路","25人挑战",拿云,特殊,藏剑武器·落英飞泉,-,
"360","冰火岛·荒血路","25人挑战",拿云,特殊,蜃楼珠,-,
"360","冰火岛·荒血路","25人挑战",拿云,特殊,天韶衣·万花,-,
"360","冰火岛·荒血路","25人挑战",拿云,特殊,天韶衣·天策,-,
"360","冰火岛·荒血路","25人挑战",拿云,特殊,天韶衣·凌雪阁,-,
"360","冰火岛·荒血路","25人挑战",拿云,特殊,天韶衣·纯阳,-,
"360","冰火岛·荒血路","25人挑战",拿云,特殊,天韶衣·七秀,-,
"360","冰火岛·荒血路","25人挑战",拿云,特殊,天韶衣·五毒,-,
"360","冰火岛·荒血路","25人挑战",拿云,特殊,天韶衣·唐门,-,
"360","冰火岛·荒血路","25人挑战",拿云,特殊,天韶衣·藏剑,-,
"360","冰火岛·荒血路","25人挑战",拿云,特殊,天韶衣·刀宗,-,
"360","冰火岛·荒血路","25人挑战",拿云,特殊,天韶衣·丐帮,-,
"360","冰火岛·荒血路","25人挑战",拿云,特殊,天韶衣·明教,-,
"360","冰火岛·荒血路","25人挑战",拿云,特殊,天韶衣·苍云,-,
"360","冰火岛·荒血路","25人挑战",拿云,特殊,天韶衣·长歌,-,
"360","冰火岛·荒血路","25人挑战",拿云,特殊,天韶衣·霸刀,-,
"360","冰火岛·荒血路","25人挑战",拿云,特殊,天韶衣·蓬莱,-,
"360","冰火岛·荒血路","25人挑战",拿云,特殊,天韶衣·少林,-,
"361","冰火岛·荒血路","试炼秘境",康疑,特殊,藏剑武器·翾风苍昊,-,
"361","冰火岛·荒血路","试炼秘境",铂尔,特殊,藏剑武器·翾风苍昊,-,
"361","冰火岛·荒血路","试炼秘境",罗纳真,特殊,藏剑武器·翾风苍昊,-,
"361","冰火岛·荒血路","试炼秘境",没藏呼月与拓跋思羽,特殊,藏剑武器·翾风苍昊,-,
"361","冰火岛·荒血路","试炼秘境",拿云,特殊,藏剑武器·翾风苍昊,-,
"347","冰火岛·青莲狱","10人普通",伊玛目,特殊,肆级五彩石,-,
"347","冰火岛·青莲狱","10人普通",伊玛目,特殊,五行石（六级）,-,
"347","冰火岛·青莲狱","10人普通",伊玛目,特殊,猫眼石,-,
"347","冰火岛·青莲狱","10人普通",伊玛目,特殊,探幽宝藏·首饰,-,
"347","冰火岛·青莲狱","10人普通",伊玛目,特殊,探幽宝藏·武器,-,
"347","冰火岛·青莲狱","10人普通",伊玛目,特殊,蜃海陨铁,-,
"347","冰火岛·青莲狱","10人普通",伊玛目,特殊,玛瑙,-,
"347","冰火岛·青莲狱","10人普通",伊玛目,特殊,归墟玄晶,-,
"347","冰火岛·青莲狱","10人普通",伊玛目,特殊,探幽宝藏·防具,-,
"348","冰火岛·青莲狱","25人英雄",伊玛目,特殊,鹤梦衣·少林,-,
"348","冰火岛·青莲狱","25人英雄",伊玛目,特殊,鹤梦衣·万花,-,
"348","冰火岛·青莲狱","25人英雄",伊玛目,特殊,鹤梦衣·天策,-,
"348","冰火岛·青莲狱","25人英雄",伊玛目,特殊,鹤梦衣·纯阳,-,
"348","冰火岛·青莲狱","25人英雄",伊玛目,特殊,鹤梦衣·七秀,-,
"348","冰火岛·青莲狱","25人英雄",伊玛目,特殊,鹤梦衣·五毒,-,
"348","冰火岛·青莲狱","25人英雄",伊玛目,特殊,鹤梦衣·唐门,-,
"348","冰火岛·青莲狱","25人英雄",伊玛目,特殊,鹤梦衣·丐帮,-,
"348","冰火岛·青莲狱","25人英雄",伊玛目,特殊,鹤梦衣·苍云,-,
"348","冰火岛·青莲狱","25人英雄",伊玛目,特殊,鹤梦衣·霸刀,-,
"348","冰火岛·青莲狱","25人英雄",伊玛目,特殊,鹤梦衣·凌雪阁,-,
"348","冰火岛·青莲狱","25人英雄",伊玛目,特殊,鹤梦衣·刀宗,-,
"348","冰火岛·青莲狱","25人英雄",伊玛目,特殊,鹤梦衣·藏剑,-,
"348","冰火岛·青莲狱","25人英雄",伊玛目,特殊,鹤梦衣·明教,-,
"348","冰火岛·青莲狱","25人英雄",伊玛目,特殊,鹤梦衣·长歌,-,
"348","冰火岛·青莲狱","25人英雄",伊玛目,特殊,鹤梦衣·蓬莱,-,
"348","冰火岛·青莲狱","25人英雄",伊玛目,特殊,藏剑武器·谷风山松,-,
"349","冰火岛·青莲狱","25人挑战",伊玛目,特殊,藏剑武器·飞尽不归,-,
"349","冰火岛·青莲狱","25人挑战",伊玛目,特殊,蜃楼珠,-,
"350","冰火岛·青莲狱","试炼秘境",伊玛目,特殊,藏剑武器·芳兰跃波,-,
"364","尘归海·巨冥湾","10人普通",孙楚珊,特殊,探幽宝藏·防具,-,
"364","尘归海·巨冥湾","10人普通",孙楚珊,特殊,探幽宝藏·首饰,-,
"364","尘归海·巨冥湾","10人普通",孙楚珊,特殊,探幽宝藏·武器,-,
"364","尘归海·巨冥湾","10人普通",孙楚珊,特殊,叁级五彩石,-,
"364","尘归海·巨冥湾","10人普通",孙楚珊,特殊,五行石（六级）,-,
"364","尘归海·巨冥湾","10人普通",孙楚珊,特殊,玛瑙,-,
"364","尘归海·巨冥湾","10人普通",孙楚珊,特殊,猫眼石,-,
"364","尘归海·巨冥湾","10人普通",孙楚珊,特殊,蜃海陨铁,-,
"364","尘归海·巨冥湾","10人普通",虎翼突袭,特殊,叁级五彩石,-,
"364","尘归海·巨冥湾","10人普通",虎翼突袭,特殊,五行石（六级）,-,
"364","尘归海·巨冥湾","10人普通",虎翼突袭,特殊,玛瑙,-,
"364","尘归海·巨冥湾","10人普通",虎翼突袭,特殊,猫眼石,-,
"364","尘归海·巨冥湾","10人普通",虎翼突袭,特殊,探幽宝藏·防具,-,
"364","尘归海·巨冥湾","10人普通",虎翼突袭,特殊,探幽宝藏·首饰,-,
"364","尘归海·巨冥湾","10人普通",虎翼突袭,特殊,探幽宝藏·武器,-,
"364","尘归海·巨冥湾","10人普通",邢不僵,特殊,探幽宝藏·防具,-,
"364","尘归海·巨冥湾","10人普通",邢不僵,特殊,探幽宝藏·首饰,-,
"364","尘归海·巨冥湾","10人普通",邢不僵,特殊,探幽宝藏·武器,-,
"364","尘归海·巨冥湾","10人普通",邢不僵,特殊,叁级五彩石,-,
"364","尘归海·巨冥湾","10人普通",邢不僵,特殊,五行石（六级）,-,
"364","尘归海·巨冥湾","10人普通",邢不僵,特殊,玛瑙,-,
"364","尘归海·巨冥湾","10人普通",邢不僵,特殊,猫眼石,-,
"364","尘归海·巨冥湾","10人普通",邢不僵,特殊,蜃海陨铁,-,
"364","尘归海·巨冥湾","10人普通",邢不僵,特殊,霜风雷煅录·外篇残页,-,
"364","尘归海·巨冥湾","10人普通",鬼首,特殊,探幽宝藏·防具,-,
"364","尘归海·巨冥湾","10人普通",鬼首,特殊,探幽宝藏·首饰,-,
"364","尘归海·巨冥湾","10人普通",鬼首,特殊,探幽宝藏·武器,-,
"364","尘归海·巨冥湾","10人普通",鬼首,特殊,肆级五彩石,-,
"364","尘归海·巨冥湾","10人普通",鬼首,特殊,五行石（六级）,-,
"364","尘归海·巨冥湾","10人普通",鬼首,特殊,玛瑙,-,
"364","尘归海·巨冥湾","10人普通",鬼首,特殊,猫眼石,-,
"364","尘归海·巨冥湾","10人普通",鬼首,特殊,蜃海陨铁,-,
"364","尘归海·巨冥湾","10人普通",无面鬼,特殊,肆级五彩石,-,
"364","尘归海·巨冥湾","10人普通",无面鬼,特殊,五行石（六级）,-,
"364","尘归海·巨冥湾","10人普通",无面鬼,特殊,玛瑙,-,
"364","尘归海·巨冥湾","10人普通",无面鬼,特殊,猫眼石,-,
"364","尘归海·巨冥湾","10人普通",无面鬼,特殊,蜃海陨铁,-,
"364","尘归海·巨冥湾","10人普通",无面鬼,特殊,探幽宝藏·防具,-,
"364","尘归海·巨冥湾","10人普通",无面鬼,特殊,探幽宝藏·首饰,-,
"364","尘归海·巨冥湾","10人普通",无面鬼,特殊,探幽宝藏·武器,-,
"364","尘归海·巨冥湾","10人普通",晏厄、晏灾,特殊,肆级五彩石,-,
"364","尘归海·巨冥湾","10人普通",晏厄、晏灾,特殊,五行石（六级）,-,
"364","尘归海·巨冥湾","10人普通",晏厄、晏灾,特殊,玛瑙,-,
"364","尘归海·巨冥湾","10人普通",晏厄、晏灾,特殊,猫眼石,-,
"364","尘归海·巨冥湾","10人普通",晏厄、晏灾,特殊,蜃海陨铁,-,
"364","尘归海·巨冥湾","10人普通",晏厄、晏灾,特殊,归墟玄晶,-,
"364","尘归海·巨冥湾","10人普通",晏厄、晏灾,特殊,藏剑武器·延陵流安,-,
"364","尘归海·巨冥湾","10人普通",晏厄、晏灾,特殊,探幽宝藏·防具,-,
"364","尘归海·巨冥湾","10人普通",晏厄、晏灾,特殊,探幽宝藏·首饰,-,
"364","尘归海·巨冥湾","10人普通",晏厄、晏灾,特殊,探幽宝藏·武器,-,
"365","尘归海·巨冥湾","25人英雄",孙楚珊,特殊,藏剑武器·鸦魂暮生,-,
"365","尘归海·巨冥湾","25人英雄",邢不僵,特殊,藏剑武器·落英飞泉,-,
"365","尘归海·巨冥湾","25人英雄",邢不僵,特殊,天韶护腕·少林,-,
"365","尘归海·巨冥湾","25人英雄",邢不僵,特殊,天韶护腕·万花,-,
"365","尘归海·巨冥湾","25人英雄",邢不僵,特殊,天韶护腕·天策,-,
"365","尘归海·巨冥湾","25人英雄",邢不僵,特殊,天韶护腕·纯阳,-,
"365","尘归海·巨冥湾","25人英雄",邢不僵,特殊,天韶护腕·七秀,-,
"365","尘归海·巨冥湾","25人英雄",邢不僵,特殊,天韶护腕·五毒,-,
"365","尘归海·巨冥湾","25人英雄",邢不僵,特殊,天韶护腕·藏剑,-,
"365","尘归海·巨冥湾","25人英雄",邢不僵,特殊,天韶护腕·明教,-,
"365","尘归海·巨冥湾","25人英雄",邢不僵,特殊,天韶护腕·长歌,-,
"365","尘归海·巨冥湾","25人英雄",邢不僵,特殊,天韶护腕·蓬莱,-,
"365","尘归海·巨冥湾","25人英雄",邢不僵,特殊,天韶护腕·刀宗,-,
"365","尘归海·巨冥湾","25人英雄",邢不僵,特殊,霜风雷煅录·外篇残页,-,
"365","尘归海·巨冥湾","25人英雄",邢不僵,特殊,天韶护腕·唐门,-,
"365","尘归海·巨冥湾","25人英雄",邢不僵,特殊,天韶护腕·丐帮,-,
"365","尘归海·巨冥湾","25人英雄",邢不僵,特殊,天韶护腕·苍云,-,
"365","尘归海·巨冥湾","25人英雄",邢不僵,特殊,天韶护腕·霸刀,-,
"365","尘归海·巨冥湾","25人英雄",邢不僵,特殊,天韶护腕·凌雪阁,-,
"365","尘归海·巨冥湾","25人英雄",鬼首,特殊,天韶腰带·纯阳,-,
"365","尘归海·巨冥湾","25人英雄",鬼首,特殊,天韶腰带·藏剑,-,
"365","尘归海·巨冥湾","25人英雄",鬼首,特殊,天韶腰带·长歌,-,
"365","尘归海·巨冥湾","25人英雄",鬼首,特殊,天韶腰带·凌雪阁,-,
"365","尘归海·巨冥湾","25人英雄",鬼首,特殊,天韶腰带·少林,-,
"365","尘归海·巨冥湾","25人英雄",鬼首,特殊,天韶腰带·七秀,-,
"365","尘归海·巨冥湾","25人英雄",鬼首,特殊,天韶腰带·丐帮,-,
"365","尘归海·巨冥湾","25人英雄",鬼首,特殊,天韶腰带·霸刀,-,
"365","尘归海·巨冥湾","25人英雄",鬼首,特殊,天韶腰带·刀宗,-,
"365","尘归海·巨冥湾","25人英雄",鬼首,特殊,天韶腰带·万花,-,
"365","尘归海·巨冥湾","25人英雄",鬼首,特殊,天韶腰带·五毒,-,
"365","尘归海·巨冥湾","25人英雄",鬼首,特殊,天韶腰带·明教,-,
"365","尘归海·巨冥湾","25人英雄",鬼首,特殊,天韶腰带·蓬莱,-,
"365","尘归海·巨冥湾","25人英雄",鬼首,特殊,藏剑武器·鸦魂暮生,-,
"365","尘归海·巨冥湾","25人英雄",鬼首,特殊,天韶腰带·天策,-,
"365","尘归海·巨冥湾","25人英雄",鬼首,特殊,天韶腰带·唐门,-,
"365","尘归海·巨冥湾","25人英雄",鬼首,特殊,天韶腰带·苍云,-,
"365","尘归海·巨冥湾","25人英雄",无面鬼,特殊,藏剑武器·落英飞泉,-,
"365","尘归海·巨冥湾","25人英雄",无面鬼,特殊,天韶鞋·万花,-,
"365","尘归海·巨冥湾","25人英雄",无面鬼,特殊,天韶鞋·明教,-,
"365","尘归海·巨冥湾","25人英雄",无面鬼,特殊,天韶鞋·凌雪阁,-,
"365","尘归海·巨冥湾","25人英雄",无面鬼,特殊,天韶鞋·天策,-,
"365","尘归海·巨冥湾","25人英雄",无面鬼,特殊,天韶鞋·苍云,-,
"365","尘归海·巨冥湾","25人英雄",无面鬼,特殊,天韶鞋·纯阳,-,
"365","尘归海·巨冥湾","25人英雄",无面鬼,特殊,天韶鞋·长歌,-,
"365","尘归海·巨冥湾","25人英雄",无面鬼,特殊,天韶鞋·刀宗,-,
"365","尘归海·巨冥湾","25人英雄",无面鬼,特殊,天韶鞋·七秀,-,
"365","尘归海·巨冥湾","25人英雄",无面鬼,特殊,天韶鞋·霸刀,-,
"365","尘归海·巨冥湾","25人英雄",无面鬼,特殊,天韶鞋·五毒,-,
"365","尘归海·巨冥湾","25人英雄",无面鬼,特殊,天韶鞋·蓬莱,-,
"365","尘归海·巨冥湾","25人英雄",无面鬼,特殊,天韶鞋·唐门,-,
"365","尘归海·巨冥湾","25人英雄",无面鬼,特殊,天韶鞋·少林,-,
"365","尘归海·巨冥湾","25人英雄",无面鬼,特殊,天韶鞋·藏剑,-,
"365","尘归海·巨冥湾","25人英雄",无面鬼,特殊,天韶鞋·丐帮,-,
"365","尘归海·巨冥湾","25人英雄",晏厄、晏灾,特殊,天韶帽·纯阳,-,
"365","尘归海·巨冥湾","25人英雄",晏厄、晏灾,特殊,天韶帽·长歌,-,
"365","尘归海·巨冥湾","25人英雄",晏厄、晏灾,特殊,天韶帽·七秀,-,
"365","尘归海·巨冥湾","25人英雄",晏厄、晏灾,特殊,天韶帽·霸刀,-,
"365","尘归海·巨冥湾","25人英雄",晏厄、晏灾,特殊,天韶帽·凌雪阁,-,
"365","尘归海·巨冥湾","25人英雄",晏厄、晏灾,特殊,天韶帽·五毒,-,
"365","尘归海·巨冥湾","25人英雄",晏厄、晏灾,特殊,天韶帽·蓬莱,-,
"365","尘归海·巨冥湾","25人英雄",晏厄、晏灾,特殊,天韶帽·唐门,-,
"365","尘归海·巨冥湾","25人英雄",晏厄、晏灾,特殊,天韶帽·刀宗,-,
"365","尘归海·巨冥湾","25人英雄",晏厄、晏灾,特殊,天韶帽·藏剑,-,
"365","尘归海·巨冥湾","25人英雄",晏厄、晏灾,特殊,天韶帽·少林,-,
"365","尘归海·巨冥湾","25人英雄",晏厄、晏灾,特殊,天韶帽·丐帮,-,
"365","尘归海·巨冥湾","25人英雄",晏厄、晏灾,特殊,天韶帽·万花,-,
"365","尘归海·巨冥湾","25人英雄",晏厄、晏灾,特殊,天韶帽·明教,-,
"365","尘归海·巨冥湾","25人英雄",晏厄、晏灾,特殊,藏剑武器·鸦魂暮生,-,
"365","尘归海·巨冥湾","25人英雄",晏厄、晏灾,特殊,天韶帽·天策,-,
"365","尘归海·巨冥湾","25人英雄",晏厄、晏灾,特殊,天韶帽·苍云,-,
"366","尘归海·巨冥湾","25人挑战",孙楚珊,特殊,藏剑武器·疏林芳草,-,
"366","尘归海·巨冥湾","25人挑战",孙楚珊,特殊,凌绝护腕·少林,-,
"366","尘归海·巨冥湾","25人挑战",孙楚珊,特殊,凌绝护腕·万花,-,
"366","尘归海·巨冥湾","25人挑战",孙楚珊,特殊,凌绝护腕·纯阳,-,
"366","尘归海·巨冥湾","25人挑战",孙楚珊,特殊,凌绝护腕·五毒,-,
"366","尘归海·巨冥湾","25人挑战",孙楚珊,特殊,凌绝护腕·藏剑,-,
"366","尘归海·巨冥湾","25人挑战",孙楚珊,特殊,凌绝护腕·明教,-,
"366","尘归海·巨冥湾","25人挑战",孙楚珊,特殊,凌绝护腕·蓬莱,-,
"366","尘归海·巨冥湾","25人挑战",孙楚珊,特殊,凌绝护腕·刀宗,-,
"366","尘归海·巨冥湾","25人挑战",孙楚珊,特殊,凌绝护腕·苍云,-,
"366","尘归海·巨冥湾","25人挑战",孙楚珊,特殊,凌绝护腕·天策,-,
"366","尘归海·巨冥湾","25人挑战",孙楚珊,特殊,凌绝护腕·七秀,-,
"366","尘归海·巨冥湾","25人挑战",孙楚珊,特殊,凌绝护腕·唐门,-,
"366","尘归海·巨冥湾","25人挑战",孙楚珊,特殊,凌绝护腕·丐帮,-,
"366","尘归海·巨冥湾","25人挑战",孙楚珊,特殊,凌绝护腕·长歌,-,
"366","尘归海·巨冥湾","25人挑战",孙楚珊,特殊,凌绝护腕·霸刀,-,
"366","尘归海·巨冥湾","25人挑战",孙楚珊,特殊,凌绝护腕·凌雪阁,-,
"366","尘归海·巨冥湾","25人挑战",邢不僵,特殊,霜风雷煅录·外篇残页,-,
"366","尘归海·巨冥湾","25人挑战",邢不僵,特殊,藏剑武器·珠丸赤叶,-,
"366","尘归海·巨冥湾","25人挑战",邢不僵,特殊,凌绝腰带·纯阳,-,
"366","尘归海·巨冥湾","25人挑战",邢不僵,特殊,凌绝腰带·藏剑,-,
"366","尘归海·巨冥湾","25人挑战",邢不僵,特殊,凌绝腰带·长歌,-,
"366","尘归海·巨冥湾","25人挑战",邢不僵,特殊,凌绝腰带·霸刀,-,
"366","尘归海·巨冥湾","25人挑战",邢不僵,特殊,凌绝腰带·少林,-,
"366","尘归海·巨冥湾","25人挑战",邢不僵,特殊,凌绝腰带·七秀,-,
"366","尘归海·巨冥湾","25人挑战",邢不僵,特殊,凌绝腰带·丐帮,-,
"366","尘归海·巨冥湾","25人挑战",邢不僵,特殊,凌绝腰带·蓬莱,-,
"366","尘归海·巨冥湾","25人挑战",邢不僵,特殊,凌绝腰带·刀宗,-,
"366","尘归海·巨冥湾","25人挑战",邢不僵,特殊,凌绝腰带·万花,-,
"366","尘归海·巨冥湾","25人挑战",邢不僵,特殊,凌绝腰带·五毒,-,
"366","尘归海·巨冥湾","25人挑战",邢不僵,特殊,凌绝腰带·明教,-,
"366","尘归海·巨冥湾","25人挑战",邢不僵,特殊,凌绝腰带·天策,-,
"366","尘归海·巨冥湾","25人挑战",邢不僵,特殊,凌绝腰带·唐门,-,
"366","尘归海·巨冥湾","25人挑战",邢不僵,特殊,凌绝腰带·苍云,-,
"366","尘归海·巨冥湾","25人挑战",邢不僵,特殊,凌绝腰带·凌雪阁,-,
"366","尘归海·巨冥湾","25人挑战",鬼首,特殊,藏剑武器·疏林芳草,-,
"366","尘归海·巨冥湾","25人挑战",鬼首,特殊,凌绝鞋·五毒,-,
"366","尘归海·巨冥湾","25人挑战",鬼首,特殊,凌绝鞋·蓬莱,-,
"366","尘归海·巨冥湾","25人挑战",鬼首,特殊,凌绝鞋·凌雪阁,-,
"366","尘归海·巨冥湾","25人挑战",鬼首,特殊,凌绝鞋·唐门,-,
"366","尘归海·巨冥湾","25人挑战",鬼首,特殊,凌绝鞋·藏剑,-,
"366","尘归海·巨冥湾","25人挑战",鬼首,特殊,凌绝鞋·刀宗,-,
"366","尘归海·巨冥湾","25人挑战",鬼首,特殊,凌绝鞋·少林,-,
"366","尘归海·巨冥湾","25人挑战",鬼首,特殊,凌绝鞋·丐帮,-,
"366","尘归海·巨冥湾","25人挑战",鬼首,特殊,凌绝鞋·万花,-,
"366","尘归海·巨冥湾","25人挑战",鬼首,特殊,凌绝鞋·明教,-,
"366","尘归海·巨冥湾","25人挑战",鬼首,特殊,凌绝鞋·天策,-,
"366","尘归海·巨冥湾","25人挑战",鬼首,特殊,凌绝鞋·苍云,-,
"366","尘归海·巨冥湾","25人挑战",鬼首,特殊,凌绝鞋·纯阳,-,
"366","尘归海·巨冥湾","25人挑战",鬼首,特殊,凌绝鞋·长歌,-,
"366","尘归海·巨冥湾","25人挑战",鬼首,特殊,凌绝鞋·七秀,-,
"366","尘归海·巨冥湾","25人挑战",鬼首,特殊,凌绝鞋·霸刀,-,
"366","尘归海·巨冥湾","25人挑战",无面鬼,特殊,藏剑武器·珠丸赤叶,-,
"366","尘归海·巨冥湾","25人挑战",无面鬼,特殊,凌绝帽·藏剑,-,
"366","尘归海·巨冥湾","25人挑战",无面鬼,特殊,凌绝帽·凌雪阁,-,
"366","尘归海·巨冥湾","25人挑战",无面鬼,特殊,凌绝帽·少林,-,
"366","尘归海·巨冥湾","25人挑战",无面鬼,特殊,凌绝帽·丐帮,-,
"366","尘归海·巨冥湾","25人挑战",无面鬼,特殊,凌绝帽·万花,-,
"366","尘归海·巨冥湾","25人挑战",无面鬼,特殊,凌绝帽·明教,-,
"366","尘归海·巨冥湾","25人挑战",无面鬼,特殊,凌绝帽·天策,-,
"366","尘归海·巨冥湾","25人挑战",无面鬼,特殊,凌绝帽·苍云,-,
"366","尘归海·巨冥湾","25人挑战",无面鬼,特殊,凌绝帽·刀宗,-,
"366","尘归海·巨冥湾","25人挑战",无面鬼,特殊,凌绝帽·纯阳,-,
"366","尘归海·巨冥湾","25人挑战",无面鬼,特殊,凌绝帽·长歌,-,
"366","尘归海·巨冥湾","25人挑战",无面鬼,特殊,凌绝帽·七秀,-,
"366","尘归海·巨冥湾","25人挑战",无面鬼,特殊,凌绝帽·霸刀,-,
"366","尘归海·巨冥湾","25人挑战",无面鬼,特殊,凌绝帽·五毒,-,
"366","尘归海·巨冥湾","25人挑战",无面鬼,特殊,凌绝帽·蓬莱,-,
"366","尘归海·巨冥湾","25人挑战",无面鬼,特殊,凌绝帽·唐门,-,
"366","尘归海·巨冥湾","25人挑战",晏厄、晏灾,特殊,藏剑武器·疏林芳草,-,
"366","尘归海·巨冥湾","25人挑战",晏厄、晏灾,特殊,凌绝衣·万花,-,
"366","尘归海·巨冥湾","25人挑战",晏厄、晏灾,特殊,凌绝衣·天策,-,
"366","尘归海·巨冥湾","25人挑战",晏厄、晏灾,特殊,凌绝衣·纯阳,-,
"366","尘归海·巨冥湾","25人挑战",晏厄、晏灾,特殊,凌绝衣·凌雪阁,-,
"366","尘归海·巨冥湾","25人挑战",晏厄、晏灾,特殊,凌绝衣·七秀,-,
"366","尘归海·巨冥湾","25人挑战",晏厄、晏灾,特殊,凌绝衣·五毒,-,
"366","尘归海·巨冥湾","25人挑战",晏厄、晏灾,特殊,凌绝衣·唐门,-,
"366","尘归海·巨冥湾","25人挑战",晏厄、晏灾,特殊,凌绝衣·藏剑,-,
"366","尘归海·巨冥湾","25人挑战",晏厄、晏灾,特殊,凌绝衣·丐帮,-,
"366","尘归海·巨冥湾","25人挑战",晏厄、晏灾,特殊,凌绝衣·刀宗,-,
"366","尘归海·巨冥湾","25人挑战",晏厄、晏灾,特殊,凌绝衣·明教,-,
"366","尘归海·巨冥湾","25人挑战",晏厄、晏灾,特殊,凌绝衣·苍云,-,
"366","尘归海·巨冥湾","25人挑战",晏厄、晏灾,特殊,凌绝衣·长歌,-,
"366","尘归海·巨冥湾","25人挑战",晏厄、晏灾,特殊,凌绝衣·霸刀,-,
"366","尘归海·巨冥湾","25人挑战",晏厄、晏灾,特殊,凌绝衣·蓬莱,-,
"366","尘归海·巨冥湾","25人挑战",晏厄、晏灾,特殊,切玉骨,-,
"366","尘归海·巨冥湾","25人挑战",晏厄、晏灾,特殊,凌绝衣·少林,-,
"368","尘归海·饕餮洞","10人普通",黄穆,特殊,肆级五彩石,-,
"368","尘归海·饕餮洞","10人普通",黄穆,特殊,五行石（六级）,-,
"368","尘归海·饕餮洞","10人普通",黄穆,特殊,猫眼石,-,
"368","尘归海·饕餮洞","10人普通",黄穆,特殊,探幽宝藏·首饰,-,
"368","尘归海·饕餮洞","10人普通",黄穆,特殊,探幽宝藏·武器,-,
"368","尘归海·饕餮洞","10人普通",黄穆,特殊,蜃海陨铁,-,
"368","尘归海·饕餮洞","10人普通",黄穆,特殊,玛瑙,-,
"368","尘归海·饕餮洞","10人普通",黄穆,特殊,归墟玄晶,-,
"368","尘归海·饕餮洞","10人普通",黄穆,特殊,探幽宝藏·防具,-,
"369","尘归海·饕餮洞","25人英雄",黄穆,特殊,天韶衣·少林,-,
"369","尘归海·饕餮洞","25人英雄",黄穆,特殊,天韶衣·万花,-,
"369","尘归海·饕餮洞","25人英雄",黄穆,特殊,天韶衣·天策,-,
"369","尘归海·饕餮洞","25人英雄",黄穆,特殊,天韶衣·纯阳,-,
"369","尘归海·饕餮洞","25人英雄",黄穆,特殊,天韶衣·七秀,-,
"369","尘归海·饕餮洞","25人英雄",黄穆,特殊,天韶衣·五毒,-,
"369","尘归海·饕餮洞","25人英雄",黄穆,特殊,天韶衣·唐门,-,
"369","尘归海·饕餮洞","25人英雄",黄穆,特殊,天韶衣·丐帮,-,
"369","尘归海·饕餮洞","25人英雄",黄穆,特殊,天韶衣·苍云,-,
"369","尘归海·饕餮洞","25人英雄",黄穆,特殊,天韶衣·霸刀,-,
"369","尘归海·饕餮洞","25人英雄",黄穆,特殊,天韶衣·凌雪阁,-,
"369","尘归海·饕餮洞","25人英雄",黄穆,特殊,天韶衣·刀宗,-,
"369","尘归海·饕餮洞","25人英雄",黄穆,特殊,天韶衣·藏剑,-,
"369","尘归海·饕餮洞","25人英雄",黄穆,特殊,天韶衣·明教,-,
"369","尘归海·饕餮洞","25人英雄",黄穆,特殊,天韶衣·长歌,-,
"369","尘归海·饕餮洞","25人英雄",黄穆,特殊,天韶衣·蓬莱,-,
"369","尘归海·饕餮洞","25人英雄",黄穆,特殊,藏剑武器·落英飞泉,-,
"370","尘归海·饕餮洞","25人挑战",黄穆,特殊,切玉骨,-,
"370","尘归海·饕餮洞","25人挑战",黄穆,特殊,藏剑武器·成澜倚枫,-,
"337","泥兰洞天","5人普通",康成辩,特殊,炼气丸,-,
"337","泥兰洞天","5人普通",康成辩,特殊,挂件包·背部,-,
"337","泥兰洞天","5人普通",康成辩,特殊,挂件包·腰部,-,
"337","泥兰洞天","5人普通",源明信,特殊,炼气丸,-,
"337","泥兰洞天","5人普通",源明信,特殊,挂件包·背部,-,
"337","泥兰洞天","5人普通",源明信,特殊,挂件包·腰部,-,
"337","泥兰洞天","5人普通",康杖石,特殊,挂件包·背部,-,
"337","泥兰洞天","5人普通",康杖石,特殊,炼气丸,-,
"337","泥兰洞天","5人普通",康杖石,特殊,挂件包·腰部,-,
"337","泥兰洞天","5人普通",康杖石,特殊,藏剑武器·江流江隐,-,
"356","泥兰洞天","5人英雄",康成辩,特殊,挂件包·背部,-,
"356","泥兰洞天","5人英雄",康成辩,特殊,炼气丸,-,
"356","泥兰洞天","5人英雄",康成辩,特殊,挂件包·腰部,-,
"356","泥兰洞天","5人英雄",源明信,特殊,炼气丸,-,
"356","泥兰洞天","5人英雄",源明信,特殊,挂件包·背部,-,
"356","泥兰洞天","5人英雄",源明信,特殊,挂件包·腰部,-,
"356","泥兰洞天","5人英雄",康杖石,特殊,《九功舞·祥瑞》,-,
"356","泥兰洞天","5人英雄",康杖石,特殊,陨海晶,-,
"356","泥兰洞天","5人英雄",康杖石,特殊,炼气丸,-,
"356","泥兰洞天","5人英雄",康杖石,特殊,挂件包·背部,-,
"356","泥兰洞天","5人英雄",康杖石,特殊,藏剑武器·山川一方,-,
"356","泥兰洞天","5人英雄",康杖石,家具,夹竹桃书灯,-,
"356","泥兰洞天","5人英雄",康杖石,特殊,挂件包·腰部,-,
"339","大衍盘丝洞","5人普通",连玉良,特殊,炼气丸,-,
"339","大衍盘丝洞","5人普通",连玉良,特殊,挂件包·背部,-,
"339","大衍盘丝洞","5人普通",连玉良,特殊,挂件包·腰部,-,
"339","大衍盘丝洞","5人普通",文闰一,特殊,挂件包·背部,-,
"339","大衍盘丝洞","5人普通",文闰一,特殊,炼气丸,-,
"339","大衍盘丝洞","5人普通",文闰一,特殊,挂件包·腰部,-,
"339","大衍盘丝洞","5人普通",尹无咎,特殊,炼气丸,-,
"339","大衍盘丝洞","5人普通",尹无咎,特殊,挂件包·背部,-,
"339","大衍盘丝洞","5人普通",尹无咎,特殊,挂件包·腰部,-,
"339","大衍盘丝洞","5人普通",尹无咎,特殊,藏剑武器·常阴常暗,-,
"355","大衍盘丝洞","5人英雄",连玉良,特殊,挂件包·背部,-,
"355","大衍盘丝洞","5人英雄",连玉良,特殊,炼气丸,-,
"355","大衍盘丝洞","5人英雄",连玉良,特殊,挂件包·腰部,-,
"355","大衍盘丝洞","5人英雄",文闰一,特殊,炼气丸,-,
"355","大衍盘丝洞","5人英雄",文闰一,特殊,挂件包·背部,-,
"355","大衍盘丝洞","5人英雄",文闰一,特殊,挂件包·腰部,-,
"355","大衍盘丝洞","5人英雄",尹无咎,特殊,陨海晶,-,
"355","大衍盘丝洞","5人英雄",尹无咎,特殊,炼气丸,-,
"355","大衍盘丝洞","5人英雄",尹无咎,特殊,藏剑武器·山川一方,-,
"355","大衍盘丝洞","5人英雄",尹无咎,家具,夹竹桃书灯,-,
"355","大衍盘丝洞","5人英雄",尹无咎,特殊,挂件包·背部,-,
"355","大衍盘丝洞","5人英雄",尹无咎,特殊,挂件包·腰部,-,
"340","镜泊湖","5人普通",寒鸦三女,特殊,挂件包·背部,-,
"340","镜泊湖","5人普通",寒鸦三女,特殊,炼气丸,-,
"340","镜泊湖","5人普通",寒鸦三女,特殊,挂件包·腰部,-,
"340","镜泊湖","5人普通",翁幼之,特殊,炼气丸,-,
"340","镜泊湖","5人普通",翁幼之,特殊,挂件包·背部,-,
"340","镜泊湖","5人普通",翁幼之,特殊,挂件包·腰部,-,
"340","镜泊湖","5人普通",端木珩,特殊,炼气丸,-,
"340","镜泊湖","5人普通",端木珩,特殊,挂件包·背部,-,
"340","镜泊湖","5人普通",端木珩,特殊,挂件包·腰部,-,
"340","镜泊湖","5人普通",端木珩,特殊,藏剑武器·江流江隐,-,
"357","镜泊湖","5人英雄",寒鸦三女,特殊,炼气丸,-,
"357","镜泊湖","5人英雄",寒鸦三女,特殊,挂件包·背部,-,
"357","镜泊湖","5人英雄",寒鸦三女,特殊,挂件包·腰部,-,
"357","镜泊湖","5人英雄",翁幼之,特殊,炼气丸,-,
"357","镜泊湖","5人英雄",翁幼之,特殊,挂件包·背部,-,
"357","镜泊湖","5人英雄",翁幼之,特殊,挂件包·腰部,-,
"357","镜泊湖","5人英雄",端木珩,特殊,挂件包·背部,-,
"357","镜泊湖","5人英雄",端木珩,特殊,《破阵舞·丰财》,-,
"357","镜泊湖","5人英雄",端木珩,特殊,陨海晶,-,
"357","镜泊湖","5人英雄",端木珩,特殊,炼气丸,-,
"357","镜泊湖","5人英雄",端木珩,特殊,藏剑武器·山川一方,-,
"357","镜泊湖","5人英雄",端木珩,家具,夹竹桃书灯,-,
"357","镜泊湖","5人英雄",端木珩,特殊,挂件包·腰部,-,
"342","九辩馆","5人普通",杀末邪,特殊,核心零件,-,
"342","九辩馆","5人普通",杀末邪,特殊,炼气丸,-,
"342","九辩馆","5人普通",杀末邪,特殊,挂件包·背部,-,
"342","九辩馆","5人普通",杀末邪,特殊,挂件包·腰部,-,
"342","九辩馆","5人普通",月笼草,特殊,挂件包·背部,-,
"342","九辩馆","5人普通",月笼草,特殊,炼气丸,-,
"342","九辩馆","5人普通",月笼草,特殊,挂件包·腰部,-,
"342","九辩馆","5人普通",蒹葭,家具,栌斗廊柱,-,
"342","九辩馆","5人普通",蒹葭,特殊,挂件包·背部,-,
"342","九辩馆","5人普通",蒹葭,特殊,炼气丸,-,
"342","九辩馆","5人普通",蒹葭,特殊,挂件包·腰部,-,
"359","九辩馆","5人英雄",杀末邪,特殊,炼气丸,-,
"359","九辩馆","5人英雄",杀末邪,特殊,挂件包·背部,-,
"359","九辩馆","5人英雄",杀末邪,特殊,挂件包·腰部,-,
"359","九辩馆","5人英雄",月笼草,特殊,挂件包·腰部,-,
"359","九辩馆","5人英雄",月笼草,特殊,炼气丸,-,
"359","九辩馆","5人英雄",月笼草,特殊,挂件包·背部,-,
"359","九辩馆","5人英雄",蒹葭,家具,栌斗廊柱,-,
"359","九辩馆","5人英雄",蒹葭,特殊,陨海晶,-,
"359","九辩馆","5人英雄",蒹葭,特殊,炼气丸,-,
"359","九辩馆","5人英雄",蒹葭,特殊,挂件包·背部,-,
"359","九辩馆","5人英雄",蒹葭,特殊,藏剑武器·山川一方,-,
"359","九辩馆","5人英雄",蒹葭,家具,夹竹桃书灯,-,
"359","九辩馆","5人英雄",蒹葭,特殊,挂件包·腰部,-,
"343","迷渊岛","5人英雄",姜仇封,特殊,炼气丸,-,
"343","迷渊岛","5人英雄",姜仇封,特殊,挂件包·背部,-,
"343","迷渊岛","5人英雄",姜仇封,特殊,挂件包·腰部,-,
"343","迷渊岛","5人英雄",魏宗明,特殊,炼气丸,-,
"343","迷渊岛","5人英雄",魏宗明,特殊,挂件包·背部,-,
"343","迷渊岛","5人英雄",魏宗明,特殊,挂件包·腰部,-,
"343","迷渊岛","5人英雄",宫傲,特殊,挂件包·背部,-,
"343","迷渊岛","5人英雄",宫傲,特殊,《杂艺·舞火》,-,
"343","迷渊岛","5人英雄",宫傲,特殊,陨海晶,-,
"343","迷渊岛","5人英雄",宫傲,特殊,炼气丸,-,
"343","迷渊岛","5人英雄",宫傲,特殊,藏剑武器·山川一方,-,
"343","迷渊岛","5人英雄",宫傲,家具,夹竹桃书灯,-,
"343","迷渊岛","5人英雄",宫傲,特殊,挂件包·腰部,-,
"358","迷渊岛","5人普通",姜仇封,特殊,挂件包·背部,-,
"358","迷渊岛","5人普通",姜仇封,特殊,炼气丸,-,
"358","迷渊岛","5人普通",姜仇封,特殊,挂件包·腰部,-,
"358","迷渊岛","5人普通",魏宗明,特殊,炼气丸,-,
"358","迷渊岛","5人普通",魏宗明,特殊,挂件包·背部,-,
"358","迷渊岛","5人普通",魏宗明,特殊,挂件包·腰部,-,
"358","迷渊岛","5人普通",宫傲,特殊,炼气丸,-,
"358","迷渊岛","5人普通",宫傲,特殊,挂件包·背部,-,
"358","迷渊岛","5人普通",宫傲,特殊,挂件包·腰部,-,
"358","迷渊岛","5人普通",宫傲,特殊,藏剑武器·常阴常暗,-,
"406","周天屿","5人英雄",曹庆司,特殊,炼气丸,-,
"406","周天屿","5人英雄",曹庆司,特殊,挂件包·背部,-,
"406","周天屿","5人英雄",曹庆司,特殊,挂件包·腰部,-,
"406","周天屿","5人英雄",白沫,特殊,挂件包·背部,-,
"406","周天屿","5人英雄",白沫,特殊,炼气丸,-,
"406","周天屿","5人英雄",白沫,特殊,挂件包·腰部,-,
"406","周天屿","5人英雄",悉达罗摩,特殊,陨海晶,-,
"406","周天屿","5人英雄",悉达罗摩,特殊,炼气丸,-,
"406","周天屿","5人英雄",悉达罗摩,特殊,藏剑武器·山川一方,-,
"406","周天屿","5人英雄",悉达罗摩,家具,夹竹桃书灯,-,
"406","周天屿","5人英雄",悉达罗摩,特殊,挂件包·背部,-,
"406","周天屿","5人英雄",悉达罗摩,特殊,挂件包·腰部,-,
"407","周天屿","5人挑战",曹庆司,特殊,挂件包·背部,-,
"407","周天屿","5人挑战",曹庆司,特殊,炼气丸,-,
"407","周天屿","5人挑战",曹庆司,特殊,挂件包·腰部,-,
"407","周天屿","5人挑战",白沫,特殊,炼气丸,-,
"407","周天屿","5人挑战",白沫,特殊,挂件包·背部,-,
"407","周天屿","5人挑战",白沫,特殊,挂件包·腰部,-,
"407","周天屿","5人挑战",悉达罗摩,特殊,炼气丸,-,
"407","周天屿","5人挑战",悉达罗摩,特殊,挂件包·背部,-,
"407","周天屿","5人挑战",悉达罗摩,特殊,挂件包·腰部,-,
"407","周天屿","5人挑战",悉达罗摩,特殊,藏剑武器·二尺三尺,-,
"299","狼牙堡·狼神殿","10人普通",靳空明,特殊,玛瑙,-,
"299","狼牙堡·狼神殿","10人普通",靳空明,特殊,猫眼石,-,
"299","狼牙堡·狼神殿","10人普通",靳空明,特殊,叁级五彩石,-,
"299","狼牙堡·狼神殿","10人普通",靳空明,特殊,五行石（六级）,-,
"299","狼牙堡·狼神殿","10人普通",靳空明,特殊,探幽宝藏·防具,-,
"299","狼牙堡·狼神殿","10人普通",靳空明,特殊,探幽宝藏·首饰,-,
"299","狼牙堡·狼神殿","10人普通",靳空明,特殊,探幽宝藏·武器,-,
"299","狼牙堡·狼神殿","10人普通",靳空明,特殊,星雷陨铁,-,
"299","狼牙堡·狼神殿","10人普通",乌索,特殊,星雷陨铁,-,
"299","狼牙堡·狼神殿","10人普通",乌索,特殊,肆级五彩石,-,
"299","狼牙堡·狼神殿","10人普通",乌索,特殊,玛瑙,-,
"299","狼牙堡·狼神殿","10人普通",乌索,特殊,猫眼石,-,
"299","狼牙堡·狼神殿","10人普通",乌索,特殊,探幽宝藏·防具,-,
"299","狼牙堡·狼神殿","10人普通",乌索,特殊,五行石（六级）,-,
"299","狼牙堡·狼神殿","10人普通",乌索,特殊,探幽宝藏·首饰,-,
"299","狼牙堡·狼神殿","10人普通",乌索,特殊,探幽宝藏·武器,-,
"299","狼牙堡·狼神殿","10人普通",史思明,特殊,肆级五彩石,-,
"299","狼牙堡·狼神殿","10人普通",史思明,特殊,星雷陨铁,-,
"299","狼牙堡·狼神殿","10人普通",史思明,特殊,醉月玄晶,-,
"299","狼牙堡·狼神殿","10人普通",史思明,特殊,遗忘的书函,-,
"299","狼牙堡·狼神殿","10人普通",史思明,特殊,玛瑙,-,
"299","狼牙堡·狼神殿","10人普通",史思明,特殊,猫眼石,-,
"299","狼牙堡·狼神殿","10人普通",史思明,特殊,藏剑武器·甘风隐华,-,
"299","狼牙堡·狼神殿","10人普通",史思明,特殊,五行石（六级）,-,
"299","狼牙堡·狼神殿","10人普通",史思明,特殊,探幽宝藏·防具,-,
"299","狼牙堡·狼神殿","10人普通",史思明,特殊,探幽宝藏·首饰,-,
"299","狼牙堡·狼神殿","10人普通",史思明,特殊,探幽宝藏·武器,-,
"301","狼牙堡·狼神殿","25人英雄",靳空明,特殊,星雷陨铁,-,
"301","狼牙堡·狼神殿","25人英雄",靳空明,特殊,藏剑武器·断鸿风波,-,
"301","狼牙堡·狼神殿","25人英雄",靳空明,特殊,焕彩玉·护腕,-,
"301","狼牙堡·狼神殿","25人英雄",靳空明,特殊,焕彩玉·腰带,-,
"301","狼牙堡·狼神殿","25人英雄",乌索,特殊,星雷陨铁,-,
"301","狼牙堡·狼神殿","25人英雄",乌索,特殊,藏剑武器·断鸿风波,-,
"301","狼牙堡·狼神殿","25人英雄",乌索,特殊,焕彩玉·头饰,-,
"301","狼牙堡·狼神殿","25人英雄",乌索,特殊,焕彩玉·鞋子,-,
"301","狼牙堡·狼神殿","25人英雄",史思明,特殊,星雷陨铁,-,
"301","狼牙堡·狼神殿","25人英雄",史思明,特殊,醉月玄晶,-,
"301","狼牙堡·狼神殿","25人英雄",史思明,特殊,焕彩玉·上装,-,
"301","狼牙堡·狼神殿","25人英雄",史思明,特殊,藏剑武器·霄川梧桐,-,
"301","狼牙堡·狼神殿","25人英雄",史思明,特殊,遗忘的书函,-,
"283","狼牙堡·战兽山","10人普通",报九枫,特殊,星雷陨铁,-,
"283","狼牙堡·战兽山","10人普通",报九枫,特殊,叁级五彩石,-,
"283","狼牙堡·战兽山","10人普通",报九枫,特殊,玛瑙,-,
"283","狼牙堡·战兽山","10人普通",报九枫,特殊,猫眼石,-,
"283","狼牙堡·战兽山","10人普通",报九枫,特殊,五行石（六级）,-,
"283","狼牙堡·战兽山","10人普通",无支祁,特殊,叁级五彩石,-,
"283","狼牙堡·战兽山","10人普通",无支祁,特殊,五行石（六级）,-,
"283","狼牙堡·战兽山","10人普通",无支祁,特殊,星雷陨铁,-,
"283","狼牙堡·战兽山","10人普通",无支祁,特殊,玛瑙,-,
"283","狼牙堡·战兽山","10人普通",无支祁,特殊,猫眼石,-,
"283","狼牙堡·战兽山","10人普通",也漠河,特殊,五行石（六级）,-,
"283","狼牙堡·战兽山","10人普通",也漠河,特殊,星雷陨铁,-,
"283","狼牙堡·战兽山","10人普通",也漠河,特殊,肆级五彩石,-,
"283","狼牙堡·战兽山","10人普通",也漠河,特殊,玛瑙,-,
"283","狼牙堡·战兽山","10人普通",也漠河,特殊,猫眼石,-,
"283","狼牙堡·战兽山","10人普通",乌灵风,特殊,五行石（六级）,-,
"283","狼牙堡·战兽山","10人普通",乌灵风,特殊,星雷陨铁,-,
"283","狼牙堡·战兽山","10人普通",乌灵风,特殊,肆级五彩石,-,
"283","狼牙堡·战兽山","10人普通",乌灵风,特殊,玛瑙,-,
"283","狼牙堡·战兽山","10人普通",乌灵风,特殊,猫眼石,-,
"283","狼牙堡·战兽山","10人普通",唐书雁,特殊,肆级五彩石,-,
"283","狼牙堡·战兽山","10人普通",唐书雁,特殊,星雷陨铁,-,
"283","狼牙堡·战兽山","10人普通",唐书雁,特殊,醉月玄晶,-,
"283","狼牙堡·战兽山","10人普通",唐书雁,特殊,玛瑙,-,
"283","狼牙堡·战兽山","10人普通",唐书雁,特殊,猫眼石,-,
"283","狼牙堡·战兽山","10人普通",唐书雁,特殊,藏剑武器·延陵流安,-,
"283","狼牙堡·战兽山","10人普通",唐书雁,特殊,五行石（六级）,-,
"286","狼牙堡·战兽山","25人英雄",报九枫,特殊,星雷陨铁,-,
"286","狼牙堡·战兽山","25人英雄",报九枫,特殊,藏剑武器·扬风青玄,-,
"286","狼牙堡·战兽山","25人英雄",报九枫,特殊,驰冥护腕·少林,-,
"286","狼牙堡·战兽山","25人英雄",报九枫,特殊,驰冥护腕·天策,-,
"286","狼牙堡·战兽山","25人英雄",报九枫,特殊,驰冥护腕·七秀,-,
"286","狼牙堡·战兽山","25人英雄",报九枫,特殊,驰冥护腕·丐帮,-,
"286","狼牙堡·战兽山","25人英雄",报九枫,特殊,驰冥护腕·霸刀,-,
"286","狼牙堡·战兽山","25人英雄",报九枫,特殊,驰冥护腕·蓬莱,-,
"286","狼牙堡·战兽山","25人英雄",报九枫,特殊,驰冥护腕·凌雪阁,-,
"286","狼牙堡·战兽山","25人英雄",报九枫,特殊,驰冥护腕·五毒,-,
"286","狼牙堡·战兽山","25人英雄",报九枫,特殊,驰冥护腕·明教,-,
"286","狼牙堡·战兽山","25人英雄",报九枫,特殊,驰冥护腕·万花,-,
"286","狼牙堡·战兽山","25人英雄",报九枫,特殊,驰冥护腕·纯阳,-,
"286","狼牙堡·战兽山","25人英雄",报九枫,特殊,驰冥护腕·唐门,-,
"286","狼牙堡·战兽山","25人英雄",报九枫,特殊,驰冥护腕·苍云,-,
"286","狼牙堡·战兽山","25人英雄",报九枫,特殊,驰冥护腕·藏剑,-,
"286","狼牙堡·战兽山","25人英雄",报九枫,特殊,驰冥护腕·长歌,-,
"286","狼牙堡·战兽山","25人英雄",无支祁,特殊,星雷陨铁,-,
"286","狼牙堡·战兽山","25人英雄",无支祁,特殊,藏剑武器·扬风青玄,-,
"286","狼牙堡·战兽山","25人英雄",无支祁,特殊,驰冥腰带·纯阳,-,
"286","狼牙堡·战兽山","25人英雄",无支祁,特殊,驰冥腰带·藏剑,-,
"286","狼牙堡·战兽山","25人英雄",无支祁,特殊,驰冥腰带·丐帮,-,
"286","狼牙堡·战兽山","25人英雄",无支祁,特殊,驰冥腰带·凌雪阁,-,
"286","狼牙堡·战兽山","25人英雄",无支祁,特殊,驰冥腰带·少林,-,
"286","狼牙堡·战兽山","25人英雄",无支祁,特殊,驰冥腰带·七秀,-,
"286","狼牙堡·战兽山","25人英雄",无支祁,特殊,驰冥腰带·明教,-,
"286","狼牙堡·战兽山","25人英雄",无支祁,特殊,驰冥腰带·苍云,-,
"286","狼牙堡·战兽山","25人英雄",无支祁,特殊,驰冥腰带·万花,-,
"286","狼牙堡·战兽山","25人英雄",无支祁,特殊,驰冥腰带·五毒,-,
"286","狼牙堡·战兽山","25人英雄",无支祁,特殊,驰冥腰带·长歌,-,
"286","狼牙堡·战兽山","25人英雄",无支祁,特殊,驰冥腰带·霸刀,-,
"286","狼牙堡·战兽山","25人英雄",无支祁,特殊,驰冥腰带·天策,-,
"286","狼牙堡·战兽山","25人英雄",无支祁,特殊,驰冥腰带·唐门,-,
"286","狼牙堡·战兽山","25人英雄",无支祁,特殊,驰冥腰带·蓬莱,-,
"286","狼牙堡·战兽山","25人英雄",也漠河,特殊,星雷陨铁,-,
"286","狼牙堡·战兽山","25人英雄",也漠河,特殊,驰冥鞋·天策,-,
"286","狼牙堡·战兽山","25人英雄",也漠河,特殊,驰冥鞋·苍云,-,
"286","狼牙堡·战兽山","25人英雄",也漠河,特殊,驰冥鞋·蓬莱,-,
"286","狼牙堡·战兽山","25人英雄",也漠河,特殊,驰冥鞋·纯阳,-,
"286","狼牙堡·战兽山","25人英雄",也漠河,特殊,驰冥鞋·长歌,-,
"286","狼牙堡·战兽山","25人英雄",也漠河,特殊,驰冥鞋·七秀,-,
"286","狼牙堡·战兽山","25人英雄",也漠河,特殊,驰冥鞋·霸刀,-,
"286","狼牙堡·战兽山","25人英雄",也漠河,特殊,驰冥鞋·凌雪阁,-,
"286","狼牙堡·战兽山","25人英雄",也漠河,特殊,驰冥鞋·五毒,-,
"286","狼牙堡·战兽山","25人英雄",也漠河,特殊,藏剑武器·扬风青玄,-,
"286","狼牙堡·战兽山","25人英雄",也漠河,特殊,驰冥鞋·唐门,-,
"286","狼牙堡·战兽山","25人英雄",也漠河,特殊,驰冥鞋·藏剑,-,
"286","狼牙堡·战兽山","25人英雄",也漠河,特殊,驰冥鞋·少林,-,
"286","狼牙堡·战兽山","25人英雄",也漠河,特殊,驰冥鞋·丐帮,-,
"286","狼牙堡·战兽山","25人英雄",也漠河,特殊,驰冥鞋·万花,-,
"286","狼牙堡·战兽山","25人英雄",也漠河,特殊,驰冥鞋·明教,-,
"286","狼牙堡·战兽山","25人英雄",乌灵风,特殊,星雷陨铁,-,
"286","狼牙堡·战兽山","25人英雄",乌灵风,特殊,驰冥帽·五毒,-,
"286","狼牙堡·战兽山","25人英雄",乌灵风,特殊,驰冥帽·唐门,-,
"286","狼牙堡·战兽山","25人英雄",乌灵风,特殊,驰冥帽·藏剑,-,
"286","狼牙堡·战兽山","25人英雄",乌灵风,特殊,驰冥帽·凌雪阁,-,
"286","狼牙堡·战兽山","25人英雄",乌灵风,特殊,驰冥帽·少林,-,
"286","狼牙堡·战兽山","25人英雄",乌灵风,特殊,驰冥帽·丐帮,-,
"286","狼牙堡·战兽山","25人英雄",乌灵风,特殊,藏剑武器·扬风青玄,-,
"286","狼牙堡·战兽山","25人英雄",乌灵风,特殊,驰冥帽·万花,-,
"286","狼牙堡·战兽山","25人英雄",乌灵风,特殊,驰冥帽·明教,-,
"286","狼牙堡·战兽山","25人英雄",乌灵风,特殊,驰冥帽·天策,-,
"286","狼牙堡·战兽山","25人英雄",乌灵风,特殊,驰冥帽·苍云,-,
"286","狼牙堡·战兽山","25人英雄",乌灵风,特殊,驰冥帽·纯阳,-,
"286","狼牙堡·战兽山","25人英雄",乌灵风,特殊,驰冥帽·长歌,-,
"286","狼牙堡·战兽山","25人英雄",乌灵风,特殊,驰冥帽·七秀,-,
"286","狼牙堡·战兽山","25人英雄",乌灵风,特殊,驰冥帽·霸刀,-,
"286","狼牙堡·战兽山","25人英雄",乌灵风,特殊,驰冥帽·蓬莱,-,
"286","狼牙堡·战兽山","25人英雄",唐书雁,特殊,星雷陨铁,-,
"286","狼牙堡·战兽山","25人英雄",唐书雁,特殊,醉月玄晶,-,
"286","狼牙堡·战兽山","25人英雄",唐书雁,特殊,藏剑武器·扬风青玄,-,
"286","狼牙堡·战兽山","25人英雄",唐书雁,特殊,驰冥衣·少林,-,
"286","狼牙堡·战兽山","25人英雄",唐书雁,特殊,驰冥衣·万花,-,
"286","狼牙堡·战兽山","25人英雄",唐书雁,特殊,驰冥衣·天策,-,
"286","狼牙堡·战兽山","25人英雄",唐书雁,特殊,驰冥衣·纯阳,-,
"286","狼牙堡·战兽山","25人英雄",唐书雁,特殊,驰冥衣·七秀,-,
"286","狼牙堡·战兽山","25人英雄",唐书雁,特殊,驰冥衣·五毒,-,
"286","狼牙堡·战兽山","25人英雄",唐书雁,特殊,驰冥衣·唐门,-,
"286","狼牙堡·战兽山","25人英雄",唐书雁,特殊,驰冥衣·凌雪阁,-,
"286","狼牙堡·战兽山","25人英雄",唐书雁,特殊,驰冥衣·藏剑,-,
"286","狼牙堡·战兽山","25人英雄",唐书雁,特殊,驰冥衣·丐帮,-,
"286","狼牙堡·战兽山","25人英雄",唐书雁,特殊,驰冥衣·明教,-,
"286","狼牙堡·战兽山","25人英雄",唐书雁,特殊,驰冥衣·苍云,-,
"286","狼牙堡·战兽山","25人英雄",唐书雁,特殊,驰冥衣·长歌,-,
"286","狼牙堡·战兽山","25人英雄",唐书雁,特殊,驰冥衣·霸刀,-,
"286","狼牙堡·战兽山","25人英雄",唐书雁,特殊,驰冥衣·蓬莱,-,
"284","狼牙堡·燕然峰","10人普通",司晴,特殊,星雷陨铁,-,
"284","狼牙堡·燕然峰","10人普通",司晴,特殊,玛瑙,-,
"284","狼牙堡·燕然峰","10人普通",司晴,特殊,叁级五彩石,-,
"284","狼牙堡·燕然峰","10人普通",司晴,特殊,猫眼石,-,
"284","狼牙堡·燕然峰","10人普通",司晴,特殊,五行石（六级）,-,
"284","狼牙堡·燕然峰","10人普通",李令霞,特殊,肆级五彩石,-,
"284","狼牙堡·燕然峰","10人普通",李令霞,特殊,玛瑙,-,
"284","狼牙堡·燕然峰","10人普通",李令霞,特殊,猫眼石,-,
"284","狼牙堡·燕然峰","10人普通",李令霞,特殊,五行石（六级）,-,
"284","狼牙堡·燕然峰","10人普通",李令霞,特殊,星雷陨铁,-,
"284","狼牙堡·燕然峰","10人普通",石斑,特殊,星雷陨铁,-,
"284","狼牙堡·燕然峰","10人普通",石斑,特殊,醉月玄晶,-,
"284","狼牙堡·燕然峰","10人普通",石斑,特殊,肆级五彩石,-,
"284","狼牙堡·燕然峰","10人普通",石斑,特殊,玛瑙,-,
"284","狼牙堡·燕然峰","10人普通",石斑,特殊,猫眼石,-,
"284","狼牙堡·燕然峰","10人普通",石斑,特殊,藏剑武器·延陵流安,-,
"284","狼牙堡·燕然峰","10人普通",石斑,特殊,五行石（六级）,-,
"287","狼牙堡·燕然峰","25人英雄",司晴,特殊,星雷陨铁,-,
"287","狼牙堡·燕然峰","25人英雄",司晴,特殊,藏剑武器·扬风青玄,-,
"287","狼牙堡·燕然峰","25人英雄",司晴,特殊,焕彩石·腕,-,
"287","狼牙堡·燕然峰","25人英雄",司晴,特殊,焕彩石·腰,-,
"287","狼牙堡·燕然峰","25人英雄",李令霞,特殊,星雷陨铁,-,
"287","狼牙堡·燕然峰","25人英雄",李令霞,特殊,藏剑武器·扬风青玄,-,
"287","狼牙堡·燕然峰","25人英雄",李令霞,特殊,焕彩石·头,-,
"287","狼牙堡·燕然峰","25人英雄",李令霞,特殊,焕彩石·鞋,-,
"287","狼牙堡·燕然峰","25人英雄",石斑,特殊,星雷陨铁,-,
"287","狼牙堡·燕然峰","25人英雄",石斑,特殊,醉月玄晶,-,
"287","狼牙堡·燕然峰","25人英雄",石斑,特殊,藏剑武器·幽山庭朗,-,
"287","狼牙堡·燕然峰","25人英雄",石斑,特殊,焕彩石·衣,-,
"298","狼牙堡·辉天堑","10人普通",乌夜啼,特殊,叁级五彩石,-,
"298","狼牙堡·辉天堑","10人普通",乌夜啼,特殊,探幽宝藏·防具,-,
"298","狼牙堡·辉天堑","10人普通",乌夜啼,特殊,五行石（六级）,-,
"298","狼牙堡·辉天堑","10人普通",乌夜啼,特殊,探幽宝藏·首饰,-,
"298","狼牙堡·辉天堑","10人普通",乌夜啼,特殊,探幽宝藏·武器,-,
"298","狼牙堡·辉天堑","10人普通",乌夜啼,特殊,星雷陨铁,-,
"298","狼牙堡·辉天堑","10人普通",乌夜啼,特殊,玛瑙,-,
"298","狼牙堡·辉天堑","10人普通",乌夜啼,特殊,猫眼石,-,
"298","狼牙堡·辉天堑","10人普通",月华,特殊,探幽宝藏·防具,-,
"298","狼牙堡·辉天堑","10人普通",月华,特殊,探幽宝藏·首饰,-,
"298","狼牙堡·辉天堑","10人普通",月华,特殊,五行石（六级）,-,
"298","狼牙堡·辉天堑","10人普通",月华,特殊,探幽宝藏·武器,-,
"298","狼牙堡·辉天堑","10人普通",月华,特殊,叁级五彩石,-,
"298","狼牙堡·辉天堑","10人普通",月华,特殊,星雷陨铁,-,
"298","狼牙堡·辉天堑","10人普通",月华,家具,混沌此生,-,
"298","狼牙堡·辉天堑","10人普通",月华,特殊,《杂艺·舞火》,-,
"298","狼牙堡·辉天堑","10人普通",月华,特殊,玛瑙,-,
"298","狼牙堡·辉天堑","10人普通",月华,特殊,猫眼石,-,
"298","狼牙堡·辉天堑","10人普通",铁狱机关室,特殊,探幽宝藏·防具,-,
"298","狼牙堡·辉天堑","10人普通",铁狱机关室,特殊,五行石（六级）,-,
"298","狼牙堡·辉天堑","10人普通",铁狱机关室,特殊,探幽宝藏·首饰,-,
"298","狼牙堡·辉天堑","10人普通",铁狱机关室,特殊,探幽宝藏·武器,-,
"298","狼牙堡·辉天堑","10人普通",铁狱机关室,特殊,星雷陨铁,-,
"298","狼牙堡·辉天堑","10人普通",铁狱机关室,特殊,肆级五彩石,-,
"298","狼牙堡·辉天堑","10人普通",铁狱机关室,特殊,玛瑙,-,
"298","狼牙堡·辉天堑","10人普通",铁狱机关室,特殊,猫眼石,-,
"298","狼牙堡·辉天堑","10人普通",百慕玲与庄愈华,特殊,探幽宝藏·首饰,-,
"298","狼牙堡·辉天堑","10人普通",百慕玲与庄愈华,特殊,探幽宝藏·武器,-,
"298","狼牙堡·辉天堑","10人普通",百慕玲与庄愈华,特殊,星雷陨铁,-,
"298","狼牙堡·辉天堑","10人普通",百慕玲与庄愈华,特殊,肆级五彩石,-,
"298","狼牙堡·辉天堑","10人普通",百慕玲与庄愈华,特殊,玛瑙,-,
"298","狼牙堡·辉天堑","10人普通",百慕玲与庄愈华,特殊,猫眼石,-,
"298","狼牙堡·辉天堑","10人普通",百慕玲与庄愈华,特殊,五行石（六级）,-,
"298","狼牙堡·辉天堑","10人普通",百慕玲与庄愈华,特殊,探幽宝藏·防具,-,
"298","狼牙堡·辉天堑","10人普通",月泉淮,特殊,探幽宝藏·防具,-,
"298","狼牙堡·辉天堑","10人普通",月泉淮,特殊,探幽宝藏·首饰,-,
"298","狼牙堡·辉天堑","10人普通",月泉淮,特殊,五行石（六级）,-,
"298","狼牙堡·辉天堑","10人普通",月泉淮,特殊,探幽宝藏·武器,-,
"298","狼牙堡·辉天堑","10人普通",月泉淮,特殊,星雷陨铁,-,
"298","狼牙堡·辉天堑","10人普通",月泉淮,特殊,醉月玄晶,-,
"298","狼牙堡·辉天堑","10人普通",月泉淮,特殊,玛瑙,-,
"298","狼牙堡·辉天堑","10人普通",月泉淮,特殊,肆级五彩石,-,
"298","狼牙堡·辉天堑","10人普通",月泉淮,特殊,猫眼石,-,
"298","狼牙堡·辉天堑","10人普通",月泉淮,特殊,藏剑武器·明祥华烛,-,
"300","狼牙堡·辉天堑","25人英雄",乌夜啼,特殊,星雷陨铁,-,
"300","狼牙堡·辉天堑","25人英雄",乌夜啼,特殊,未烬护腕·少林,-,
"300","狼牙堡·辉天堑","25人英雄",乌夜啼,特殊,未烬护腕·天策,-,
"300","狼牙堡·辉天堑","25人英雄",乌夜啼,特殊,未烬护腕·七秀,-,
"300","狼牙堡·辉天堑","25人英雄",乌夜啼,特殊,未烬护腕·唐门,-,
"300","狼牙堡·辉天堑","25人英雄",乌夜啼,特殊,未烬护腕·丐帮,-,
"300","狼牙堡·辉天堑","25人英雄",乌夜啼,特殊,未烬护腕·霸刀,-,
"300","狼牙堡·辉天堑","25人英雄",乌夜啼,特殊,未烬护腕·蓬莱,-,
"300","狼牙堡·辉天堑","25人英雄",乌夜啼,特殊,未烬护腕·明教,-,
"300","狼牙堡·辉天堑","25人英雄",乌夜啼,特殊,未烬帽·凌雪阁,-,
"300","狼牙堡·辉天堑","25人英雄",乌夜啼,特殊,未烬护腕·万花,-,
"300","狼牙堡·辉天堑","25人英雄",乌夜啼,特殊,未烬护腕·纯阳,-,
"300","狼牙堡·辉天堑","25人英雄",乌夜啼,特殊,未烬护腕·五毒,-,
"300","狼牙堡·辉天堑","25人英雄",乌夜啼,特殊,未烬护腕·藏剑,-,
"300","狼牙堡·辉天堑","25人英雄",乌夜啼,特殊,未烬护腕·苍云,-,
"300","狼牙堡·辉天堑","25人英雄",乌夜啼,特殊,未烬护腕·刀宗,-,
"300","狼牙堡·辉天堑","25人英雄",乌夜啼,特殊,藏剑武器·断鸿风波,-,
"300","狼牙堡·辉天堑","25人英雄",乌夜啼,特殊,未烬护腕·长歌,-,
"300","狼牙堡·辉天堑","25人英雄",月华,家具,混沌此生,-,
"300","狼牙堡·辉天堑","25人英雄",月华,特殊,星雷陨铁,-,
"300","狼牙堡·辉天堑","25人英雄",月华,特殊,未烬腰带·纯阳,-,
"300","狼牙堡·辉天堑","25人英雄",月华,特殊,未烬腰带·藏剑,-,
"300","狼牙堡·辉天堑","25人英雄",月华,特殊,未烬腰带·长歌,-,
"300","狼牙堡·辉天堑","25人英雄",月华,特殊,未烬腰带·蓬莱,-,
"300","狼牙堡·辉天堑","25人英雄",月华,特殊,未烬腰带·霸刀,-,
"300","狼牙堡·辉天堑","25人英雄",月华,特殊,未烬腰带·少林,-,
"300","狼牙堡·辉天堑","25人英雄",月华,特殊,未烬腰带·七秀,-,
"300","狼牙堡·辉天堑","25人英雄",月华,特殊,未烬腰带·丐帮,-,
"300","狼牙堡·辉天堑","25人英雄",月华,特殊,未烬鞋·凌雪阁,-,
"300","狼牙堡·辉天堑","25人英雄",月华,特殊,未烬腰带·万花,-,
"300","狼牙堡·辉天堑","25人英雄",月华,特殊,未烬腰带·五毒,-,
"300","狼牙堡·辉天堑","25人英雄",月华,特殊,未烬腰带·明教,-,
"300","狼牙堡·辉天堑","25人英雄",月华,特殊,未烬腰带·刀宗,-,
"300","狼牙堡·辉天堑","25人英雄",月华,特殊,未烬腰带·天策,-,
"300","狼牙堡·辉天堑","25人英雄",月华,特殊,未烬腰带·唐门,-,
"300","狼牙堡·辉天堑","25人英雄",月华,特殊,未烬腰带·苍云,-,
"300","狼牙堡·辉天堑","25人英雄",月华,特殊,藏剑武器·断鸿风波,-,
"300","狼牙堡·辉天堑","25人英雄",铁狱机关室,特殊,星雷陨铁,-,
"300","狼牙堡·辉天堑","25人英雄",铁狱机关室,特殊,未烬鞋·唐门,-,
"300","狼牙堡·辉天堑","25人英雄",铁狱机关室,特殊,未烬鞋·蓬莱,-,
"300","狼牙堡·辉天堑","25人英雄",铁狱机关室,特殊,未烬鞋·藏剑,-,
"300","狼牙堡·辉天堑","25人英雄",铁狱机关室,特殊,未烬鞋·少林,-,
"300","狼牙堡·辉天堑","25人英雄",铁狱机关室,特殊,未烬鞋·丐帮,-,
"300","狼牙堡·辉天堑","25人英雄",铁狱机关室,特殊,未烬鞋·万花,-,
"300","狼牙堡·辉天堑","25人英雄",铁狱机关室,特殊,未烬鞋·明教,-,
"300","狼牙堡·辉天堑","25人英雄",铁狱机关室,特殊,未烬衣·凌雪阁,-,
"300","狼牙堡·辉天堑","25人英雄",铁狱机关室,特殊,未烬鞋·天策,-,
"300","狼牙堡·辉天堑","25人英雄",铁狱机关室,特殊,未烬鞋·苍云,-,
"300","狼牙堡·辉天堑","25人英雄",铁狱机关室,特殊,未烬鞋·纯阳,-,
"300","狼牙堡·辉天堑","25人英雄",铁狱机关室,特殊,未烬鞋·长歌,-,
"300","狼牙堡·辉天堑","25人英雄",铁狱机关室,特殊,藏剑武器·断鸿风波,-,
"300","狼牙堡·辉天堑","25人英雄",铁狱机关室,特殊,未烬鞋·刀宗,-,
"300","狼牙堡·辉天堑","25人英雄",铁狱机关室,特殊,未烬鞋·七秀,-,
"300","狼牙堡·辉天堑","25人英雄",铁狱机关室,特殊,未烬鞋·霸刀,-,
"300","狼牙堡·辉天堑","25人英雄",铁狱机关室,特殊,未烬鞋·五毒,-,
"300","狼牙堡·辉天堑","25人英雄",百慕玲与庄愈华,特殊,星雷陨铁,-,
"300","狼牙堡·辉天堑","25人英雄",百慕玲与庄愈华,特殊,未烬帽·万花,-,
"300","狼牙堡·辉天堑","25人英雄",百慕玲与庄愈华,特殊,未烬帽·明教,-,
"300","狼牙堡·辉天堑","25人英雄",百慕玲与庄愈华,特殊,未烬帽·天策,-,
"300","狼牙堡·辉天堑","25人英雄",百慕玲与庄愈华,特殊,未烬帽·苍云,-,
"300","狼牙堡·辉天堑","25人英雄",百慕玲与庄愈华,特殊,未烬护腕·凌雪阁,-,
"300","狼牙堡·辉天堑","25人英雄",百慕玲与庄愈华,特殊,未烬帽·纯阳,-,
"300","狼牙堡·辉天堑","25人英雄",百慕玲与庄愈华,特殊,未烬帽·长歌,-,
"300","狼牙堡·辉天堑","25人英雄",百慕玲与庄愈华,特殊,未烬帽·七秀,-,
"300","狼牙堡·辉天堑","25人英雄",百慕玲与庄愈华,特殊,未烬帽·霸刀,-,
"300","狼牙堡·辉天堑","25人英雄",百慕玲与庄愈华,特殊,未烬帽·五毒,-,
"300","狼牙堡·辉天堑","25人英雄",百慕玲与庄愈华,特殊,藏剑武器·断鸿风波,-,
"300","狼牙堡·辉天堑","25人英雄",百慕玲与庄愈华,特殊,未烬帽·唐门,-,
"300","狼牙堡·辉天堑","25人英雄",百慕玲与庄愈华,特殊,未烬帽·刀宗,-,
"300","狼牙堡·辉天堑","25人英雄",百慕玲与庄愈华,特殊,未烬帽·藏剑,-,
"300","狼牙堡·辉天堑","25人英雄",百慕玲与庄愈华,特殊,未烬帽·少林,-,
"300","狼牙堡·辉天堑","25人英雄",百慕玲与庄愈华,特殊,未烬帽·丐帮,-,
"300","狼牙堡·辉天堑","25人英雄",百慕玲与庄愈华,特殊,未烬帽·蓬莱,-,
"300","狼牙堡·辉天堑","25人英雄",月泉淮,特殊,星雷陨铁,-,
"300","狼牙堡·辉天堑","25人英雄",月泉淮,特殊,醉月玄晶,-,
"300","狼牙堡·辉天堑","25人英雄",月泉淮,特殊,未烬衣·七秀,-,
"300","狼牙堡·辉天堑","25人英雄",月泉淮,特殊,未烬衣·五毒,-,
"300","狼牙堡·辉天堑","25人英雄",月泉淮,特殊,未烬衣·唐门,-,
"300","狼牙堡·辉天堑","25人英雄",月泉淮,特殊,未烬衣·藏剑,-,
"300","狼牙堡·辉天堑","25人英雄",月泉淮,特殊,未烬衣·丐帮,-,
"300","狼牙堡·辉天堑","25人英雄",月泉淮,特殊,未烬腰带·凌雪阁,-,
"300","狼牙堡·辉天堑","25人英雄",月泉淮,特殊,未烬衣·明教,-,
"300","狼牙堡·辉天堑","25人英雄",月泉淮,特殊,未烬衣·苍云,-,
"300","狼牙堡·辉天堑","25人英雄",月泉淮,特殊,未烬衣·长歌,-,
"300","狼牙堡·辉天堑","25人英雄",月泉淮,特殊,未烬衣·少林,-,
"300","狼牙堡·辉天堑","25人英雄",月泉淮,特殊,未烬衣·霸刀,-,
"300","狼牙堡·辉天堑","25人英雄",月泉淮,特殊,未烬衣·万花,-,
"300","狼牙堡·辉天堑","25人英雄",月泉淮,特殊,未烬衣·天策,-,
"300","狼牙堡·辉天堑","25人英雄",月泉淮,特殊,未烬衣·刀宗,-,
"300","狼牙堡·辉天堑","25人英雄",月泉淮,特殊,藏剑武器·断鸿风波,-,
"300","狼牙堡·辉天堑","25人英雄",月泉淮,特殊,未烬衣·纯阳,-,
"300","狼牙堡·辉天堑","25人英雄",月泉淮,特殊,未烬衣·蓬莱,-,
"285","银雾湖","5人英雄",容夏与纳罗,特殊,天玄冰,-,
"285","银雾湖","5人英雄",容夏与纳罗,特殊,藏剑武器·山川一方,-,
"285","银雾湖","5人英雄",容夏与纳罗,特殊,血毒蛊解溶剂,-,
"290","银雾湖","5人挑战",哈桑,特殊,炼气丸,-,
"290","银雾湖","5人挑战",哈桑,特殊,挂件包·背部,-,
"290","银雾湖","5人挑战",哈桑,特殊,挂件包·腰部,-,
"290","银雾湖","5人挑战",银鼍龙王,特殊,炼气丸,-,
"290","银雾湖","5人挑战",银鼍龙王,特殊,挂件包·背部,-,
"290","银雾湖","5人挑战",银鼍龙王,特殊,挂件包·腰部,-,
"290","银雾湖","5人挑战",容夏与纳罗,特殊,挂件包·背部,-,
"290","银雾湖","5人挑战",容夏与纳罗,特殊,藏剑武器·千重梅坞,-,
"290","银雾湖","5人挑战",容夏与纳罗,特殊,炼气丸,-,
"290","银雾湖","5人挑战",容夏与纳罗,特殊,挂件包·腰部,-,
"290","银雾湖","5人挑战",容夏与纳罗,特殊,血毒蛊解溶剂,-,
"291","稻香秘事","5人普通",董虎,特殊,挂件包·背部,-,
"291","稻香秘事","5人普通",董虎,特殊,挂件包·腰部,-,
"291","稻香秘事","5人普通",董虎,特殊,炼气丸,-,
"291","稻香秘事","5人普通",董龙,特殊,挂件包·背部,-,
"291","稻香秘事","5人普通",董龙,特殊,挂件包·腰部,-,
"291","稻香秘事","5人普通",董龙,特殊,炼气丸,-,
"291","稻香秘事","5人普通",董龙,家具,琉璃顶香浮屠,-,
"291","稻香秘事","5人普通",无名,特殊,挂件包·背部,-,
"291","稻香秘事","5人普通",无名,特殊,挂件包·腰部,-,
"291","稻香秘事","5人普通",无名,特殊,炼气丸,-,
"292","稻香秘事","5人英雄",董龙,家具,琉璃顶香浮屠,-,
"292","稻香秘事","5人英雄",无名,特殊,天玄冰,-,
"292","稻香秘事","5人英雄",无名,特殊,藏剑武器·山川一方,-,
"295","稻香秘事","5人挑战",董虎,特殊,挂件包·背部,-,
"295","稻香秘事","5人挑战",董虎,特殊,炼气丸,-,
"295","稻香秘事","5人挑战",董虎,特殊,挂件包·腰部,-,
"295","稻香秘事","5人挑战",董龙,特殊,炼气丸,-,
"295","稻香秘事","5人挑战",董龙,特殊,挂件包·背部,-,
"295","稻香秘事","5人挑战",董龙,家具,琉璃顶香浮屠,-,
"295","稻香秘事","5人挑战",董龙,特殊,挂件包·腰部,-,
"295","稻香秘事","5人挑战",无名,特殊,藏剑武器·千重梅坞,-,
"295","稻香秘事","5人挑战",无名,特殊,炼气丸,-,
"295","稻香秘事","5人挑战",无名,特殊,挂件包·背部,-,
"295","稻香秘事","5人挑战",无名,特殊,挂件包·腰部,-,
"263","风雷刀谷·锻刀厅","10人普通",史朝英,特殊,史朝英,-,
"263","风雷刀谷·锻刀厅","10人普通",史朝英,特殊,五行石（六级）,-,
"263","风雷刀谷·锻刀厅","10人普通",史朝英,特殊,星雷陨铁,-,
"263","风雷刀谷·锻刀厅","10人普通",史朝英,特殊,叁级五彩石,-,
"263","风雷刀谷·锻刀厅","10人普通",史朝英,特殊,玛瑙,-,
"263","风雷刀谷·锻刀厅","10人普通",史朝英,特殊,猫眼石,-,
"263","风雷刀谷·锻刀厅","10人普通",柳愚,特殊,五行石（六级）,-,
"263","风雷刀谷·锻刀厅","10人普通",柳愚,家具,雷煅柱,-,
"263","风雷刀谷·锻刀厅","10人普通",柳愚,特殊,星雷陨铁,-,
"263","风雷刀谷·锻刀厅","10人普通",柳愚,特殊,叁级五彩石,-,
"263","风雷刀谷·锻刀厅","10人普通",柳愚,特殊,玛瑙,-,
"263","风雷刀谷·锻刀厅","10人普通",柳愚,特殊,猫眼石,-,
"263","风雷刀谷·锻刀厅","10人普通",柳哲,特殊,肆级五彩石,-,
"263","风雷刀谷·锻刀厅","10人普通",柳哲,特殊,五行石（六级）,-,
"263","风雷刀谷·锻刀厅","10人普通",柳哲,特殊,星雷陨铁,-,
"263","风雷刀谷·锻刀厅","10人普通",柳哲,特殊,玛瑙,-,
"263","风雷刀谷·锻刀厅","10人普通",柳哲,特殊,猫眼石,-,
"263","风雷刀谷·锻刀厅","10人普通",柳时清,特殊,肆级五彩石,-,
"263","风雷刀谷·锻刀厅","10人普通",柳时清,特殊,五行石（六级）,-,
"263","风雷刀谷·锻刀厅","10人普通",柳时清,特殊,柳时清,-,
"263","风雷刀谷·锻刀厅","10人普通",柳时清,特殊,星雷陨铁,-,
"263","风雷刀谷·锻刀厅","10人普通",柳时清,特殊,玛瑙,-,
"263","风雷刀谷·锻刀厅","10人普通",柳时清,特殊,猫眼石,-,
"263","风雷刀谷·锻刀厅","10人普通",解语,特殊,藏剑武器·明祥华烛,-,
"263","风雷刀谷·锻刀厅","10人普通",解语,特殊,五行石（六级）,-,
"263","风雷刀谷·锻刀厅","10人普通",解语,特殊,星雷陨铁,-,
"263","风雷刀谷·锻刀厅","10人普通",解语,特殊,解语,-,
"263","风雷刀谷·锻刀厅","10人普通",解语,特殊,醉月玄晶,-,
"263","风雷刀谷·锻刀厅","10人普通",解语,特殊,玛瑙,-,
"263","风雷刀谷·锻刀厅","10人普通",解语,特殊,猫眼石,-,
"263","风雷刀谷·锻刀厅","10人普通",解语,特殊,肆级五彩石,-,
"271","风雷刀谷·锻刀厅","25人英雄",史朝英,特殊,史朝英,-,
"271","风雷刀谷·锻刀厅","25人英雄",史朝英,特殊,燕云护腕·少林,-,
"271","风雷刀谷·锻刀厅","25人英雄",史朝英,特殊,燕云护腕·七秀,-,
"271","风雷刀谷·锻刀厅","25人英雄",史朝英,特殊,燕云护腕·万花,-,
"271","风雷刀谷·锻刀厅","25人英雄",史朝英,特殊,燕云护腕·丐帮,-,
"271","风雷刀谷·锻刀厅","25人英雄",史朝英,特殊,燕云护腕·蓬莱,-,
"271","风雷刀谷·锻刀厅","25人英雄",史朝英,特殊,燕云护腕·凌雪阁,-,
"271","风雷刀谷·锻刀厅","25人英雄",史朝英,特殊,燕云护腕·纯阳,-,
"271","风雷刀谷·锻刀厅","25人英雄",史朝英,特殊,燕云护腕·苍云,-,
"271","风雷刀谷·锻刀厅","25人英雄",史朝英,特殊,星雷陨铁,-,
"271","风雷刀谷·锻刀厅","25人英雄",史朝英,特殊,燕云护腕·天策,-,
"271","风雷刀谷·锻刀厅","25人英雄",史朝英,特殊,燕云护腕·藏剑,-,
"271","风雷刀谷·锻刀厅","25人英雄",史朝英,特殊,燕云护腕·五毒,-,
"271","风雷刀谷·锻刀厅","25人英雄",史朝英,特殊,燕云护腕·唐门,-,
"271","风雷刀谷·锻刀厅","25人英雄",史朝英,特殊,燕云护腕·长歌,-,
"271","风雷刀谷·锻刀厅","25人英雄",史朝英,特殊,燕云护腕·明教,-,
"271","风雷刀谷·锻刀厅","25人英雄",史朝英,特殊,燕云护腕·霸刀,-,
"271","风雷刀谷·锻刀厅","25人英雄",柳愚,家具,雷煅柱,-,
"271","风雷刀谷·锻刀厅","25人英雄",柳愚,特殊,星雷陨铁,-,
"271","风雷刀谷·锻刀厅","25人英雄",柳愚,特殊,燕云腰带·七秀,-,
"271","风雷刀谷·锻刀厅","25人英雄",柳愚,特殊,燕云腰带·长歌,-,
"271","风雷刀谷·锻刀厅","25人英雄",柳愚,特殊,燕云腰带·五毒,-,
"271","风雷刀谷·锻刀厅","25人英雄",柳愚,特殊,燕云腰带·霸刀,-,
"271","风雷刀谷·锻刀厅","25人英雄",柳愚,特殊,燕云腰带·凌雪阁,-,
"271","风雷刀谷·锻刀厅","25人英雄",柳愚,特殊,燕云腰带·万花,-,
"271","风雷刀谷·锻刀厅","25人英雄",柳愚,特殊,燕云腰带·纯阳,-,
"271","风雷刀谷·锻刀厅","25人英雄",柳愚,特殊,燕云腰带·唐门,-,
"271","风雷刀谷·锻刀厅","25人英雄",柳愚,特殊,燕云腰带·天策,-,
"271","风雷刀谷·锻刀厅","25人英雄",柳愚,特殊,燕云腰带·明教,-,
"271","风雷刀谷·锻刀厅","25人英雄",柳愚,特殊,燕云腰带·少林,-,
"271","风雷刀谷·锻刀厅","25人英雄",柳愚,特殊,燕云腰带·丐帮,-,
"271","风雷刀谷·锻刀厅","25人英雄",柳愚,特殊,燕云腰带·藏剑,-,
"271","风雷刀谷·锻刀厅","25人英雄",柳愚,特殊,燕云腰带·苍云,-,
"271","风雷刀谷·锻刀厅","25人英雄",柳愚,特殊,燕云腰带·蓬莱,-,
"271","风雷刀谷·锻刀厅","25人英雄",柳哲,特殊,星雷陨铁,-,
"271","风雷刀谷·锻刀厅","25人英雄",柳哲,特殊,燕云鞋·天策,-,
"271","风雷刀谷·锻刀厅","25人英雄",柳哲,特殊,燕云鞋·五毒,-,
"271","风雷刀谷·锻刀厅","25人英雄",柳哲,特殊,燕云鞋·明教,-,
"271","风雷刀谷·锻刀厅","25人英雄",柳哲,特殊,燕云鞋·丐帮,-,
"271","风雷刀谷·锻刀厅","25人英雄",柳哲,特殊,燕云鞋·凌雪阁,-,
"271","风雷刀谷·锻刀厅","25人英雄",柳哲,特殊,燕云鞋·少林,-,
"271","风雷刀谷·锻刀厅","25人英雄",柳哲,特殊,燕云鞋·万花,-,
"271","风雷刀谷·锻刀厅","25人英雄",柳哲,特殊,燕云鞋·苍云,-,
"271","风雷刀谷·锻刀厅","25人英雄",柳哲,特殊,燕云鞋·长歌,-,
"271","风雷刀谷·锻刀厅","25人英雄",柳哲,特殊,燕云鞋·藏剑,-,
"271","风雷刀谷·锻刀厅","25人英雄",柳哲,特殊,燕云鞋·纯阳,-,
"271","风雷刀谷·锻刀厅","25人英雄",柳哲,特殊,燕云鞋·霸刀,-,
"271","风雷刀谷·锻刀厅","25人英雄",柳哲,特殊,燕云鞋·七秀,-,
"271","风雷刀谷·锻刀厅","25人英雄",柳哲,特殊,燕云鞋·唐门,-,
"271","风雷刀谷·锻刀厅","25人英雄",柳哲,特殊,燕云鞋·蓬莱,-,
"271","风雷刀谷·锻刀厅","25人英雄",柳时清,特殊,柳时清,-,
"271","风雷刀谷·锻刀厅","25人英雄",柳时清,特殊,星雷陨铁,-,
"271","风雷刀谷·锻刀厅","25人英雄",柳时清,特殊,燕云帽·纯阳,-,
"271","风雷刀谷·锻刀厅","25人英雄",柳时清,特殊,燕云帽·唐门,-,
"271","风雷刀谷·锻刀厅","25人英雄",柳时清,特殊,燕云帽·天策,-,
"271","风雷刀谷·锻刀厅","25人英雄",柳时清,特殊,燕云帽·明教,-,
"271","风雷刀谷·锻刀厅","25人英雄",柳时清,特殊,燕云帽·凌雪阁,-,
"271","风雷刀谷·锻刀厅","25人英雄",柳时清,特殊,燕云帽·少林,-,
"271","风雷刀谷·锻刀厅","25人英雄",柳时清,特殊,燕云帽·丐帮,-,
"271","风雷刀谷·锻刀厅","25人英雄",柳时清,特殊,燕云帽·藏剑,-,
"271","风雷刀谷·锻刀厅","25人英雄",柳时清,特殊,燕云帽·苍云,-,
"271","风雷刀谷·锻刀厅","25人英雄",柳时清,特殊,燕云帽·七秀,-,
"271","风雷刀谷·锻刀厅","25人英雄",柳时清,特殊,燕云帽·长歌,-,
"271","风雷刀谷·锻刀厅","25人英雄",柳时清,特殊,燕云帽·五毒,-,
"271","风雷刀谷·锻刀厅","25人英雄",柳时清,特殊,燕云帽·霸刀,-,
"271","风雷刀谷·锻刀厅","25人英雄",柳时清,特殊,燕云帽·蓬莱,-,
"271","风雷刀谷·锻刀厅","25人英雄",柳时清,特殊,燕云帽·万花,-,
"271","风雷刀谷·锻刀厅","25人英雄",解语,特殊,解语,-,
"271","风雷刀谷·锻刀厅","25人英雄",解语,特殊,星雷陨铁,-,
"271","风雷刀谷·锻刀厅","25人英雄",解语,特殊,醉月玄晶,-,
"271","风雷刀谷·锻刀厅","25人英雄",解语,特殊,燕云衣·少林,-,
"271","风雷刀谷·锻刀厅","25人英雄",解语,特殊,燕云衣·藏剑,-,
"271","风雷刀谷·锻刀厅","25人英雄",解语,特殊,燕云衣·七秀,-,
"271","风雷刀谷·锻刀厅","25人英雄",解语,特殊,燕云衣·五毒,-,
"271","风雷刀谷·锻刀厅","25人英雄",解语,特殊,燕云衣·万花,-,
"271","风雷刀谷·锻刀厅","25人英雄",解语,特殊,燕云衣·纯阳,-,
"271","风雷刀谷·锻刀厅","25人英雄",解语,特殊,燕云衣·凌雪阁,-,
"271","风雷刀谷·锻刀厅","25人英雄",解语,特殊,燕云衣·唐门,-,
"271","风雷刀谷·锻刀厅","25人英雄",解语,特殊,燕云衣·明教,-,
"271","风雷刀谷·锻刀厅","25人英雄",解语,特殊,燕云衣·丐帮,-,
"271","风雷刀谷·锻刀厅","25人英雄",解语,特殊,燕云衣·苍云,-,
"271","风雷刀谷·锻刀厅","25人英雄",解语,特殊,燕云衣·长歌,-,
"271","风雷刀谷·锻刀厅","25人英雄",解语,特殊,燕云衣·霸刀,-,
"271","风雷刀谷·锻刀厅","25人英雄",解语,特殊,燕云衣·蓬莱,-,
"271","风雷刀谷·锻刀厅","25人英雄",解语,特殊,燕云衣·天策,-,
"264","风雷刀谷·千雷殿","10人普通",伊玛目,特殊,五行石（六级）,-,
"264","风雷刀谷·千雷殿","10人普通",伊玛目,特殊,星雷陨铁,-,
"264","风雷刀谷·千雷殿","10人普通",伊玛目,特殊,叁级五彩石,-,
"264","风雷刀谷·千雷殿","10人普通",伊玛目,特殊,五行石（二级）,-,
"264","风雷刀谷·千雷殿","10人普通",伊玛目,特殊,玛瑙,-,
"264","风雷刀谷·千雷殿","10人普通",伊玛目,特殊,猫眼石,-,
"264","风雷刀谷·千雷殿","10人普通",伊玛目,特殊,五行石（三级）,-,
"264","风雷刀谷·千雷殿","10人普通",柳秀岳,特殊,五行石（四级）,-,
"264","风雷刀谷·千雷殿","10人普通",柳秀岳,特殊,五行石（六级）,-,
"264","风雷刀谷·千雷殿","10人普通",柳秀岳,特殊,肆级五彩石,-,
"264","风雷刀谷·千雷殿","10人普通",柳秀岳,特殊,星雷陨铁,-,
"264","风雷刀谷·千雷殿","10人普通",柳秀岳,特殊,玛瑙,-,
"264","风雷刀谷·千雷殿","10人普通",柳秀岳,特殊,猫眼石,-,
"264","风雷刀谷·千雷殿","10人普通",柳秀岳,特殊,五行石（三级）,-,
"264","风雷刀谷·千雷殿","10人普通",柳鸾旗,特殊,肆级五彩石,-,
"264","风雷刀谷·千雷殿","10人普通",柳鸾旗,特殊,五行石（四级）,-,
"264","风雷刀谷·千雷殿","10人普通",柳鸾旗,特殊,五行石（六级）,-,
"264","风雷刀谷·千雷殿","10人普通",柳鸾旗,特殊,星雷陨铁,-,
"264","风雷刀谷·千雷殿","10人普通",柳鸾旗,特殊,醉月玄晶,-,
"264","风雷刀谷·千雷殿","10人普通",柳鸾旗,特殊,玛瑙,-,
"264","风雷刀谷·千雷殿","10人普通",柳鸾旗,特殊,五行石（三级）,-,
"264","风雷刀谷·千雷殿","10人普通",柳鸾旗,特殊,猫眼石,-,
"264","风雷刀谷·千雷殿","10人普通",柳鸾旗,特殊,藏剑武器·甘风隐华,-,
"270","风雷刀谷·千雷殿","25人英雄",伊玛目,特殊,星雷陨铁,-,
"270","风雷刀谷·千雷殿","25人英雄",伊玛目,特殊,超拔之玉·腰带,-,
"270","风雷刀谷·千雷殿","25人英雄",伊玛目,特殊,超拔之玉·护腕,-,
"270","风雷刀谷·千雷殿","25人英雄",柳秀岳,特殊,星雷陨铁,-,
"270","风雷刀谷·千雷殿","25人英雄",柳秀岳,特殊,超拔之玉·帽,-,
"270","风雷刀谷·千雷殿","25人英雄",柳秀岳,特殊,超拔之玉·鞋,-,
"270","风雷刀谷·千雷殿","25人英雄",柳鸾旗,特殊,星雷陨铁,-,
"270","风雷刀谷·千雷殿","25人英雄",柳鸾旗,特殊,醉月玄晶,-,
"270","风雷刀谷·千雷殿","25人英雄",柳鸾旗,特殊,超拔之玉·衣,-,
"262","刀轮海厅","5人英雄",柳贯角之影,特殊,藏剑武器·山川一方,-,
"262","刀轮海厅","5人英雄",柳贯角之影,特殊,天玄冰,-,
"275","刀轮海厅","5人挑战",赵淮、令狐伤与八重妙法村正,特殊,炼气丸,-,
"275","刀轮海厅","5人挑战",赵淮、令狐伤与八重妙法村正,特殊,挂件包·背部,-,
"275","刀轮海厅","5人挑战",赵淮、令狐伤与八重妙法村正,特殊,挂件包·腰部,-,
"275","刀轮海厅","5人挑战",柳雪乾与韩梨,特殊,挂件包·背部,-,
"275","刀轮海厅","5人挑战",柳雪乾与韩梨,特殊,炼气丸,-,
"275","刀轮海厅","5人挑战",柳雪乾与韩梨,特殊,挂件包·腰部,-,
"275","刀轮海厅","5人挑战",柳贯角之影,特殊,炼气丸,-,
"275","刀轮海厅","5人挑战",柳贯角之影,特殊,挂件包·背部,-,
"275","刀轮海厅","5人挑战",柳贯角之影,特殊,挂件包·腰部,-,
"275","刀轮海厅","5人挑战",柳贯角之影,特殊,藏剑武器·倦游愁芳,-,
"240","上阳宫·观风殿","10人普通",沈眠风,特殊,五行石（六级）,-,
"240","上阳宫·观风殿","10人普通",沈眠风,特殊,星雷陨铁,-,
"240","上阳宫·观风殿","10人普通",沈眠风,特殊,玛瑙,-,
"240","上阳宫·观风殿","10人普通",沈眠风,特殊,叁级五彩石,-,
"240","上阳宫·观风殿","10人普通",沈眠风,特殊,猫眼石,-,
"240","上阳宫·观风殿","10人普通",柳绯君,特殊,五行石（六级）,-,
"240","上阳宫·观风殿","10人普通",柳绯君,特殊,星雷陨铁,-,
"240","上阳宫·观风殿","10人普通",柳绯君,特殊,叁级五彩石,-,
"240","上阳宫·观风殿","10人普通",柳绯君,特殊,玛瑙,-,
"240","上阳宫·观风殿","10人普通",柳绯君,特殊,猫眼石,-,
"240","上阳宫·观风殿","10人普通",月华,特殊,猫眼石,-,
"240","上阳宫·观风殿","10人普通",月华,特殊,肆级五彩石,-,
"240","上阳宫·观风殿","10人普通",月华,特殊,五行石（六级）,-,
"240","上阳宫·观风殿","10人普通",月华,特殊,星雷陨铁,-,
"240","上阳宫·观风殿","10人普通",月华,特殊,玛瑙,-,
"240","上阳宫·观风殿","10人普通",曹炎烈,特殊,肆级五彩石,-,
"240","上阳宫·观风殿","10人普通",曹炎烈,特殊,五行石（六级）,-,
"240","上阳宫·观风殿","10人普通",曹炎烈,特殊,星雷陨铁,-,
"240","上阳宫·观风殿","10人普通",曹炎烈,特殊,玛瑙,-,
"240","上阳宫·观风殿","10人普通",曹炎烈,特殊,猫眼石,-,
"240","上阳宫·观风殿","10人普通",独孤先生,特殊,鸣羽刀,-,
"240","上阳宫·观风殿","10人普通",独孤先生,特殊,藏剑武器·延陵流安,-,
"240","上阳宫·观风殿","10人普通",独孤先生,特殊,肆级五彩石,-,
"240","上阳宫·观风殿","10人普通",独孤先生,特殊,血悲刀,-,
"240","上阳宫·观风殿","10人普通",独孤先生,特殊,五行石（六级）,-,
"240","上阳宫·观风殿","10人普通",独孤先生,特殊,昆吾刀,-,
"240","上阳宫·观风殿","10人普通",独孤先生,特殊,徐夫人匕首,-,
"240","上阳宫·观风殿","10人普通",独孤先生,特殊,星雷陨铁,-,
"240","上阳宫·观风殿","10人普通",独孤先生,特殊,新亭侯,-,
"240","上阳宫·观风殿","10人普通",独孤先生,特殊,醉月玄晶,-,
"240","上阳宫·观风殿","10人普通",独孤先生,特殊,玛瑙,-,
"240","上阳宫·观风殿","10人普通",独孤先生,特殊,猫眼石,-,
"248","上阳宫·观风殿","25人英雄",沈眠风,特殊,神秘金锏,-,
"248","上阳宫·观风殿","25人英雄",月华,特殊,雪河护腕·少林,-,
"248","上阳宫·观风殿","25人英雄",月华,特殊,雪河护腕·七秀,-,
"248","上阳宫·观风殿","25人英雄",月华,特殊,雪河护腕·万花,-,
"248","上阳宫·观风殿","25人英雄",月华,特殊,雪河护腕·唐门,-,
"248","上阳宫·观风殿","25人英雄",月华,特殊,雪河护腕·长歌,-,
"248","上阳宫·观风殿","25人英雄",月华,特殊,雪河护腕·明教,-,
"248","上阳宫·观风殿","25人英雄",月华,特殊,雪河护腕·霸刀,-,
"248","上阳宫·观风殿","25人英雄",月华,特殊,雪河护腕·蓬莱,-,
"248","上阳宫·观风殿","25人英雄",月华,特殊,雪河护腕·凌雪阁,-,
"248","上阳宫·观风殿","25人英雄",月华,特殊,雪河护腕·天策,-,
"248","上阳宫·观风殿","25人英雄",月华,特殊,雪河护腕·藏剑,-,
"248","上阳宫·观风殿","25人英雄",月华,特殊,雪河护腕·五毒,-,
"248","上阳宫·观风殿","25人英雄",月华,特殊,雪河护腕·纯阳,-,
"248","上阳宫·观风殿","25人英雄",月华,特殊,雪河护腕·丐帮,-,
"248","上阳宫·观风殿","25人英雄",月华,特殊,雪河护腕·苍云,-,
"248","上阳宫·观风殿","25人英雄",曹炎烈,特殊,厚重的方盾,-,
"248","上阳宫·观风殿","25人英雄",曹炎烈,特殊,雪河鞋·藏剑,-,
"248","上阳宫·观风殿","25人英雄",曹炎烈,特殊,雪河鞋·纯阳,-,
"248","上阳宫·观风殿","25人英雄",曹炎烈,特殊,雪河鞋·苍云,-,
"248","上阳宫·观风殿","25人英雄",曹炎烈,特殊,雪河鞋·长歌,-,
"248","上阳宫·观风殿","25人英雄",曹炎烈,特殊,雪河鞋·蓬莱,-,
"248","上阳宫·观风殿","25人英雄",曹炎烈,特殊,雪河鞋·七秀,-,
"248","上阳宫·观风殿","25人英雄",曹炎烈,特殊,雪河鞋·唐门,-,
"248","上阳宫·观风殿","25人英雄",曹炎烈,特殊,雪河鞋·霸刀,-,
"248","上阳宫·观风殿","25人英雄",曹炎烈,特殊,雪河鞋·天策,-,
"248","上阳宫·观风殿","25人英雄",曹炎烈,特殊,雪河鞋·五毒,-,
"248","上阳宫·观风殿","25人英雄",曹炎烈,特殊,雪河鞋·明教,-,
"248","上阳宫·观风殿","25人英雄",曹炎烈,特殊,雪河鞋·凌雪阁,-,
"248","上阳宫·观风殿","25人英雄",曹炎烈,特殊,雪河鞋·少林,-,
"248","上阳宫·观风殿","25人英雄",曹炎烈,特殊,雪河鞋·万花,-,
"248","上阳宫·观风殿","25人英雄",曹炎烈,特殊,雪河鞋·丐帮,-,
"248","上阳宫·观风殿","25人英雄",独孤先生,特殊,昆吾刀,-,
"248","上阳宫·观风殿","25人英雄",独孤先生,特殊,鸣羽刀,-,
"248","上阳宫·观风殿","25人英雄",独孤先生,特殊,血悲刀,-,
"248","上阳宫·观风殿","25人英雄",独孤先生,特殊,徐夫人匕首,-,
"248","上阳宫·观风殿","25人英雄",独孤先生,特殊,新亭侯,-,
"248","上阳宫·观风殿","25人英雄",独孤先生,特殊,风雷引琴谱,-,
"248","上阳宫·观风殿","25人英雄",独孤先生,特殊,雪河腰带·万花,-,
"248","上阳宫·观风殿","25人英雄",独孤先生,特殊,雪河腰带·蓬莱,-,
"248","上阳宫·观风殿","25人英雄",独孤先生,特殊,雪河腰带·纯阳,-,
"248","上阳宫·观风殿","25人英雄",独孤先生,特殊,雪河腰带·唐门,-,
"248","上阳宫·观风殿","25人英雄",独孤先生,特殊,雪河腰带·天策,-,
"248","上阳宫·观风殿","25人英雄",独孤先生,特殊,雪河腰带·明教,-,
"248","上阳宫·观风殿","25人英雄",独孤先生,特殊,雪河腰带·少林,-,
"248","上阳宫·观风殿","25人英雄",独孤先生,特殊,雪河腰带·丐帮,-,
"248","上阳宫·观风殿","25人英雄",独孤先生,特殊,雪河腰带·凌雪阁,-,
"248","上阳宫·观风殿","25人英雄",独孤先生,特殊,雪河腰带·藏剑,-,
"248","上阳宫·观风殿","25人英雄",独孤先生,特殊,雪河腰带·苍云,-,
"248","上阳宫·观风殿","25人英雄",独孤先生,特殊,雪河腰带·七秀,-,
"248","上阳宫·观风殿","25人英雄",独孤先生,特殊,雪河腰带·长歌,-,
"248","上阳宫·观风殿","25人英雄",独孤先生,特殊,雪河腰带·五毒,-,
"248","上阳宫·观风殿","25人英雄",独孤先生,特殊,雪河腰带·霸刀,-,
"241","上阳宫·双曜亭","10人普通",黑齿元佑,特殊,星雷陨铁,-,
"241","上阳宫·双曜亭","10人普通",黑齿元佑,特殊,玛瑙,-,
"241","上阳宫·双曜亭","10人普通",黑齿元佑,特殊,叁级五彩石,-,
"241","上阳宫·双曜亭","10人普通",黑齿元佑,特殊,猫眼石,-,
"241","上阳宫·双曜亭","10人普通",黑齿元佑,特殊,五行石（六级）,-,
"241","上阳宫·双曜亭","10人普通",哥舒翰,特殊,星雷陨铁,-,
"241","上阳宫·双曜亭","10人普通",哥舒翰,特殊,肆级五彩石,-,
"241","上阳宫·双曜亭","10人普通",哥舒翰,特殊,玛瑙,-,
"241","上阳宫·双曜亭","10人普通",哥舒翰,特殊,猫眼石,-,
"241","上阳宫·双曜亭","10人普通",哥舒翰,特殊,五行石（六级）,-,
"241","上阳宫·双曜亭","10人普通",安庆绪,特殊,肆级五彩石,-,
"241","上阳宫·双曜亭","10人普通",安庆绪,特殊,醉月玄晶,-,
"241","上阳宫·双曜亭","10人普通",安庆绪,特殊,玛瑙,-,
"241","上阳宫·双曜亭","10人普通",安庆绪,特殊,猫眼石,-,
"241","上阳宫·双曜亭","10人普通",安庆绪,特殊,五行石（六级）,-,
"241","上阳宫·双曜亭","10人普通",安庆绪,特殊,藏剑武器·延陵流安,-,
"241","上阳宫·双曜亭","10人普通",安庆绪,特殊,星雷陨铁,-,
"249","上阳宫·双曜亭","25人英雄",黑齿元佑,特殊,雪河帽·天策,-,
"249","上阳宫·双曜亭","25人英雄",黑齿元佑,特殊,雪河帽·少林,-,
"249","上阳宫·双曜亭","25人英雄",黑齿元佑,特殊,雪河帽·藏剑,-,
"249","上阳宫·双曜亭","25人英雄",黑齿元佑,特殊,雪河帽·七秀,-,
"249","上阳宫·双曜亭","25人英雄",黑齿元佑,特殊,雪河帽·五毒,-,
"249","上阳宫·双曜亭","25人英雄",黑齿元佑,特殊,雪河帽·万花,-,
"249","上阳宫·双曜亭","25人英雄",黑齿元佑,特殊,雪河帽·纯阳,-,
"249","上阳宫·双曜亭","25人英雄",黑齿元佑,特殊,雪河帽·唐门,-,
"249","上阳宫·双曜亭","25人英雄",黑齿元佑,特殊,雪河帽·明教,-,
"249","上阳宫·双曜亭","25人英雄",黑齿元佑,特殊,雪河帽·丐帮,-,
"249","上阳宫·双曜亭","25人英雄",黑齿元佑,特殊,雪河帽·苍云,-,
"249","上阳宫·双曜亭","25人英雄",黑齿元佑,特殊,雪河帽·长歌,-,
"249","上阳宫·双曜亭","25人英雄",黑齿元佑,特殊,雪河帽·霸刀,-,
"249","上阳宫·双曜亭","25人英雄",黑齿元佑,特殊,雪河帽·蓬莱,-,
"249","上阳宫·双曜亭","25人英雄",黑齿元佑,特殊,雪河帽·凌雪阁,-,
"249","上阳宫·双曜亭","25人英雄",哥舒翰,特殊,雪河衣·天策,-,
"249","上阳宫·双曜亭","25人英雄",哥舒翰,特殊,雪河衣·少林,-,
"249","上阳宫·双曜亭","25人英雄",哥舒翰,特殊,雪河衣·藏剑,-,
"249","上阳宫·双曜亭","25人英雄",哥舒翰,特殊,雪河衣·七秀,-,
"249","上阳宫·双曜亭","25人英雄",哥舒翰,特殊,雪河衣·五毒,-,
"249","上阳宫·双曜亭","25人英雄",哥舒翰,特殊,雪河衣·万花,-,
"249","上阳宫·双曜亭","25人英雄",哥舒翰,特殊,雪河衣·纯阳,-,
"249","上阳宫·双曜亭","25人英雄",哥舒翰,特殊,雪河衣·唐门,-,
"249","上阳宫·双曜亭","25人英雄",哥舒翰,特殊,雪河衣·明教,-,
"249","上阳宫·双曜亭","25人英雄",哥舒翰,特殊,雪河衣·丐帮,-,
"249","上阳宫·双曜亭","25人英雄",哥舒翰,特殊,雪河衣·苍云,-,
"249","上阳宫·双曜亭","25人英雄",哥舒翰,特殊,雪河衣·长歌,-,
"249","上阳宫·双曜亭","25人英雄",哥舒翰,特殊,雪河衣·霸刀,-,
"249","上阳宫·双曜亭","25人英雄",哥舒翰,特殊,雪河衣·蓬莱,-,
"249","上阳宫·双曜亭","25人英雄",哥舒翰,特殊,雪河衣·凌雪阁,-,
"256","夕颜阁","5人普通",柳夕的心魔,家具,祥龙木桩,-,
"256","夕颜阁","5人普通",柳夕的心魔,特殊,炼气丸,-,
"256","夕颜阁","5人普通",柳夕的心魔,特殊,挂件包·背部,-,
"256","夕颜阁","5人普通",柳夕的心魔,特殊,挂件包·腰部,-,
"256","夕颜阁","5人普通",柳哲,特殊,挂件包·背部,-,
"256","夕颜阁","5人普通",柳哲,特殊,炼气丸,-,
"256","夕颜阁","5人普通",柳哲,特殊,挂件包·腰部,-,
"256","夕颜阁","5人普通",柳浮云,特殊,挂件包·背部,-,
"256","夕颜阁","5人普通",柳浮云,特殊,炼气丸,-,
"256","夕颜阁","5人普通",柳浮云,特殊,挂件包·腰部,-,
"257","夕颜阁","5人英雄",柳夕的心魔,特殊,炼气丸,-,
"257","夕颜阁","5人英雄",柳夕的心魔,特殊,挂件包·背部,-,
"257","夕颜阁","5人英雄",柳夕的心魔,家具,祥龙木桩,-,
"257","夕颜阁","5人英雄",柳夕的心魔,特殊,挂件包·腰部,-,
"257","夕颜阁","5人英雄",柳哲,特殊,炼气丸,-,
"257","夕颜阁","5人英雄",柳哲,特殊,挂件包·背部,-,
"257","夕颜阁","5人英雄",柳哲,特殊,挂件包·腰部,-,
"257","夕颜阁","5人英雄",柳浮云,特殊,挂件包·背部,-,
"257","夕颜阁","5人英雄",柳浮云,特殊,天玄冰,-,
"257","夕颜阁","5人英雄",柳浮云,特殊,炼气丸,-,
"257","夕颜阁","5人英雄",柳浮云,特殊,藏剑武器·山川一方,-,
"257","夕颜阁","5人英雄",柳浮云,特殊,挂件包·腰部,-,
"260","夕颜阁","5人挑战",柳夕的心魔,特殊,炼气丸,-,
"260","夕颜阁","5人挑战",柳夕的心魔,特殊,挂件包·背部,-,
"260","夕颜阁","5人挑战",柳夕的心魔,家具,祥龙木桩,-,
"260","夕颜阁","5人挑战",柳夕的心魔,特殊,挂件包·腰部,-,
"260","夕颜阁","5人挑战",柳哲,特殊,炼气丸,-,
"260","夕颜阁","5人挑战",柳哲,特殊,挂件包·背部,-,
"260","夕颜阁","5人挑战",柳哲,特殊,挂件包·腰部,-,
"260","夕颜阁","5人挑战",柳浮云,特殊,挂件包·背部,-,
"260","夕颜阁","5人挑战",柳浮云,特殊,藏剑武器·倦游愁芳,-,
"260","夕颜阁","5人挑战",柳浮云,特殊,炼气丸,-,
"260","夕颜阁","5人挑战",柳浮云,特殊,挂件包·腰部,-,
"220","永王行宫·仙侣庭园","10人普通",屈焰阳,特殊,玛瑙,-,
"220","永王行宫·仙侣庭园","10人普通",屈焰阳,特殊,屈焰阳,-,
"220","永王行宫·仙侣庭园","10人普通",屈焰阳,特殊,叁级五彩石,-,
"220","永王行宫·仙侣庭园","10人普通",屈焰阳,特殊,五行石（二级）,-,
"220","永王行宫·仙侣庭园","10人普通",屈焰阳,特殊,五行石（三级）,-,
"220","永王行宫·仙侣庭园","10人普通",屈焰阳,特殊,五行石（六级）,-,
"220","永王行宫·仙侣庭园","10人普通",屈焰阳,特殊,星雷陨铁,-,
"220","永王行宫·仙侣庭园","10人普通",屈焰阳,特殊,猫眼石,-,
"220","永王行宫·仙侣庭园","10人普通",森九岚,特殊,猫眼石,-,
"220","永王行宫·仙侣庭园","10人普通",森九岚,特殊,桑原森九岚,-,
"220","永王行宫·仙侣庭园","10人普通",森九岚,特殊,叁级五彩石,-,
"220","永王行宫·仙侣庭园","10人普通",森九岚,特殊,五行石（二级）,-,
"220","永王行宫·仙侣庭园","10人普通",森九岚,特殊,五行石（三级）,-,
"220","永王行宫·仙侣庭园","10人普通",森九岚,特殊,五行石（六级）,-,
"220","永王行宫·仙侣庭园","10人普通",森九岚,特殊,星雷陨铁,-,
"220","永王行宫·仙侣庭园","10人普通",森九岚,特殊,玛瑙,-,
"220","永王行宫·仙侣庭园","10人普通",李玚,特殊,猫眼石,-,
"220","永王行宫·仙侣庭园","10人普通",李玚,家具,相如意坐障,-,
"220","永王行宫·仙侣庭园","10人普通",李玚,特殊,李玚,-,
"220","永王行宫·仙侣庭园","10人普通",李玚,特殊,叁级五彩石,-,
"220","永王行宫·仙侣庭园","10人普通",李玚,特殊,五行石（二级）,-,
"220","永王行宫·仙侣庭园","10人普通",李玚,特殊,五行石（三级）,-,
"220","永王行宫·仙侣庭园","10人普通",李玚,特殊,五行石（六级）,-,
"220","永王行宫·仙侣庭园","10人普通",李玚,特殊,星雷陨铁,-,
"220","永王行宫·仙侣庭园","10人普通",李玚,特殊,玛瑙,-,
"220","永王行宫·仙侣庭园","10人普通",仲虚念,特殊,星雷陨铁,-,
"220","永王行宫·仙侣庭园","10人普通",仲虚念,特殊,玛瑙,-,
"220","永王行宫·仙侣庭园","10人普通",仲虚念,特殊,仲虚念,-,
"220","永王行宫·仙侣庭园","10人普通",仲虚念,特殊,肆级五彩石,-,
"220","永王行宫·仙侣庭园","10人普通",仲虚念,特殊,五行石（三级）,-,
"220","永王行宫·仙侣庭园","10人普通",仲虚念,特殊,五行石（四级）,-,
"220","永王行宫·仙侣庭园","10人普通",仲虚念,特殊,五行石（六级）,-,
"220","永王行宫·仙侣庭园","10人普通",仲虚念,特殊,猫眼石,-,
"220","永王行宫·仙侣庭园","10人普通",李璘与苏十三娘,特殊,玛瑙,-,
"220","永王行宫·仙侣庭园","10人普通",李璘与苏十三娘,特殊,藏剑武器·明祥华烛,-,
"220","永王行宫·仙侣庭园","10人普通",李璘与苏十三娘,特殊,平花秀夜,-,
"220","永王行宫·仙侣庭园","10人普通",李璘与苏十三娘,特殊,剑姬阵,-,
"220","永王行宫·仙侣庭园","10人普通",李璘与苏十三娘,特殊,李璘与苏十三娘,-,
"220","永王行宫·仙侣庭园","10人普通",李璘与苏十三娘,特殊,肆级五彩石,-,
"220","永王行宫·仙侣庭园","10人普通",李璘与苏十三娘,特殊,五行石（三级）,-,
"220","永王行宫·仙侣庭园","10人普通",李璘与苏十三娘,特殊,五行石（四级）,-,
"220","永王行宫·仙侣庭园","10人普通",李璘与苏十三娘,特殊,五行石（六级）,-,
"220","永王行宫·仙侣庭园","10人普通",李璘与苏十三娘,特殊,星雷陨铁,-,
"220","永王行宫·仙侣庭园","10人普通",李璘与苏十三娘,特殊,醉月玄晶,-,
"220","永王行宫·仙侣庭园","10人普通",李璘与苏十三娘,特殊,猫眼石,-,
"231","永王行宫·仙侣庭园","25人英雄",屈焰阳,特殊,屈焰阳,-,
"231","永王行宫·仙侣庭园","25人英雄",森九岚,特殊,桑原森九岚,-,
"231","永王行宫·仙侣庭园","25人英雄",李玚,家具,相如意坐障,-,
"231","永王行宫·仙侣庭园","25人英雄",李玚,特殊,李玚,-,
"231","永王行宫·仙侣庭园","25人英雄",仲虚念,特殊,仲虚念,-,
"231","永王行宫·仙侣庭园","25人英雄",仲虚念,特殊,儒风护腕·少林,-,
"231","永王行宫·仙侣庭园","25人英雄",仲虚念,特殊,儒风护腕·藏剑,-,
"231","永王行宫·仙侣庭园","25人英雄",仲虚念,特殊,儒风护腕·唐门,-,
"231","永王行宫·仙侣庭园","25人英雄",仲虚念,特殊,儒风护腕·丐帮,-,
"231","永王行宫·仙侣庭园","25人英雄",仲虚念,特殊,儒风护腕·霸刀,-,
"231","永王行宫·仙侣庭园","25人英雄",仲虚念,特殊,儒风护腕·长歌,-,
"231","永王行宫·仙侣庭园","25人英雄",仲虚念,特殊,儒风护腕·纯阳,-,
"231","永王行宫·仙侣庭园","25人英雄",仲虚念,特殊,儒风护腕·万花,-,
"231","永王行宫·仙侣庭园","25人英雄",仲虚念,特殊,儒风护腕·七秀,-,
"231","永王行宫·仙侣庭园","25人英雄",仲虚念,特殊,儒风护腕·蓬莱,-,
"231","永王行宫·仙侣庭园","25人英雄",仲虚念,特殊,儒风护腕·凌雪阁,-,
"231","永王行宫·仙侣庭园","25人英雄",仲虚念,特殊,儒风护腕·天策,-,
"231","永王行宫·仙侣庭园","25人英雄",仲虚念,特殊,儒风护腕·五毒,-,
"231","永王行宫·仙侣庭园","25人英雄",仲虚念,特殊,儒风护腕·明教,-,
"231","永王行宫·仙侣庭园","25人英雄",仲虚念,特殊,儒风护腕·苍云,-,
"231","永王行宫·仙侣庭园","25人英雄",李璘与苏十三娘,特殊,平花秀夜,-,
"231","永王行宫·仙侣庭园","25人英雄",李璘与苏十三娘,特殊,剑姬阵,-,
"231","永王行宫·仙侣庭园","25人英雄",李璘与苏十三娘,特殊,李璘与苏十三娘,-,
"231","永王行宫·仙侣庭园","25人英雄",李璘与苏十三娘,特殊,儒风鞋·长歌,-,
"231","永王行宫·仙侣庭园","25人英雄",李璘与苏十三娘,特殊,儒风鞋·纯阳,-,
"231","永王行宫·仙侣庭园","25人英雄",李璘与苏十三娘,特殊,儒风鞋·万花,-,
"231","永王行宫·仙侣庭园","25人英雄",李璘与苏十三娘,特殊,儒风鞋·七秀,-,
"231","永王行宫·仙侣庭园","25人英雄",李璘与苏十三娘,特殊,儒风鞋·天策,-,
"231","永王行宫·仙侣庭园","25人英雄",李璘与苏十三娘,特殊,儒风鞋·五毒,-,
"231","永王行宫·仙侣庭园","25人英雄",李璘与苏十三娘,特殊,儒风鞋·明教,-,
"231","永王行宫·仙侣庭园","25人英雄",李璘与苏十三娘,特殊,儒风鞋·苍云,-,
"231","永王行宫·仙侣庭园","25人英雄",李璘与苏十三娘,特殊,儒风鞋·霸刀,-,
"231","永王行宫·仙侣庭园","25人英雄",李璘与苏十三娘,特殊,儒风鞋·蓬莱,-,
"231","永王行宫·仙侣庭园","25人英雄",李璘与苏十三娘,特殊,儒风鞋·少林,-,
"231","永王行宫·仙侣庭园","25人英雄",李璘与苏十三娘,特殊,儒风鞋·藏剑,-,
"231","永王行宫·仙侣庭园","25人英雄",李璘与苏十三娘,特殊,儒风鞋·唐门,-,
"231","永王行宫·仙侣庭园","25人英雄",李璘与苏十三娘,特殊,儒风鞋·丐帮,-,
"231","永王行宫·仙侣庭园","25人英雄",李璘与苏十三娘,特殊,儒风鞋·凌雪阁,-,
"234","永王行宫·仙侣庭园","10人挑战",李玚,家具,相如意坐障,-,
"236","永王行宫·仙侣庭园","25人挑战",李玚,家具,相如意坐障,-,
"236","永王行宫·仙侣庭园","25人挑战",李玚,特殊,文王护腕·长歌,-,
"236","永王行宫·仙侣庭园","25人挑战",李玚,特殊,文王护腕·纯阳,-,
"236","永王行宫·仙侣庭园","25人挑战",李玚,特殊,文王护腕·万花,-,
"236","永王行宫·仙侣庭园","25人挑战",李玚,特殊,文王护腕·少林,-,
"236","永王行宫·仙侣庭园","25人挑战",李玚,特殊,文王护腕·藏剑,-,
"236","永王行宫·仙侣庭园","25人挑战",李玚,特殊,文王护腕·丐帮,-,
"236","永王行宫·仙侣庭园","25人挑战",李玚,特殊,文王护腕·霸刀,-,
"236","永王行宫·仙侣庭园","25人挑战",李玚,特殊,文王护腕·天策,-,
"236","永王行宫·仙侣庭园","25人挑战",李玚,特殊,文王护腕·明教,-,
"236","永王行宫·仙侣庭园","25人挑战",李玚,特殊,文王护腕·苍云,-,
"236","永王行宫·仙侣庭园","25人挑战",李玚,特殊,文王护腕·蓬莱,-,
"236","永王行宫·仙侣庭园","25人挑战",李玚,特殊,文王护腕·七秀,-,
"236","永王行宫·仙侣庭园","25人挑战",李玚,特殊,文王护腕·唐门,-,
"236","永王行宫·仙侣庭园","25人挑战",李玚,特殊,文王护腕·凌雪阁,-,
"236","永王行宫·仙侣庭园","25人挑战",李玚,特殊,文王护腕·五毒,-,
"236","永王行宫·仙侣庭园","25人挑战",仲虚念,特殊,文王鞋·长歌,-,
"236","永王行宫·仙侣庭园","25人挑战",仲虚念,特殊,文王鞋·纯阳,-,
"236","永王行宫·仙侣庭园","25人挑战",仲虚念,特殊,文王鞋·七秀,-,
"236","永王行宫·仙侣庭园","25人挑战",仲虚念,特殊,文王鞋·五毒,-,
"236","永王行宫·仙侣庭园","25人挑战",仲虚念,特殊,文王鞋·丐帮,-,
"236","永王行宫·仙侣庭园","25人挑战",仲虚念,特殊,文王鞋·藏剑,-,
"236","永王行宫·仙侣庭园","25人挑战",仲虚念,特殊,文王鞋·蓬莱,-,
"236","永王行宫·仙侣庭园","25人挑战",仲虚念,特殊,文王鞋·万花,-,
"236","永王行宫·仙侣庭园","25人挑战",仲虚念,特殊,文王鞋·少林,-,
"236","永王行宫·仙侣庭园","25人挑战",仲虚念,特殊,文王鞋·天策,-,
"236","永王行宫·仙侣庭园","25人挑战",仲虚念,特殊,文王鞋·明教,-,
"236","永王行宫·仙侣庭园","25人挑战",仲虚念,特殊,文王鞋·苍云,-,
"236","永王行宫·仙侣庭园","25人挑战",仲虚念,特殊,文王鞋·唐门,-,
"236","永王行宫·仙侣庭园","25人挑战",仲虚念,特殊,文王鞋·凌雪阁,-,
"236","永王行宫·仙侣庭园","25人挑战",仲虚念,特殊,文王鞋·霸刀,-,
"236","永王行宫·仙侣庭园","25人挑战",李璘与苏十三娘,特殊,文王腰带·长歌,-,
"236","永王行宫·仙侣庭园","25人挑战",李璘与苏十三娘,特殊,文王腰带·纯阳,-,
"236","永王行宫·仙侣庭园","25人挑战",李璘与苏十三娘,特殊,文王腰带·万花,-,
"236","永王行宫·仙侣庭园","25人挑战",李璘与苏十三娘,特殊,文王腰带·少林,-,
"236","永王行宫·仙侣庭园","25人挑战",李璘与苏十三娘,特殊,文王腰带·唐门,-,
"236","永王行宫·仙侣庭园","25人挑战",李璘与苏十三娘,特殊,文王腰带·蓬莱,-,
"236","永王行宫·仙侣庭园","25人挑战",李璘与苏十三娘,特殊,文王腰带·五毒,-,
"236","永王行宫·仙侣庭园","25人挑战",李璘与苏十三娘,特殊,文王腰带·丐帮,-,
"236","永王行宫·仙侣庭园","25人挑战",李璘与苏十三娘,特殊,文王腰带·七秀,-,
"236","永王行宫·仙侣庭园","25人挑战",李璘与苏十三娘,特殊,文王腰带·藏剑,-,
"236","永王行宫·仙侣庭园","25人挑战",李璘与苏十三娘,特殊,文王腰带·苍云,-,
"236","永王行宫·仙侣庭园","25人挑战",李璘与苏十三娘,特殊,文王腰带·凌雪阁,-,
"236","永王行宫·仙侣庭园","25人挑战",李璘与苏十三娘,特殊,文王腰带·天策,-,
"236","永王行宫·仙侣庭园","25人挑战",李璘与苏十三娘,特殊,文王腰带·明教,-,
"236","永王行宫·仙侣庭园","25人挑战",李璘与苏十三娘,特殊,文王腰带·霸刀,-,
"221","永王行宫·花月别院","10人普通",韩非池,特殊,猫眼石,-,
"221","永王行宫·花月别院","10人普通",韩非池,特殊,叁级五彩石,-,
"221","永王行宫·花月别院","10人普通",韩非池,特殊,五行石（二级）,-,
"221","永王行宫·花月别院","10人普通",韩非池,特殊,五行石（三级）,-,
"221","永王行宫·花月别院","10人普通",韩非池,特殊,五行石（六级）,-,
"221","永王行宫·花月别院","10人普通",韩非池,特殊,星雷陨铁,-,
"221","永王行宫·花月别院","10人普通",韩非池,特殊,玛瑙,-,
"221","永王行宫·花月别院","10人普通",莫雨,特殊,玛瑙,-,
"221","永王行宫·花月别院","10人普通",莫雨,特殊,猫眼石,-,
"221","永王行宫·花月别院","10人普通",莫雨,特殊,肆级五彩石,-,
"221","永王行宫·花月别院","10人普通",莫雨,特殊,五行石（三级）,-,
"221","永王行宫·花月别院","10人普通",莫雨,特殊,五行石（四级）,-,
"221","永王行宫·花月别院","10人普通",莫雨,特殊,五行石（六级）,-,
"221","永王行宫·花月别院","10人普通",莫雨,特殊,星雷陨铁,-,
"221","永王行宫·花月别院","10人普通",李白,特殊,永王东巡歌其一,-,
"221","永王行宫·花月别院","10人普通",李白,特殊,永王东巡歌其七,-,
"221","永王行宫·花月别院","10人普通",李白,特殊,猫眼石,-,
"221","永王行宫·花月别院","10人普通",李白,特殊,藏剑武器·甘风隐华,-,
"221","永王行宫·花月别院","10人普通",李白,特殊,永王东巡歌其八,-,
"221","永王行宫·花月别院","10人普通",李白,特殊,永王东巡歌其九,-,
"221","永王行宫·花月别院","10人普通",李白,特殊,永王东巡歌其十,-,
"221","永王行宫·花月别院","10人普通",李白,特殊,永王东巡歌其二,-,
"221","永王行宫·花月别院","10人普通",李白,特殊,永王东巡歌其十一,-,
"221","永王行宫·花月别院","10人普通",李白,特殊,肆级五彩石,-,
"221","永王行宫·花月别院","10人普通",李白,家具,夔龙问鼎,-,
"221","永王行宫·花月别院","10人普通",李白,特殊,永王东巡歌其三,-,
"221","永王行宫·花月别院","10人普通",李白,特殊,五行石（三级）,-,
"221","永王行宫·花月别院","10人普通",李白,特殊,永王东巡歌其四,-,
"221","永王行宫·花月别院","10人普通",李白,特殊,五行石（四级）,-,
"221","永王行宫·花月别院","10人普通",李白,特殊,五行石（六级）,-,
"221","永王行宫·花月别院","10人普通",李白,特殊,永王东巡歌其五,-,
"221","永王行宫·花月别院","10人普通",李白,特殊,星雷陨铁,-,
"221","永王行宫·花月别院","10人普通",李白,特殊,永王东巡歌其六,-,
"221","永王行宫·花月别院","10人普通",李白,特殊,醉月玄晶,-,
"221","永王行宫·花月别院","10人普通",李白,特殊,玛瑙,-,
"230","永王行宫·花月别院","25人英雄",韩非池,特殊,儒风腰带·藏剑,-,
"230","永王行宫·花月别院","25人英雄",韩非池,特殊,儒风腰带·唐门,-,
"230","永王行宫·花月别院","25人英雄",韩非池,特殊,儒风腰带·丐帮,-,
"230","永王行宫·花月别院","25人英雄",韩非池,特殊,儒风腰带·霸刀,-,
"230","永王行宫·花月别院","25人英雄",韩非池,特殊,儒风腰带·凌雪阁,-,
"230","永王行宫·花月别院","25人英雄",韩非池,特殊,儒风腰带·长歌,-,
"230","永王行宫·花月别院","25人英雄",韩非池,特殊,儒风腰带·纯阳,-,
"230","永王行宫·花月别院","25人英雄",韩非池,特殊,儒风腰带·万花,-,
"230","永王行宫·花月别院","25人英雄",韩非池,特殊,儒风腰带·七秀,-,
"230","永王行宫·花月别院","25人英雄",韩非池,特殊,儒风腰带·少林,-,
"230","永王行宫·花月别院","25人英雄",韩非池,特殊,儒风腰带·天策,-,
"230","永王行宫·花月别院","25人英雄",韩非池,特殊,儒风腰带·五毒,-,
"230","永王行宫·花月别院","25人英雄",韩非池,特殊,儒风腰带·明教,-,
"230","永王行宫·花月别院","25人英雄",韩非池,特殊,儒风腰带·苍云,-,
"230","永王行宫·花月别院","25人英雄",韩非池,特殊,儒风腰带·蓬莱,-,
"230","永王行宫·花月别院","25人英雄",莫雨,特殊,儒风帽·唐门,-,
"230","永王行宫·花月别院","25人英雄",莫雨,特殊,儒风帽·丐帮,-,
"230","永王行宫·花月别院","25人英雄",莫雨,特殊,儒风帽·蓬莱,-,
"230","永王行宫·花月别院","25人英雄",莫雨,特殊,儒风帽·长歌,-,
"230","永王行宫·花月别院","25人英雄",莫雨,特殊,儒风帽·纯阳,-,
"230","永王行宫·花月别院","25人英雄",莫雨,特殊,儒风帽·万花,-,
"230","永王行宫·花月别院","25人英雄",莫雨,特殊,儒风帽·七秀,-,
"230","永王行宫·花月别院","25人英雄",莫雨,特殊,儒风帽·少林,-,
"230","永王行宫·花月别院","25人英雄",莫雨,特殊,儒风帽·天策,-,
"230","永王行宫·花月别院","25人英雄",莫雨,特殊,儒风帽·藏剑,-,
"230","永王行宫·花月别院","25人英雄",莫雨,特殊,儒风帽·五毒,-,
"230","永王行宫·花月别院","25人英雄",莫雨,特殊,儒风帽·明教,-,
"230","永王行宫·花月别院","25人英雄",莫雨,特殊,儒风帽·苍云,-,
"230","永王行宫·花月别院","25人英雄",莫雨,特殊,儒风帽·霸刀,-,
"230","永王行宫·花月别院","25人英雄",莫雨,特殊,儒风帽·凌雪阁,-,
"230","永王行宫·花月别院","25人英雄",李白,特殊,儒风衣·五毒,-,
"230","永王行宫·花月别院","25人英雄",李白,特殊,儒风衣·明教,-,
"230","永王行宫·花月别院","25人英雄",李白,特殊,儒风衣·苍云,-,
"230","永王行宫·花月别院","25人英雄",李白,特殊,儒风衣·霸刀,-,
"230","永王行宫·花月别院","25人英雄",李白,特殊,儒风衣·凌雪阁,-,
"230","永王行宫·花月别院","25人英雄",李白,家具,夔龙问鼎,-,
"230","永王行宫·花月别院","25人英雄",李白,特殊,永王东巡歌其一,-,
"230","永王行宫·花月别院","25人英雄",李白,特殊,永王东巡歌其二,-,
"230","永王行宫·花月别院","25人英雄",李白,特殊,永王东巡歌其三,-,
"230","永王行宫·花月别院","25人英雄",李白,特殊,永王东巡歌其四,-,
"230","永王行宫·花月别院","25人英雄",李白,特殊,永王东巡歌其五,-,
"230","永王行宫·花月别院","25人英雄",李白,特殊,永王东巡歌其六,-,
"230","永王行宫·花月别院","25人英雄",李白,特殊,永王东巡歌其七,-,
"230","永王行宫·花月别院","25人英雄",李白,特殊,永王东巡歌其八,-,
"230","永王行宫·花月别院","25人英雄",李白,特殊,永王东巡歌其九,-,
"230","永王行宫·花月别院","25人英雄",李白,特殊,永王东巡歌其十,-,
"230","永王行宫·花月别院","25人英雄",李白,特殊,永王东巡歌其十一,-,
"230","永王行宫·花月别院","25人英雄",李白,特殊,儒风衣·长歌,-,
"230","永王行宫·花月别院","25人英雄",李白,特殊,儒风衣·纯阳,-,
"230","永王行宫·花月别院","25人英雄",李白,特殊,儒风衣·万花,-,
"230","永王行宫·花月别院","25人英雄",李白,特殊,儒风衣·七秀,-,
"230","永王行宫·花月别院","25人英雄",李白,特殊,儒风衣·少林,-,
"230","永王行宫·花月别院","25人英雄",李白,特殊,儒风衣·天策,-,
"230","永王行宫·花月别院","25人英雄",李白,特殊,儒风衣·藏剑,-,
"230","永王行宫·花月别院","25人英雄",李白,特殊,儒风衣·唐门,-,
"230","永王行宫·花月别院","25人英雄",李白,特殊,儒风衣·丐帮,-,
"230","永王行宫·花月别院","25人英雄",李白,特殊,儒风衣·蓬莱,-,
"235","永王行宫·花月别院","10人挑战",李白,家具,夔龙问鼎,-,
"237","永王行宫·花月别院","25人挑战",韩非池,特殊,文王帽·长歌,-,
"237","永王行宫·花月别院","25人挑战",韩非池,特殊,文王帽·纯阳,-,
"237","永王行宫·花月别院","25人挑战",韩非池,特殊,文王帽·万花,-,
"237","永王行宫·花月别院","25人挑战",韩非池,特殊,文王帽·七秀,-,
"237","永王行宫·花月别院","25人挑战",韩非池,特殊,文王帽·少林,-,
"237","永王行宫·花月别院","25人挑战",韩非池,特殊,文王帽·天策,-,
"237","永王行宫·花月别院","25人挑战",韩非池,特殊,文王帽·藏剑,-,
"237","永王行宫·花月别院","25人挑战",韩非池,特殊,文王帽·五毒,-,
"237","永王行宫·花月别院","25人挑战",韩非池,特殊,文王帽·唐门,-,
"237","永王行宫·花月别院","25人挑战",韩非池,特殊,文王帽·明教,-,
"237","永王行宫·花月别院","25人挑战",韩非池,特殊,文王帽·丐帮,-,
"237","永王行宫·花月别院","25人挑战",韩非池,特殊,文王帽·苍云,-,
"237","永王行宫·花月别院","25人挑战",韩非池,特殊,文王帽·霸刀,-,
"237","永王行宫·花月别院","25人挑战",韩非池,特殊,文王帽·蓬莱,-,
"237","永王行宫·花月别院","25人挑战",韩非池,特殊,文王帽·凌雪阁,-,
"237","永王行宫·花月别院","25人挑战",莫雨,特殊,文王衣·长歌,-,
"237","永王行宫·花月别院","25人挑战",莫雨,特殊,文王衣·纯阳,-,
"237","永王行宫·花月别院","25人挑战",莫雨,特殊,文王衣·万花,-,
"237","永王行宫·花月别院","25人挑战",莫雨,特殊,文王衣·七秀,-,
"237","永王行宫·花月别院","25人挑战",莫雨,特殊,文王衣·少林,-,
"237","永王行宫·花月别院","25人挑战",莫雨,特殊,文王衣·天策,-,
"237","永王行宫·花月别院","25人挑战",莫雨,特殊,文王衣·藏剑,-,
"237","永王行宫·花月别院","25人挑战",莫雨,特殊,文王衣·五毒,-,
"237","永王行宫·花月别院","25人挑战",莫雨,特殊,文王衣·唐门,-,
"237","永王行宫·花月别院","25人挑战",莫雨,特殊,文王衣·明教,-,
"237","永王行宫·花月别院","25人挑战",莫雨,特殊,文王衣·丐帮,-,
"237","永王行宫·花月别院","25人挑战",莫雨,特殊,文王衣·苍云,-,
"237","永王行宫·花月别院","25人挑战",莫雨,特殊,文王衣·霸刀,-,
"237","永王行宫·花月别院","25人挑战",莫雨,特殊,文王衣·蓬莱,-,
"237","永王行宫·花月别院","25人挑战",莫雨,特殊,文王衣·凌雪阁,-,
"237","永王行宫·花月别院","25人挑战",李白,家具,夔龙问鼎,-,
"203","天泣林","5人普通",看舞,特殊,挂件包·背部,-,
"203","天泣林","5人普通",看舞,特殊,炼气丸,-,
"203","天泣林","5人普通",看舞,特殊,挂件包·腰部,-,
"203","天泣林","5人普通",崖剑,特殊,炼气丸,-,
"203","天泣林","5人普通",崖剑,特殊,挂件包·背部,-,
"203","天泣林","5人普通",崖剑,特殊,挂件包·腰部,-,
"203","天泣林","5人普通",高力士,特殊,挂件包·背部,-,
"203","天泣林","5人普通",高力士,特殊,挂件包·腰部,-,
"203","天泣林","5人普通",高力士,特殊,炼气丸,-,
"224","天泣林","5人英雄",高力士,特殊,藏剑武器·山川一方,-,
"204","阴山圣泉","5人普通",秦秀,特殊,挂件包·背部,-,
"204","阴山圣泉","5人普通",秦秀,特殊,炼气丸,-,
"204","阴山圣泉","5人普通",秦秀,特殊,挂件包·腰部,-,
"204","阴山圣泉","5人普通",莫蕾,特殊,挂件包·背部,-,
"204","阴山圣泉","5人普通",莫蕾,特殊,挂件包·腰部,-,
"204","阴山圣泉","5人普通",莫蕾,特殊,炼气丸,-,
"204","阴山圣泉","5人普通",植尸将,特殊,炼气丸,-,
"204","阴山圣泉","5人普通",植尸将,特殊,挂件包·背部,-,
"204","阴山圣泉","5人普通",植尸将,特殊,挂件包·腰部,-,
"227","阴山圣泉","5人英雄",植尸将,特殊,藏剑武器·山川一方,-,
"227","阴山圣泉","5人英雄",植尸将,特殊,圣泉水,-,
"209","梵空禅院","5人普通",悟影,特殊,炼气丸,-,
"209","梵空禅院","5人普通",悟影,特殊,挂件包·背部,-,
"209","梵空禅院","5人普通",悟影,特殊,挂件包·腰部,-,
"209","梵空禅院","5人普通",双雄剑意,特殊,挂件包·背部,-,
"209","梵空禅院","5人普通",双雄剑意,特殊,炼气丸,-,
"209","梵空禅院","5人普通",双雄剑意,特殊,挂件包·腰部,-,
"209","梵空禅院","5人普通",幻影剑圣,特殊,炼气丸,-,
"209","梵空禅院","5人普通",幻影剑圣,特殊,挂件包·背部,-,
"209","梵空禅院","5人普通",幻影剑圣,特殊,挂件包·腰部,-,
"209","梵空禅院","5人普通",幻影剑圣,特殊,密宗宝图碎片之三,-,
"228","梵空禅院","5人英雄",幻影剑圣,特殊,藏剑武器·山川一方,-,
"228","梵空禅院","5人英雄",幻影剑圣,特殊,密宗宝图碎片之三,-,
"218","引仙水榭","5人普通",平花秀夜,特殊,炼气丸,-,
"218","引仙水榭","5人普通",平花秀夜,特殊,挂件包·背部,-,
"218","引仙水榭","5人普通",平花秀夜,特殊,挂件包·腰部,-,
"218","引仙水榭","5人普通",剑姬阵,特殊,炼气丸,-,
"218","引仙水榭","5人普通",剑姬阵,特殊,挂件包·背部,-,
"218","引仙水榭","5人普通",剑姬阵,特殊,挂件包·腰部,-,
"218","引仙水榭","5人普通",剑姬阵,特殊,《杂艺·转碟》,-,
"218","引仙水榭","5人普通",李倓与李复,特殊,挂件包·背部,-,
"218","引仙水榭","5人普通",李倓与李复,特殊,炼气丸,-,
"218","引仙水榭","5人普通",李倓与李复,特殊,挂件包·腰部,-,
"229","引仙水榭","5人英雄",剑姬阵,特殊,《杂艺·转碟》,-,
"229","引仙水榭","5人英雄",李倓与李复,特殊,藏剑武器·山川一方,-,
"219","微山书院","5人普通",凤息颜,特殊,挂件包·背部,-,
"219","微山书院","5人普通",凤息颜,特殊,挂件包·腰部,-,
"219","微山书院","5人普通",凤息颜,特殊,炼气丸,-,
"219","微山书院","5人普通",凤息颜,家具,万象包罗,-,
"219","微山书院","5人普通",赵宫商,家具,仙芝清骨,-,
"219","微山书院","5人普通",赵宫商,特殊,挂件包·背部,-,
"219","微山书院","5人普通",赵宫商,特殊,挂件包·腰部,-,
"219","微山书院","5人普通",赵宫商,特殊,炼气丸,-,
"219","微山书院","5人普通",月侍弓,特殊,挂件包·背部,-,
"219","微山书院","5人普通",月侍弓,特殊,挂件包·腰部,-,
"219","微山书院","5人普通",月侍弓,特殊,银杏油,-,
"219","微山书院","5人普通",月侍弓,特殊,炼气丸,-,
"225","微山书院","5人英雄",凤息颜,家具,万象包罗,-,
"225","微山书院","5人英雄",赵宫商,家具,仙芝清骨,-,
"225","微山书院","5人英雄",月侍弓,特殊,银杏油,-,
"225","微山书院","5人英雄",月侍弓,特殊,藏剑武器·山川一方,-,
"242","白帝水宫","5人英雄",慕容绿珠,家具,倒转亭台暖夜纱,-,
"242","白帝水宫","5人英雄",雨卓承,特殊,天玄冰,-,
"242","白帝水宫","5人英雄",雨卓承,特殊,藏剑武器·山川一方,-,
"244","白帝水宫","5人挑战",慕容绿珠,特殊,炼气丸,-,
"244","白帝水宫","5人挑战",慕容绿珠,特殊,挂件包·背部,-,
"244","白帝水宫","5人挑战",慕容绿珠,家具,倒转亭台暖夜纱,-,
"244","白帝水宫","5人挑战",慕容绿珠,特殊,挂件包·腰部,-,
"244","白帝水宫","5人挑战",宫天蝉,特殊,挂件包·背部,-,
"244","白帝水宫","5人挑战",宫天蝉,特殊,炼气丸,-,
"244","白帝水宫","5人挑战",宫天蝉,特殊,挂件包·腰部,-,
"244","白帝水宫","5人挑战",雨卓承,特殊,藏剑武器·倦游愁芳,-,
"244","白帝水宫","5人挑战",雨卓承,特殊,炼气丸,-,
"244","白帝水宫","5人挑战",雨卓承,特殊,挂件包·背部,-,
"244","白帝水宫","5人挑战",雨卓承,特殊,挂件包·腰部,-,
"160","战宝军械库","10人普通",闻人彦范,特殊,玛瑙,-,
"160","战宝军械库","10人普通",闻人彦范,特殊,浮屠陨铁,-,
"160","战宝军械库","10人普通",闻人彦范,特殊,猫眼石,-,
"160","战宝军械库","10人普通",岳承志,特殊,玛瑙,-,
"160","战宝军械库","10人普通",岳承志,特殊,猫眼石,-,
"160","战宝军械库","10人普通",岳承志,特殊,浮屠陨铁,-,
"160","战宝军械库","10人普通",卓力格图,特殊,玛瑙,-,
"160","战宝军械库","10人普通",卓力格图,特殊,猫眼石,-,
"160","战宝军械库","10人普通",卓力格图,特殊,浮屠陨铁,-,
"160","战宝军械库","10人普通",澹台枯火,特殊,浮屠陨铁,-,
"160","战宝军械库","10人普通",澹台枯火,特殊,玛瑙,-,
"160","战宝军械库","10人普通",澹台枯火,特殊,猫眼石,-,
"160","战宝军械库","10人普通",萧沙、韦柔丝,特殊,玛瑙,-,
"160","战宝军械库","10人普通",萧沙、韦柔丝,特殊,猫眼石,-,
"160","战宝军械库","10人普通",萧沙、韦柔丝,家具,狼王战鼓,-,
"160","战宝军械库","10人普通",萧沙、韦柔丝,特殊,浮屠陨铁,-,
"160","战宝军械库","10人普通",萧沙、韦柔丝,特殊,藏剑武器·延陵流安,-,
"160","战宝军械库","10人普通",萧沙、韦柔丝,特殊,沉沙玄晶,-,
"171","战宝军械库","25人英雄",闻人彦范,特殊,靖世护腕·少林,-,
"171","战宝军械库","25人英雄",闻人彦范,特殊,靖世护腕·万花,-,
"171","战宝军械库","25人英雄",闻人彦范,特殊,靖世护腕·天策,-,
"171","战宝军械库","25人英雄",闻人彦范,特殊,靖世护腕·唐门,-,
"171","战宝军械库","25人英雄",闻人彦范,特殊,靖世护腕·长歌,-,
"171","战宝军械库","25人英雄",闻人彦范,特殊,靖世护腕·霸刀,-,
"171","战宝军械库","25人英雄",闻人彦范,特殊,靖世护腕·纯阳,-,
"171","战宝军械库","25人英雄",闻人彦范,特殊,靖世护腕·丐帮,-,
"171","战宝军械库","25人英雄",闻人彦范,特殊,靖世护腕·蓬莱,-,
"171","战宝军械库","25人英雄",闻人彦范,特殊,靖世护腕·七秀,-,
"171","战宝军械库","25人英雄",闻人彦范,特殊,靖世护腕·苍云,-,
"171","战宝军械库","25人英雄",闻人彦范,特殊,靖世护腕·凌雪阁,-,
"171","战宝军械库","25人英雄",闻人彦范,特殊,靖世护腕·藏剑,-,
"171","战宝军械库","25人英雄",闻人彦范,特殊,靖世护腕·五毒,-,
"171","战宝军械库","25人英雄",闻人彦范,特殊,靖世护腕·明教,-,
"171","战宝军械库","25人英雄",岳承志,特殊,靖世鞋·少林,-,
"171","战宝军械库","25人英雄",岳承志,特殊,靖世鞋·万花,-,
"171","战宝军械库","25人英雄",岳承志,特殊,靖世鞋·五毒,-,
"171","战宝军械库","25人英雄",岳承志,特殊,靖世鞋·明教,-,
"171","战宝军械库","25人英雄",岳承志,特殊,靖世鞋·霸刀,-,
"171","战宝军械库","25人英雄",岳承志,特殊,靖世鞋·唐门,-,
"171","战宝军械库","25人英雄",岳承志,特殊,靖世鞋·丐帮,-,
"171","战宝军械库","25人英雄",岳承志,特殊,靖世鞋·蓬莱,-,
"171","战宝军械库","25人英雄",岳承志,特殊,靖世鞋·天策,-,
"171","战宝军械库","25人英雄",岳承志,特殊,靖世鞋·纯阳,-,
"171","战宝军械库","25人英雄",岳承志,特殊,靖世鞋·长歌,-,
"171","战宝军械库","25人英雄",岳承志,特殊,靖世鞋·苍云,-,
"171","战宝军械库","25人英雄",岳承志,特殊,靖世鞋·凌雪阁,-,
"171","战宝军械库","25人英雄",岳承志,特殊,靖世鞋·七秀,-,
"171","战宝军械库","25人英雄",岳承志,特殊,靖世鞋·藏剑,-,
"171","战宝军械库","25人英雄",卓力格图,特殊,靖世腰带·少林,-,
"171","战宝军械库","25人英雄",卓力格图,特殊,靖世腰带·天策,-,
"171","战宝军械库","25人英雄",卓力格图,特殊,靖世腰带·七秀,-,
"171","战宝军械库","25人英雄",卓力格图,特殊,靖世腰带·霸刀,-,
"171","战宝军械库","25人英雄",卓力格图,特殊,靖世腰带·明教,-,
"171","战宝军械库","25人英雄",卓力格图,特殊,靖世腰带·五毒,-,
"171","战宝军械库","25人英雄",卓力格图,特殊,靖世腰带·唐门,-,
"171","战宝军械库","25人英雄",卓力格图,特殊,靖世腰带·蓬莱,-,
"171","战宝军械库","25人英雄",卓力格图,特殊,靖世腰带·万花,-,
"171","战宝军械库","25人英雄",卓力格图,特殊,靖世腰带·丐帮,-,
"171","战宝军械库","25人英雄",卓力格图,特殊,靖世腰带·凌雪阁,-,
"171","战宝军械库","25人英雄",卓力格图,特殊,靖世腰带·长歌,-,
"171","战宝军械库","25人英雄",卓力格图,特殊,靖世腰带·纯阳,-,
"171","战宝军械库","25人英雄",卓力格图,特殊,靖世腰带·苍云,-,
"171","战宝军械库","25人英雄",卓力格图,特殊,靖世腰带·藏剑,-,
"171","战宝军械库","25人英雄",澹台枯火,特殊,靖世帽·少林,-,
"171","战宝军械库","25人英雄",澹台枯火,特殊,靖世帽·天策,-,
"171","战宝军械库","25人英雄",澹台枯火,特殊,靖世帽·苍云,-,
"171","战宝军械库","25人英雄",澹台枯火,特殊,靖世帽·藏剑,-,
"171","战宝军械库","25人英雄",澹台枯火,特殊,靖世帽·纯阳,-,
"171","战宝军械库","25人英雄",澹台枯火,特殊,靖世帽·长歌,-,
"171","战宝军械库","25人英雄",澹台枯火,特殊,靖世帽·蓬莱,-,
"171","战宝军械库","25人英雄",澹台枯火,特殊,靖世帽·明教,-,
"171","战宝军械库","25人英雄",澹台枯火,特殊,靖世帽·万花,-,
"171","战宝军械库","25人英雄",澹台枯火,特殊,靖世帽·七秀,-,
"171","战宝军械库","25人英雄",澹台枯火,特殊,靖世帽·唐门,-,
"171","战宝军械库","25人英雄",澹台枯火,特殊,靖世帽·凌雪阁,-,
"171","战宝军械库","25人英雄",澹台枯火,特殊,靖世帽·五毒,-,
"171","战宝军械库","25人英雄",澹台枯火,特殊,靖世帽·丐帮,-,
"171","战宝军械库","25人英雄",澹台枯火,特殊,靖世帽·霸刀,-,
"171","战宝军械库","25人英雄",萧沙、韦柔丝,家具,狼王战鼓,-,
"171","战宝军械库","25人英雄",萧沙、韦柔丝,特殊,靖世衣·少林,-,
"171","战宝军械库","25人英雄",萧沙、韦柔丝,特殊,靖世衣·万花,-,
"171","战宝军械库","25人英雄",萧沙、韦柔丝,特殊,靖世衣·纯阳,-,
"171","战宝军械库","25人英雄",萧沙、韦柔丝,特殊,靖世衣·藏剑,-,
"171","战宝军械库","25人英雄",萧沙、韦柔丝,特殊,靖世衣·蓬莱,-,
"171","战宝军械库","25人英雄",萧沙、韦柔丝,特殊,靖世衣·七秀,-,
"171","战宝军械库","25人英雄",萧沙、韦柔丝,特殊,靖世衣·明教,-,
"171","战宝军械库","25人英雄",萧沙、韦柔丝,特殊,靖世衣·唐门,-,
"171","战宝军械库","25人英雄",萧沙、韦柔丝,特殊,靖世衣·长歌,-,
"171","战宝军械库","25人英雄",萧沙、韦柔丝,特殊,靖世衣·天策,-,
"171","战宝军械库","25人英雄",萧沙、韦柔丝,特殊,靖世衣·五毒,-,
"171","战宝军械库","25人英雄",萧沙、韦柔丝,特殊,靖世衣·丐帮,-,
"171","战宝军械库","25人英雄",萧沙、韦柔丝,特殊,靖世衣·霸刀,-,
"171","战宝军械库","25人英雄",萧沙、韦柔丝,特殊,靖世衣·凌雪阁,-,
"171","战宝军械库","25人英雄",萧沙、韦柔丝,特殊,靖世衣·苍云,-,
"164","大明宫","10人普通",何莘涯,特殊,浮屠陨铁,-,
"164","大明宫","10人普通",何莘涯,特殊,五行石（三级）,-,
"164","大明宫","10人普通",何莘涯,特殊,玛瑙,-,
"164","大明宫","10人普通",何莘涯,特殊,猫眼石,-,
"164","大明宫","10人普通",耶律燕、独孤问俗,特殊,猫眼石,-,
"164","大明宫","10人普通",耶律燕、独孤问俗,家具,九天阖闾,-,
"164","大明宫","10人普通",耶律燕、独孤问俗,特殊,浮屠陨铁,-,
"164","大明宫","10人普通",耶律燕、独孤问俗,特殊,五行石（三级）,-,
"164","大明宫","10人普通",耶律燕、独孤问俗,特殊,玛瑙,-,
"164","大明宫","10人普通",六道傀儡,特殊,浮屠陨铁,-,
"164","大明宫","10人普通",六道傀儡,特殊,五行石（三级）,-,
"164","大明宫","10人普通",六道傀儡,特殊,玛瑙,-,
"164","大明宫","10人普通",六道傀儡,特殊,猫眼石,-,
"164","大明宫","10人普通",剑圣,家具,太液清光,-,
"164","大明宫","10人普通",剑圣,特殊,浮屠陨铁,-,
"164","大明宫","10人普通",剑圣,特殊,五行石（三级）,-,
"164","大明宫","10人普通",剑圣,特殊,玛瑙,-,
"164","大明宫","10人普通",剑圣,特殊,猫眼石,-,
"164","大明宫","10人普通",无名,家具,仙掌动,-,
"164","大明宫","10人普通",无名,特殊,浮屠陨铁,-,
"164","大明宫","10人普通",无名,特殊,五行石（三级）,-,
"164","大明宫","10人普通",无名,特殊,玛瑙,-,
"164","大明宫","10人普通",无名,特殊,猫眼石,-,
"164","大明宫","10人普通",伊玛目,特殊,藏剑武器·明祥华烛,-,
"164","大明宫","10人普通",伊玛目,特殊,浮屠陨铁,-,
"164","大明宫","10人普通",伊玛目,特殊,沉沙玄晶,-,
"164","大明宫","10人普通",伊玛目,特殊,五行石（三级）,-,
"164","大明宫","10人普通",伊玛目,特殊,玛瑙,-,
"164","大明宫","10人普通",伊玛目,特殊,猫眼石,-,
"164","大明宫","10人普通",安禄山,家具,毕方博山炉,-,
"164","大明宫","10人普通",安禄山,特殊,浮屠陨铁,-,
"164","大明宫","10人普通",安禄山,特殊,沉沙玄晶,-,
"164","大明宫","10人普通",安禄山,特殊,五行石（三级）,-,
"164","大明宫","10人普通",安禄山,特殊,玛瑙,-,
"164","大明宫","10人普通",安禄山,特殊,猫眼石,-,
"164","大明宫","10人普通",安禄山,特殊,藏剑武器·甘风隐华,-,
"165","大明宫","25人英雄",耶律燕、独孤问俗,家具,九天阖闾,-,
"165","大明宫","25人英雄",耶律燕、独孤问俗,特殊,定国护腕·少林,-,
"165","大明宫","25人英雄",耶律燕、独孤问俗,特殊,定国护腕·万花,-,
"165","大明宫","25人英雄",耶律燕、独孤问俗,特殊,定国护腕·纯阳,-,
"165","大明宫","25人英雄",耶律燕、独孤问俗,特殊,定国护腕·藏剑,-,
"165","大明宫","25人英雄",耶律燕、独孤问俗,特殊,定国护腕·七秀,-,
"165","大明宫","25人英雄",耶律燕、独孤问俗,特殊,定国护腕·明教,-,
"165","大明宫","25人英雄",耶律燕、独孤问俗,特殊,定国护腕·霸刀,-,
"165","大明宫","25人英雄",耶律燕、独孤问俗,特殊,定国护腕·唐门,-,
"165","大明宫","25人英雄",耶律燕、独孤问俗,特殊,定国护腕·天策,-,
"165","大明宫","25人英雄",耶律燕、独孤问俗,特殊,定国护腕·五毒,-,
"165","大明宫","25人英雄",耶律燕、独孤问俗,特殊,定国护腕·长歌,-,
"165","大明宫","25人英雄",耶律燕、独孤问俗,特殊,定国护腕·丐帮,-,
"165","大明宫","25人英雄",耶律燕、独孤问俗,特殊,定国护腕·蓬莱,-,
"165","大明宫","25人英雄",耶律燕、独孤问俗,特殊,定国护腕·凌雪阁,-,
"165","大明宫","25人英雄",耶律燕、独孤问俗,特殊,定国护腕·苍云,-,
"165","大明宫","25人英雄",六道傀儡,特殊,定国鞋·少林,-,
"165","大明宫","25人英雄",六道傀儡,特殊,定国鞋·天策,-,
"165","大明宫","25人英雄",六道傀儡,特殊,定国鞋·苍云,-,
"165","大明宫","25人英雄",六道傀儡,特殊,定国鞋·藏剑,-,
"165","大明宫","25人英雄",六道傀儡,特殊,定国鞋·纯阳,-,
"165","大明宫","25人英雄",六道傀儡,特殊,定国鞋·霸刀,-,
"165","大明宫","25人英雄",六道傀儡,特殊,定国鞋·明教,-,
"165","大明宫","25人英雄",六道傀儡,特殊,定国鞋·万花,-,
"165","大明宫","25人英雄",六道傀儡,特殊,定国鞋·七秀,-,
"165","大明宫","25人英雄",六道傀儡,特殊,定国鞋·唐门,-,
"165","大明宫","25人英雄",六道傀儡,特殊,定国鞋·蓬莱,-,
"165","大明宫","25人英雄",六道傀儡,特殊,定国鞋·五毒,-,
"165","大明宫","25人英雄",六道傀儡,特殊,定国鞋·丐帮,-,
"165","大明宫","25人英雄",六道傀儡,特殊,定国鞋·凌雪阁,-,
"165","大明宫","25人英雄",六道傀儡,特殊,定国鞋·长歌,-,
"165","大明宫","25人英雄",剑圣,家具,太液清光,-,
"165","大明宫","25人英雄",剑圣,特殊,定国腰带·少林,-,
"165","大明宫","25人英雄",剑圣,特殊,定国腰带·万花,-,
"165","大明宫","25人英雄",剑圣,特殊,定国腰带·五毒,-,
"165","大明宫","25人英雄",剑圣,特殊,定国腰带·长歌,-,
"165","大明宫","25人英雄",剑圣,特殊,定国腰带·苍云,-,
"165","大明宫","25人英雄",剑圣,特殊,定国腰带·霸刀,-,
"165","大明宫","25人英雄",剑圣,特殊,定国腰带·天策,-,
"165","大明宫","25人英雄",剑圣,特殊,定国腰带·藏剑,-,
"165","大明宫","25人英雄",剑圣,特殊,定国腰带·纯阳,-,
"165","大明宫","25人英雄",剑圣,特殊,定国腰带·明教,-,
"165","大明宫","25人英雄",剑圣,特殊,定国腰带·蓬莱,-,
"165","大明宫","25人英雄",剑圣,特殊,定国腰带·唐门,-,
"165","大明宫","25人英雄",剑圣,特殊,定国腰带·七秀,-,
"165","大明宫","25人英雄",剑圣,特殊,定国腰带·凌雪阁,-,
"165","大明宫","25人英雄",剑圣,特殊,定国腰带·丐帮,-,
"165","大明宫","25人英雄",无名,家具,仙掌动,-,
"165","大明宫","25人英雄",无名,特殊,定国帽·少林,-,
"165","大明宫","25人英雄",无名,特殊,定国帽·万花,-,
"165","大明宫","25人英雄",无名,特殊,定国帽·纯阳,-,
"165","大明宫","25人英雄",无名,特殊,定国帽·丐帮,-,
"165","大明宫","25人英雄",无名,特殊,定国帽·霸刀,-,
"165","大明宫","25人英雄",无名,特殊,定国帽·七秀,-,
"165","大明宫","25人英雄",无名,特殊,定国帽·五毒,-,
"165","大明宫","25人英雄",无名,特殊,定国帽·苍云,-,
"165","大明宫","25人英雄",无名,特殊,定国帽·蓬莱,-,
"165","大明宫","25人英雄",无名,特殊,定国帽·藏剑,-,
"165","大明宫","25人英雄",无名,特殊,定国帽·长歌,-,
"165","大明宫","25人英雄",无名,特殊,定国帽·天策,-,
"165","大明宫","25人英雄",无名,特殊,定国帽·明教,-,
"165","大明宫","25人英雄",无名,特殊,定国帽·唐门,-,
"165","大明宫","25人英雄",无名,特殊,定国帽·凌雪阁,-,
"165","大明宫","25人英雄",伊玛目,特殊,定国衣·七秀,-,
"165","大明宫","25人英雄",伊玛目,特殊,定国衣·丐帮,-,
"165","大明宫","25人英雄",伊玛目,特殊,定国衣·霸刀,-,
"165","大明宫","25人英雄",伊玛目,特殊,定国衣·五毒,-,
"165","大明宫","25人英雄",伊玛目,特殊,定国衣·苍云,-,
"165","大明宫","25人英雄",伊玛目,特殊,定国衣·藏剑,-,
"165","大明宫","25人英雄",伊玛目,特殊,定国衣·蓬莱,-,
"165","大明宫","25人英雄",伊玛目,特殊,定国衣·少林,-,
"165","大明宫","25人英雄",伊玛目,特殊,定国衣·万花,-,
"165","大明宫","25人英雄",伊玛目,特殊,定国衣·天策,-,
"165","大明宫","25人英雄",伊玛目,特殊,定国衣·明教,-,
"165","大明宫","25人英雄",伊玛目,特殊,定国衣·纯阳,-,
"165","大明宫","25人英雄",伊玛目,特殊,定国衣·唐门,-,
"165","大明宫","25人英雄",伊玛目,特殊,定国衣·长歌,-,
"165","大明宫","25人英雄",伊玛目,特殊,定国衣·凌雪阁,-,
"165","大明宫","25人英雄",安禄山,家具,毕方博山炉,-,
"175","血战天策","10人普通",席庶云,特殊,猫眼石,-,
"175","血战天策","10人普通",席庶云,特殊,浮屠陨铁,-,
"175","血战天策","10人普通",席庶云,特殊,玛瑙,-,
"175","血战天策","10人普通",关卡：固守天策府,特殊,浮屠陨铁,-,
"175","血战天策","10人普通",关卡：固守天策府,特殊,玛瑙,-,
"175","血战天策","10人普通",关卡：固守天策府,特殊,猫眼石,-,
"175","血战天策","10人普通",曹炎烈,特殊,浮屠陨铁,-,
"175","血战天策","10人普通",曹炎烈,特殊,玛瑙,-,
"175","血战天策","10人普通",曹炎烈,特殊,猫眼石,-,
"175","血战天策","10人普通",关卡：保护青骓牧场,家具,至德战区图·立,-,
"175","血战天策","10人普通",关卡：保护青骓牧场,特殊,浮屠陨铁,-,
"175","血战天策","10人普通",关卡：保护青骓牧场,特殊,玛瑙,-,
"175","血战天策","10人普通",关卡：保护青骓牧场,特殊,猫眼石,-,
"175","血战天策","10人普通",沙叱博,特殊,猫眼石,-,
"175","血战天策","10人普通",沙叱博,特殊,浮屠陨铁,-,
"175","血战天策","10人普通",沙叱博,特殊,玛瑙,-,
"175","血战天策","10人普通",阿史那从礼,特殊,浮屠陨铁,-,
"175","血战天策","10人普通",阿史那从礼,特殊,玛瑙,-,
"175","血战天策","10人普通",阿史那从礼,特殊,猫眼石,-,
"175","血战天策","10人普通",黑齿元佑,特殊,浮屠陨铁,-,
"175","血战天策","10人普通",黑齿元佑,特殊,玛瑙,-,
"175","血战天策","10人普通",黑齿元佑,特殊,猫眼石,-,
"175","血战天策","10人普通",苏曼莎,特殊,藏剑武器·延陵流安,-,
"175","血战天策","10人普通",苏曼莎,家具,至德战区图·案,-,
"175","血战天策","10人普通",苏曼莎,特殊,浮屠陨铁,-,
"175","血战天策","10人普通",苏曼莎,特殊,沉沙玄晶,-,
"175","血战天策","10人普通",苏曼莎,特殊,剑诀·残篇二章,-,
"175","血战天策","10人普通",苏曼莎,特殊,一剑决·总决,-,
"175","血战天策","10人普通",苏曼莎,特殊,玛瑙,-,
"175","血战天策","10人普通",苏曼莎,特殊,猫眼石,-,
"175","血战天策","10人普通",令狐伤,特殊,浮屠陨铁,-,
"175","血战天策","10人普通",令狐伤,特殊,沉沙玄晶,-,
"175","血战天策","10人普通",令狐伤,特殊,剑诀·残篇五章,-,
"175","血战天策","10人普通",令狐伤,特殊,遗留的书信,-,
"175","血战天策","10人普通",令狐伤,特殊,玛瑙,-,
"175","血战天策","10人普通",令狐伤,特殊,猫眼石,-,
"175","血战天策","10人普通",令狐伤,特殊,藏剑武器·延陵流安,-,
"176","血战天策","25人英雄",曹炎烈,特殊,破虏护腕·少林,-,
"176","血战天策","25人英雄",曹炎烈,特殊,破虏护腕·万花,-,
"176","血战天策","25人英雄",曹炎烈,特殊,破虏护腕·纯阳,-,
"176","血战天策","25人英雄",曹炎烈,特殊,破虏护腕·藏剑,-,
"176","血战天策","25人英雄",曹炎烈,特殊,破虏护腕·苍云,-,
"176","血战天策","25人英雄",曹炎烈,特殊,破虏护腕·七秀,-,
"176","血战天策","25人英雄",曹炎烈,特殊,破虏护腕·明教,-,
"176","血战天策","25人英雄",曹炎烈,特殊,破虏护腕·唐门,-,
"176","血战天策","25人英雄",曹炎烈,特殊,破虏护腕·霸刀,-,
"176","血战天策","25人英雄",曹炎烈,特殊,破虏护腕·天策,-,
"176","血战天策","25人英雄",曹炎烈,特殊,破虏护腕·五毒,-,
"176","血战天策","25人英雄",曹炎烈,特殊,破虏护腕·丐帮,-,
"176","血战天策","25人英雄",曹炎烈,特殊,破虏护腕·长歌,-,
"176","血战天策","25人英雄",曹炎烈,特殊,破虏护腕·蓬莱,-,
"176","血战天策","25人英雄",曹炎烈,特殊,破虏护腕·凌雪阁,-,
"176","血战天策","25人英雄",关卡：保护青骓牧场,家具,至德战区图·立,-,
"176","血战天策","25人英雄",关卡：保护青骓牧场,特殊,破虏鞋·少林,-,
"176","血战天策","25人英雄",关卡：保护青骓牧场,特殊,破虏鞋·天策,-,
"176","血战天策","25人英雄",关卡：保护青骓牧场,特殊,破虏鞋·长歌,-,
"176","血战天策","25人英雄",关卡：保护青骓牧场,特殊,破虏鞋·藏剑,-,
"176","血战天策","25人英雄",关卡：保护青骓牧场,特殊,破虏鞋·纯阳,-,
"176","血战天策","25人英雄",关卡：保护青骓牧场,特殊,破虏鞋·苍云,-,
"176","血战天策","25人英雄",关卡：保护青骓牧场,特殊,破虏鞋·明教,-,
"176","血战天策","25人英雄",关卡：保护青骓牧场,特殊,破虏鞋·霸刀,-,
"176","血战天策","25人英雄",关卡：保护青骓牧场,特殊,破虏鞋·万花,-,
"176","血战天策","25人英雄",关卡：保护青骓牧场,特殊,破虏鞋·七秀,-,
"176","血战天策","25人英雄",关卡：保护青骓牧场,特殊,破虏鞋·唐门,-,
"176","血战天策","25人英雄",关卡：保护青骓牧场,特殊,破虏鞋·蓬莱,-,
"176","血战天策","25人英雄",关卡：保护青骓牧场,特殊,破虏鞋·五毒,-,
"176","血战天策","25人英雄",关卡：保护青骓牧场,特殊,破虏鞋·丐帮,-,
"176","血战天策","25人英雄",关卡：保护青骓牧场,特殊,破虏鞋·凌雪阁,-,
"176","血战天策","25人英雄",沙叱博,特殊,破虏腰带·少林,-,
"176","血战天策","25人英雄",沙叱博,特殊,破虏腰带·万花,-,
"176","血战天策","25人英雄",沙叱博,特殊,破虏腰带·五毒,-,
"176","血战天策","25人英雄",沙叱博,特殊,破虏腰带·长歌,-,
"176","血战天策","25人英雄",沙叱博,特殊,破虏腰带·天策,-,
"176","血战天策","25人英雄",沙叱博,特殊,破虏腰带·藏剑,-,
"176","血战天策","25人英雄",沙叱博,特殊,破虏腰带·霸刀,-,
"176","血战天策","25人英雄",沙叱博,特殊,破虏腰带·苍云,-,
"176","血战天策","25人英雄",沙叱博,特殊,破虏腰带·纯阳,-,
"176","血战天策","25人英雄",沙叱博,特殊,破虏腰带·明教,-,
"176","血战天策","25人英雄",沙叱博,特殊,破虏腰带·唐门,-,
"176","血战天策","25人英雄",沙叱博,特殊,破虏腰带·蓬莱,-,
"176","血战天策","25人英雄",沙叱博,特殊,破虏腰带·七秀,-,
"176","血战天策","25人英雄",沙叱博,特殊,破虏腰带·丐帮,-,
"176","血战天策","25人英雄",沙叱博,特殊,破虏腰带·凌雪阁,-,
"176","血战天策","25人英雄",阿史那从礼,特殊,破虏帽·少林,-,
"176","血战天策","25人英雄",阿史那从礼,特殊,破虏帽·万花,-,
"176","血战天策","25人英雄",阿史那从礼,特殊,破虏帽·纯阳,-,
"176","血战天策","25人英雄",阿史那从礼,特殊,破虏帽·凌雪阁,-,
"176","血战天策","25人英雄",阿史那从礼,特殊,破虏帽·丐帮,-,
"176","血战天策","25人英雄",阿史那从礼,特殊,破虏帽·七秀,-,
"176","血战天策","25人英雄",阿史那从礼,特殊,破虏帽·五毒,-,
"176","血战天策","25人英雄",阿史那从礼,特殊,破虏帽·霸刀,-,
"176","血战天策","25人英雄",阿史那从礼,特殊,破虏帽·藏剑,-,
"176","血战天策","25人英雄",阿史那从礼,特殊,破虏帽·蓬莱,-,
"176","血战天策","25人英雄",阿史那从礼,特殊,破虏帽·苍云,-,
"176","血战天策","25人英雄",阿史那从礼,特殊,破虏帽·天策,-,
"176","血战天策","25人英雄",阿史那从礼,特殊,破虏帽·明教,-,
"176","血战天策","25人英雄",阿史那从礼,特殊,破虏帽·唐门,-,
"176","血战天策","25人英雄",阿史那从礼,特殊,破虏帽·长歌,-,
"176","血战天策","25人英雄",黑齿元佑,特殊,破虏衣·七秀,-,
"176","血战天策","25人英雄",黑齿元佑,特殊,破虏衣·丐帮,-,
"176","血战天策","25人英雄",黑齿元佑,特殊,破虏衣·长歌,-,
"176","血战天策","25人英雄",黑齿元佑,特殊,破虏衣·凌雪阁,-,
"176","血战天策","25人英雄",黑齿元佑,特殊,破虏衣·五毒,-,
"176","血战天策","25人英雄",黑齿元佑,特殊,破虏衣·霸刀,-,
"176","血战天策","25人英雄",黑齿元佑,特殊,破虏衣·藏剑,-,
"176","血战天策","25人英雄",黑齿元佑,特殊,破虏衣·少林,-,
"176","血战天策","25人英雄",黑齿元佑,特殊,破虏衣·万花,-,
"176","血战天策","25人英雄",黑齿元佑,特殊,破虏衣·天策,-,
"176","血战天策","25人英雄",黑齿元佑,特殊,破虏衣·苍云,-,
"176","血战天策","25人英雄",黑齿元佑,特殊,破虏衣·蓬莱,-,
"176","血战天策","25人英雄",黑齿元佑,特殊,破虏衣·明教,-,
"176","血战天策","25人英雄",黑齿元佑,特殊,破虏衣·纯阳,-,
"176","血战天策","25人英雄",黑齿元佑,特殊,破虏衣·唐门,-,
"176","血战天策","25人英雄",苏曼莎,家具,至德战区图·案,-,
"176","血战天策","25人英雄",苏曼莎,特殊,剑诀·残篇二章,-,
"176","血战天策","25人英雄",苏曼莎,特殊,一剑决·总决,-,
"176","血战天策","25人英雄",令狐伤,特殊,剑诀·残篇五章,-,
"176","血战天策","25人英雄",令狐伤,特殊,遗留的书信,-,
"177","风雪稻香村","10人普通",地字一号,特殊,猫眼石,-,
"177","风雪稻香村","10人普通",地字一号,特殊,浮屠陨铁,-,
"177","风雪稻香村","10人普通",地字一号,特殊,玛瑙,-,
"177","风雪稻香村","10人普通",史朝义,特殊,玛瑙,-,
"177","风雪稻香村","10人普通",史朝义,特殊,浮屠陨铁,-,
"177","风雪稻香村","10人普通",史朝义,特殊,猫眼石,-,
"177","风雪稻香村","10人普通",黑鹰,特殊,浮屠陨铁,-,
"177","风雪稻香村","10人普通",黑鹰,特殊,猫眼石,-,
"177","风雪稻香村","10人普通",黑鹰,特殊,玛瑙,-,
"177","风雪稻香村","10人普通",无名,特殊,玛瑙,-,
"177","风雪稻香村","10人普通",无名,特殊,猫眼石,-,
"177","风雪稻香村","10人普通",无名,特殊,藏剑武器·明祥华烛,-,
"177","风雪稻香村","10人普通",无名,特殊,浮屠陨铁,-,
"177","风雪稻香村","10人普通",无名,特殊,沉沙玄晶,-,
"178","风雪稻香村","25人英雄",地字一号,特殊,浮屠陨铁,-,
"178","风雪稻香村","25人英雄",史朝义,特殊,浮屠陨铁,-,
"178","风雪稻香村","25人英雄",黑鹰,特殊,秦风鞋·蓬莱,-,
"178","风雪稻香村","25人英雄",黑鹰,特殊,浮屠陨铁,-,
"178","风雪稻香村","25人英雄",黑鹰,特殊,秦风鞋·少林,-,
"178","风雪稻香村","25人英雄",黑鹰,特殊,秦风鞋·万花,-,
"178","风雪稻香村","25人英雄",黑鹰,特殊,秦风鞋·天策,-,
"178","风雪稻香村","25人英雄",黑鹰,特殊,秦风鞋·纯阳,-,
"178","风雪稻香村","25人英雄",黑鹰,特殊,秦风鞋·七秀,-,
"178","风雪稻香村","25人英雄",黑鹰,特殊,秦风鞋·五毒,-,
"178","风雪稻香村","25人英雄",黑鹰,特殊,秦风鞋·唐门,-,
"178","风雪稻香村","25人英雄",黑鹰,特殊,秦风鞋·藏剑,-,
"178","风雪稻香村","25人英雄",黑鹰,特殊,秦风鞋·丐帮,-,
"178","风雪稻香村","25人英雄",黑鹰,特殊,秦风鞋·明教,-,
"178","风雪稻香村","25人英雄",黑鹰,特殊,秦风鞋·苍云,-,
"178","风雪稻香村","25人英雄",黑鹰,特殊,秦风鞋·长歌,-,
"178","风雪稻香村","25人英雄",黑鹰,特殊,秦风鞋·霸刀,-,
"178","风雪稻香村","25人英雄",黑鹰,特殊,秦风鞋·凌雪阁,-,
"178","风雪稻香村","25人英雄",无名,特殊,秦风帽·凌雪阁,-,
"178","风雪稻香村","25人英雄",无名,特殊,浮屠陨铁,-,
"178","风雪稻香村","25人英雄",无名,特殊,沉沙玄晶,-,
"178","风雪稻香村","25人英雄",无名,特殊,秦风帽·少林,-,
"178","风雪稻香村","25人英雄",无名,特殊,秦风帽·万花,-,
"178","风雪稻香村","25人英雄",无名,特殊,秦风帽·天策,-,
"178","风雪稻香村","25人英雄",无名,特殊,秦风帽·纯阳,-,
"178","风雪稻香村","25人英雄",无名,特殊,秦风帽·七秀,-,
"178","风雪稻香村","25人英雄",无名,特殊,秦风帽·五毒,-,
"178","风雪稻香村","25人英雄",无名,特殊,秦风帽·唐门,-,
"178","风雪稻香村","25人英雄",无名,特殊,秦风帽·藏剑,-,
"178","风雪稻香村","25人英雄",无名,特殊,秦风帽·丐帮,-,
"178","风雪稻香村","25人英雄",无名,特殊,秦风帽·明教,-,
"178","风雪稻香村","25人英雄",无名,特殊,秦风帽·苍云,-,
"178","风雪稻香村","25人英雄",无名,特殊,秦风帽·长歌,-,
"178","风雪稻香村","25人英雄",无名,特殊,秦风帽·霸刀,-,
"178","风雪稻香村","25人英雄",无名,特殊,秦风帽·蓬莱,-,
"182","秦皇陵","10人普通",王翦,特殊,浮屠陨铁,-,
"182","秦皇陵","10人普通",王翦,特殊,玛瑙,-,
"182","秦皇陵","10人普通",王翦,特殊,猫眼石,-,
"182","秦皇陵","10人普通",石麒麟,特殊,玛瑙,-,
"182","秦皇陵","10人普通",石麒麟,特殊,猫眼石,-,
"182","秦皇陵","10人普通",石麒麟,特殊,浮屠陨铁,-,
"182","秦皇陵","10人普通",探雪,家具,一统志,-,
"182","秦皇陵","10人普通",探雪,特殊,《九功舞·祥瑞》,-,
"182","秦皇陵","10人普通",探雪,特殊,玛瑙,-,
"182","秦皇陵","10人普通",探雪,家具,错金饰青铜牛灯,-,
"182","秦皇陵","10人普通",探雪,特殊,猫眼石,-,
"182","秦皇陵","10人普通",探雪,特殊,浮屠陨铁,-,
"182","秦皇陵","10人普通",令狐伤,特殊,玛瑙,-,
"182","秦皇陵","10人普通",令狐伤,特殊,猫眼石,-,
"182","秦皇陵","10人普通",令狐伤,特殊,浮屠陨铁,-,
"182","秦皇陵","10人普通",安禄山,特殊,沉沙玄晶,-,
"182","秦皇陵","10人普通",安禄山,特殊,玛瑙,-,
"182","秦皇陵","10人普通",安禄山,家具,皇帝名,-,
"182","秦皇陵","10人普通",安禄山,特殊,浮屠陨铁,-,
"182","秦皇陵","10人普通",安禄山,特殊,猫眼石,-,
"182","秦皇陵","10人普通",安禄山,特殊,藏剑武器·甘风隐华,-,
"183","秦皇陵","25人英雄",王翦,特殊,浮屠陨铁,-,
"183","秦皇陵","25人英雄",石麒麟,特殊,浮屠陨铁,-,
"183","秦皇陵","25人英雄",石麒麟,特殊,秦风护腕·少林,-,
"183","秦皇陵","25人英雄",石麒麟,特殊,秦风护腕·天策,-,
"183","秦皇陵","25人英雄",石麒麟,特殊,秦风护腕·唐门,-,
"183","秦皇陵","25人英雄",石麒麟,特殊,秦风护腕·苍云,-,
"183","秦皇陵","25人英雄",石麒麟,特殊,秦风护腕·霸刀,-,
"183","秦皇陵","25人英雄",石麒麟,特殊,秦风护腕·五毒,-,
"183","秦皇陵","25人英雄",石麒麟,特殊,秦风护腕·丐帮,-,
"183","秦皇陵","25人英雄",石麒麟,特殊,秦风护腕·长歌,-,
"183","秦皇陵","25人英雄",石麒麟,特殊,秦风护腕·蓬莱,-,
"183","秦皇陵","25人英雄",石麒麟,特殊,秦风护腕·万花,-,
"183","秦皇陵","25人英雄",石麒麟,特殊,秦风护腕·七秀,-,
"183","秦皇陵","25人英雄",石麒麟,特殊,秦风护腕·凌雪阁,-,
"183","秦皇陵","25人英雄",石麒麟,特殊,秦风护腕·明教,-,
"183","秦皇陵","25人英雄",石麒麟,特殊,秦风护腕·纯阳,-,
"183","秦皇陵","25人英雄",石麒麟,特殊,秦风护腕·藏剑,-,
"183","秦皇陵","25人英雄",探雪,家具,错金饰青铜牛灯,-,
"183","秦皇陵","25人英雄",探雪,家具,一统志,-,
"183","秦皇陵","25人英雄",探雪,特殊,浮屠陨铁,-,
"183","秦皇陵","25人英雄",探雪,特殊,秦风腰带·万花,-,
"183","秦皇陵","25人英雄",探雪,特殊,秦风腰带·纯阳,-,
"183","秦皇陵","25人英雄",探雪,特殊,秦风腰带·藏剑,-,
"183","秦皇陵","25人英雄",探雪,特殊,秦风腰带·苍云,-,
"183","秦皇陵","25人英雄",探雪,特殊,秦风腰带·天策,-,
"183","秦皇陵","25人英雄",探雪,特殊,秦风腰带·唐门,-,
"183","秦皇陵","25人英雄",探雪,特殊,秦风腰带·蓬莱,-,
"183","秦皇陵","25人英雄",探雪,特殊,秦风腰带·丐帮,-,
"183","秦皇陵","25人英雄",探雪,特殊,秦风腰带·少林,-,
"183","秦皇陵","25人英雄",探雪,特殊,秦风腰带·五毒,-,
"183","秦皇陵","25人英雄",探雪,特殊,秦风腰带·长歌,-,
"183","秦皇陵","25人英雄",探雪,特殊,秦风腰带·凌雪阁,-,
"183","秦皇陵","25人英雄",探雪,特殊,秦风腰带·七秀,-,
"183","秦皇陵","25人英雄",探雪,特殊,秦风腰带·明教,-,
"183","秦皇陵","25人英雄",探雪,特殊,秦风腰带·霸刀,-,
"183","秦皇陵","25人英雄",令狐伤,特殊,浮屠陨铁,-,
"183","秦皇陵","25人英雄",令狐伤,特殊,秦风衣·少林,-,
"183","秦皇陵","25人英雄",令狐伤,特殊,秦风衣·七秀,-,
"183","秦皇陵","25人英雄",令狐伤,特殊,秦风衣·藏剑,-,
"183","秦皇陵","25人英雄",令狐伤,特殊,秦风衣·蓬莱,-,
"183","秦皇陵","25人英雄",令狐伤,特殊,秦风衣·纯阳,-,
"183","秦皇陵","25人英雄",令狐伤,特殊,秦风衣·苍云,-,
"183","秦皇陵","25人英雄",令狐伤,特殊,秦风衣·万花,-,
"183","秦皇陵","25人英雄",令狐伤,特殊,秦风衣·天策,-,
"183","秦皇陵","25人英雄",令狐伤,特殊,秦风衣·唐门,-,
"183","秦皇陵","25人英雄",令狐伤,特殊,秦风衣·丐帮,-,
"183","秦皇陵","25人英雄",令狐伤,特殊,秦风衣·长歌,-,
"183","秦皇陵","25人英雄",令狐伤,特殊,秦风衣·五毒,-,
"183","秦皇陵","25人英雄",令狐伤,特殊,秦风衣·霸刀,-,
"183","秦皇陵","25人英雄",令狐伤,特殊,秦风衣·凌雪阁,-,
"183","秦皇陵","25人英雄",令狐伤,特殊,秦风衣·明教,-,
"183","秦皇陵","25人英雄",安禄山,家具,皇帝名,-,
"183","秦皇陵","25人英雄",安禄山,特殊,浮屠陨铁,-,
"183","秦皇陵","25人英雄",安禄山,特殊,沉沙玄晶,-,
"191","太原之战·夜守孤城","10人普通",田布戈,特殊,玛瑙,-,
"191","太原之战·夜守孤城","10人普通",田布戈,特殊,猫眼石,-,
"191","太原之战·夜守孤城","10人普通",田布戈,家具,恶犬啖月,-,
"191","太原之战·夜守孤城","10人普通",田布戈,特殊,浮屠陨铁,-,
"191","太原之战·夜守孤城","10人普通",朝曦门防御战,特殊,浮屠陨铁,-,
"191","太原之战·夜守孤城","10人普通",朝曦门防御战,特殊,猫眼石,-,
"191","太原之战·夜守孤城","10人普通",朝曦门防御战,特殊,玛瑙,-,
"191","太原之战·夜守孤城","10人普通",火龙摧城,特殊,猫眼石,-,
"191","太原之战·夜守孤城","10人普通",火龙摧城,特殊,浮屠陨铁,-,
"191","太原之战·夜守孤城","10人普通",火龙摧城,特殊,藏剑武器·延陵流安,-,
"191","太原之战·夜守孤城","10人普通",火龙摧城,特殊,沉沙玄晶,-,
"191","太原之战·夜守孤城","10人普通",火龙摧城,特殊,玛瑙,-,
"198","太原之战·夜守孤城","25人英雄",田布戈,家具,恶犬啖月,-,
"198","太原之战·夜守孤城","25人英雄",田布戈,特殊,浮屠陨铁,-,
"198","太原之战·夜守孤城","25人英雄",朝曦门防御战,特殊,朔雪护腕·蓬莱,-,
"198","太原之战·夜守孤城","25人英雄",朝曦门防御战,特殊,浮屠陨铁,-,
"198","太原之战·夜守孤城","25人英雄",朝曦门防御战,特殊,朔雪护腕·少林,-,
"198","太原之战·夜守孤城","25人英雄",朝曦门防御战,特殊,朔雪护腕·万花,-,
"198","太原之战·夜守孤城","25人英雄",朝曦门防御战,特殊,朔雪护腕·天策,-,
"198","太原之战·夜守孤城","25人英雄",朝曦门防御战,特殊,朔雪护腕·纯阳,-,
"198","太原之战·夜守孤城","25人英雄",朝曦门防御战,特殊,朔雪护腕·七秀,-,
"198","太原之战·夜守孤城","25人英雄",朝曦门防御战,特殊,朔雪护腕·五毒,-,
"198","太原之战·夜守孤城","25人英雄",朝曦门防御战,特殊,朔雪护腕·唐门,-,
"198","太原之战·夜守孤城","25人英雄",朝曦门防御战,特殊,朔雪护腕·藏剑,-,
"198","太原之战·夜守孤城","25人英雄",朝曦门防御战,特殊,朔雪护腕·丐帮,-,
"198","太原之战·夜守孤城","25人英雄",朝曦门防御战,特殊,朔雪护腕·明教,-,
"198","太原之战·夜守孤城","25人英雄",朝曦门防御战,特殊,朔雪护腕·苍云,-,
"198","太原之战·夜守孤城","25人英雄",朝曦门防御战,特殊,朔雪护腕·长歌,-,
"198","太原之战·夜守孤城","25人英雄",朝曦门防御战,特殊,朔雪护腕·霸刀,-,
"198","太原之战·夜守孤城","25人英雄",朝曦门防御战,特殊,朔雪护腕·凌雪阁,-,
"198","太原之战·夜守孤城","25人英雄",火龙摧城,特殊,朔雪鞋·凌雪阁,-,
"198","太原之战·夜守孤城","25人英雄",火龙摧城,特殊,浮屠陨铁,-,
"198","太原之战·夜守孤城","25人英雄",火龙摧城,特殊,沉沙玄晶,-,
"198","太原之战·夜守孤城","25人英雄",火龙摧城,特殊,朔雪鞋·少林,-,
"198","太原之战·夜守孤城","25人英雄",火龙摧城,特殊,朔雪鞋·万花,-,
"198","太原之战·夜守孤城","25人英雄",火龙摧城,特殊,朔雪鞋·天策,-,
"198","太原之战·夜守孤城","25人英雄",火龙摧城,特殊,朔雪鞋·纯阳,-,
"198","太原之战·夜守孤城","25人英雄",火龙摧城,特殊,朔雪鞋·七秀,-,
"198","太原之战·夜守孤城","25人英雄",火龙摧城,特殊,朔雪鞋·五毒,-,
"198","太原之战·夜守孤城","25人英雄",火龙摧城,特殊,朔雪鞋·唐门,-,
"198","太原之战·夜守孤城","25人英雄",火龙摧城,特殊,朔雪鞋·藏剑,-,
"198","太原之战·夜守孤城","25人英雄",火龙摧城,特殊,朔雪鞋·丐帮,-,
"198","太原之战·夜守孤城","25人英雄",火龙摧城,特殊,朔雪鞋·明教,-,
"198","太原之战·夜守孤城","25人英雄",火龙摧城,特殊,朔雪鞋·苍云,-,
"198","太原之战·夜守孤城","25人英雄",火龙摧城,特殊,朔雪鞋·长歌,-,
"198","太原之战·夜守孤城","25人英雄",火龙摧城,特殊,朔雪鞋·霸刀,-,
"198","太原之战·夜守孤城","25人英雄",火龙摧城,特殊,朔雪鞋·蓬莱,-,
"205","太原之战·夜守孤城","25人挑战",田布戈,家具,恶犬啖月,-,
"205","太原之战·夜守孤城","25人挑战",田布戈,特殊,浮屠陨铁,-,
"205","太原之战·夜守孤城","25人挑战",朝曦门防御战,特殊,霜天护腕·蓬莱,-,
"205","太原之战·夜守孤城","25人挑战",朝曦门防御战,特殊,浮屠陨铁,-,
"205","太原之战·夜守孤城","25人挑战",朝曦门防御战,特殊,霜天护腕·少林,-,
"205","太原之战·夜守孤城","25人挑战",朝曦门防御战,特殊,霜天护腕·万花,-,
"205","太原之战·夜守孤城","25人挑战",朝曦门防御战,特殊,霜天护腕·天策,-,
"205","太原之战·夜守孤城","25人挑战",朝曦门防御战,特殊,霜天护腕·纯阳,-,
"205","太原之战·夜守孤城","25人挑战",朝曦门防御战,特殊,霜天护腕·七秀,-,
"205","太原之战·夜守孤城","25人挑战",朝曦门防御战,特殊,霜天护腕·五毒,-,
"205","太原之战·夜守孤城","25人挑战",朝曦门防御战,特殊,霜天护腕·唐门,-,
"205","太原之战·夜守孤城","25人挑战",朝曦门防御战,特殊,霜天护腕·藏剑,-,
"205","太原之战·夜守孤城","25人挑战",朝曦门防御战,特殊,霜天护腕·丐帮,-,
"205","太原之战·夜守孤城","25人挑战",朝曦门防御战,特殊,霜天护腕·明教,-,
"205","太原之战·夜守孤城","25人挑战",朝曦门防御战,特殊,霜天护腕·苍云,-,
"205","太原之战·夜守孤城","25人挑战",朝曦门防御战,特殊,霜天护腕·长歌,-,
"205","太原之战·夜守孤城","25人挑战",朝曦门防御战,特殊,霜天护腕·霸刀,-,
"205","太原之战·夜守孤城","25人挑战",朝曦门防御战,特殊,霜天护腕·凌雪阁,-,
"205","太原之战·夜守孤城","25人挑战",火龙摧城,特殊,霜天鞋·凌雪阁,-,
"205","太原之战·夜守孤城","25人挑战",火龙摧城,特殊,浮屠陨铁,-,
"205","太原之战·夜守孤城","25人挑战",火龙摧城,特殊,沉沙玄晶,-,
"205","太原之战·夜守孤城","25人挑战",火龙摧城,特殊,霜天鞋·少林,-,
"205","太原之战·夜守孤城","25人挑战",火龙摧城,特殊,霜天鞋·万花,-,
"205","太原之战·夜守孤城","25人挑战",火龙摧城,特殊,霜天鞋·天策,-,
"205","太原之战·夜守孤城","25人挑战",火龙摧城,特殊,霜天鞋·纯阳,-,
"205","太原之战·夜守孤城","25人挑战",火龙摧城,特殊,霜天鞋·七秀,-,
"205","太原之战·夜守孤城","25人挑战",火龙摧城,特殊,霜天鞋·五毒,-,
"205","太原之战·夜守孤城","25人挑战",火龙摧城,特殊,霜天鞋·唐门,-,
"205","太原之战·夜守孤城","25人挑战",火龙摧城,特殊,霜天鞋·藏剑,-,
"205","太原之战·夜守孤城","25人挑战",火龙摧城,特殊,霜天鞋·丐帮,-,
"205","太原之战·夜守孤城","25人挑战",火龙摧城,特殊,霜天鞋·明教,-,
"205","太原之战·夜守孤城","25人挑战",火龙摧城,特殊,霜天鞋·苍云,-,
"205","太原之战·夜守孤城","25人挑战",火龙摧城,特殊,霜天鞋·长歌,-,
"205","太原之战·夜守孤城","25人挑战",火龙摧城,特殊,霜天鞋·霸刀,-,
"205","太原之战·夜守孤城","25人挑战",火龙摧城,特殊,霜天鞋·蓬莱,-,
"211","太原之战·夜守孤城","10人挑战",田布戈,家具,恶犬啖月,-,
"211","太原之战·夜守孤城","10人挑战",田布戈,特殊,浮屠陨铁,-,
"211","太原之战·夜守孤城","10人挑战",朝曦门防御战,特殊,浮屠陨铁,-,
"211","太原之战·夜守孤城","10人挑战",火龙摧城,特殊,浮屠陨铁,-,
"192","太原之战·逐虎驱狼","10人普通",靺鞨三骑将,特殊,玛瑙,-,
"192","太原之战·逐虎驱狼","10人普通",靺鞨三骑将,特殊,猫眼石,-,
"192","太原之战·逐虎驱狼","10人普通",靺鞨三骑将,特殊,浮屠陨铁,-,
"192","太原之战·逐虎驱狼","10人普通",安雨,特殊,浮屠陨铁,-,
"192","太原之战·逐虎驱狼","10人普通",安雨,特殊,玛瑙,-,
"192","太原之战·逐虎驱狼","10人普通",安雨,特殊,猫眼石,-,
"192","太原之战·逐虎驱狼","10人普通",安雨,特殊,《破阵舞·丰财》,-,
"192","太原之战·逐虎驱狼","10人普通",白陶,特殊,玛瑙,-,
"192","太原之战·逐虎驱狼","10人普通",白陶,特殊,浮屠陨铁,-,
"192","太原之战·逐虎驱狼","10人普通",白陶,特殊,猫眼石,-,
"192","太原之战·逐虎驱狼","10人普通",白陶,家具,恶犬啖月,-,
"192","太原之战·逐虎驱狼","10人普通",史思明,特殊,玛瑙,-,
"192","太原之战·逐虎驱狼","10人普通",史思明,特殊,猫眼石,-,
"192","太原之战·逐虎驱狼","10人普通",史思明,特殊,藏剑武器·延陵流安,-,
"192","太原之战·逐虎驱狼","10人普通",史思明,特殊,浮屠陨铁,-,
"192","太原之战·逐虎驱狼","10人普通",史思明,特殊,沉沙玄晶,-,
"199","太原之战·逐虎驱狼","25人英雄",靺鞨三骑将,特殊,浮屠陨铁,-,
"199","太原之战·逐虎驱狼","25人英雄",靺鞨三骑将,特殊,朔雪腰带·少林,-,
"199","太原之战·逐虎驱狼","25人英雄",靺鞨三骑将,特殊,朔雪腰带·万花,-,
"199","太原之战·逐虎驱狼","25人英雄",靺鞨三骑将,特殊,朔雪腰带·纯阳,-,
"199","太原之战·逐虎驱狼","25人英雄",靺鞨三骑将,特殊,朔雪腰带·藏剑,-,
"199","太原之战·逐虎驱狼","25人英雄",靺鞨三骑将,特殊,朔雪腰带·蓬莱,-,
"199","太原之战·逐虎驱狼","25人英雄",靺鞨三骑将,特殊,朔雪腰带·凌雪阁,-,
"199","太原之战·逐虎驱狼","25人英雄",靺鞨三骑将,特殊,朔雪腰带·唐门,-,
"199","太原之战·逐虎驱狼","25人英雄",靺鞨三骑将,特殊,朔雪腰带·明教,-,
"199","太原之战·逐虎驱狼","25人英雄",靺鞨三骑将,特殊,朔雪腰带·长歌,-,
"199","太原之战·逐虎驱狼","25人英雄",靺鞨三骑将,特殊,朔雪腰带·天策,-,
"199","太原之战·逐虎驱狼","25人英雄",靺鞨三骑将,特殊,朔雪腰带·五毒,-,
"199","太原之战·逐虎驱狼","25人英雄",靺鞨三骑将,特殊,朔雪腰带·苍云,-,
"199","太原之战·逐虎驱狼","25人英雄",靺鞨三骑将,特殊,朔雪腰带·霸刀,-,
"199","太原之战·逐虎驱狼","25人英雄",靺鞨三骑将,特殊,朔雪腰带·七秀,-,
"199","太原之战·逐虎驱狼","25人英雄",靺鞨三骑将,特殊,朔雪腰带·丐帮,-,
"199","太原之战·逐虎驱狼","25人英雄",安雨,特殊,浮屠陨铁,-,
"199","太原之战·逐虎驱狼","25人英雄",安雨,特殊,朔雪帽·少林,-,
"199","太原之战·逐虎驱狼","25人英雄",安雨,特殊,朔雪帽·万花,-,
"199","太原之战·逐虎驱狼","25人英雄",安雨,特殊,朔雪帽·五毒,-,
"199","太原之战·逐虎驱狼","25人英雄",安雨,特殊,朔雪帽·长歌,-,
"199","太原之战·逐虎驱狼","25人英雄",安雨,特殊,朔雪帽·丐帮,-,
"199","太原之战·逐虎驱狼","25人英雄",安雨,特殊,朔雪帽·七秀,-,
"199","太原之战·逐虎驱狼","25人英雄",安雨,特殊,朔雪帽·凌雪阁,-,
"199","太原之战·逐虎驱狼","25人英雄",安雨,特殊,朔雪帽·天策,-,
"199","太原之战·逐虎驱狼","25人英雄",安雨,特殊,朔雪帽·纯阳,-,
"199","太原之战·逐虎驱狼","25人英雄",安雨,特殊,朔雪帽·藏剑,-,
"199","太原之战·逐虎驱狼","25人英雄",安雨,特殊,朔雪帽·明教,-,
"199","太原之战·逐虎驱狼","25人英雄",安雨,特殊,朔雪帽·霸刀,-,
"199","太原之战·逐虎驱狼","25人英雄",安雨,特殊,朔雪帽·唐门,-,
"199","太原之战·逐虎驱狼","25人英雄",安雨,特殊,朔雪帽·苍云,-,
"199","太原之战·逐虎驱狼","25人英雄",安雨,特殊,朔雪帽·蓬莱,-,
"199","太原之战·逐虎驱狼","25人英雄",白陶,家具,恶犬啖月,-,
"199","太原之战·逐虎驱狼","25人英雄",白陶,特殊,浮屠陨铁,-,
"199","太原之战·逐虎驱狼","25人英雄",白陶,特殊,朔雪衣·天策,-,
"199","太原之战·逐虎驱狼","25人英雄",白陶,特殊,朔雪衣·七秀,-,
"199","太原之战·逐虎驱狼","25人英雄",白陶,特殊,朔雪衣·丐帮,-,
"199","太原之战·逐虎驱狼","25人英雄",白陶,特殊,朔雪衣·长歌,-,
"199","太原之战·逐虎驱狼","25人英雄",白陶,特殊,朔雪衣·纯阳,-,
"199","太原之战·逐虎驱狼","25人英雄",白陶,特殊,朔雪衣·藏剑,-,
"199","太原之战·逐虎驱狼","25人英雄",白陶,特殊,朔雪衣·明教,-,
"199","太原之战·逐虎驱狼","25人英雄",白陶,特殊,朔雪衣·霸刀,-,
"199","太原之战·逐虎驱狼","25人英雄",白陶,特殊,朔雪衣·凌雪阁,-,
"199","太原之战·逐虎驱狼","25人英雄",白陶,特殊,朔雪衣·少林,-,
"199","太原之战·逐虎驱狼","25人英雄",白陶,特殊,朔雪衣·万花,-,
"199","太原之战·逐虎驱狼","25人英雄",白陶,特殊,朔雪衣·唐门,-,
"199","太原之战·逐虎驱狼","25人英雄",白陶,特殊,朔雪衣·五毒,-,
"199","太原之战·逐虎驱狼","25人英雄",白陶,特殊,朔雪衣·苍云,-,
"199","太原之战·逐虎驱狼","25人英雄",白陶,特殊,朔雪衣·蓬莱,-,
"199","太原之战·逐虎驱狼","25人英雄",史思明,特殊,浮屠陨铁,-,
"199","太原之战·逐虎驱狼","25人英雄",史思明,特殊,沉沙玄晶,-,
"206","太原之战·逐虎驱狼","25人挑战",靺鞨三骑将,特殊,浮屠陨铁,-,
"206","太原之战·逐虎驱狼","25人挑战",靺鞨三骑将,特殊,霜天腰带·少林,-,
"206","太原之战·逐虎驱狼","25人挑战",靺鞨三骑将,特殊,霜天腰带·万花,-,
"206","太原之战·逐虎驱狼","25人挑战",靺鞨三骑将,特殊,霜天腰带·纯阳,-,
"206","太原之战·逐虎驱狼","25人挑战",靺鞨三骑将,特殊,霜天腰带·五毒,-,
"206","太原之战·逐虎驱狼","25人挑战",靺鞨三骑将,特殊,霜天腰带·藏剑,-,
"206","太原之战·逐虎驱狼","25人挑战",靺鞨三骑将,特殊,霜天腰带·明教,-,
"206","太原之战·逐虎驱狼","25人挑战",靺鞨三骑将,特殊,霜天腰带·蓬莱,-,
"206","太原之战·逐虎驱狼","25人挑战",靺鞨三骑将,特殊,霜天腰带·凌雪阁,-,
"206","太原之战·逐虎驱狼","25人挑战",靺鞨三骑将,特殊,霜天腰带·苍云,-,
"206","太原之战·逐虎驱狼","25人挑战",靺鞨三骑将,特殊,霜天腰带·长歌,-,
"206","太原之战·逐虎驱狼","25人挑战",靺鞨三骑将,特殊,霜天腰带·天策,-,
"206","太原之战·逐虎驱狼","25人挑战",靺鞨三骑将,特殊,霜天腰带·七秀,-,
"206","太原之战·逐虎驱狼","25人挑战",靺鞨三骑将,特殊,霜天腰带·唐门,-,
"206","太原之战·逐虎驱狼","25人挑战",靺鞨三骑将,特殊,霜天腰带·丐帮,-,
"206","太原之战·逐虎驱狼","25人挑战",靺鞨三骑将,特殊,霜天腰带·霸刀,-,
"206","太原之战·逐虎驱狼","25人挑战",安雨,特殊,浮屠陨铁,-,
"206","太原之战·逐虎驱狼","25人挑战",安雨,特殊,霜天帽·天策,-,
"206","太原之战·逐虎驱狼","25人挑战",安雨,特殊,霜天帽·唐门,-,
"206","太原之战·逐虎驱狼","25人挑战",安雨,特殊,霜天帽·苍云,-,
"206","太原之战·逐虎驱狼","25人挑战",安雨,特殊,霜天帽·长歌,-,
"206","太原之战·逐虎驱狼","25人挑战",安雨,特殊,霜天帽·纯阳,-,
"206","太原之战·逐虎驱狼","25人挑战",安雨,特殊,霜天帽·藏剑,-,
"206","太原之战·逐虎驱狼","25人挑战",安雨,特殊,霜天帽·凌雪阁,-,
"206","太原之战·逐虎驱狼","25人挑战",安雨,特殊,霜天帽·少林,-,
"206","太原之战·逐虎驱狼","25人挑战",安雨,特殊,霜天帽·七秀,-,
"206","太原之战·逐虎驱狼","25人挑战",安雨,特殊,霜天帽·丐帮,-,
"206","太原之战·逐虎驱狼","25人挑战",安雨,特殊,霜天帽·霸刀,-,
"206","太原之战·逐虎驱狼","25人挑战",安雨,特殊,霜天帽·万花,-,
"206","太原之战·逐虎驱狼","25人挑战",安雨,特殊,霜天帽·五毒,-,
"206","太原之战·逐虎驱狼","25人挑战",安雨,特殊,霜天帽·明教,-,
"206","太原之战·逐虎驱狼","25人挑战",安雨,特殊,霜天帽·蓬莱,-,
"206","太原之战·逐虎驱狼","25人挑战",白陶,家具,恶犬啖月,-,
"206","太原之战·逐虎驱狼","25人挑战",白陶,特殊,浮屠陨铁,-,
"206","太原之战·逐虎驱狼","25人挑战",白陶,特殊,霜天衣·纯阳,-,
"206","太原之战·逐虎驱狼","25人挑战",白陶,特殊,霜天衣·七秀,-,
"206","太原之战·逐虎驱狼","25人挑战",白陶,特殊,霜天衣·长歌,-,
"206","太原之战·逐虎驱狼","25人挑战",白陶,特殊,霜天衣·少林,-,
"206","太原之战·逐虎驱狼","25人挑战",白陶,特殊,霜天衣·五毒,-,
"206","太原之战·逐虎驱狼","25人挑战",白陶,特殊,霜天衣·唐门,-,
"206","太原之战·逐虎驱狼","25人挑战",白陶,特殊,霜天衣·霸刀,-,
"206","太原之战·逐虎驱狼","25人挑战",白陶,特殊,霜天衣·凌雪阁,-,
"206","太原之战·逐虎驱狼","25人挑战",白陶,特殊,霜天衣·万花,-,
"206","太原之战·逐虎驱狼","25人挑战",白陶,特殊,霜天衣·藏剑,-,
"206","太原之战·逐虎驱狼","25人挑战",白陶,特殊,霜天衣·丐帮,-,
"206","太原之战·逐虎驱狼","25人挑战",白陶,特殊,霜天衣·天策,-,
"206","太原之战·逐虎驱狼","25人挑战",白陶,特殊,霜天衣·明教,-,
"206","太原之战·逐虎驱狼","25人挑战",白陶,特殊,霜天衣·蓬莱,-,
"206","太原之战·逐虎驱狼","25人挑战",白陶,特殊,霜天衣·苍云,-,
"206","太原之战·逐虎驱狼","25人挑战",史思明,特殊,浮屠陨铁,-,
"206","太原之战·逐虎驱狼","25人挑战",史思明,特殊,沉沙玄晶,-,
"212","太原之战·逐虎驱狼","10人挑战",靺鞨三骑将,特殊,浮屠陨铁,-,
"212","太原之战·逐虎驱狼","10人挑战",安雨,特殊,浮屠陨铁,-,
"212","太原之战·逐虎驱狼","10人挑战",白陶,家具,恶犬啖月,-,
"212","太原之战·逐虎驱狼","10人挑战",白陶,特殊,浮屠陨铁,-,
"212","太原之战·逐虎驱狼","10人挑战",史思明,特殊,浮屠陨铁,-,
"157","一线天","5人英雄",苏清,特殊,炼气丸,-,
"157","一线天","5人英雄",苏清,特殊,挂件包·背部,-,
"157","一线天","5人英雄",苏清,特殊,挂件包·腰部,-,
"157","一线天","5人英雄",宁毅,特殊,挂件包·背部,-,
"157","一线天","5人英雄",宁毅,特殊,炼气丸,-,
"157","一线天","5人英雄",宁毅,特殊,挂件包·腰部,-,
"157","一线天","5人英雄",列缺、霹雳,特殊,藏剑武器·山川一方,-,
"157","一线天","5人英雄",列缺、霹雳,特殊,挂件包·背部,-,
"157","一线天","5人英雄",列缺、霹雳,特殊,挂件包·腰部,-,
"157","一线天","5人英雄",列缺、霹雳,特殊,炼气丸,-,
"167","一线天","5人普通",苏清,特殊,炼气丸,-,
"167","一线天","5人普通",苏清,特殊,挂件包·背部,-,
"167","一线天","5人普通",苏清,特殊,挂件包·腰部,-,
"167","一线天","5人普通",宁毅,特殊,挂件包·背部,-,
"167","一线天","5人普通",宁毅,特殊,炼气丸,-,
"167","一线天","5人普通",宁毅,特殊,挂件包·腰部,-,
"167","一线天","5人普通",列缺、霹雳,特殊,挂件包·背部,-,
"167","一线天","5人普通",列缺、霹雳,特殊,挂件包·腰部,-,
"167","一线天","5人普通",列缺、霹雳,特殊,炼气丸,-,
"161","华清宫","5人普通",尹素颜,家具,凤池璧影,-,
"161","华清宫","5人普通",尹素颜,特殊,挂件包·腰部,-,
"161","华清宫","5人普通",尹素颜,特殊,炼气丸,-,
"161","华清宫","5人普通",尹素颜,特殊,挂件包·背部,-,
"161","华清宫","5人普通",阿依努尔,特殊,炼气丸,-,
"161","华清宫","5人普通",阿依努尔,家具,骊山梦坐障,-,
"161","华清宫","5人普通",阿依努尔,特殊,挂件包·背部,-,
"161","华清宫","5人普通",阿依努尔,特殊,挂件包·腰部,-,
"161","华清宫","5人普通",葛尔东赞,特殊,挂件包·腰部,-,
"161","华清宫","5人普通",葛尔东赞,特殊,炼气丸,-,
"161","华清宫","5人普通",葛尔东赞,家具,降羽仙,-,
"161","华清宫","5人普通",葛尔东赞,特殊,挂件包·背部,-,
"162","华清宫","5人英雄",尹素颜,家具,凤池璧影,-,
"162","华清宫","5人英雄",阿依努尔,家具,骊山梦坐障,-,
"162","华清宫","5人英雄",葛尔东赞,家具,降羽仙,-,
"162","华清宫","5人英雄",葛尔东赞,特殊,挂件包·背部,-,
"162","华清宫","5人英雄",葛尔东赞,特殊,挂件包·腰部,-,
"162","华清宫","5人英雄",葛尔东赞,特殊,炼气丸,-,
"162","华清宫","5人英雄",葛尔东赞,特殊,藏剑武器·山川一方,-,
"163","华清宫回忆录","5人英雄",安禄山,特殊,挂件包·腰部,-,
"163","华清宫回忆录","5人英雄",安禄山,特殊,炼气丸,-,
"163","华清宫回忆录","5人英雄",安禄山,特殊,挂件包·背部,-,
"163","华清宫回忆录","5人英雄",安禄山,特殊,藏剑武器·山川一方,-,
"169","流离岛","5人普通",詹素,特殊,挂件包·背部,-,
"169","流离岛","5人普通",詹素,特殊,挂件包·腰部,-,
"169","流离岛","5人普通",詹素,特殊,炼气丸,-,
"169","流离岛","5人普通",第五雍容,特殊,挂件包·背部,-,
"169","流离岛","5人普通",第五雍容,特殊,挂件包·腰部,-,
"169","流离岛","5人普通",第五雍容,特殊,紫金养心丹,-,
"169","流离岛","5人普通",第五雍容,特殊,炼气丸,-,
"169","流离岛","5人普通",第五雍容,特殊,养心丹,-,
"169","流离岛","5人普通",詹毅,特殊,炼气丸,-,
"169","流离岛","5人普通",詹毅,特殊,挂件包·背部,-,
"169","流离岛","5人普通",詹毅,特殊,挂件包·腰部,-,
"170","流离岛","5人英雄",第五雍容,特殊,挂件包·腰部,-,
"170","流离岛","5人英雄",第五雍容,特殊,挂件包·背部,-,
"170","流离岛","5人英雄",第五雍容,特殊,炼气丸,-,
"170","流离岛","5人英雄",詹毅,特殊,挂件包·背部,-,
"170","流离岛","5人英雄",詹毅,特殊,挂件包·腰部,-,
"170","流离岛","5人英雄",詹毅,特殊,炼气丸,-,
"170","流离岛","5人英雄",詹毅,特殊,藏剑武器·山川一方,-,
"179","直城门","5人英雄",阿史那承庆,特殊,挂件包·腰部,-,
"179","直城门","5人英雄",阿史那承庆,特殊,挂件包·背部,-,
"179","直城门","5人英雄",阿史那承庆,特殊,右半钥匙,-,
"179","直城门","5人英雄",阿史那承庆,特殊,炼气丸,-,
"179","直城门","5人英雄",恶狼,特殊,挂件包·背部,-,
"179","直城门","5人英雄",恶狼,特殊,藏剑武器·山川一方,-,
"179","直城门","5人英雄",恶狼,特殊,挂件包·腰部,-,
"179","直城门","5人英雄",恶狼,特殊,炼气丸,-,
"184","墨家秘殿","5人英雄",白起,家具,公输之质,-,
"184","墨家秘殿","5人英雄",白起,特殊,挂件包·背部,-,
"184","墨家秘殿","5人英雄",白起,家具,汉宫豆形灯,-,
"184","墨家秘殿","5人英雄",白起,特殊,挂件包·腰部,-,
"184","墨家秘殿","5人英雄",白起,特殊,炼气丸,-,
"184","墨家秘殿","5人英雄",白起,特殊,藏剑武器·山川一方,-,
"187","春明门","5人英雄",严庄,特殊,挂件包·腰部,-,
"187","春明门","5人英雄",严庄,特殊,炼气丸,-,
"187","春明门","5人英雄",严庄,特殊,挂件包·背部,-,
"187","春明门","5人英雄",严庄,特殊,藏剑武器·山川一方,-,
"195","雁门关之役","5人英雄",拓跋离,特殊,《百兽纲·中》,-,
"195","雁门关之役","5人英雄",独孤问俗,特殊,藏剑武器·山川一方,-,
"196","雁门关之役","5人普通",中田海,特殊,炼气丸,-,
"196","雁门关之役","5人普通",中田海,特殊,挂件包·背部,-,
"196","雁门关之役","5人普通",中田海,特殊,挂件包·腰部,-,
"196","雁门关之役","5人普通",拓跋离,特殊,挂件包·背部,-,
"196","雁门关之役","5人普通",拓跋离,特殊,炼气丸,-,
"196","雁门关之役","5人普通",拓跋离,特殊,挂件包·腰部,-,
"196","雁门关之役","5人普通",拓跋离,特殊,《百兽纲·中》,-,
"196","雁门关之役","5人普通",独孤问俗,特殊,挂件包·背部,-,
"196","雁门关之役","5人普通",独孤问俗,特殊,挂件包·腰部,-,
"196","雁门关之役","5人普通",独孤问俗,特殊,炼气丸,-,
"200","璨翠海厅","5人英雄",血仆·宫溟,特殊,挂件包·腰部,-,
"200","璨翠海厅","5人英雄",血仆·宫溟,特殊,炼气丸,-,
"200","璨翠海厅","5人英雄",血仆·宫溟,特殊,挂件包·背部,-,
"200","璨翠海厅","5人英雄",血仆·宫溟,特殊,藏剑武器·山川一方,-,
"222","璨翠海厅","5人挑战",宇文画,特殊,炼气丸,-,
"222","璨翠海厅","5人挑战",宇文画,特殊,挂件包·背部,-,
"222","璨翠海厅","5人挑战",宇文画,特殊,挂件包·腰部,-,
"222","璨翠海厅","5人挑战",饕餮厅关卡,特殊,挂件包·背部,-,
"222","璨翠海厅","5人挑战",饕餮厅关卡,特殊,挂件包·腰部,-,
"222","璨翠海厅","5人挑战",饕餮厅关卡,特殊,炼气丸,-,
"222","璨翠海厅","5人挑战",血仆·宫溟,特殊,挂件包·背部,-,
"222","璨翠海厅","5人挑战",血仆·宫溟,特殊,炼气丸,-,
"222","璨翠海厅","5人挑战",血仆·宫溟,特殊,挂件包·腰部,-,
"68","荻花圣殿","10人普通",牡丹,特殊,花俏书生,-,
"68","荻花圣殿","10人普通",牡丹,特殊,洱海王子,-,
"68","荻花圣殿","10人普通",牡丹,特殊,六诏之乱,-,
"68","荻花圣殿","10人普通",牡丹,特殊,牡丹与阿萨辛,-,
"68","荻花圣殿","10人普通",牡丹,特殊,玛瑙,-,
"68","荻花圣殿","10人普通",牡丹,特殊,猫眼石,-,
"68","荻花圣殿","10人普通",牡丹,特殊,乌金陨铁,-,
"68","荻花圣殿","10人普通",塔洛马蒂、姬无双,特殊,六大恶魔,-,
"68","荻花圣殿","10人普通",塔洛马蒂、姬无双,特殊,塔洛马蒂之鼻,-,
"68","荻花圣殿","10人普通",塔洛马蒂、姬无双,特殊,蛇厨子,-,
"68","荻花圣殿","10人普通",塔洛马蒂、姬无双,特殊,乌金陨铁,-,
"68","荻花圣殿","10人普通",塔洛马蒂、姬无双,特殊,猫眼石,-,
"68","荻花圣殿","10人普通",塔洛马蒂、姬无双,特殊,背叛的后果,-,
"68","荻花圣殿","10人普通",塔洛马蒂、姬无双,特殊,玛瑙,-,
"68","荻花圣殿","10人普通",慕容追风,特殊,背棺者,-,
"68","荻花圣殿","10人普通",慕容追风,特殊,红尘相守,-,
"68","荻花圣殿","10人普通",慕容追风,特殊,猫眼石,-,
"68","荻花圣殿","10人普通",慕容追风,特殊,玛瑙,-,
"68","荻花圣殿","10人普通",慕容追风,特殊,爱与责任,-,
"68","荻花圣殿","10人普通",慕容追风,特殊,永远的伴,-,
"68","荻花圣殿","10人普通",慕容追风,特殊,乌金陨铁,-,
"68","荻花圣殿","10人普通",蛮熊之力,特殊,乌蒙贵的作品,-,
"68","荻花圣殿","10人普通",蛮熊之力,特殊,标本之熊与狼,-,
"68","荻花圣殿","10人普通",蛮熊之力,特殊,玛瑙,-,
"68","荻花圣殿","10人普通",蛮熊之力,特殊,猫眼石,-,
"68","荻花圣殿","10人普通",蛮熊之力,特殊,蟒熊猿狼,-,
"68","荻花圣殿","10人普通",蛮熊之力,特殊,乌金陨铁,-,
"68","荻花圣殿","10人普通",蛮熊之力,特殊,标本之蛇与猿,-,
"68","荻花圣殿","10人普通",贪狼之牙,特殊,乌蒙贵的作品,-,
"68","荻花圣殿","10人普通",贪狼之牙,特殊,标本之熊与狼,-,
"68","荻花圣殿","10人普通",贪狼之牙,特殊,乌金陨铁,-,
"68","荻花圣殿","10人普通",贪狼之牙,特殊,蟒熊猿狼,-,
"68","荻花圣殿","10人普通",贪狼之牙,特殊,猫眼石,-,
"68","荻花圣殿","10人普通",贪狼之牙,特殊,玛瑙,-,
"68","荻花圣殿","10人普通",贪狼之牙,特殊,标本之蛇与猿,-,
"68","荻花圣殿","10人普通",飞猿之影,特殊,标本之熊与狼,-,
"68","荻花圣殿","10人普通",飞猿之影,特殊,玛瑙,-,
"68","荻花圣殿","10人普通",飞猿之影,特殊,猫眼石,-,
"68","荻花圣殿","10人普通",飞猿之影,特殊,蟒熊猿狼,-,
"68","荻花圣殿","10人普通",飞猿之影,特殊,乌金陨铁,-,
"68","荻花圣殿","10人普通",飞猿之影,特殊,标本之蛇与猿,-,
"68","荻花圣殿","10人普通",飞猿之影,特殊,乌蒙贵的作品,-,
"68","荻花圣殿","10人普通",卫栖梧、阿里曼执法长老,特殊,卫七少,-,
"68","荻花圣殿","10人普通",卫栖梧、阿里曼执法长老,特殊,黄山盗书,-,
"68","荻花圣殿","10人普通",卫栖梧、阿里曼执法长老,特殊,神偷侠盗,-,
"68","荻花圣殿","10人普通",卫栖梧、阿里曼执法长老,特殊,乌金陨铁,-,
"68","荻花圣殿","10人普通",卫栖梧、阿里曼执法长老,特殊,千里相送,-,
"68","荻花圣殿","10人普通",卫栖梧、阿里曼执法长老,特殊,猫眼石,-,
"68","荻花圣殿","10人普通",卫栖梧、阿里曼执法长老,特殊,玛瑙,-,
"68","荻花圣殿","10人普通",阿萨辛,家具,圣女石刻画,-,
"68","荻花圣殿","10人普通",阿萨辛,特殊,阴阳论,-,
"68","荻花圣殿","10人普通",阿萨辛,特殊,猫眼石,-,
"68","荻花圣殿","10人普通",阿萨辛,特殊,多歧路,-,
"68","荻花圣殿","10人普通",阿萨辛,特殊,乌金陨铁,-,
"68","荻花圣殿","10人普通",阿萨辛,特殊,绝代双骄,-,
"68","荻花圣殿","10人普通",阿萨辛,特殊,二元阿萨辛,-,
"68","荻花圣殿","10人普通",阿萨辛,特殊,化玉玄晶,-,
"68","荻花圣殿","10人普通",阿萨辛,特殊,藏剑武器·延陵流安,-,
"68","荻花圣殿","10人普通",阿萨辛,特殊,中土之行,-,
"68","荻花圣殿","10人普通",阿萨辛,特殊,玛瑙,-,
"68","荻花圣殿","10人普通",卓婉清,特殊,贤妻的规条,-,
"68","荻花圣殿","10人普通",卓婉清,特殊,玛瑙,-,
"68","荻花圣殿","10人普通",卓婉清,特殊,爱子的下落,-,
"68","荻花圣殿","10人普通",卓婉清,特殊,醒来之日,-,
"68","荻花圣殿","10人普通",卓婉清,特殊,乌金陨铁,-,
"68","荻花圣殿","10人普通",卓婉清,特殊,猫眼石,-,
"68","荻花圣殿","10人普通",卓婉清,特殊,曾记得,-,
"68","荻花圣殿","10人普通",沙利亚,特殊,两心知,-,
"68","荻花圣殿","10人普通",沙利亚,特殊,乌金陨铁,-,
"68","荻花圣殿","10人普通",沙利亚,特殊,负心人,-,
"68","荻花圣殿","10人普通",沙利亚,特殊,猫眼石,-,
"68","荻花圣殿","10人普通",沙利亚,特殊,当时的心情,-,
"68","荻花圣殿","10人普通",沙利亚,特殊,玛瑙,-,
"68","荻花圣殿","10人普通",沙利亚,特殊,少女旧事,-,
"68","荻花圣殿","10人普通",沙利亚,特殊,化玉玄晶,-,
"68","荻花圣殿","10人普通",沙利亚,特殊,藏剑武器·延陵流安,-,
"69","荻花圣殿","10人英雄",牡丹,特殊,洱海王子,-,
"69","荻花圣殿","10人英雄",塔洛马蒂、姬无双,特殊,塔洛马蒂之鼻,-,
"69","荻花圣殿","10人英雄",慕容追风,特殊,爱与责任,-,
"69","荻花圣殿","10人英雄",蛮熊之力,特殊,蟒熊猿狼,-,
"69","荻花圣殿","10人英雄",蛮熊之力,特殊,蚩灵护腕·天策,-,
"69","荻花圣殿","10人英雄",蛮熊之力,特殊,蚩灵护腕·藏剑,-,
"69","荻花圣殿","10人英雄",蛮熊之力,特殊,蚩灵护腕·纯阳,-,
"69","荻花圣殿","10人英雄",蛮熊之力,特殊,蚩灵护腕·苍云,-,
"69","荻花圣殿","10人英雄",蛮熊之力,特殊,蚩灵护腕·万花,-,
"69","荻花圣殿","10人英雄",蛮熊之力,特殊,蚩灵护腕·明教,-,
"69","荻花圣殿","10人英雄",蛮熊之力,特殊,蚩灵护腕·霸刀,-,
"69","荻花圣殿","10人英雄",蛮熊之力,特殊,蚩灵护腕·少林,-,
"69","荻花圣殿","10人英雄",蛮熊之力,特殊,蚩灵护腕·长歌,-,
"69","荻花圣殿","10人英雄",蛮熊之力,特殊,蚩灵护腕·七秀,-,
"69","荻花圣殿","10人英雄",蛮熊之力,特殊,蚩灵护腕·唐门,-,
"69","荻花圣殿","10人英雄",蛮熊之力,特殊,蚩灵护腕·丐帮,-,
"69","荻花圣殿","10人英雄",蛮熊之力,特殊,蚩灵护腕·蓬莱,-,
"69","荻花圣殿","10人英雄",蛮熊之力,特殊,蚩灵护腕·五毒,-,
"69","荻花圣殿","10人英雄",蛮熊之力,特殊,蚩灵护腕·凌雪阁,-,
"69","荻花圣殿","10人英雄",贪狼之牙,特殊,蚩灵护腕·少林,-,
"69","荻花圣殿","10人英雄",贪狼之牙,特殊,蚩灵护腕·七秀,-,
"69","荻花圣殿","10人英雄",贪狼之牙,特殊,蚩灵护腕·五毒,-,
"69","荻花圣殿","10人英雄",贪狼之牙,特殊,蚩灵护腕·凌雪阁,-,
"69","荻花圣殿","10人英雄",贪狼之牙,特殊,蚩灵护腕·藏剑,-,
"69","荻花圣殿","10人英雄",贪狼之牙,特殊,蚩灵护腕·天策,-,
"69","荻花圣殿","10人英雄",贪狼之牙,特殊,蚩灵护腕·纯阳,-,
"69","荻花圣殿","10人英雄",贪狼之牙,特殊,蚩灵护腕·苍云,-,
"69","荻花圣殿","10人英雄",贪狼之牙,特殊,蚩灵护腕·万花,-,
"69","荻花圣殿","10人英雄",贪狼之牙,特殊,蚩灵护腕·明教,-,
"69","荻花圣殿","10人英雄",贪狼之牙,特殊,蚩灵护腕·霸刀,-,
"69","荻花圣殿","10人英雄",贪狼之牙,特殊,蟒熊猿狼,-,
"69","荻花圣殿","10人英雄",贪狼之牙,特殊,蚩灵护腕·长歌,-,
"69","荻花圣殿","10人英雄",贪狼之牙,特殊,蚩灵护腕·丐帮,-,
"69","荻花圣殿","10人英雄",贪狼之牙,特殊,蚩灵护腕·蓬莱,-,
"69","荻花圣殿","10人英雄",贪狼之牙,特殊,蚩灵护腕·唐门,-,
"69","荻花圣殿","10人英雄",飞猿之影,特殊,蚩灵护腕·少林,-,
"69","荻花圣殿","10人英雄",飞猿之影,特殊,蚩灵护腕·纯阳,-,
"69","荻花圣殿","10人英雄",飞猿之影,特殊,蚩灵护腕·万花,-,
"69","荻花圣殿","10人英雄",飞猿之影,特殊,蚩灵护腕·苍云,-,
"69","荻花圣殿","10人英雄",飞猿之影,特殊,蚩灵护腕·明教,-,
"69","荻花圣殿","10人英雄",飞猿之影,特殊,蚩灵护腕·霸刀,-,
"69","荻花圣殿","10人英雄",飞猿之影,特殊,蟒熊猿狼,-,
"69","荻花圣殿","10人英雄",飞猿之影,特殊,蚩灵护腕·七秀,-,
"69","荻花圣殿","10人英雄",飞猿之影,特殊,蚩灵护腕·长歌,-,
"69","荻花圣殿","10人英雄",飞猿之影,特殊,蚩灵护腕·唐门,-,
"69","荻花圣殿","10人英雄",飞猿之影,特殊,蚩灵护腕·丐帮,-,
"69","荻花圣殿","10人英雄",飞猿之影,特殊,蚩灵护腕·蓬莱,-,
"69","荻花圣殿","10人英雄",飞猿之影,特殊,蚩灵护腕·天策,-,
"69","荻花圣殿","10人英雄",飞猿之影,特殊,蚩灵护腕·五毒,-,
"69","荻花圣殿","10人英雄",飞猿之影,特殊,蚩灵护腕·藏剑,-,
"69","荻花圣殿","10人英雄",飞猿之影,特殊,蚩灵护腕·凌雪阁,-,
"69","荻花圣殿","10人英雄",卫栖梧、阿里曼执法长老,特殊,千里相送,-,
"69","荻花圣殿","10人英雄",卫栖梧、阿里曼执法长老,特殊,蚩灵鞋·唐门,-,
"69","荻花圣殿","10人英雄",卫栖梧、阿里曼执法长老,特殊,蚩灵鞋·五毒,-,
"69","荻花圣殿","10人英雄",卫栖梧、阿里曼执法长老,特殊,蚩灵鞋·霸刀,-,
"69","荻花圣殿","10人英雄",卫栖梧、阿里曼执法长老,特殊,蚩灵鞋·七秀,-,
"69","荻花圣殿","10人英雄",卫栖梧、阿里曼执法长老,特殊,蚩灵鞋·藏剑,-,
"69","荻花圣殿","10人英雄",卫栖梧、阿里曼执法长老,特殊,蚩灵鞋·凌雪阁,-,
"69","荻花圣殿","10人英雄",卫栖梧、阿里曼执法长老,特殊,蚩灵鞋·苍云,-,
"69","荻花圣殿","10人英雄",卫栖梧、阿里曼执法长老,特殊,蚩灵鞋·纯阳,-,
"69","荻花圣殿","10人英雄",卫栖梧、阿里曼执法长老,特殊,蚩灵鞋·明教,-,
"69","荻花圣殿","10人英雄",卫栖梧、阿里曼执法长老,特殊,蚩灵鞋·少林,-,
"69","荻花圣殿","10人英雄",卫栖梧、阿里曼执法长老,特殊,蚩灵鞋·天策,-,
"69","荻花圣殿","10人英雄",卫栖梧、阿里曼执法长老,特殊,蚩灵鞋·万花,-,
"69","荻花圣殿","10人英雄",卫栖梧、阿里曼执法长老,特殊,蚩灵鞋·蓬莱,-,
"69","荻花圣殿","10人英雄",卫栖梧、阿里曼执法长老,特殊,蚩灵鞋·丐帮,-,
"69","荻花圣殿","10人英雄",卫栖梧、阿里曼执法长老,特殊,蚩灵鞋·长歌,-,
"69","荻花圣殿","10人英雄",阿萨辛,家具,圣女石刻画,-,
"69","荻花圣殿","10人英雄",阿萨辛,特殊,中土之行,-,
"69","荻花圣殿","10人英雄",阿萨辛,特殊,蚩灵裤·少林,-,
"69","荻花圣殿","10人英雄",阿萨辛,特殊,蚩灵裤·唐门,-,
"69","荻花圣殿","10人英雄",阿萨辛,特殊,蚩灵裤·霸刀,-,
"69","荻花圣殿","10人英雄",阿萨辛,特殊,蚩灵裤·凌雪阁,-,
"69","荻花圣殿","10人英雄",阿萨辛,特殊,蚩灵裤·五毒,-,
"69","荻花圣殿","10人英雄",阿萨辛,特殊,蚩灵裤·藏剑,-,
"69","荻花圣殿","10人英雄",阿萨辛,特殊,蚩灵裤·苍云,-,
"69","荻花圣殿","10人英雄",阿萨辛,特殊,蚩灵裤·七秀,-,
"69","荻花圣殿","10人英雄",阿萨辛,特殊,蚩灵裤·纯阳,-,
"69","荻花圣殿","10人英雄",阿萨辛,特殊,蚩灵裤·明教,-,
"69","荻花圣殿","10人英雄",阿萨辛,特殊,蚩灵裤·蓬莱,-,
"69","荻花圣殿","10人英雄",阿萨辛,特殊,蚩灵裤·万花,-,
"69","荻花圣殿","10人英雄",阿萨辛,特殊,蚩灵裤·天策,-,
"69","荻花圣殿","10人英雄",阿萨辛,特殊,蚩灵裤·长歌,-,
"69","荻花圣殿","10人英雄",阿萨辛,特殊,蚩灵裤·丐帮,-,
"69","荻花圣殿","10人英雄",卓婉清,特殊,贤妻的规条,-,
"69","荻花圣殿","10人英雄",卓婉清,特殊,蚩灵腰带·天策,-,
"69","荻花圣殿","10人英雄",卓婉清,特殊,蚩灵腰带·丐帮,-,
"69","荻花圣殿","10人英雄",卓婉清,特殊,蚩灵腰带·唐门,-,
"69","荻花圣殿","10人英雄",卓婉清,特殊,蚩灵腰带·霸刀,-,
"69","荻花圣殿","10人英雄",卓婉清,特殊,蚩灵腰带·凌雪阁,-,
"69","荻花圣殿","10人英雄",卓婉清,特殊,蚩灵腰带·少林,-,
"69","荻花圣殿","10人英雄",卓婉清,特殊,蚩灵腰带·五毒,-,
"69","荻花圣殿","10人英雄",卓婉清,特殊,蚩灵腰带·苍云,-,
"69","荻花圣殿","10人英雄",卓婉清,特殊,蚩灵腰带·藏剑,-,
"69","荻花圣殿","10人英雄",卓婉清,特殊,蚩灵腰带·明教,-,
"69","荻花圣殿","10人英雄",卓婉清,特殊,蚩灵腰带·蓬莱,-,
"69","荻花圣殿","10人英雄",卓婉清,特殊,蚩灵腰带·纯阳,-,
"69","荻花圣殿","10人英雄",卓婉清,特殊,蚩灵腰带·七秀,-,
"69","荻花圣殿","10人英雄",卓婉清,特殊,蚩灵腰带·万花,-,
"69","荻花圣殿","10人英雄",卓婉清,特殊,蚩灵腰带·长歌,-,
"69","荻花圣殿","10人英雄",沙利亚,特殊,两心知,-,
"69","荻花圣殿","10人英雄",沙利亚,特殊,蚩灵衣·七秀,-,
"69","荻花圣殿","10人英雄",沙利亚,特殊,蚩灵衣·霸刀,-,
"69","荻花圣殿","10人英雄",沙利亚,特殊,蚩灵衣·丐帮,-,
"69","荻花圣殿","10人英雄",沙利亚,特殊,蚩灵衣·凌雪阁,-,
"69","荻花圣殿","10人英雄",沙利亚,特殊,蚩灵衣·唐门,-,
"69","荻花圣殿","10人英雄",沙利亚,特殊,蚩灵衣·天策,-,
"69","荻花圣殿","10人英雄",沙利亚,特殊,蚩灵衣·蓬莱,-,
"69","荻花圣殿","10人英雄",沙利亚,特殊,蚩灵衣·少林,-,
"69","荻花圣殿","10人英雄",沙利亚,特殊,蚩灵衣·五毒,-,
"69","荻花圣殿","10人英雄",沙利亚,特殊,蚩灵衣·苍云,-,
"69","荻花圣殿","10人英雄",沙利亚,特殊,蚩灵衣·藏剑,-,
"69","荻花圣殿","10人英雄",沙利亚,特殊,蚩灵衣·明教,-,
"69","荻花圣殿","10人英雄",沙利亚,特殊,蚩灵衣·纯阳,-,
"69","荻花圣殿","10人英雄",沙利亚,特殊,蚩灵衣·长歌,-,
"69","荻花圣殿","10人英雄",沙利亚,特殊,蚩灵衣·万花,-,
"70","荻花圣殿","25人普通",牡丹,特殊,六诏之乱,-,
"70","荻花圣殿","25人普通",塔洛马蒂、姬无双,特殊,蛇厨子,-,
"70","荻花圣殿","25人普通",慕容追风,特殊,红尘相守,-,
"70","荻花圣殿","25人普通",蛮熊之力,特殊,标本之蛇与猿,-,
"70","荻花圣殿","25人普通",蛮熊之力,特殊,蚩灵护腕·天策,-,
"70","荻花圣殿","25人普通",蛮熊之力,特殊,蚩灵护腕·藏剑,-,
"70","荻花圣殿","25人普通",蛮熊之力,特殊,蚩灵护腕·纯阳,-,
"70","荻花圣殿","25人普通",蛮熊之力,特殊,蚩灵护腕·苍云,-,
"70","荻花圣殿","25人普通",蛮熊之力,特殊,蚩灵护腕·万花,-,
"70","荻花圣殿","25人普通",蛮熊之力,特殊,蚩灵护腕·明教,-,
"70","荻花圣殿","25人普通",蛮熊之力,特殊,蚩灵护腕·霸刀,-,
"70","荻花圣殿","25人普通",蛮熊之力,特殊,蚩灵护腕·少林,-,
"70","荻花圣殿","25人普通",蛮熊之力,特殊,蚩灵护腕·长歌,-,
"70","荻花圣殿","25人普通",蛮熊之力,特殊,蚩灵护腕·七秀,-,
"70","荻花圣殿","25人普通",蛮熊之力,特殊,蚩灵护腕·唐门,-,
"70","荻花圣殿","25人普通",蛮熊之力,特殊,蚩灵护腕·丐帮,-,
"70","荻花圣殿","25人普通",蛮熊之力,特殊,蚩灵护腕·蓬莱,-,
"70","荻花圣殿","25人普通",蛮熊之力,特殊,蚩灵护腕·五毒,-,
"70","荻花圣殿","25人普通",蛮熊之力,特殊,蚩灵护腕·凌雪阁,-,
"70","荻花圣殿","25人普通",贪狼之牙,特殊,蚩灵护腕·少林,-,
"70","荻花圣殿","25人普通",贪狼之牙,特殊,蚩灵护腕·七秀,-,
"70","荻花圣殿","25人普通",贪狼之牙,特殊,蚩灵护腕·五毒,-,
"70","荻花圣殿","25人普通",贪狼之牙,特殊,蚩灵护腕·凌雪阁,-,
"70","荻花圣殿","25人普通",贪狼之牙,特殊,蚩灵护腕·藏剑,-,
"70","荻花圣殿","25人普通",贪狼之牙,特殊,蚩灵护腕·天策,-,
"70","荻花圣殿","25人普通",贪狼之牙,特殊,蚩灵护腕·纯阳,-,
"70","荻花圣殿","25人普通",贪狼之牙,特殊,蚩灵护腕·苍云,-,
"70","荻花圣殿","25人普通",贪狼之牙,特殊,蚩灵护腕·万花,-,
"70","荻花圣殿","25人普通",贪狼之牙,特殊,蚩灵护腕·明教,-,
"70","荻花圣殿","25人普通",贪狼之牙,特殊,蚩灵护腕·霸刀,-,
"70","荻花圣殿","25人普通",贪狼之牙,特殊,标本之蛇与猿,-,
"70","荻花圣殿","25人普通",贪狼之牙,特殊,蚩灵护腕·长歌,-,
"70","荻花圣殿","25人普通",贪狼之牙,特殊,蚩灵护腕·丐帮,-,
"70","荻花圣殿","25人普通",贪狼之牙,特殊,蚩灵护腕·蓬莱,-,
"70","荻花圣殿","25人普通",贪狼之牙,特殊,蚩灵护腕·唐门,-,
"70","荻花圣殿","25人普通",飞猿之影,特殊,蚩灵护腕·少林,-,
"70","荻花圣殿","25人普通",飞猿之影,特殊,蚩灵护腕·纯阳,-,
"70","荻花圣殿","25人普通",飞猿之影,特殊,蚩灵护腕·万花,-,
"70","荻花圣殿","25人普通",飞猿之影,特殊,蚩灵护腕·苍云,-,
"70","荻花圣殿","25人普通",飞猿之影,特殊,蚩灵护腕·明教,-,
"70","荻花圣殿","25人普通",飞猿之影,特殊,蚩灵护腕·霸刀,-,
"70","荻花圣殿","25人普通",飞猿之影,特殊,标本之蛇与猿,-,
"70","荻花圣殿","25人普通",飞猿之影,特殊,蚩灵护腕·七秀,-,
"70","荻花圣殿","25人普通",飞猿之影,特殊,蚩灵护腕·长歌,-,
"70","荻花圣殿","25人普通",飞猿之影,特殊,蚩灵护腕·唐门,-,
"70","荻花圣殿","25人普通",飞猿之影,特殊,蚩灵护腕·丐帮,-,
"70","荻花圣殿","25人普通",飞猿之影,特殊,蚩灵护腕·蓬莱,-,
"70","荻花圣殿","25人普通",飞猿之影,特殊,蚩灵护腕·天策,-,
"70","荻花圣殿","25人普通",飞猿之影,特殊,蚩灵护腕·五毒,-,
"70","荻花圣殿","25人普通",飞猿之影,特殊,蚩灵护腕·藏剑,-,
"70","荻花圣殿","25人普通",飞猿之影,特殊,蚩灵护腕·凌雪阁,-,
"70","荻花圣殿","25人普通",卫栖梧、阿里曼执法长老,特殊,黄山盗书,-,
"70","荻花圣殿","25人普通",卫栖梧、阿里曼执法长老,特殊,蚩灵鞋·唐门,-,
"70","荻花圣殿","25人普通",卫栖梧、阿里曼执法长老,特殊,蚩灵鞋·五毒,-,
"70","荻花圣殿","25人普通",卫栖梧、阿里曼执法长老,特殊,蚩灵鞋·霸刀,-,
"70","荻花圣殿","25人普通",卫栖梧、阿里曼执法长老,特殊,蚩灵鞋·七秀,-,
"70","荻花圣殿","25人普通",卫栖梧、阿里曼执法长老,特殊,蚩灵鞋·藏剑,-,
"70","荻花圣殿","25人普通",卫栖梧、阿里曼执法长老,特殊,蚩灵鞋·凌雪阁,-,
"70","荻花圣殿","25人普通",卫栖梧、阿里曼执法长老,特殊,蚩灵鞋·苍云,-,
"70","荻花圣殿","25人普通",卫栖梧、阿里曼执法长老,特殊,蚩灵鞋·纯阳,-,
"70","荻花圣殿","25人普通",卫栖梧、阿里曼执法长老,特殊,蚩灵鞋·明教,-,
"70","荻花圣殿","25人普通",卫栖梧、阿里曼执法长老,特殊,蚩灵鞋·少林,-,
"70","荻花圣殿","25人普通",卫栖梧、阿里曼执法长老,特殊,蚩灵鞋·天策,-,
"70","荻花圣殿","25人普通",卫栖梧、阿里曼执法长老,特殊,蚩灵鞋·万花,-,
"70","荻花圣殿","25人普通",卫栖梧、阿里曼执法长老,特殊,蚩灵鞋·蓬莱,-,
"70","荻花圣殿","25人普通",卫栖梧、阿里曼执法长老,特殊,蚩灵鞋·丐帮,-,
"70","荻花圣殿","25人普通",卫栖梧、阿里曼执法长老,特殊,蚩灵鞋·长歌,-,
"70","荻花圣殿","25人普通",阿萨辛,家具,圣女石刻画,-,
"70","荻花圣殿","25人普通",阿萨辛,特殊,阴阳论,-,
"70","荻花圣殿","25人普通",阿萨辛,特殊,蚩灵裤·少林,-,
"70","荻花圣殿","25人普通",阿萨辛,特殊,蚩灵裤·唐门,-,
"70","荻花圣殿","25人普通",阿萨辛,特殊,蚩灵裤·霸刀,-,
"70","荻花圣殿","25人普通",阿萨辛,特殊,蚩灵裤·凌雪阁,-,
"70","荻花圣殿","25人普通",阿萨辛,特殊,蚩灵裤·五毒,-,
"70","荻花圣殿","25人普通",阿萨辛,特殊,蚩灵裤·藏剑,-,
"70","荻花圣殿","25人普通",阿萨辛,特殊,蚩灵裤·苍云,-,
"70","荻花圣殿","25人普通",阿萨辛,特殊,蚩灵裤·七秀,-,
"70","荻花圣殿","25人普通",阿萨辛,特殊,蚩灵裤·纯阳,-,
"70","荻花圣殿","25人普通",阿萨辛,特殊,蚩灵裤·明教,-,
"70","荻花圣殿","25人普通",阿萨辛,特殊,蚩灵裤·蓬莱,-,
"70","荻花圣殿","25人普通",阿萨辛,特殊,蚩灵裤·万花,-,
"70","荻花圣殿","25人普通",阿萨辛,特殊,蚩灵裤·天策,-,
"70","荻花圣殿","25人普通",阿萨辛,特殊,蚩灵裤·长歌,-,
"70","荻花圣殿","25人普通",阿萨辛,特殊,蚩灵裤·丐帮,-,
"70","荻花圣殿","25人普通",卓婉清,特殊,爱子的下落,-,
"70","荻花圣殿","25人普通",卓婉清,特殊,蚩灵腰带·天策,-,
"70","荻花圣殿","25人普通",卓婉清,特殊,蚩灵腰带·丐帮,-,
"70","荻花圣殿","25人普通",卓婉清,特殊,蚩灵腰带·唐门,-,
"70","荻花圣殿","25人普通",卓婉清,特殊,蚩灵腰带·霸刀,-,
"70","荻花圣殿","25人普通",卓婉清,特殊,蚩灵腰带·凌雪阁,-,
"70","荻花圣殿","25人普通",卓婉清,特殊,蚩灵腰带·少林,-,
"70","荻花圣殿","25人普通",卓婉清,特殊,蚩灵腰带·五毒,-,
"70","荻花圣殿","25人普通",卓婉清,特殊,蚩灵腰带·苍云,-,
"70","荻花圣殿","25人普通",卓婉清,特殊,蚩灵腰带·藏剑,-,
"70","荻花圣殿","25人普通",卓婉清,特殊,蚩灵腰带·明教,-,
"70","荻花圣殿","25人普通",卓婉清,特殊,蚩灵腰带·蓬莱,-,
"70","荻花圣殿","25人普通",卓婉清,特殊,蚩灵腰带·纯阳,-,
"70","荻花圣殿","25人普通",卓婉清,特殊,蚩灵腰带·七秀,-,
"70","荻花圣殿","25人普通",卓婉清,特殊,蚩灵腰带·万花,-,
"70","荻花圣殿","25人普通",卓婉清,特殊,蚩灵腰带·长歌,-,
"70","荻花圣殿","25人普通",沙利亚,特殊,负心人,-,
"70","荻花圣殿","25人普通",沙利亚,特殊,蚩灵衣·七秀,-,
"70","荻花圣殿","25人普通",沙利亚,特殊,蚩灵衣·霸刀,-,
"70","荻花圣殿","25人普通",沙利亚,特殊,蚩灵衣·丐帮,-,
"70","荻花圣殿","25人普通",沙利亚,特殊,蚩灵衣·凌雪阁,-,
"70","荻花圣殿","25人普通",沙利亚,特殊,蚩灵衣·唐门,-,
"70","荻花圣殿","25人普通",沙利亚,特殊,蚩灵衣·天策,-,
"70","荻花圣殿","25人普通",沙利亚,特殊,蚩灵衣·蓬莱,-,
"70","荻花圣殿","25人普通",沙利亚,特殊,蚩灵衣·少林,-,
"70","荻花圣殿","25人普通",沙利亚,特殊,蚩灵衣·五毒,-,
"70","荻花圣殿","25人普通",沙利亚,特殊,蚩灵衣·苍云,-,
"70","荻花圣殿","25人普通",沙利亚,特殊,蚩灵衣·藏剑,-,
"70","荻花圣殿","25人普通",沙利亚,特殊,蚩灵衣·明教,-,
"70","荻花圣殿","25人普通",沙利亚,特殊,蚩灵衣·纯阳,-,
"70","荻花圣殿","25人普通",沙利亚,特殊,蚩灵衣·长歌,-,
"70","荻花圣殿","25人普通",沙利亚,特殊,蚩灵衣·万花,-,
"72","荻花圣殿","25人英雄",牡丹,特殊,牡丹与阿萨辛,-,
"72","荻花圣殿","25人英雄",塔洛马蒂、姬无双,特殊,背叛的后果,-,
"72","荻花圣殿","25人英雄",慕容追风,特殊,永远的伴,-,
"72","荻花圣殿","25人英雄",蛮熊之力,特殊,南皇护腕·唐门,-,
"72","荻花圣殿","25人英雄",蛮熊之力,特殊,南皇护腕·万花,-,
"72","荻花圣殿","25人英雄",蛮熊之力,特殊,南皇护腕·明教,-,
"72","荻花圣殿","25人英雄",蛮熊之力,特殊,南皇护腕·丐帮,-,
"72","荻花圣殿","25人英雄",蛮熊之力,特殊,南皇护腕·天策,-,
"72","荻花圣殿","25人英雄",蛮熊之力,特殊,南皇护腕·纯阳,-,
"72","荻花圣殿","25人英雄",蛮熊之力,特殊,南皇护腕·苍云,-,
"72","荻花圣殿","25人英雄",蛮熊之力,特殊,标本之熊与狼,-,
"72","荻花圣殿","25人英雄",蛮熊之力,特殊,南皇护腕·长歌,-,
"72","荻花圣殿","25人英雄",蛮熊之力,特殊,南皇护腕·藏剑,-,
"72","荻花圣殿","25人英雄",蛮熊之力,特殊,南皇护腕·霸刀,-,
"72","荻花圣殿","25人英雄",蛮熊之力,特殊,南皇护腕·蓬莱,-,
"72","荻花圣殿","25人英雄",蛮熊之力,特殊,南皇护腕·少林,-,
"72","荻花圣殿","25人英雄",蛮熊之力,特殊,南皇护腕·七秀,-,
"72","荻花圣殿","25人英雄",蛮熊之力,特殊,南皇护腕·五毒,-,
"72","荻花圣殿","25人英雄",蛮熊之力,特殊,南皇护腕·凌雪阁,-,
"72","荻花圣殿","25人英雄",贪狼之牙,特殊,南皇护腕·唐门,-,
"72","荻花圣殿","25人英雄",贪狼之牙,特殊,南皇护腕·万花,-,
"72","荻花圣殿","25人英雄",贪狼之牙,特殊,南皇护腕·明教,-,
"72","荻花圣殿","25人英雄",贪狼之牙,特殊,南皇护腕·丐帮,-,
"72","荻花圣殿","25人英雄",贪狼之牙,特殊,南皇护腕·纯阳,-,
"72","荻花圣殿","25人英雄",贪狼之牙,特殊,南皇护腕·苍云,-,
"72","荻花圣殿","25人英雄",贪狼之牙,特殊,南皇护腕·天策,-,
"72","荻花圣殿","25人英雄",贪狼之牙,特殊,南皇护腕·长歌,-,
"72","荻花圣殿","25人英雄",贪狼之牙,特殊,标本之熊与狼,-,
"72","荻花圣殿","25人英雄",贪狼之牙,特殊,南皇护腕·藏剑,-,
"72","荻花圣殿","25人英雄",贪狼之牙,特殊,南皇护腕·霸刀,-,
"72","荻花圣殿","25人英雄",贪狼之牙,特殊,南皇护腕·蓬莱,-,
"72","荻花圣殿","25人英雄",贪狼之牙,特殊,南皇护腕·五毒,-,
"72","荻花圣殿","25人英雄",贪狼之牙,特殊,南皇护腕·凌雪阁,-,
"72","荻花圣殿","25人英雄",贪狼之牙,特殊,南皇护腕·七秀,-,
"72","荻花圣殿","25人英雄",贪狼之牙,特殊,南皇护腕·少林,-,
"72","荻花圣殿","25人英雄",飞猿之影,特殊,南皇护腕·唐门,-,
"72","荻花圣殿","25人英雄",飞猿之影,特殊,南皇护腕·万花,-,
"72","荻花圣殿","25人英雄",飞猿之影,特殊,南皇护腕·明教,-,
"72","荻花圣殿","25人英雄",飞猿之影,特殊,南皇护腕·丐帮,-,
"72","荻花圣殿","25人英雄",飞猿之影,特殊,标本之熊与狼,-,
"72","荻花圣殿","25人英雄",飞猿之影,特殊,南皇护腕·天策,-,
"72","荻花圣殿","25人英雄",飞猿之影,特殊,南皇护腕·纯阳,-,
"72","荻花圣殿","25人英雄",飞猿之影,特殊,南皇护腕·苍云,-,
"72","荻花圣殿","25人英雄",飞猿之影,特殊,南皇护腕·长歌,-,
"72","荻花圣殿","25人英雄",飞猿之影,特殊,南皇护腕·藏剑,-,
"72","荻花圣殿","25人英雄",飞猿之影,特殊,南皇护腕·霸刀,-,
"72","荻花圣殿","25人英雄",飞猿之影,特殊,南皇护腕·少林,-,
"72","荻花圣殿","25人英雄",飞猿之影,特殊,南皇护腕·七秀,-,
"72","荻花圣殿","25人英雄",飞猿之影,特殊,南皇护腕·五毒,-,
"72","荻花圣殿","25人英雄",飞猿之影,特殊,南皇护腕·蓬莱,-,
"72","荻花圣殿","25人英雄",飞猿之影,特殊,南皇护腕·凌雪阁,-,
"72","荻花圣殿","25人英雄",卫栖梧、阿里曼执法长老,特殊,南皇鞋·少林,-,
"72","荻花圣殿","25人英雄",卫栖梧、阿里曼执法长老,特殊,南皇鞋·唐门,-,
"72","荻花圣殿","25人英雄",卫栖梧、阿里曼执法长老,特殊,南皇鞋·万花,-,
"72","荻花圣殿","25人英雄",卫栖梧、阿里曼执法长老,特殊,南皇鞋·明教,-,
"72","荻花圣殿","25人英雄",卫栖梧、阿里曼执法长老,特殊,神偷侠盗,-,
"72","荻花圣殿","25人英雄",卫栖梧、阿里曼执法长老,特殊,南皇鞋·丐帮,-,
"72","荻花圣殿","25人英雄",卫栖梧、阿里曼执法长老,特殊,南皇鞋·纯阳,-,
"72","荻花圣殿","25人英雄",卫栖梧、阿里曼执法长老,特殊,南皇鞋·苍云,-,
"72","荻花圣殿","25人英雄",卫栖梧、阿里曼执法长老,特殊,南皇鞋·天策,-,
"72","荻花圣殿","25人英雄",卫栖梧、阿里曼执法长老,特殊,南皇鞋·长歌,-,
"72","荻花圣殿","25人英雄",卫栖梧、阿里曼执法长老,特殊,南皇鞋·藏剑,-,
"72","荻花圣殿","25人英雄",卫栖梧、阿里曼执法长老,特殊,南皇鞋·霸刀,-,
"72","荻花圣殿","25人英雄",卫栖梧、阿里曼执法长老,特殊,南皇鞋·蓬莱,-,
"72","荻花圣殿","25人英雄",卫栖梧、阿里曼执法长老,特殊,南皇鞋·五毒,-,
"72","荻花圣殿","25人英雄",卫栖梧、阿里曼执法长老,特殊,南皇鞋·凌雪阁,-,
"72","荻花圣殿","25人英雄",卫栖梧、阿里曼执法长老,特殊,南皇鞋·七秀,-,
"72","荻花圣殿","25人英雄",卫栖梧、阿里曼执法长老,特殊,白龙珠,-,
"72","荻花圣殿","25人英雄",卫栖梧、阿里曼执法长老,特殊,天钿女,-,
"72","荻花圣殿","25人英雄",阿萨辛,家具,圣女石刻画,-,
"72","荻花圣殿","25人英雄",阿萨辛,特殊,南皇裤·少林,-,
"72","荻花圣殿","25人英雄",阿萨辛,特殊,南皇裤·唐门,-,
"72","荻花圣殿","25人英雄",阿萨辛,特殊,南皇裤·明教,-,
"72","荻花圣殿","25人英雄",阿萨辛,特殊,南皇裤·万花,-,
"72","荻花圣殿","25人英雄",阿萨辛,特殊,南皇裤·丐帮,-,
"72","荻花圣殿","25人英雄",阿萨辛,特殊,南皇裤·苍云,-,
"72","荻花圣殿","25人英雄",阿萨辛,特殊,南皇裤·纯阳,-,
"72","荻花圣殿","25人英雄",阿萨辛,特殊,多歧路,-,
"72","荻花圣殿","25人英雄",阿萨辛,特殊,南皇裤·天策,-,
"72","荻花圣殿","25人英雄",阿萨辛,特殊,南皇裤·长歌,-,
"72","荻花圣殿","25人英雄",阿萨辛,特殊,南皇裤·霸刀,-,
"72","荻花圣殿","25人英雄",阿萨辛,特殊,南皇裤·藏剑,-,
"72","荻花圣殿","25人英雄",阿萨辛,特殊,南皇裤·蓬莱,-,
"72","荻花圣殿","25人英雄",阿萨辛,特殊,二元阿萨辛,-,
"72","荻花圣殿","25人英雄",阿萨辛,特殊,南皇裤·凌雪阁,-,
"72","荻花圣殿","25人英雄",阿萨辛,特殊,南皇裤·五毒,-,
"72","荻花圣殿","25人英雄",阿萨辛,特殊,南皇裤·七秀,-,
"72","荻花圣殿","25人英雄",卓婉清,特殊,南皇腰带·七秀,-,
"72","荻花圣殿","25人英雄",卓婉清,特殊,南皇腰带·唐门,-,
"72","荻花圣殿","25人英雄",卓婉清,特殊,醒来之日,-,
"72","荻花圣殿","25人英雄",卓婉清,特殊,南皇腰带·少林,-,
"72","荻花圣殿","25人英雄",卓婉清,特殊,南皇腰带·明教,-,
"72","荻花圣殿","25人英雄",卓婉清,特殊,南皇腰带·万花,-,
"72","荻花圣殿","25人英雄",卓婉清,特殊,南皇腰带·丐帮,-,
"72","荻花圣殿","25人英雄",卓婉清,特殊,南皇腰带·苍云,-,
"72","荻花圣殿","25人英雄",卓婉清,特殊,南皇腰带·纯阳,-,
"72","荻花圣殿","25人英雄",卓婉清,特殊,南皇腰带·长歌,-,
"72","荻花圣殿","25人英雄",卓婉清,特殊,南皇腰带·天策,-,
"72","荻花圣殿","25人英雄",卓婉清,特殊,南皇腰带·霸刀,-,
"72","荻花圣殿","25人英雄",卓婉清,特殊,南皇腰带·藏剑,-,
"72","荻花圣殿","25人英雄",卓婉清,特殊,南皇腰带·蓬莱,-,
"72","荻花圣殿","25人英雄",卓婉清,特殊,南皇腰带·凌雪阁,-,
"72","荻花圣殿","25人英雄",卓婉清,特殊,南皇腰带·五毒,-,
"72","荻花圣殿","25人英雄",沙利亚,特殊,当时的心情,-,
"72","荻花圣殿","25人英雄",沙利亚,特殊,南皇衣·七秀,-,
"72","荻花圣殿","25人英雄",沙利亚,特殊,南皇衣·唐门,-,
"72","荻花圣殿","25人英雄",沙利亚,特殊,南皇衣·少林,-,
"72","荻花圣殿","25人英雄",沙利亚,特殊,南皇衣·明教,-,
"72","荻花圣殿","25人英雄",沙利亚,特殊,南皇衣·万花,-,
"72","荻花圣殿","25人英雄",沙利亚,特殊,南皇衣·丐帮,-,
"72","荻花圣殿","25人英雄",沙利亚,特殊,南皇衣·苍云,-,
"72","荻花圣殿","25人英雄",沙利亚,特殊,南皇衣·纯阳,-,
"72","荻花圣殿","25人英雄",沙利亚,特殊,南皇衣·长歌,-,
"72","荻花圣殿","25人英雄",沙利亚,特殊,南皇衣·霸刀,-,
"72","荻花圣殿","25人英雄",沙利亚,特殊,南皇衣·天策,-,
"72","荻花圣殿","25人英雄",沙利亚,特殊,南皇衣·蓬莱,-,
"72","荻花圣殿","25人英雄",沙利亚,特殊,南皇衣·藏剑,-,
"72","荻花圣殿","25人英雄",沙利亚,特殊,南皇衣·凌雪阁,-,
"72","荻花圣殿","25人英雄",沙利亚,特殊,南皇衣·五毒,-,
"109","龙渊泽","10人普通",慕容野狐、殷青丝,特殊,北霸枪,-,
"109","龙渊泽","10人普通",慕容野狐、殷青丝,特殊,辽东火凤,-,
"109","龙渊泽","10人普通",慕容野狐、殷青丝,特殊,琼楼玉宇,-,
"109","龙渊泽","10人普通",慕容野狐、殷青丝,特殊,金风玉露,-,
"109","龙渊泽","10人普通",慕容野狐、殷青丝,特殊,乌金陨铁,-,
"109","龙渊泽","10人普通",慕容野狐、殷青丝,特殊,玛瑙,-,
"109","龙渊泽","10人普通",慕容野狐、殷青丝,特殊,猫眼石,-,
"109","龙渊泽","10人普通",里赤梅、苏贝德哈,特殊,蛮将·苏贝德哈,-,
"109","龙渊泽","10人普通",里赤梅、苏贝德哈,特殊,蛮帅·里赤梅,-,
"109","龙渊泽","10人普通",里赤梅、苏贝德哈,特殊,虎族,-,
"109","龙渊泽","10人普通",里赤梅、苏贝德哈,特殊,乌金陨铁,-,
"109","龙渊泽","10人普通",里赤梅、苏贝德哈,特殊,玛瑙,-,
"109","龙渊泽","10人普通",里赤梅、苏贝德哈,特殊,猫眼石,-,
"109","龙渊泽","10人普通",里赤梅、苏贝德哈,特殊,藤蓝甲,-,
"109","龙渊泽","10人普通",里赤梅、苏贝德哈,家具,南天擂坐障,-,
"117","龙渊泽","25人英雄",慕容野狐、殷青丝,特殊,金风玉露,-,
"117","龙渊泽","25人英雄",里赤梅、苏贝德哈,特殊,南皇帽·纯阳,-,
"117","龙渊泽","25人英雄",里赤梅、苏贝德哈,特殊,南皇帽·藏剑,-,
"117","龙渊泽","25人英雄",里赤梅、苏贝德哈,特殊,南皇帽·五毒,-,
"117","龙渊泽","25人英雄",里赤梅、苏贝德哈,特殊,南皇帽·唐门,-,
"117","龙渊泽","25人英雄",里赤梅、苏贝德哈,特殊,藤蓝甲,-,
"117","龙渊泽","25人英雄",里赤梅、苏贝德哈,特殊,南皇帽·明教,-,
"117","龙渊泽","25人英雄",里赤梅、苏贝德哈,特殊,南皇帽·丐帮,-,
"117","龙渊泽","25人英雄",里赤梅、苏贝德哈,特殊,南皇帽·苍云,-,
"117","龙渊泽","25人英雄",里赤梅、苏贝德哈,特殊,南皇帽·长歌,-,
"117","龙渊泽","25人英雄",里赤梅、苏贝德哈,家具,南天擂坐障,-,
"117","龙渊泽","25人英雄",里赤梅、苏贝德哈,特殊,南皇帽·少林,-,
"117","龙渊泽","25人英雄",里赤梅、苏贝德哈,特殊,南皇帽·霸刀,-,
"117","龙渊泽","25人英雄",里赤梅、苏贝德哈,特殊,南皇帽·蓬莱,-,
"117","龙渊泽","25人英雄",里赤梅、苏贝德哈,特殊,南皇帽·凌雪阁,-,
"117","龙渊泽","25人英雄",里赤梅、苏贝德哈,特殊,南皇帽·天策,-,
"117","龙渊泽","25人英雄",里赤梅、苏贝德哈,特殊,南皇帽·七秀,-,
"117","龙渊泽","25人英雄",里赤梅、苏贝德哈,特殊,南皇帽·万花,-,
"118","龙渊泽","25人普通",慕容野狐、殷青丝,特殊,琼楼玉宇,-,
"118","龙渊泽","25人普通",里赤梅、苏贝德哈,特殊,虎族,-,
"118","龙渊泽","25人普通",里赤梅、苏贝德哈,特殊,蚩灵帽·少林,-,
"118","龙渊泽","25人普通",里赤梅、苏贝德哈,特殊,蚩灵帽·天策,-,
"118","龙渊泽","25人普通",里赤梅、苏贝德哈,特殊,蚩灵帽·七秀,-,
"118","龙渊泽","25人普通",里赤梅、苏贝德哈,特殊,蚩灵帽·万花,-,
"118","龙渊泽","25人普通",里赤梅、苏贝德哈,特殊,蚩灵帽·纯阳,-,
"118","龙渊泽","25人普通",里赤梅、苏贝德哈,特殊,蚩灵帽·五毒,-,
"118","龙渊泽","25人普通",里赤梅、苏贝德哈,特殊,蚩灵帽·明教,-,
"118","龙渊泽","25人普通",里赤梅、苏贝德哈,特殊,蚩灵帽·苍云,-,
"118","龙渊泽","25人普通",里赤梅、苏贝德哈,特殊,蚩灵帽·霸刀,-,
"118","龙渊泽","25人普通",里赤梅、苏贝德哈,特殊,蚩灵帽·蓬莱,-,
"118","龙渊泽","25人普通",里赤梅、苏贝德哈,特殊,蚩灵帽·藏剑,-,
"118","龙渊泽","25人普通",里赤梅、苏贝德哈,特殊,蚩灵帽·唐门,-,
"118","龙渊泽","25人普通",里赤梅、苏贝德哈,特殊,蚩灵帽·丐帮,-,
"118","龙渊泽","25人普通",里赤梅、苏贝德哈,特殊,蚩灵帽·长歌,-,
"118","龙渊泽","25人普通",里赤梅、苏贝德哈,特殊,蚩灵帽·凌雪阁,-,
"118","龙渊泽","25人普通",里赤梅、苏贝德哈,家具,南天擂坐障,-,
"119","龙渊泽","10人英雄",慕容野狐、殷青丝,特殊,辽东火凤,-,
"119","龙渊泽","10人英雄",里赤梅、苏贝德哈,特殊,蛮帅·里赤梅,-,
"119","龙渊泽","10人英雄",里赤梅、苏贝德哈,特殊,蚩灵帽·少林,-,
"119","龙渊泽","10人英雄",里赤梅、苏贝德哈,特殊,蚩灵帽·天策,-,
"119","龙渊泽","10人英雄",里赤梅、苏贝德哈,特殊,蚩灵帽·七秀,-,
"119","龙渊泽","10人英雄",里赤梅、苏贝德哈,特殊,蚩灵帽·万花,-,
"119","龙渊泽","10人英雄",里赤梅、苏贝德哈,特殊,蚩灵帽·纯阳,-,
"119","龙渊泽","10人英雄",里赤梅、苏贝德哈,特殊,蚩灵帽·五毒,-,
"119","龙渊泽","10人英雄",里赤梅、苏贝德哈,特殊,蚩灵帽·明教,-,
"119","龙渊泽","10人英雄",里赤梅、苏贝德哈,特殊,蚩灵帽·苍云,-,
"119","龙渊泽","10人英雄",里赤梅、苏贝德哈,特殊,蚩灵帽·霸刀,-,
"119","龙渊泽","10人英雄",里赤梅、苏贝德哈,特殊,蚩灵帽·蓬莱,-,
"119","龙渊泽","10人英雄",里赤梅、苏贝德哈,特殊,蚩灵帽·藏剑,-,
"119","龙渊泽","10人英雄",里赤梅、苏贝德哈,特殊,蚩灵帽·唐门,-,
"119","龙渊泽","10人英雄",里赤梅、苏贝德哈,特殊,蚩灵帽·丐帮,-,
"119","龙渊泽","10人英雄",里赤梅、苏贝德哈,特殊,蚩灵帽·长歌,-,
"119","龙渊泽","10人英雄",里赤梅、苏贝德哈,特殊,蚩灵帽·凌雪阁,-,
"119","龙渊泽","10人英雄",里赤梅、苏贝德哈,家具,南天擂坐障,-,
"120","荻花洞窟","10人普通",四头蛇迪多拉,家具,迪多拉毒菇,-,
"120","荻花洞窟","10人普通",四头蛇迪多拉,特殊,乌金陨铁,-,
"120","荻花洞窟","10人普通",四头蛇迪多拉,特殊,玛瑙,-,
"120","荻花洞窟","10人普通",四头蛇迪多拉,特殊,猫眼石,-,
"120","荻花洞窟","10人普通",四头蛇迪多拉,特殊,金蛇残片,-,
"130","荻花洞窟","25人英雄",四头蛇迪多拉,特殊,百战钢·项链,-,
"130","荻花洞窟","25人英雄",四头蛇迪多拉,特殊,百战钢·戒,-,
"130","荻花洞窟","25人英雄",四头蛇迪多拉,特殊,百战钢·环,-,
"130","荻花洞窟","25人英雄",四头蛇迪多拉,特殊,百战玉·项链,-,
"130","荻花洞窟","25人英雄",四头蛇迪多拉,特殊,百战玉·戒,-,
"130","荻花洞窟","25人英雄",四头蛇迪多拉,特殊,百战玉·环,-,
"130","荻花洞窟","25人英雄",四头蛇迪多拉,特殊,百战石·项链,-,
"130","荻花洞窟","25人英雄",四头蛇迪多拉,特殊,百战石·环,-,
"130","荻花洞窟","25人英雄",四头蛇迪多拉,特殊,百战岩·戒,-,
"130","荻花洞窟","25人英雄",四头蛇迪多拉,特殊,金蛇残片,-,
"130","荻花洞窟","25人英雄",四头蛇迪多拉,特殊,百战矾·戒,-,
"130","荻花洞窟","25人英雄",四头蛇迪多拉,特殊,百战矾·环,-,
"130","荻花洞窟","25人英雄",四头蛇迪多拉,特殊,百战石·戒,-,
"130","荻花洞窟","25人英雄",四头蛇迪多拉,特殊,百战岩·项链,-,
"130","荻花洞窟","25人英雄",四头蛇迪多拉,特殊,百战岩·环,-,
"130","荻花洞窟","25人英雄",四头蛇迪多拉,特殊,百战矾·项链,-,
"130","荻花洞窟","25人英雄",四头蛇迪多拉,家具,迪多拉毒菇,-,
"131","持国天王回忆录","10人普通",提多罗吒,特殊,玛瑙,-,
"131","持国天王回忆录","10人普通",提多罗吒,特殊,猫眼石,-,
"131","持国天王回忆录","10人普通",提多罗吒,特殊,乌金陨铁,-,
"131","持国天王回忆录","10人普通",萧沙,特殊,乌金陨铁,-,
"131","持国天王回忆录","10人普通",萧沙,特殊,天王珠,-,
"131","持国天王回忆录","10人普通",萧沙,特殊,玛瑙,-,
"131","持国天王回忆录","10人普通",萧沙,特殊,猫眼石,-,
"148","持国天王回忆录","25人英雄",提多罗吒,特殊,千缘环·蓬莱,-,
"148","持国天王回忆录","25人英雄",提多罗吒,特殊,千缘环·七秀,-,
"148","持国天王回忆录","25人英雄",提多罗吒,特殊,千缘戒指·凌雪阁,-,
"148","持国天王回忆录","25人英雄",提多罗吒,特殊,千缘环·万花,-,
"148","持国天王回忆录","25人英雄",提多罗吒,特殊,千缘环·纯阳,-,
"148","持国天王回忆录","25人英雄",提多罗吒,特殊,千缘环·藏剑,-,
"148","持国天王回忆录","25人英雄",提多罗吒,特殊,乌金陨铁,-,
"148","持国天王回忆录","25人英雄",提多罗吒,特殊,千缘环·少林,-,
"148","持国天王回忆录","25人英雄",提多罗吒,特殊,千缘环·五毒,-,
"148","持国天王回忆录","25人英雄",提多罗吒,特殊,千缘环·唐门,-,
"148","持国天王回忆录","25人英雄",提多罗吒,特殊,千缘环·明教,-,
"148","持国天王回忆录","25人英雄",提多罗吒,特殊,千缘环·丐帮,-,
"148","持国天王回忆录","25人英雄",提多罗吒,特殊,千缘环·天策,-,
"148","持国天王回忆录","25人英雄",提多罗吒,特殊,千缘环·苍云,-,
"148","持国天王回忆录","25人英雄",提多罗吒,特殊,千缘环·长歌,-,
"148","持国天王回忆录","25人英雄",提多罗吒,特殊,千缘环·霸刀,-,
"148","持国天王回忆录","25人英雄",萧沙,特殊,乌金陨铁,-,
"148","持国天王回忆录","25人英雄",萧沙,特殊,千缘戒指·凌雪阁,-,
"148","持国天王回忆录","25人英雄",萧沙,特殊,千缘戒·七秀,-,
"148","持国天王回忆录","25人英雄",萧沙,特殊,千缘戒·万花,-,
"148","持国天王回忆录","25人英雄",萧沙,特殊,天王珠,-,
"148","持国天王回忆录","25人英雄",萧沙,特殊,千缘戒·纯阳,-,
"148","持国天王回忆录","25人英雄",萧沙,特殊,千缘戒·藏剑,-,
"148","持国天王回忆录","25人英雄",萧沙,特殊,千缘戒·五毒,-,
"148","持国天王回忆录","25人英雄",萧沙,特殊,千缘戒·唐门,-,
"148","持国天王回忆录","25人英雄",萧沙,特殊,千缘戒·少林,-,
"148","持国天王回忆录","25人英雄",萧沙,特殊,千缘戒·明教,-,
"148","持国天王回忆录","25人英雄",萧沙,特殊,千缘戒·丐帮,-,
"148","持国天王回忆录","25人英雄",萧沙,特殊,千缘戒·苍云,-,
"148","持国天王回忆录","25人英雄",萧沙,特殊,千缘戒·长歌,-,
"148","持国天王回忆录","25人英雄",萧沙,特殊,千缘戒·天策,-,
"148","持国天王回忆录","25人英雄",萧沙,特殊,千缘戒·霸刀,-,
"148","持国天王回忆录","25人英雄",萧沙,特殊,千缘戒·蓬莱,-,
"133","烛龙殿","25人英雄",胡鞑、武逸青,特殊,乌金陨铁,-,
"133","烛龙殿","25人英雄",胡鞑、武逸青,特殊,烛天护腕·少林,-,
"133","烛龙殿","25人英雄",胡鞑、武逸青,特殊,烛天护腕·天策,-,
"133","烛龙殿","25人英雄",胡鞑、武逸青,特殊,烛天护腕·万花,-,
"133","烛龙殿","25人英雄",胡鞑、武逸青,特殊,烛天护腕·唐门,-,
"133","烛龙殿","25人英雄",胡鞑、武逸青,特殊,烛天护腕·苍云,-,
"133","烛龙殿","25人英雄",胡鞑、武逸青,特殊,烛天护腕·霸刀,-,
"133","烛龙殿","25人英雄",胡鞑、武逸青,特殊,烛天护腕·五毒,-,
"133","烛龙殿","25人英雄",胡鞑、武逸青,特殊,烛天护腕·明教,-,
"133","烛龙殿","25人英雄",胡鞑、武逸青,特殊,烛天护腕·长歌,-,
"133","烛龙殿","25人英雄",胡鞑、武逸青,特殊,烛天护腕·七秀,-,
"133","烛龙殿","25人英雄",胡鞑、武逸青,特殊,烛天护腕·藏剑,-,
"133","烛龙殿","25人英雄",胡鞑、武逸青,特殊,烛天护腕·蓬莱,-,
"133","烛龙殿","25人英雄",胡鞑、武逸青,特殊,烛天护腕·凌雪阁,-,
"133","烛龙殿","25人英雄",胡鞑、武逸青,特殊,烛天护腕·丐帮,-,
"133","烛龙殿","25人英雄",胡鞑、武逸青,特殊,烛天护腕·纯阳,-,
"133","烛龙殿","25人英雄",陆寻,特殊,乌金陨铁,-,
"133","烛龙殿","25人英雄",陆寻,特殊,烛天帽·丐帮,-,
"133","烛龙殿","25人英雄",陆寻,特殊,烛天帽·藏剑,-,
"133","烛龙殿","25人英雄",陆寻,特殊,烛天帽·天策,-,
"133","烛龙殿","25人英雄",陆寻,特殊,烛天帽·蓬莱,-,
"133","烛龙殿","25人英雄",陆寻,特殊,烛天帽·纯阳,-,
"133","烛龙殿","25人英雄",陆寻,特殊,烛天帽·苍云,-,
"133","烛龙殿","25人英雄",陆寻,特殊,烛天帽·长歌,-,
"133","烛龙殿","25人英雄",陆寻,特殊,烛天帽·凌雪阁,-,
"133","烛龙殿","25人英雄",陆寻,特殊,烛天帽·万花,-,
"133","烛龙殿","25人英雄",陆寻,特殊,烛天帽·唐门,-,
"133","烛龙殿","25人英雄",陆寻,特殊,烛天帽·明教,-,
"133","烛龙殿","25人英雄",陆寻,特殊,烛天帽·少林,-,
"133","烛龙殿","25人英雄",陆寻,特殊,烛天帽·七秀,-,
"133","烛龙殿","25人英雄",陆寻,特殊,烛天帽·五毒,-,
"133","烛龙殿","25人英雄",陆寻,特殊,烛天帽·霸刀,-,
"133","烛龙殿","25人英雄",南之雷神,家具,玉蟾宫焰晶,-,
"133","烛龙殿","25人英雄",南之雷神,特殊,乌金陨铁,-,
"133","烛龙殿","25人英雄",南之雷神,特殊,烛天鞋·霸刀,-,
"133","烛龙殿","25人英雄",南之雷神,特殊,烛天鞋·万花,-,
"133","烛龙殿","25人英雄",南之雷神,特殊,烛天鞋·唐门,-,
"133","烛龙殿","25人英雄",南之雷神,特殊,烛天鞋·苍云,-,
"133","烛龙殿","25人英雄",南之雷神,特殊,烛天鞋·天策,-,
"133","烛龙殿","25人英雄",南之雷神,特殊,烛天鞋·五毒,-,
"133","烛龙殿","25人英雄",南之雷神,特殊,烛天鞋·明教,-,
"133","烛龙殿","25人英雄",南之雷神,特殊,烛天鞋·蓬莱,-,
"133","烛龙殿","25人英雄",南之雷神,特殊,烛天鞋·少林,-,
"133","烛龙殿","25人英雄",南之雷神,特殊,烛天鞋·藏剑,-,
"133","烛龙殿","25人英雄",南之雷神,特殊,烛天鞋·长歌,-,
"133","烛龙殿","25人英雄",南之雷神,特殊,烛天鞋·七秀,-,
"133","烛龙殿","25人英雄",南之雷神,特殊,烛天鞋·丐帮,-,
"133","烛龙殿","25人英雄",南之雷神,特殊,烛天鞋·凌雪阁,-,
"133","烛龙殿","25人英雄",南之雷神,特殊,烛天鞋·纯阳,-,
"133","烛龙殿","25人英雄",醉蛛老人,家具,醉蛛墙饰,-,
"133","烛龙殿","25人英雄",醉蛛老人,特殊,烛天裤·少林,-,
"133","烛龙殿","25人英雄",醉蛛老人,特殊,烛天裤·七秀,-,
"133","烛龙殿","25人英雄",醉蛛老人,特殊,烛天裤·纯阳,-,
"133","烛龙殿","25人英雄",醉蛛老人,特殊,烛天裤·苍云,-,
"133","烛龙殿","25人英雄",醉蛛老人,特殊,烛天裤·万花,-,
"133","烛龙殿","25人英雄",醉蛛老人,特殊,烛天裤·唐门,-,
"133","烛龙殿","25人英雄",醉蛛老人,特殊,烛天裤·蓬莱,-,
"133","烛龙殿","25人英雄",醉蛛老人,特殊,烛天裤·明教,-,
"133","烛龙殿","25人英雄",醉蛛老人,特殊,乌金陨铁,-,
"133","烛龙殿","25人英雄",醉蛛老人,特殊,烛天裤·天策,-,
"133","烛龙殿","25人英雄",醉蛛老人,特殊,烛天裤·五毒,-,
"133","烛龙殿","25人英雄",醉蛛老人,特殊,烛天裤·长歌,-,
"133","烛龙殿","25人英雄",醉蛛老人,特殊,烛天裤·藏剑,-,
"133","烛龙殿","25人英雄",醉蛛老人,特殊,烛天裤·凌雪阁,-,
"133","烛龙殿","25人英雄",醉蛛老人,特殊,烛天裤·丐帮,-,
"133","烛龙殿","25人英雄",醉蛛老人,特殊,烛天裤·霸刀,-,
"133","烛龙殿","25人英雄",索笛尔,特殊,烛天腰带·霸刀,-,
"133","烛龙殿","25人英雄",索笛尔,特殊,烛天腰带·纯阳,-,
"133","烛龙殿","25人英雄",索笛尔,特殊,烛天腰带·少林,-,
"133","烛龙殿","25人英雄",索笛尔,特殊,烛天腰带·七秀,-,
"133","烛龙殿","25人英雄",索笛尔,特殊,烛天腰带·苍云,-,
"133","烛龙殿","25人英雄",索笛尔,特殊,烛天腰带·万花,-,
"133","烛龙殿","25人英雄",索笛尔,特殊,烛天腰带·唐门,-,
"133","烛龙殿","25人英雄",索笛尔,特殊,烛天腰带·蓬莱,-,
"133","烛龙殿","25人英雄",索笛尔,特殊,乌金陨铁,-,
"133","烛龙殿","25人英雄",索笛尔,特殊,烛天腰带·明教,-,
"133","烛龙殿","25人英雄",索笛尔,特殊,烛天腰带·五毒,-,
"133","烛龙殿","25人英雄",索笛尔,特殊,烛天腰带·天策,-,
"133","烛龙殿","25人英雄",索笛尔,特殊,烛天腰带·长歌,-,
"133","烛龙殿","25人英雄",索笛尔,特殊,烛天腰带·藏剑,-,
"133","烛龙殿","25人英雄",索笛尔,特殊,烛天腰带·丐帮,-,
"133","烛龙殿","25人英雄",索笛尔,特殊,烛天腰带·凌雪阁,-,
"133","烛龙殿","25人英雄",千秋子,家具,烛龙壁灯,-,
"133","烛龙殿","25人英雄",千秋子,特殊,乌金陨铁,-,
"133","烛龙殿","25人英雄",千秋子,特殊,烛天衣·天策,-,
"133","烛龙殿","25人英雄",千秋子,特殊,烛天衣·藏剑,-,
"133","烛龙殿","25人英雄",千秋子,特殊,烛天衣·蓬莱,-,
"133","烛龙殿","25人英雄",千秋子,特殊,烛天衣·纯阳,-,
"133","烛龙殿","25人英雄",千秋子,特殊,烛天衣·苍云,-,
"133","烛龙殿","25人英雄",千秋子,特殊,双蛇拥蝎玉,-,
"133","烛龙殿","25人英雄",千秋子,特殊,烛天衣·少林,-,
"133","烛龙殿","25人英雄",千秋子,特殊,烛天衣·七秀,-,
"133","烛龙殿","25人英雄",千秋子,特殊,烛天衣·万花,-,
"133","烛龙殿","25人英雄",千秋子,特殊,烛天衣·唐门,-,
"133","烛龙殿","25人英雄",千秋子,特殊,烛天衣·明教,-,
"133","烛龙殿","25人英雄",千秋子,特殊,烛天衣·长歌,-,
"133","烛龙殿","25人英雄",千秋子,特殊,烛天衣·凌雪阁,-,
"133","烛龙殿","25人英雄",千秋子,特殊,烛天衣·五毒,-,
"133","烛龙殿","25人英雄",千秋子,特殊,烛天衣·霸刀,-,
"133","烛龙殿","25人英雄",千秋子,特殊,烛天衣·丐帮,-,
"133","烛龙殿","25人英雄",乌蒙贵,家具,章尾啸,-,
"133","烛龙殿","25人英雄",乌蒙贵,特殊,乌金陨铁,-,
"133","烛龙殿","25人英雄",乌蒙贵,特殊,化玉玄晶,-,
"133","烛龙殿","25人英雄",乌蒙贵,特殊,烛天裤·精制,-,
"133","烛龙殿","25人英雄",乌蒙贵,特殊,烛天腰带·精制,-,
"133","烛龙殿","25人英雄",乌蒙贵,特殊,烛天衣·精制,-,
"133","烛龙殿","25人英雄",乌蒙贵,特殊,烛天帽·精制,-,
"133","烛龙殿","25人英雄",乌蒙贵,特殊,南诏王密信,-,
"133","烛龙殿","25人英雄",乌蒙贵,特殊,烛天护腕·精制,-,
"133","烛龙殿","25人英雄",乌蒙贵,特殊,烛天鞋·精制,-,
"134","烛龙殿","10人普通",胡鞑、武逸青,特殊,五行石（三级）,-,
"134","烛龙殿","10人普通",胡鞑、武逸青,特殊,玛瑙,-,
"134","烛龙殿","10人普通",胡鞑、武逸青,特殊,猫眼石,-,
"134","烛龙殿","10人普通",陆寻,特殊,乌金陨铁,-,
"134","烛龙殿","10人普通",陆寻,特殊,五行石（三级）,-,
"134","烛龙殿","10人普通",陆寻,特殊,玛瑙,-,
"134","烛龙殿","10人普通",陆寻,特殊,猫眼石,-,
"134","烛龙殿","10人普通",南之雷神,家具,玉蟾宫焰晶,-,
"134","烛龙殿","10人普通",南之雷神,特殊,乌金陨铁,-,
"134","烛龙殿","10人普通",南之雷神,特殊,五行石（三级）,-,
"134","烛龙殿","10人普通",南之雷神,特殊,玛瑙,-,
"134","烛龙殿","10人普通",南之雷神,特殊,猫眼石,-,
"134","烛龙殿","10人普通",醉蛛老人,家具,醉蛛墙饰,-,
"134","烛龙殿","10人普通",醉蛛老人,特殊,乌金陨铁,-,
"134","烛龙殿","10人普通",醉蛛老人,特殊,五行石（三级）,-,
"134","烛龙殿","10人普通",醉蛛老人,特殊,玛瑙,-,
"134","烛龙殿","10人普通",醉蛛老人,特殊,猫眼石,-,
"134","烛龙殿","10人普通",索笛尔,特殊,乌金陨铁,-,
"134","烛龙殿","10人普通",索笛尔,特殊,五行石（三级）,-,
"134","烛龙殿","10人普通",索笛尔,特殊,玛瑙,-,
"134","烛龙殿","10人普通",索笛尔,特殊,猫眼石,-,
"134","烛龙殿","10人普通",千秋子,特殊,藏剑武器·明祥华烛,-,
"134","烛龙殿","10人普通",千秋子,家具,烛龙壁灯,-,
"134","烛龙殿","10人普通",千秋子,特殊,乌金陨铁,-,
"134","烛龙殿","10人普通",千秋子,特殊,五行石（三级）,-,
"134","烛龙殿","10人普通",千秋子,特殊,玛瑙,-,
"134","烛龙殿","10人普通",千秋子,特殊,猫眼石,-,
"134","烛龙殿","10人普通",乌蒙贵,家具,章尾啸,-,
"134","烛龙殿","10人普通",乌蒙贵,特殊,乌金陨铁,-,
"134","烛龙殿","10人普通",乌蒙贵,特殊,化玉玄晶,-,
"134","烛龙殿","10人普通",乌蒙贵,特殊,五行石（三级）,-,
"134","烛龙殿","10人普通",乌蒙贵,特殊,玛瑙,-,
"134","烛龙殿","10人普通",乌蒙贵,特殊,猫眼石,-,
"134","烛龙殿","10人普通",乌蒙贵,特殊,藏剑武器·甘风隐华,-,
"136","会战唐门","10人普通",狼牙军阵,特殊,玛瑙,-,
"136","会战唐门","10人普通",狼牙军阵,特殊,猫眼石,-,
"136","会战唐门","10人普通",狼牙军阵,特殊,乌金陨铁,-,
"136","会战唐门","10人普通",汪莽,特殊,乌金陨铁,-,
"136","会战唐门","10人普通",汪莽,特殊,影刃,-,
"136","会战唐门","10人普通",汪莽,特殊,玛瑙,-,
"136","会战唐门","10人普通",汪莽,特殊,猫眼石,-,
"138","会战唐门","25人英雄",狼牙军阵,特殊,乌金陨铁,-,
"138","会战唐门","25人英雄",汪莽,特殊,乌金陨铁,-,
"138","会战唐门","25人英雄",汪莽,特殊,千缘项链·纯阳,-,
"138","会战唐门","25人英雄",汪莽,特殊,千缘项链·藏剑,-,
"138","会战唐门","25人英雄",汪莽,特殊,千缘项链·五毒,-,
"138","会战唐门","25人英雄",汪莽,特殊,千缘项链·唐门,-,
"138","会战唐门","25人英雄",汪莽,特殊,影刃,-,
"138","会战唐门","25人英雄",汪莽,特殊,千缘项链·明教,-,
"138","会战唐门","25人英雄",汪莽,特殊,千缘项链·丐帮,-,
"138","会战唐门","25人英雄",汪莽,特殊,千缘项链·苍云,-,
"138","会战唐门","25人英雄",汪莽,特殊,千缘项链·长歌,-,
"138","会战唐门","25人英雄",汪莽,特殊,千缘项链·少林,-,
"138","会战唐门","25人英雄",汪莽,特殊,千缘项链·霸刀,-,
"138","会战唐门","25人英雄",汪莽,特殊,千缘项链·蓬莱,-,
"138","会战唐门","25人英雄",汪莽,特殊,千缘项链·凌雪阁,-,
"138","会战唐门","25人英雄",汪莽,特殊,千缘项链·天策,-,
"138","会战唐门","25人英雄",汪莽,特殊,千缘项链·七秀,-,
"138","会战唐门","25人英雄",汪莽,特殊,千缘项链·万花,-,
"140","南诏皇宫","10人普通",枯荣大师,特殊,乌金陨铁,-,
"140","南诏皇宫","10人普通",枯荣大师,特殊,玛瑙,-,
"140","南诏皇宫","10人普通",枯荣大师,家具,蒙舍力士像,-,
"140","南诏皇宫","10人普通",枯荣大师,特殊,猫眼石,-,
"140","南诏皇宫","10人普通",萧沙,特殊,乌金陨铁,-,
"140","南诏皇宫","10人普通",萧沙,特殊,玛瑙,-,
"140","南诏皇宫","10人普通",萧沙,特殊,猫眼石,-,
"140","南诏皇宫","10人普通",摩提耶罗,家具,仿铜敦博山炉,-,
"140","南诏皇宫","10人普通",摩提耶罗,特殊,乌金陨铁,-,
"140","南诏皇宫","10人普通",摩提耶罗,特殊,玛瑙,-,
"140","南诏皇宫","10人普通",摩提耶罗,家具,阳剑坐障,-,
"140","南诏皇宫","10人普通",摩提耶罗,特殊,猫眼石,-,
"155","南诏皇宫","25人英雄",枯荣大师,家具,蒙舍力士像,-,
"155","南诏皇宫","25人英雄",枯荣大师,特殊,乌金陨铁,-,
"155","南诏皇宫","25人英雄",枯荣大师,特殊,破军护腕·少林,-,
"155","南诏皇宫","25人英雄",枯荣大师,特殊,破军护腕·天策,-,
"155","南诏皇宫","25人英雄",枯荣大师,特殊,破军护腕·万花,-,
"155","南诏皇宫","25人英雄",枯荣大师,特殊,破军护腕·唐门,-,
"155","南诏皇宫","25人英雄",枯荣大师,特殊,破军护腕·霸刀,-,
"155","南诏皇宫","25人英雄",枯荣大师,特殊,破军护腕·五毒,-,
"155","南诏皇宫","25人英雄",枯荣大师,特殊,破军护腕·长歌,-,
"155","南诏皇宫","25人英雄",枯荣大师,特殊,破军护腕·蓬莱,-,
"155","南诏皇宫","25人英雄",枯荣大师,特殊,破军护腕·七秀,-,
"155","南诏皇宫","25人英雄",枯荣大师,特殊,破军护腕·藏剑,-,
"155","南诏皇宫","25人英雄",枯荣大师,特殊,破军护腕·凌雪阁,-,
"155","南诏皇宫","25人英雄",枯荣大师,特殊,破军护腕·丐帮,-,
"155","南诏皇宫","25人英雄",枯荣大师,特殊,破军护腕·纯阳,-,
"155","南诏皇宫","25人英雄",枯荣大师,特殊,破军护腕·明教,-,
"155","南诏皇宫","25人英雄",枯荣大师,特殊,破军护腕·苍云,-,
"155","南诏皇宫","25人英雄",萧沙,特殊,破军裤·少林,-,
"155","南诏皇宫","25人英雄",萧沙,特殊,破军裤·七秀,-,
"155","南诏皇宫","25人英雄",萧沙,特殊,破军裤·纯阳,-,
"155","南诏皇宫","25人英雄",萧沙,特殊,破军裤·明教,-,
"155","南诏皇宫","25人英雄",萧沙,特殊,破军裤·苍云,-,
"155","南诏皇宫","25人英雄",萧沙,特殊,破军裤·蓬莱,-,
"155","南诏皇宫","25人英雄",萧沙,特殊,破军裤·万花,-,
"155","南诏皇宫","25人英雄",萧沙,特殊,破军裤·唐门,-,
"155","南诏皇宫","25人英雄",萧沙,特殊,明月锁,-,
"155","南诏皇宫","25人英雄",萧沙,特殊,乌金陨铁,-,
"155","南诏皇宫","25人英雄",萧沙,特殊,破军裤·天策,-,
"155","南诏皇宫","25人英雄",萧沙,特殊,破军裤·五毒,-,
"155","南诏皇宫","25人英雄",萧沙,特殊,破军裤·长歌,-,
"155","南诏皇宫","25人英雄",萧沙,特殊,破军裤·凌雪阁,-,
"155","南诏皇宫","25人英雄",萧沙,特殊,破军裤·丐帮,-,
"155","南诏皇宫","25人英雄",萧沙,特殊,破军裤·藏剑,-,
"155","南诏皇宫","25人英雄",萧沙,特殊,破军裤·霸刀,-,
"155","南诏皇宫","25人英雄",摩提耶罗,家具,阳剑坐障,-,
"155","南诏皇宫","25人英雄",摩提耶罗,家具,仿铜敦博山炉,-,
"155","南诏皇宫","25人英雄",摩提耶罗,特殊,乌金陨铁,-,
"155","南诏皇宫","25人英雄",摩提耶罗,特殊,破军鞋·苍云,-,
"155","南诏皇宫","25人英雄",摩提耶罗,特殊,破军鞋·万花,-,
"155","南诏皇宫","25人英雄",摩提耶罗,特殊,破军鞋·唐门,-,
"155","南诏皇宫","25人英雄",摩提耶罗,特殊,破军鞋·天策,-,
"155","南诏皇宫","25人英雄",摩提耶罗,特殊,破军鞋·蓬莱,-,
"155","南诏皇宫","25人英雄",摩提耶罗,特殊,破军鞋·五毒,-,
"155","南诏皇宫","25人英雄",摩提耶罗,特殊,破军鞋·少林,-,
"155","南诏皇宫","25人英雄",摩提耶罗,特殊,破军鞋·长歌,-,
"155","南诏皇宫","25人英雄",摩提耶罗,特殊,破军鞋·藏剑,-,
"155","南诏皇宫","25人英雄",摩提耶罗,特殊,破军鞋·丐帮,-,
"155","南诏皇宫","25人英雄",摩提耶罗,特殊,破军鞋·凌雪阁,-,
"155","南诏皇宫","25人英雄",摩提耶罗,特殊,破军鞋·七秀,-,
"155","南诏皇宫","25人英雄",摩提耶罗,特殊,破军鞋·纯阳,-,
"155","南诏皇宫","25人英雄",摩提耶罗,特殊,破军鞋·明教,-,
"155","南诏皇宫","25人英雄",摩提耶罗,特殊,破军鞋·霸刀,-,
"155","南诏皇宫","25人英雄",李倓,特殊,破军衣·天策,-,
"155","南诏皇宫","25人英雄",李倓,特殊,破军衣·藏剑,-,
"155","南诏皇宫","25人英雄",李倓,特殊,破军衣·蓬莱,-,
"155","南诏皇宫","25人英雄",李倓,特殊,破军衣·明教,-,
"155","南诏皇宫","25人英雄",李倓,特殊,破军衣·苍云,-,
"155","南诏皇宫","25人英雄",李倓,特殊,破军衣·纯阳,-,
"155","南诏皇宫","25人英雄",李倓,特殊,破军衣·长歌,-,
"155","南诏皇宫","25人英雄",李倓,特殊,乌金陨铁,-,
"155","南诏皇宫","25人英雄",李倓,特殊,化玉玄晶,-,
"155","南诏皇宫","25人英雄",李倓,特殊,破军衣·少林,-,
"155","南诏皇宫","25人英雄",李倓,特殊,破军衣·七秀,-,
"155","南诏皇宫","25人英雄",李倓,特殊,破军衣·万花,-,
"155","南诏皇宫","25人英雄",李倓,特殊,破军衣·唐门,-,
"155","南诏皇宫","25人英雄",李倓,特殊,伪造的信件,-,
"155","南诏皇宫","25人英雄",李倓,特殊,破军衣·凌雪阁,-,
"155","南诏皇宫","25人英雄",李倓,特殊,破军衣·霸刀,-,
"155","南诏皇宫","25人英雄",李倓,特殊,破军衣·五毒,-,
"155","南诏皇宫","25人英雄",李倓,特殊,破军衣·丐帮,-,
"71","仙踪林","5人普通",塔纳刀王,特殊,挂件包·背部,-,
"71","仙踪林","5人普通",塔纳刀王,特殊,挂件包·腰部,-,
"71","仙踪林","5人普通",塔纳刀王,特殊,炼气丸,-,
"71","仙踪林","5人普通",水云,特殊,挂件包·背部,-,
"71","仙踪林","5人普通",水云,特殊,挂件包·腰部,-,
"71","仙踪林","5人普通",水云,特殊,炼气丸,-,
"71","仙踪林","5人普通",苏髓,特殊,挂件包·背部,-,
"71","仙踪林","5人普通",苏髓,特殊,挂件包·腰部,-,
"71","仙踪林","5人普通",苏髓,特殊,炼气丸,-,
"71","仙踪林","5人普通",苏髓,家具,蛮蕨,-,
"111","仙踪林","5人英雄",塔纳刀王,特殊,圣兽之鳞,-,
"111","仙踪林","5人英雄",塔纳刀王,特殊,炼气丸,-,
"111","仙踪林","5人英雄",塔纳刀王,特殊,挂件包·背部,-,
"111","仙踪林","5人英雄",塔纳刀王,特殊,挂件包·腰部,-,
"111","仙踪林","5人英雄",水云,特殊,挂件包·背部,-,
"111","仙踪林","5人英雄",水云,特殊,圣兽之鳞,-,
"111","仙踪林","5人英雄",水云,特殊,炼气丸,-,
"111","仙踪林","5人英雄",水云,特殊,挂件包·腰部,-,
"111","仙踪林","5人英雄",苏髓,特殊,圣兽之鳞,-,
"111","仙踪林","5人英雄",苏髓,特殊,挂件包·背部,-,
"111","仙踪林","5人英雄",苏髓,特殊,炼气丸,-,
"111","仙踪林","5人英雄",苏髓,特殊,藏剑武器·山川一方,-,
"111","仙踪林","5人英雄",苏髓,家具,蛮蕨,-,
"111","仙踪林","5人英雄",苏髓,特殊,挂件包·腰部,-,
"116","仙踪林","20级5人普通",塔纳刀王,特殊,挂件包·背部,-,
"116","仙踪林","20级5人普通",塔纳刀王,特殊,挂件包·腰部,-,
"116","仙踪林","20级5人普通",塔纳刀王,特殊,炼气丸,-,
"116","仙踪林","20级5人普通",水云,特殊,挂件包·背部,-,
"116","仙踪林","20级5人普通",水云,特殊,挂件包·腰部,-,
"116","仙踪林","20级5人普通",水云,特殊,炼气丸,-,
"116","仙踪林","20级5人普通",苏髓,特殊,挂件包·背部,-,
"116","仙踪林","20级5人普通",苏髓,特殊,挂件包·腰部,-,
"116","仙踪林","20级5人普通",苏髓,特殊,炼气丸,-,
"116","仙踪林","20级5人普通",苏髓,家具,蛮蕨,-,
"75","毒神殿","5人普通",塔丹茂伯,特殊,挂件包·背部,-,
"75","毒神殿","5人普通",塔丹茂伯,特殊,挂件包·腰部,-,
"75","毒神殿","5人普通",塔丹茂伯,特殊,炼气丸,-,
"75","毒神殿","5人普通",鲍穆侠,特殊,挂件包·腰部,-,
"75","毒神殿","5人普通",鲍穆侠,特殊,炼气丸,-,
"75","毒神殿","5人普通",鲍穆侠,特殊,挂件包·背部,-,
"75","毒神殿","5人普通",乌灵风,特殊,挂件包·背部,-,
"75","毒神殿","5人普通",乌灵风,特殊,挂件包·腰部,-,
"75","毒神殿","5人普通",乌灵风,特殊,炼气丸,-,
"112","毒神殿","5人英雄",塔丹茂伯,特殊,挂件包·背部,-,
"112","毒神殿","5人英雄",塔丹茂伯,特殊,圣兽之鳞,-,
"112","毒神殿","5人英雄",塔丹茂伯,特殊,炼气丸,-,
"112","毒神殿","5人英雄",塔丹茂伯,特殊,挂件包·腰部,-,
"112","毒神殿","5人英雄",鲍穆侠,特殊,炼气丸,-,
"112","毒神殿","5人英雄",鲍穆侠,特殊,挂件包·背部,-,
"112","毒神殿","5人英雄",鲍穆侠,特殊,挂件包·腰部,-,
"112","毒神殿","5人英雄",鲍穆侠,特殊,圣兽之鳞,-,
"112","毒神殿","5人英雄",乌灵风,特殊,圣兽之鳞,-,
"112","毒神殿","5人英雄",乌灵风,特殊,挂件包·背部,-,
"112","毒神殿","5人英雄",乌灵风,特殊,炼气丸,-,
"112","毒神殿","5人英雄",乌灵风,特殊,藏剑武器·山川一方,-,
"112","毒神殿","5人英雄",乌灵风,特殊,挂件包·腰部,-,
"106","法王窟","5人普通",胡鞑,特殊,挂件包·背部,-,
"106","法王窟","5人普通",胡鞑,特殊,挂件包·腰部,-,
"106","法王窟","5人普通",胡鞑,特殊,炼气丸,-,
"106","法王窟","5人普通",胡鞑,家具,异形饕餮蟾,-,
"106","法王窟","5人普通",武逸青,特殊,挂件包·背部,-,
"106","法王窟","5人普通",武逸青,特殊,挂件包·腰部,-,
"106","法王窟","5人普通",武逸青,特殊,炼气丸,-,
"106","法王窟","5人普通",智慧,特殊,挂件包·背部,-,
"106","法王窟","5人普通",智慧,特殊,挂件包·腰部,-,
"106","法王窟","5人普通",智慧,特殊,炼气丸,-,
"115","法王窟","5人英雄",胡鞑,特殊,挂件包·背部,-,
"115","法王窟","5人英雄",胡鞑,特殊,圣兽之鳞,-,
"115","法王窟","5人英雄",胡鞑,特殊,炼气丸,-,
"115","法王窟","5人英雄",胡鞑,家具,异形饕餮蟾,-,
"115","法王窟","5人英雄",胡鞑,特殊,挂件包·腰部,-,
"115","法王窟","5人英雄",武逸青,特殊,圣兽之鳞,-,
"115","法王窟","5人英雄",武逸青,特殊,挂件包·背部,-,
"115","法王窟","5人英雄",武逸青,特殊,炼气丸,-,
"115","法王窟","5人英雄",武逸青,特殊,挂件包·腰部,-,
"115","法王窟","5人英雄",智慧,特殊,圣兽之鳞,-,
"115","法王窟","5人英雄",智慧,特殊,炼气丸,-,
"115","法王窟","5人英雄",智慧,特殊,藏剑武器·山川一方,-,
"115","法王窟","5人英雄",智慧,特殊,挂件包·背部,-,
"115","法王窟","5人英雄",智慧,特殊,挂件包·腰部,-,
"107","无量宫","5人普通",桃叶仙,特殊,挂件包·背部,-,
"107","无量宫","5人普通",桃叶仙,特殊,挂件包·腰部,-,
"107","无量宫","5人普通",桃叶仙,特殊,恶人谷宝箱钥匙,-,
"107","无量宫","5人普通",桃叶仙,特殊,炼气丸,-,
"107","无量宫","5人普通",濯尘,特殊,挂件包·背部,-,
"107","无量宫","5人普通",濯尘,特殊,挂件包·腰部,-,
"107","无量宫","5人普通",濯尘,特殊,炼气丸,-,
"107","无量宫","5人普通",多多,特殊,挂件包·腰部,-,
"107","无量宫","5人普通",多多,特殊,炼气丸,-,
"107","无量宫","5人普通",多多,特殊,挂件包·背部,-,
"114","无量宫","5人英雄",桃叶仙,特殊,挂件包·背部,-,
"114","无量宫","5人英雄",桃叶仙,特殊,圣兽之鳞,-,
"114","无量宫","5人英雄",桃叶仙,特殊,炼气丸,-,
"114","无量宫","5人英雄",桃叶仙,特殊,挂件包·腰部,-,
"114","无量宫","5人英雄",桃叶仙,特殊,恶人谷宝箱钥匙,-,
"114","无量宫","5人英雄",濯尘,特殊,圣兽之鳞,-,
"114","无量宫","5人英雄",濯尘,特殊,挂件包·背部,-,
"114","无量宫","5人英雄",濯尘,特殊,炼气丸,-,
"114","无量宫","5人英雄",濯尘,特殊,挂件包·腰部,-,
"114","无量宫","5人英雄",多多,特殊,圣兽之鳞,-,
"114","无量宫","5人英雄",多多,特殊,炼气丸,-,
"114","无量宫","5人英雄",多多,特殊,藏剑武器·山川一方,-,
"114","无量宫","5人英雄",多多,特殊,挂件包·背部,-,
"114","无量宫","5人英雄",多多,特殊,挂件包·腰部,-,
"110","寂灭厅","5人普通",藏·剑邪鸠,特殊,挂件包·腰部,-,
"110","寂灭厅","5人普通",藏·剑邪鸠,特殊,炼气丸,-,
"110","寂灭厅","5人普通",藏·剑邪鸠,特殊,挂件包·背部,-,
"110","寂灭厅","5人普通",剑心,特殊,挂件包·背部,-,
"110","寂灭厅","5人普通",剑心,特殊,挂件包·腰部,-,
"110","寂灭厅","5人普通",剑心,特殊,炼气丸,-,
"110","寂灭厅","5人普通",摩提耶罗,特殊,挂件包·背部,-,
"110","寂灭厅","5人普通",摩提耶罗,特殊,挂件包·腰部,-,
"110","寂灭厅","5人普通",摩提耶罗,特殊,炼气丸,-,
"113","寂灭厅","5人英雄",藏·剑邪鸠,特殊,炼气丸,-,
"113","寂灭厅","5人英雄",藏·剑邪鸠,特殊,挂件包·背部,-,
"113","寂灭厅","5人英雄",藏·剑邪鸠,特殊,挂件包·腰部,-,
"113","寂灭厅","5人英雄",藏·剑邪鸠,特殊,圣兽之鳞,-,
"113","寂灭厅","5人英雄",剑心,特殊,挂件包·背部,-,
"113","寂灭厅","5人英雄",剑心,特殊,圣兽之鳞,-,
"113","寂灭厅","5人英雄",剑心,特殊,炼气丸,-,
"113","寂灭厅","5人英雄",剑心,特殊,挂件包·腰部,-,
"113","寂灭厅","5人英雄",摩提耶罗,特殊,圣兽之鳞,-,
"113","寂灭厅","5人英雄",摩提耶罗,特殊,挂件包·背部,-,
"113","寂灭厅","5人英雄",摩提耶罗,特殊,炼气丸,-,
"113","寂灭厅","5人英雄",摩提耶罗,特殊,藏剑武器·山川一方,-,
"113","寂灭厅","5人英雄",摩提耶罗,特殊,挂件包·腰部,-,
"123","唐门密室","5人普通",柳惊涛,特殊,挂件包·背部,-,
"123","唐门密室","5人普通",柳惊涛,特殊,挂件包·腰部,-,
"123","唐门密室","5人普通",柳惊涛,特殊,炼气丸,-,
"123","唐门密室","5人普通",机关骰子,特殊,挂件包·背部,-,
"123","唐门密室","5人普通",机关骰子,特殊,挂件包·腰部,-,
"123","唐门密室","5人普通",机关骰子,特殊,精巧的机关零件,-,
"123","唐门密室","5人普通",机关骰子,特殊,炼气丸,-,
"123","唐门密室","5人普通",机关骰子,特殊,精巧的机关部件,-,
"123","唐门密室","5人普通",汉唐,特殊,挂件包·腰部,-,
"123","唐门密室","5人普通",汉唐,特殊,炼气丸,-,
"123","唐门密室","5人普通",汉唐,特殊,挂件包·背部,-,
"123","唐门密室","5人普通",密室机关,特殊,挂件包·背部,-,
"123","唐门密室","5人普通",密室机关,特殊,挂件包·腰部,-,
"123","唐门密室","5人普通",密室机关,特殊,炼气丸,-,
"125","唐门密室","5人英雄",柳惊涛,特殊,炼气丸,-,
"125","唐门密室","5人英雄",柳惊涛,特殊,挂件包·背部,-,
"125","唐门密室","5人英雄",柳惊涛,特殊,挂件包·腰部,-,
"125","唐门密室","5人英雄",机关骰子,特殊,挂件包·背部,-,
"125","唐门密室","5人英雄",机关骰子,特殊,精巧的机关零件,-,
"125","唐门密室","5人英雄",机关骰子,特殊,炼气丸,-,
"125","唐门密室","5人英雄",机关骰子,特殊,挂件包·腰部,-,
"125","唐门密室","5人英雄",机关骰子,特殊,精巧的机关部件,-,
"125","唐门密室","5人英雄",汉唐,特殊,炼气丸,-,
"125","唐门密室","5人英雄",汉唐,特殊,挂件包·背部,-,
"125","唐门密室","5人英雄",汉唐,特殊,挂件包·腰部,-,
"125","唐门密室","5人英雄",密室机关,特殊,藏剑武器·山川一方,-,
"141","光明顶秘道","5人英雄",问寒松,特殊,挂件包·背部,-,
"141","光明顶秘道","5人英雄",问寒松,特殊,炼气丸,-,
"141","光明顶秘道","5人英雄",问寒松,特殊,挂件包·腰部,-,
"141","光明顶秘道","5人英雄",辛然、吴颖莲,特殊,挂件包·腰部,-,
"141","光明顶秘道","5人英雄",辛然、吴颖莲,特殊,炼气丸,-,
"141","光明顶秘道","5人英雄",辛然、吴颖莲,特殊,挂件包·背部,-,
"141","光明顶秘道","5人英雄",薛山,特殊,挂件包·腰部,-,
"141","光明顶秘道","5人英雄",薛山,特殊,炼气丸,-,
"141","光明顶秘道","5人英雄",薛山,家具,圣火石灯,-,
"141","光明顶秘道","5人英雄",薛山,特殊,挂件包·背部,-,
"141","光明顶秘道","5人英雄",西域狮王,特殊,铃铛,-,
"141","光明顶秘道","5人英雄",西域狮王,特殊,挂件包·背部,-,
"141","光明顶秘道","5人英雄",西域狮王,特殊,炼气丸,-,
"141","光明顶秘道","5人英雄",西域狮王,特殊,藏剑武器·山川一方,-,
"141","光明顶秘道","5人英雄",西域狮王,特殊,挂件包·腰部,-,
"142","光明顶秘道","5人普通",问寒松,特殊,挂件包·背部,-,
"142","光明顶秘道","5人普通",问寒松,特殊,炼气丸,-,
"142","光明顶秘道","5人普通",问寒松,特殊,挂件包·腰部,-,
"142","光明顶秘道","5人普通",辛然、吴颖莲,特殊,炼气丸,-,
"142","光明顶秘道","5人普通",辛然、吴颖莲,特殊,挂件包·背部,-,
"142","光明顶秘道","5人普通",辛然、吴颖莲,特殊,挂件包·腰部,-,
"142","光明顶秘道","5人普通",薛山,家具,圣火石灯,-,
"142","光明顶秘道","5人普通",薛山,特殊,挂件包·背部,-,
"142","光明顶秘道","5人普通",薛山,特殊,炼气丸,-,
"142","光明顶秘道","5人普通",薛山,特殊,挂件包·腰部,-,
"67","荻花宫后山","10人普通",罗索斯,特殊,天外陨铁,-,
"67","荻花宫后山","10人普通",罗索斯,特殊,猫眼石,-,
"67","荻花宫后山","10人普通",罗索斯,特殊,玛瑙,-,
"67","荻花宫后山","10人普通",水烟,特殊,玛瑙,-,
"67","荻花宫后山","10人普通",水烟,特殊,猫眼石,-,
"67","荻花宫后山","10人普通",水烟,特殊,天外陨铁,-,
"67","荻花宫后山","10人普通",提坦德亚罗,特殊,玛瑙,-,
"67","荻花宫后山","10人普通",提坦德亚罗,特殊,猫眼石,-,
"67","荻花宫后山","10人普通",提坦德亚罗,特殊,天外陨铁,-,
"67","荻花宫后山","10人普通",牡丹,特殊,猫眼石,-,
"67","荻花宫后山","10人普通",牡丹,特殊,天外陨铁,-,
"67","荻花宫后山","10人普通",牡丹,特殊,藏剑武器·甘风隐华,-,
"67","荻花宫后山","10人普通",牡丹,家具,阿里曼花架,-,
"67","荻花宫后山","10人普通",牡丹,特殊,玛瑙,-,
"73","荻花宫后山","25人英雄",罗索斯,特殊,荻魂钢·腰带,-,
"73","荻花宫后山","25人英雄",罗索斯,特殊,荻魂石·腰带,-,
"73","荻花宫后山","25人英雄",罗索斯,特殊,荻魂玉·腰带,-,
"73","荻花宫后山","25人英雄",罗索斯,特殊,玄武磨石,-,
"73","荻花宫后山","25人英雄",罗索斯,特殊,花岗磨石,-,
"73","荻花宫后山","25人英雄",罗索斯,特殊,晶凝磨石,-,
"73","荻花宫后山","25人英雄",罗索斯,特殊,灵璧磨石,-,
"73","荻花宫后山","25人英雄",罗索斯,特殊,荻魂岩·腰带,-,
"73","荻花宫后山","25人英雄",罗索斯,特殊,荻魂矾·腰带,-,
"73","荻花宫后山","25人英雄",水烟,特殊,荻魂钢·鞋,-,
"73","荻花宫后山","25人英雄",水烟,特殊,荻魂石·鞋,-,
"73","荻花宫后山","25人英雄",水烟,特殊,荻魂玉·鞋,-,
"73","荻花宫后山","25人英雄",水烟,特殊,荻魂岩·鞋,-,
"73","荻花宫后山","25人英雄",水烟,特殊,荻魂矾·鞋,-,
"73","荻花宫后山","25人英雄",提坦德亚罗,特殊,荻魂钢·衣,-,
"73","荻花宫后山","25人英雄",提坦德亚罗,特殊,荻魂石·衣,-,
"73","荻花宫后山","25人英雄",提坦德亚罗,特殊,荻魂玉·衣,-,
"73","荻花宫后山","25人英雄",提坦德亚罗,特殊,流纹磨石,-,
"73","荻花宫后山","25人英雄",提坦德亚罗,特殊,角砾磨石,-,
"73","荻花宫后山","25人英雄",提坦德亚罗,特殊,云英磨石,-,
"73","荻花宫后山","25人英雄",提坦德亚罗,特殊,云锡磨石,-,
"73","荻花宫后山","25人英雄",提坦德亚罗,特殊,荻魂岩·衣,-,
"73","荻花宫后山","25人英雄",提坦德亚罗,特殊,荻魂矾·衣,-,
"73","荻花宫后山","25人英雄",牡丹,家具,阿里曼花架,-,
"51","剑冢","5人普通",叶芳致,特殊,挂件包·背部,-,
"51","剑冢","5人普通",叶芳致,特殊,挂件包·腰部,-,
"51","剑冢","5人普通",叶芳致,特殊,炼气丸,-,
"51","剑冢","5人普通",叶琦菲,特殊,武诀·蹑云逐月第四重,-,
"51","剑冢","5人普通",叶琦菲,特殊,挂件包·背部,-,
"51","剑冢","5人普通",叶琦菲,特殊,挂件包·腰部,-,
"51","剑冢","5人普通",叶琦菲,特殊,炼气丸,-,
"51","剑冢","5人普通",叶琦菲,特殊,武诀·蹑云逐月第三重,-,
"51","剑冢","5人普通",夜啸,特殊,挂件包·背部,-,
"51","剑冢","5人普通",夜啸,特殊,挂件包·腰部,-,
"51","剑冢","5人普通",夜啸,特殊,炼气丸,-,
"51","剑冢","5人普通",叶无心,特殊,挂件包·背部,-,
"51","剑冢","5人普通",叶无心,特殊,挂件包·腰部,-,
"51","剑冢","5人普通",叶无心,特殊,炼气丸,-,
"62","剑冢","5人英雄",叶火汐,特殊,挂件包·背部,-,
"62","剑冢","5人英雄",叶火汐,特殊,挂件包·腰部,-,
"62","剑冢","5人英雄",叶火汐,特殊,炼气丸,-,
"62","剑冢","5人英雄",叶昊天,特殊,挂件包·背部,-,
"62","剑冢","5人英雄",叶昊天,特殊,挂件包·腰部,-,
"62","剑冢","5人英雄",叶昊天,特殊,炼气丸,-,
"62","剑冢","5人英雄",叶金素,特殊,挂件包·背部,-,
"62","剑冢","5人英雄",叶金素,特殊,挂件包·腰部,-,
"62","剑冢","5人英雄",叶金素,特殊,炼气丸,-,
"62","剑冢","5人英雄",叶冬辰,特殊,挂件包·背部,-,
"62","剑冢","5人英雄",叶冬辰,特殊,挂件包·腰部,-,
"62","剑冢","5人英雄",叶冬辰,特殊,炼气丸,-,
"62","剑冢","5人英雄",叶冬辰,特殊,藏剑武器·山川一方,-,
"62","剑冢","5人英雄",叶凌烈,特殊,挂件包·背部,-,
"62","剑冢","5人英雄",叶凌烈,特殊,挂件包·腰部,-,
"62","剑冢","5人英雄",叶凌烈,特殊,炼气丸,-,
"62","剑冢","5人英雄",叶无心,特殊,挂件包·背部,-,
"62","剑冢","5人英雄",叶无心,特殊,挂件包·腰部,-,
"62","剑冢","5人英雄",叶无心,特殊,炼气丸,-,
"62","剑冢","5人英雄",叶秋池,特殊,挂件包·背部,-,
"62","剑冢","5人英雄",叶秋池,特殊,挂件包·腰部,-,
"62","剑冢","5人英雄",叶秋池,特殊,炼气丸,-,
"62","剑冢","5人英雄",叶秋池,特殊,藏剑武器·山川一方,-,
"60","持国天王殿","10人普通",提多罗吒,特殊,天外陨铁,-,
"60","持国天王殿","10人普通",提多罗吒,特殊,纯阳诀其二,-,
"60","持国天王殿","10人普通",提多罗吒,特殊,大力金刚掌第二式,-,
"60","持国天王殿","10人普通",提多罗吒,特殊,太宗兵法第二章,-,
"60","持国天王殿","10人普通",提多罗吒,特殊,太宗兵法第三章,-,
"60","持国天王殿","10人普通",提多罗吒,特殊,大力金刚掌第三式,-,
"60","持国天王殿","10人普通",提多罗吒,特殊,万花岐黄术第二章,-,
"60","持国天王殿","10人普通",提多罗吒,特殊,万花岐黄术第三章,-,
"60","持国天王殿","10人普通",提多罗吒,特殊,纯阳诀其三,-,
"60","持国天王殿","10人普通",提多罗吒,特殊,七秀剑舞诀第二章,-,
"60","持国天王殿","10人普通",提多罗吒,特殊,玛瑙,-,
"60","持国天王殿","10人普通",提多罗吒,特殊,猫眼石,-,
"60","持国天王殿","10人普通",提多罗吒,特殊,七秀剑舞诀第三章,-,
"65","持国天王殿","25人普通",提多罗吒,特殊,天外陨铁,-,
"65","持国天王殿","25人普通",提多罗吒,特殊,纯阳诀其二,-,
"65","持国天王殿","25人普通",提多罗吒,特殊,纯阳诀其三,-,
"65","持国天王殿","25人普通",提多罗吒,特殊,大力金刚掌第二式,-,
"65","持国天王殿","25人普通",提多罗吒,特殊,大力金刚掌第三式,-,
"65","持国天王殿","25人普通",提多罗吒,特殊,七秀剑舞诀第二章,-,
"65","持国天王殿","25人普通",提多罗吒,特殊,七秀剑舞诀第三章,-,
"65","持国天王殿","25人普通",提多罗吒,特殊,太宗兵法第三章,-,
"65","持国天王殿","25人普通",提多罗吒,特殊,万花岐黄术第三章,-,
"65","持国天王殿","25人普通",提多罗吒,特殊,太宗兵法第二章,-,
"65","持国天王殿","25人普通",提多罗吒,特殊,万花岐黄术第二章,-,
"65","持国天王殿","25人普通",提多罗吒,特殊,《西河剑器·月华倾泻》穴位图断篇,-,
"66","持国天王殿","25人英雄",提多罗吒,特殊,天外陨铁,-,
"66","持国天王殿","25人英雄",提多罗吒,特殊,大力金刚掌第二式,-,
"66","持国天王殿","25人英雄",提多罗吒,特殊,大力金刚掌第三式,-,
"66","持国天王殿","25人英雄",提多罗吒,特殊,七秀剑舞诀第二章,-,
"66","持国天王殿","25人英雄",提多罗吒,特殊,七秀剑舞诀第三章,-,
"66","持国天王殿","25人英雄",提多罗吒,特殊,三宿钢·印,-,
"66","持国天王殿","25人英雄",提多罗吒,特殊,太宗兵法第二章,-,
"66","持国天王殿","25人英雄",提多罗吒,特殊,太宗兵法第三章,-,
"66","持国天王殿","25人英雄",提多罗吒,特殊,万花岐黄术第二章,-,
"66","持国天王殿","25人英雄",提多罗吒,特殊,万花岐黄术第三章,-,
"66","持国天王殿","25人英雄",提多罗吒,特殊,《西河剑器·月华倾泻》穴位图断篇,-,
"66","持国天王殿","25人英雄",提多罗吒,特殊,三宿石·印,-,
"66","持国天王殿","25人英雄",提多罗吒,特殊,三宿岩·印,-,
"66","持国天王殿","25人英雄",提多罗吒,特殊,三宿矾·印,-,
"66","持国天王殿","25人英雄",提多罗吒,特殊,三宿玉·印,-,
"66","持国天王殿","25人英雄",提多罗吒,特殊,纯阳诀其二,-,
"66","持国天王殿","25人英雄",提多罗吒,特殊,纯阳诀其三,-,
"61","宫中神武遗迹","10人普通",谢云流,家具,相扑力士像,-,
"61","宫中神武遗迹","10人普通",谢云流,特殊,天外陨铁,-,
"61","宫中神武遗迹","10人普通",谢云流,特殊,纯阳诀其三,-,
"61","宫中神武遗迹","10人普通",谢云流,特殊,七秀剑舞诀第三章,-,
"61","宫中神武遗迹","10人普通",谢云流,特殊,太宗兵法第二章,-,
"61","宫中神武遗迹","10人普通",谢云流,特殊,大力金刚掌第二式,-,
"61","宫中神武遗迹","10人普通",谢云流,特殊,太宗兵法第三章,-,
"61","宫中神武遗迹","10人普通",谢云流,特殊,万花岐黄术第二章,-,
"61","宫中神武遗迹","10人普通",谢云流,特殊,纯阳诀其二,-,
"61","宫中神武遗迹","10人普通",谢云流,特殊,大力金刚掌第三式,-,
"61","宫中神武遗迹","10人普通",谢云流,特殊,万花岐黄术第三章,-,
"61","宫中神武遗迹","10人普通",谢云流,特殊,玛瑙,-,
"61","宫中神武遗迹","10人普通",谢云流,特殊,七秀剑舞诀第二章,-,
"61","宫中神武遗迹","10人普通",谢云流,特殊,猫眼石,-,
"63","宫中神武遗迹","25人英雄",谢云流,特殊,《西河剑器·月华倾泻》穴位图断篇,-,
"63","宫中神武遗迹","25人英雄",谢云流,特殊,纯阳诀其三,-,
"63","宫中神武遗迹","25人英雄",谢云流,特殊,大力金刚掌第二式,-,
"63","宫中神武遗迹","25人英雄",谢云流,特殊,大力金刚掌第三式,-,
"63","宫中神武遗迹","25人英雄",谢云流,特殊,七秀剑舞诀第二章,-,
"63","宫中神武遗迹","25人英雄",谢云流,特殊,天外陨铁,-,
"63","宫中神武遗迹","25人英雄",谢云流,特殊,七秀剑舞诀第三章,-,
"63","宫中神武遗迹","25人英雄",谢云流,特殊,太宗兵法第二章,-,
"63","宫中神武遗迹","25人英雄",谢云流,特殊,太宗兵法第三章,-,
"63","宫中神武遗迹","25人英雄",谢云流,特殊,万花岐黄术第二章,-,
"63","宫中神武遗迹","25人英雄",谢云流,家具,相扑力士像,-,
"63","宫中神武遗迹","25人英雄",谢云流,特殊,三宿钢·戒,-,
"63","宫中神武遗迹","25人英雄",谢云流,特殊,万花岐黄术第三章,-,
"63","宫中神武遗迹","25人英雄",谢云流,特殊,三宿岩·戒,-,
"63","宫中神武遗迹","25人英雄",谢云流,特殊,三宿矾·戒,-,
"63","宫中神武遗迹","25人英雄",谢云流,特殊,三宿石·戒,-,
"63","宫中神武遗迹","25人英雄",谢云流,特殊,三宿玉·戒,-,
"63","宫中神武遗迹","25人英雄",谢云流,特殊,纯阳诀其二,-,
"64","宫中神武遗迹","25人普通",谢云流,特殊,《西河剑器·月华倾泻》穴位图断篇,-,
"64","宫中神武遗迹","25人普通",谢云流,特殊,天外陨铁,-,
"64","宫中神武遗迹","25人普通",谢云流,特殊,纯阳诀其二,-,
"64","宫中神武遗迹","25人普通",谢云流,特殊,纯阳诀其三,-,
"64","宫中神武遗迹","25人普通",谢云流,特殊,大力金刚掌第二式,-,
"64","宫中神武遗迹","25人普通",谢云流,特殊,大力金刚掌第三式,-,
"64","宫中神武遗迹","25人普通",谢云流,特殊,七秀剑舞诀第二章,-,
"64","宫中神武遗迹","25人普通",谢云流,特殊,太宗兵法第二章,-,
"64","宫中神武遗迹","25人普通",谢云流,特殊,万花岐黄术第二章,-,
"64","宫中神武遗迹","25人普通",谢云流,特殊,七秀剑舞诀第三章,-,
"64","宫中神武遗迹","25人普通",谢云流,特殊,太宗兵法第三章,-,
"64","宫中神武遗迹","25人普通",谢云流,特殊,万花岐黄术第三章,-,
"64","宫中神武遗迹","25人普通",谢云流,家具,相扑力士像,-,
"32","战宝迦兰","10人普通",王海银,特殊,天外陨铁,-,
"32","战宝迦兰","10人普通",王海银,特殊,七秀剑舞诀第一章,-,
"32","战宝迦兰","10人普通",王海银,特殊,玛瑙,-,
"32","战宝迦兰","10人普通",王海银,特殊,猫眼石,-,
"32","战宝迦兰","10人普通",朱癸,特殊,天外陨铁,-,
"32","战宝迦兰","10人普通",朱癸,特殊,万花岐黄术第一章,-,
"32","战宝迦兰","10人普通",朱癸,特殊,玛瑙,-,
"32","战宝迦兰","10人普通",朱癸,特殊,猫眼石,-,
"32","战宝迦兰","10人普通",平等,特殊,天外陨铁,-,
"32","战宝迦兰","10人普通",平等,特殊,太宗兵法第一章,-,
"32","战宝迦兰","10人普通",平等,特殊,玛瑙,-,
"32","战宝迦兰","10人普通",平等,特殊,猫眼石,-,
"32","战宝迦兰","10人普通",掌火,特殊,天外陨铁,-,
"32","战宝迦兰","10人普通",掌火,特殊,纯阳诀其一,-,
"32","战宝迦兰","10人普通",掌火,特殊,玛瑙,-,
"32","战宝迦兰","10人普通",掌火,特殊,猫眼石,-,
"32","战宝迦兰","10人普通",镇恶,特殊,猫眼石,-,
"32","战宝迦兰","10人普通",镇恶,特殊,天外陨铁,-,
"32","战宝迦兰","10人普通",镇恶,特殊,大力金刚掌第一式,-,
"32","战宝迦兰","10人普通",镇恶,特殊,玛瑙,-,
"32","战宝迦兰","10人普通",餐风、饮火、吞云,特殊,藏剑武器·延陵流安,-,
"32","战宝迦兰","10人普通",餐风、饮火、吞云,特殊,天外陨铁,-,
"32","战宝迦兰","10人普通",餐风、饮火、吞云,特殊,飞仙玄晶,-,
"32","战宝迦兰","10人普通",餐风、饮火、吞云,特殊,玛瑙,-,
"32","战宝迦兰","10人普通",餐风、饮火、吞云,特殊,猫眼石,-,
"32","战宝迦兰","10人普通",千手观音,家具,菩提会石灯,-,
"32","战宝迦兰","10人普通",千手观音,特殊,天外陨铁,-,
"32","战宝迦兰","10人普通",千手观音,特殊,飞仙玄晶,-,
"32","战宝迦兰","10人普通",千手观音,特殊,纯阳诀其一,-,
"32","战宝迦兰","10人普通",千手观音,特殊,大力金刚掌第一式,-,
"32","战宝迦兰","10人普通",千手观音,特殊,七秀剑舞诀第一章,-,
"32","战宝迦兰","10人普通",千手观音,特殊,太宗兵法第一章,-,
"32","战宝迦兰","10人普通",千手观音,特殊,万花岐黄术第一章,-,
"32","战宝迦兰","10人普通",千手观音,特殊,玛瑙,-,
"32","战宝迦兰","10人普通",千手观音,特殊,猫眼石,-,
"32","战宝迦兰","10人普通",千手观音,特殊,藏剑武器·明祥华烛,-,
"46","战宝迦兰","25人英雄",王海银,特殊,剑茗护腕·少林,-,
"46","战宝迦兰","25人英雄",王海银,特殊,剑茗护腕·天策,-,
"46","战宝迦兰","25人英雄",王海银,特殊,剑茗护腕·七秀,-,
"46","战宝迦兰","25人英雄",王海银,特殊,剑茗护腕·万花,-,
"46","战宝迦兰","25人英雄",王海银,特殊,剑茗护腕·丐帮,-,
"46","战宝迦兰","25人英雄",王海银,特殊,剑茗护腕·藏剑,-,
"46","战宝迦兰","25人英雄",王海银,特殊,剑茗护腕·唐门,-,
"46","战宝迦兰","25人英雄",王海银,特殊,天外陨铁,-,
"46","战宝迦兰","25人英雄",王海银,特殊,剑茗护腕·苍云,-,
"46","战宝迦兰","25人英雄",王海银,特殊,剑茗护腕·霸刀,-,
"46","战宝迦兰","25人英雄",王海银,特殊,剑茗护腕·纯阳,-,
"46","战宝迦兰","25人英雄",王海银,特殊,剑茗护腕·五毒,-,
"46","战宝迦兰","25人英雄",王海银,特殊,剑茗护腕·明教,-,
"46","战宝迦兰","25人英雄",王海银,特殊,剑茗护腕·长歌,-,
"46","战宝迦兰","25人英雄",王海银,特殊,剑茗护腕·蓬莱,-,
"46","战宝迦兰","25人英雄",王海银,特殊,七秀剑舞诀第一章,-,
"46","战宝迦兰","25人英雄",王海银,特殊,剑茗护腕·凌雪阁,-,
"46","战宝迦兰","25人英雄",朱癸,特殊,剑茗帽·少林,-,
"46","战宝迦兰","25人英雄",朱癸,特殊,剑茗帽·五毒,-,
"46","战宝迦兰","25人英雄",朱癸,特殊,剑茗帽·丐帮,-,
"46","战宝迦兰","25人英雄",朱癸,特殊,剑茗帽·唐门,-,
"46","战宝迦兰","25人英雄",朱癸,特殊,剑茗帽·霸刀,-,
"46","战宝迦兰","25人英雄",朱癸,特殊,剑茗帽·万花,-,
"46","战宝迦兰","25人英雄",朱癸,特殊,剑茗帽·藏剑,-,
"46","战宝迦兰","25人英雄",朱癸,特殊,万花岐黄术第一章,-,
"46","战宝迦兰","25人英雄",朱癸,特殊,剑茗帽·苍云,-,
"46","战宝迦兰","25人英雄",朱癸,特殊,剑茗帽·天策,-,
"46","战宝迦兰","25人英雄",朱癸,特殊,剑茗帽·七秀,-,
"46","战宝迦兰","25人英雄",朱癸,特殊,剑茗帽·蓬莱,-,
"46","战宝迦兰","25人英雄",朱癸,特殊,剑茗帽·明教,-,
"46","战宝迦兰","25人英雄",朱癸,特殊,剑茗帽·纯阳,-,
"46","战宝迦兰","25人英雄",朱癸,特殊,天外陨铁,-,
"46","战宝迦兰","25人英雄",朱癸,特殊,剑茗帽·长歌,-,
"46","战宝迦兰","25人英雄",朱癸,特殊,剑茗帽·凌雪阁,-,
"46","战宝迦兰","25人英雄",平等,特殊,剑茗鞋·少林,-,
"46","战宝迦兰","25人英雄",平等,特殊,剑茗鞋·天策,-,
"46","战宝迦兰","25人英雄",平等,特殊,剑茗鞋·万花,-,
"46","战宝迦兰","25人英雄",平等,特殊,太宗兵法第一章,-,
"46","战宝迦兰","25人英雄",平等,特殊,剑茗鞋·长歌,-,
"46","战宝迦兰","25人英雄",平等,特殊,天外陨铁,-,
"46","战宝迦兰","25人英雄",平等,特殊,剑茗鞋·凌雪阁,-,
"46","战宝迦兰","25人英雄",平等,特殊,剑茗鞋·丐帮,-,
"46","战宝迦兰","25人英雄",平等,特殊,剑茗鞋·唐门,-,
"46","战宝迦兰","25人英雄",平等,特殊,剑茗鞋·霸刀,-,
"46","战宝迦兰","25人英雄",平等,特殊,剑茗鞋·七秀,-,
"46","战宝迦兰","25人英雄",平等,特殊,剑茗鞋·纯阳,-,
"46","战宝迦兰","25人英雄",平等,特殊,剑茗鞋·藏剑,-,
"46","战宝迦兰","25人英雄",平等,特殊,剑茗鞋·五毒,-,
"46","战宝迦兰","25人英雄",平等,特殊,剑茗鞋·苍云,-,
"46","战宝迦兰","25人英雄",平等,特殊,剑茗鞋·蓬莱,-,
"46","战宝迦兰","25人英雄",平等,特殊,剑茗鞋·明教,-,
"46","战宝迦兰","25人英雄",掌火,特殊,剑茗裤·少林,-,
"46","战宝迦兰","25人英雄",掌火,特殊,剑茗裤·凌雪阁,-,
"46","战宝迦兰","25人英雄",掌火,特殊,剑茗裤·丐帮,-,
"46","战宝迦兰","25人英雄",掌火,特殊,剑茗裤·七秀,-,
"46","战宝迦兰","25人英雄",掌火,特殊,剑茗裤·纯阳,-,
"46","战宝迦兰","25人英雄",掌火,特殊,剑茗裤·霸刀,-,
"46","战宝迦兰","25人英雄",掌火,特殊,剑茗裤·唐门,-,
"46","战宝迦兰","25人英雄",掌火,特殊,纯阳诀其一,-,
"46","战宝迦兰","25人英雄",掌火,特殊,剑茗裤·天策,-,
"46","战宝迦兰","25人英雄",掌火,特殊,天外陨铁,-,
"46","战宝迦兰","25人英雄",掌火,特殊,剑茗裤·藏剑,-,
"46","战宝迦兰","25人英雄",掌火,特殊,剑茗裤·苍云,-,
"46","战宝迦兰","25人英雄",掌火,特殊,剑茗裤·蓬莱,-,
"46","战宝迦兰","25人英雄",掌火,特殊,剑茗裤·万花,-,
"46","战宝迦兰","25人英雄",掌火,特殊,剑茗裤·五毒,-,
"46","战宝迦兰","25人英雄",掌火,特殊,剑茗裤·明教,-,
"46","战宝迦兰","25人英雄",掌火,特殊,剑茗裤·长歌,-,
"46","战宝迦兰","25人英雄",镇恶,特殊,剑茗腰带·少林,-,
"46","战宝迦兰","25人英雄",镇恶,特殊,剑茗腰带·凌雪阁,-,
"46","战宝迦兰","25人英雄",镇恶,特殊,剑茗腰带·长歌,-,
"46","战宝迦兰","25人英雄",镇恶,特殊,剑茗腰带·万花,-,
"46","战宝迦兰","25人英雄",镇恶,特殊,剑茗腰带·丐帮,-,
"46","战宝迦兰","25人英雄",镇恶,特殊,剑茗腰带·霸刀,-,
"46","战宝迦兰","25人英雄",镇恶,特殊,剑茗腰带·唐门,-,
"46","战宝迦兰","25人英雄",镇恶,特殊,剑茗腰带·天策,-,
"46","战宝迦兰","25人英雄",镇恶,特殊,天外陨铁,-,
"46","战宝迦兰","25人英雄",镇恶,特殊,大力金刚掌第一式,-,
"46","战宝迦兰","25人英雄",镇恶,特殊,剑茗腰带·苍云,-,
"46","战宝迦兰","25人英雄",镇恶,特殊,剑茗腰带·蓬莱,-,
"46","战宝迦兰","25人英雄",镇恶,特殊,剑茗腰带·七秀,-,
"46","战宝迦兰","25人英雄",镇恶,特殊,剑茗腰带·纯阳,-,
"46","战宝迦兰","25人英雄",镇恶,特殊,剑茗腰带·藏剑,-,
"46","战宝迦兰","25人英雄",镇恶,特殊,剑茗腰带·五毒,-,
"46","战宝迦兰","25人英雄",镇恶,特殊,剑茗腰带·明教,-,
"46","战宝迦兰","25人英雄",餐风、饮火、吞云,特殊,剑茗衣·少林,-,
"46","战宝迦兰","25人英雄",餐风、饮火、吞云,特殊,剑茗衣·天策,-,
"46","战宝迦兰","25人英雄",餐风、饮火、吞云,特殊,剑茗衣·七秀,-,
"46","战宝迦兰","25人英雄",餐风、饮火、吞云,特殊,剑茗衣·纯阳,-,
"46","战宝迦兰","25人英雄",餐风、饮火、吞云,特殊,天外陨铁,-,
"46","战宝迦兰","25人英雄",餐风、饮火、吞云,特殊,剑茗衣·五毒,-,
"46","战宝迦兰","25人英雄",餐风、饮火、吞云,特殊,剑茗衣·丐帮,-,
"46","战宝迦兰","25人英雄",餐风、饮火、吞云,特殊,剑茗衣·霸刀,-,
"46","战宝迦兰","25人英雄",餐风、饮火、吞云,特殊,剑茗衣·凌雪阁,-,
"46","战宝迦兰","25人英雄",餐风、饮火、吞云,特殊,剑茗衣·唐门,-,
"46","战宝迦兰","25人英雄",餐风、饮火、吞云,特殊,剑茗衣·藏剑,-,
"46","战宝迦兰","25人英雄",餐风、饮火、吞云,特殊,剑茗衣·万花,-,
"46","战宝迦兰","25人英雄",餐风、饮火、吞云,特殊,剑茗衣·苍云,-,
"46","战宝迦兰","25人英雄",餐风、饮火、吞云,特殊,剑茗衣·蓬莱,-,
"46","战宝迦兰","25人英雄",餐风、饮火、吞云,特殊,剑茗衣·明教,-,
"46","战宝迦兰","25人英雄",餐风、饮火、吞云,特殊,飞仙玄晶,-,
"46","战宝迦兰","25人英雄",餐风、饮火、吞云,特殊,剑茗衣·长歌,-,
"46","战宝迦兰","25人英雄",千手观音,家具,菩提会石灯,-,
"46","战宝迦兰","25人英雄",千手观音,特殊,飞仙玄晶,-,
"46","战宝迦兰","25人英雄",千手观音,特殊,三宿石·项链,-,
"46","战宝迦兰","25人英雄",千手观音,特殊,三宿玉·项链,-,
"46","战宝迦兰","25人英雄",千手观音,特殊,太宗兵法第一章,-,
"46","战宝迦兰","25人英雄",千手观音,特殊,天外陨铁,-,
"46","战宝迦兰","25人英雄",千手观音,特殊,纯阳诀其一,-,
"46","战宝迦兰","25人英雄",千手观音,特殊,万花岐黄术第一章,-,
"46","战宝迦兰","25人英雄",千手观音,特殊,大力金刚掌第一式,-,
"46","战宝迦兰","25人英雄",千手观音,特殊,三宿岩·项链,-,
"46","战宝迦兰","25人英雄",千手观音,特殊,七秀剑舞诀第一章,-,
"46","战宝迦兰","25人英雄",千手观音,特殊,三宿钢·项链,-,
"46","战宝迦兰","25人英雄",千手观音,特殊,三宿矾·项链,-,
"14","灵霄峡","5人普通",虎啸,特殊,挂件包·背部,-,
"14","灵霄峡","5人普通",虎啸,特殊,挂件包·腰部,-,
"14","灵霄峡","5人普通",虎啸,特殊,达摩洗髓经上篇·无我,-,
"14","灵霄峡","5人普通",虎啸,特殊,炼气丸,-,
"14","灵霄峡","5人普通",虎啸,特殊,牢笼钥匙,-,
"14","灵霄峡","5人普通",射云,特殊,挂件包·背部,-,
"14","灵霄峡","5人普通",射云,特殊,挂件包·腰部,-,
"14","灵霄峡","5人普通",射云,特殊,炼气丸,-,
"14","灵霄峡","5人普通",射云,特殊,达摩洗髓经下篇·无相,-,
"14","灵霄峡","5人普通",华鹤炎,特殊,挂件包·背部,-,
"14","灵霄峡","5人普通",华鹤炎,特殊,挂件包·腰部,-,
"14","灵霄峡","5人普通",华鹤炎,特殊,炼气丸,-,
"14","灵霄峡","5人普通",神策暗刺卫,特殊,挂件包·背部,-,
"14","灵霄峡","5人普通",神策暗刺卫,特殊,挂件包·腰部,-,
"14","灵霄峡","5人普通",神策暗刺卫,特殊,炼气丸,-,
"45","灵霄峡","5人英雄",慧钟,特殊,达摩洗髓经上篇·无我,-,
"45","灵霄峡","5人英雄",慧钟,特殊,伏魔袈裟,-,
"45","灵霄峡","5人英雄",慧钟,特殊,炼气丸,-,
"45","灵霄峡","5人英雄",慧钟,特殊,玄铁碎片,-,
"45","灵霄峡","5人英雄",慧钟,特殊,挂件包·背部,-,
"45","灵霄峡","5人英雄",慧钟,特殊,挂件包·腰部,-,
"45","灵霄峡","5人英雄",千叶佛像,特殊,玄铁碎片,-,
"45","灵霄峡","5人英雄",千叶佛像,特殊,挂件包·腰部,-,
"45","灵霄峡","5人英雄",千叶佛像,特殊,达摩洗髓经下篇·无相,-,
"45","灵霄峡","5人英雄",千叶佛像,特殊,炼气丸,-,
"45","灵霄峡","5人英雄",千叶佛像,特殊,挂件包·背部,-,
"45","灵霄峡","5人英雄",水中月、镜中花、空中云,特殊,挂件包·腰部,-,
"45","灵霄峡","5人英雄",水中月、镜中花、空中云,特殊,玄铁碎片,-,
"45","灵霄峡","5人英雄",水中月、镜中花、空中云,特殊,沙罗杖,-,
"45","灵霄峡","5人英雄",水中月、镜中花、空中云,特殊,炼气丸,-,
"45","灵霄峡","5人英雄",水中月、镜中花、空中云,特殊,藏剑武器·山川一方,-,
"45","灵霄峡","5人英雄",水中月、镜中花、空中云,特殊,挂件包·背部,-,
"17","天工坊","5人普通",方季常,特殊,挂件包·背部,-,
"17","天工坊","5人普通",方季常,特殊,挂件包·腰部,-,
"17","天工坊","5人普通",方季常,特殊,炼气丸,-,
"17","天工坊","5人普通",平三指,特殊,挂件包·背部,-,
"17","天工坊","5人普通",平三指,特殊,挂件包·腰部,-,
"17","天工坊","5人普通",平三指,特殊,炼气丸,-,
"17","天工坊","5人普通",震天甲士,特殊,挂件包·背部,-,
"17","天工坊","5人普通",震天甲士,特殊,挂件包·腰部,-,
"17","天工坊","5人普通",震天甲士,特殊,炼气丸,-,
"17","天工坊","5人普通",震天甲士,家具,天工机关木桩,-,
"17","天工坊","5人普通",华铁颅,特殊,挂件包·背部,-,
"17","天工坊","5人普通",华铁颅,特殊,挂件包·腰部,-,
"17","天工坊","5人普通",华铁颅,特殊,炼气丸,-,
"37","天工坊","5人英雄",煞灵魔尸,特殊,挂件包·腰部,-,
"37","天工坊","5人英雄",煞灵魔尸,特殊,玄铁碎片,-,
"37","天工坊","5人英雄",煞灵魔尸,特殊,炼气丸,-,
"37","天工坊","5人英雄",煞灵魔尸,特殊,挂件包·背部,-,
"37","天工坊","5人英雄",塔玛,特殊,精准木甲素材,-,
"37","天工坊","5人英雄",塔玛,特殊,挂件包·背部,-,
"37","天工坊","5人英雄",塔玛,特殊,挂件包·腰部,-,
"37","天工坊","5人英雄",塔玛,特殊,炼气丸,-,
"37","天工坊","5人英雄",塔玛,特殊,玄铁碎片,-,
"37","天工坊","5人英雄",司徒一一,特殊,挂件包·腰部,-,
"37","天工坊","5人英雄",司徒一一,特殊,炼气丸,-,
"37","天工坊","5人英雄",司徒一一,特殊,藏剑武器·山川一方,-,
"37","天工坊","5人英雄",司徒一一,特殊,精准木甲素材,-,
"37","天工坊","5人英雄",司徒一一,特殊,玄铁碎片,-,
"37","天工坊","5人英雄",司徒一一,特殊,挂件包·背部,-,
"18","无盐岛","5人普通",罗翼,特殊,挂件包·背部,-,
"18","无盐岛","5人普通",罗翼,特殊,挂件包·腰部,-,
"18","无盐岛","5人普通",罗翼,特殊,炼气丸,-,
"18","无盐岛","5人普通",常万山,特殊,挂件包·腰部,-,
"18","无盐岛","5人普通",常万山,特殊,炼气丸,-,
"18","无盐岛","5人普通",常万山,特殊,挂件包·背部,-,
"18","无盐岛","5人普通",杜姬欣,特殊,挂件包·背部,-,
"18","无盐岛","5人普通",杜姬欣,特殊,挂件包·腰部,-,
"18","无盐岛","5人普通",杜姬欣,特殊,炼气丸,-,
"18","无盐岛","5人普通",温纱儿,特殊,挂件包·背部,-,
"18","无盐岛","5人普通",温纱儿,特殊,挂件包·腰部,-,
"18","无盐岛","5人普通",温纱儿,特殊,炼气丸,-,
"41","无盐岛","5人英雄",罗翼,特殊,神仙自在说,-,
"41","无盐岛","5人英雄",罗翼,特殊,炼气丸,-,
"41","无盐岛","5人英雄",罗翼,特殊,玄铁碎片,-,
"41","无盐岛","5人英雄",罗翼,特殊,挂件包·背部,-,
"41","无盐岛","5人英雄",罗翼,特殊,挂件包·腰部,-,
"41","无盐岛","5人英雄",庞虎文,特殊,玄铁碎片,-,
"41","无盐岛","5人英雄",庞虎文,特殊,挂件包·腰部,-,
"41","无盐岛","5人英雄",庞虎文,特殊,炼气丸,-,
"41","无盐岛","5人英雄",庞虎文,特殊,挂件包·背部,-,
"41","无盐岛","5人英雄",杨心羽,特殊,挂件包·腰部,-,
"41","无盐岛","5人英雄",杨心羽,特殊,凌云心法,-,
"41","无盐岛","5人英雄",杨心羽,特殊,玄铁碎片,-,
"41","无盐岛","5人英雄",杨心羽,特殊,炼气丸,-,
"41","无盐岛","5人英雄",杨心羽,特殊,藏剑武器·山川一方,-,
"41","无盐岛","5人英雄",杨心羽,特殊,挂件包·背部,-,
"19","空雾峰","5人普通",冯度,特殊,挂件包·背部,-,
"19","空雾峰","5人普通",冯度,特殊,挂件包·腰部,-,
"19","空雾峰","5人普通",冯度,特殊,清净妙论上篇·舍身,-,
"19","空雾峰","5人普通",冯度,特殊,炼气丸,-,
"19","空雾峰","5人普通",王彦直,特殊,挂件包·背部,-,
"19","空雾峰","5人普通",王彦直,特殊,挂件包·腰部,-,
"19","空雾峰","5人普通",王彦直,特殊,清净妙论下篇·坐忘,-,
"19","空雾峰","5人普通",王彦直,特殊,炼气丸,-,
"19","空雾峰","5人普通",鬼影小次郎,特殊,学呈谮书,-,
"19","空雾峰","5人普通",鬼影小次郎,特殊,挂件包·背部,-,
"19","空雾峰","5人普通",鬼影小次郎,特殊,挂件包·腰部,-,
"19","空雾峰","5人普通",鬼影小次郎,特殊,强效解毒药,-,
"19","空雾峰","5人普通",鬼影小次郎,特殊,炼气丸,-,
"19","空雾峰","5人普通",鬼影小次郎,特殊,解毒药,-,
"19","空雾峰","5人普通",鬼影小次郎,家具,蓝蝶坠饰,-,
"19","空雾峰","5人普通",鲁飞,特殊,挂件包·背部,-,
"19","空雾峰","5人普通",鲁飞,特殊,炼气丸,-,
"19","空雾峰","5人普通",鲁飞,特殊,挂件包·腰部,-,
"43","空雾峰","5人英雄",夕罗双,特殊,挂件包·腰部,-,
"43","空雾峰","5人英雄",夕罗双,特殊,清净妙论上篇·舍身,-,
"43","空雾峰","5人英雄",夕罗双,特殊,神仙自在说,-,
"43","空雾峰","5人英雄",夕罗双,特殊,玄铁碎片,-,
"43","空雾峰","5人英雄",夕罗双,特殊,炼气丸,-,
"43","空雾峰","5人英雄",夕罗双,特殊,挂件包·背部,-,
"43","空雾峰","5人英雄",藤原樱奈,特殊,挂件包·腰部,-,
"43","空雾峰","5人英雄",藤原樱奈,特殊,玄铁碎片,-,
"43","空雾峰","5人英雄",藤原樱奈,特殊,清净妙论下篇·坐忘,-,
"43","空雾峰","5人英雄",藤原樱奈,家具,蓝蝶坠饰,-,
"43","空雾峰","5人英雄",藤原樱奈,特殊,炼气丸,-,
"43","空雾峰","5人英雄",藤原樱奈,特殊,挂件包·背部,-,
"43","空雾峰","5人英雄",梅剑雄,特殊,玄铁碎片,-,
"43","空雾峰","5人英雄",梅剑雄,特殊,挂件包·腰部,-,
"43","空雾峰","5人英雄",梅剑雄,特殊,凌云心法,-,
"43","空雾峰","5人英雄",梅剑雄,特殊,炼气丸,-,
"43","空雾峰","5人英雄",梅剑雄,特殊,藏剑武器·山川一方,-,
"43","空雾峰","5人英雄",梅剑雄,特殊,挂件包·背部,-,
"20","天地三才阵","5人普通",人熊,特殊,挂件包·背部,-,
"20","天地三才阵","5人普通",人熊,特殊,挂件包·腰部,-,
"20","天地三才阵","5人普通",人熊,特殊,炼气丸,-,
"20","天地三才阵","5人普通",邓文峰,特殊,挂件包·腰部,-,
"20","天地三才阵","5人普通",邓文峰,特殊,炼气丸,-,
"20","天地三才阵","5人普通",邓文峰,特殊,挂件包·背部,-,
"20","天地三才阵","5人普通",商仲永,特殊,挂件包·背部,-,
"20","天地三才阵","5人普通",商仲永,特殊,挂件包·腰部,-,
"20","天地三才阵","5人普通",商仲永,特殊,炼气丸,-,
"20","天地三才阵","5人普通",李千水,特殊,挂件包·背部,-,
"20","天地三才阵","5人普通",李千水,特殊,挂件包·腰部,-,
"20","天地三才阵","5人普通",李千水,特殊,炼气丸,-,
"36","天地三才阵","5人英雄",范霸,特殊,炼气丸,-,
"36","天地三才阵","5人英雄",范霸,特殊,玄铁碎片,-,
"36","天地三才阵","5人英雄",范霸,特殊,挂件包·背部,-,
"36","天地三才阵","5人英雄",范霸,特殊,挂件包·腰部,-,
"36","天地三才阵","5人英雄",赵天龙,特殊,挂件包·腰部,-,
"36","天地三才阵","5人英雄",赵天龙,特殊,玄铁碎片,-,
"36","天地三才阵","5人英雄",赵天龙,特殊,炼气丸,-,
"36","天地三才阵","5人英雄",赵天龙,特殊,挂件包·背部,-,
"36","天地三才阵","5人英雄",朴宗资,特殊,玄铁碎片,-,
"36","天地三才阵","5人英雄",朴宗资,特殊,挂件包·腰部,-,
"36","天地三才阵","5人英雄",朴宗资,特殊,炼气丸,-,
"36","天地三才阵","5人英雄",朴宗资,特殊,藏剑武器·山川一方,-,
"36","天地三才阵","5人英雄",朴宗资,特殊,挂件包·背部,-,
"26","荻花宫前山","5人普通",阿里曼监察使,特殊,挂件包·腰部,-,
"26","荻花宫前山","5人普通",阿里曼监察使,特殊,挂件包·背部,-,
"26","荻花宫前山","5人普通",阿里曼监察使,特殊,久别离,-,
"26","荻花宫前山","5人普通",阿里曼监察使,特殊,炼气丸,-,
"26","荻花宫前山","5人普通",阿里曼入教主祭司,特殊,挂件包·腰部,-,
"26","荻花宫前山","5人普通",阿里曼入教主祭司,特殊,挂件包·背部,-,
"26","荻花宫前山","5人普通",阿里曼入教主祭司,特殊,炼气丸,-,
"26","荻花宫前山","5人普通",卫栖梧,特殊,五木明琼,-,
"26","荻花宫前山","5人普通",卫栖梧,特殊,挂件包·腰部,-,
"26","荻花宫前山","5人普通",卫栖梧,特殊,古朗月行,-,
"26","荻花宫前山","5人普通",卫栖梧,特殊,人皮书,-,
"26","荻花宫前山","5人普通",卫栖梧,特殊,炼气丸,-,
"26","荻花宫前山","5人普通",卫栖梧,特殊,挂件包·背部,-,
"26","荻花宫前山","5人普通",沙利亚,特殊,挂件包·腰部,-,
"26","荻花宫前山","5人普通",沙利亚,特殊,炼气丸,-,
"26","荻花宫前山","5人普通",沙利亚,特殊,挂件包·背部,-,
"26","荻花宫前山","5人普通",阿斯玛,特殊,挂件包·腰部,-,
"26","荻花宫前山","5人普通",阿斯玛,特殊,炼气丸,-,
"26","荻花宫前山","5人普通",阿斯玛,特殊,挂件包·背部,-,
"26","荻花宫前山","5人普通",阿斯玛,特殊,藏剑武器·山川一方,-,
"40","荻花宫前山","5人英雄",阿里曼监察使,特殊,炼气丸,-,
"40","荻花宫前山","5人英雄",阿里曼监察使,特殊,挂件包·背部,-,
"40","荻花宫前山","5人英雄",阿里曼监察使,特殊,挂件包·腰部,-,
"40","荻花宫前山","5人英雄",阿里曼入教主祭司,特殊,挂件包·背部,-,
"40","荻花宫前山","5人英雄",阿里曼入教主祭司,特殊,炼气丸,-,
"40","荻花宫前山","5人英雄",阿里曼入教主祭司,特殊,挂件包·腰部,-,
"40","荻花宫前山","5人英雄",卫栖梧,特殊,挂件包·腰部,-,
"40","荻花宫前山","5人英雄",卫栖梧,特殊,炼气丸,-,
"40","荻花宫前山","5人英雄",卫栖梧,特殊,挂件包·背部,-,
"40","荻花宫前山","5人英雄",沙利亚,特殊,炼气丸,-,
"40","荻花宫前山","5人英雄",沙利亚,特殊,挂件包·背部,-,
"40","荻花宫前山","5人英雄",沙利亚,特殊,藏剑武器·山川一方,-,
"40","荻花宫前山","5人英雄",沙利亚,特殊,挂件包·腰部,-,
"28","日轮山城","5人普通",上衫勇刀,特殊,挂件包·腰部,-,
"28","日轮山城","5人普通",上衫勇刀,特殊,挂件包·背部,-,
"28","日轮山城","5人普通",上衫勇刀,特殊,炼气丸,-,
"28","日轮山城","5人普通",雾影奈叶、猿飞菖蒲,特殊,挂件包·腰部,-,
"28","日轮山城","5人普通",雾影奈叶、猿飞菖蒲,特殊,剑章第八,-,
"28","日轮山城","5人普通",雾影奈叶、猿飞菖蒲,特殊,炼气丸,-,
"28","日轮山城","5人普通",雾影奈叶、猿飞菖蒲,特殊,挂件包·背部,-,
"28","日轮山城","5人普通",源明雅,特殊,挂件包·腰部,-,
"28","日轮山城","5人普通",源明雅,特殊,剑章第三,-,
"28","日轮山城","5人普通",源明雅,特殊,法符,-,
"28","日轮山城","5人普通",源明雅,特殊,炼气丸,-,
"28","日轮山城","5人普通",源明雅,特殊,挂件包·背部,-,
"28","日轮山城","5人普通",八歧大蛇,特殊,挂件包·背部,-,
"28","日轮山城","5人普通",八歧大蛇,特殊,剑章第一,-,
"28","日轮山城","5人普通",八歧大蛇,特殊,炼气丸,-,
"28","日轮山城","5人普通",八歧大蛇,特殊,挂件包·腰部,-,
"28","日轮山城","5人普通",吉汰,特殊,挂件包·腰部,-,
"28","日轮山城","5人普通",吉汰,特殊,挂件包·背部,-,
"28","日轮山城","5人普通",吉汰,特殊,炼气丸,-,
"28","日轮山城","5人普通",吉汰,特殊,藏剑武器·山川一方,-,
"44","日轮山城","5人英雄",尸灵武者,特殊,挂件包·背部,-,
"44","日轮山城","5人英雄",尸灵武者,特殊,炼气丸,-,
"44","日轮山城","5人英雄",尸灵武者,特殊,挂件包·腰部,-,
"44","日轮山城","5人英雄",谢云流,特殊,炼气丸,-,
"44","日轮山城","5人英雄",谢云流,特殊,挂件包·背部,-,
"44","日轮山城","5人英雄",谢云流,特殊,挂件包·腰部,-,
"44","日轮山城","5人英雄",野村一郎,特殊,挂件包·腰部,-,
"44","日轮山城","5人英雄",野村一郎,特殊,炼气丸,-,
"44","日轮山城","5人英雄",野村一郎,特殊,挂件包·背部,-,
"44","日轮山城","5人英雄",服部胧藏,特殊,炼气丸,-,
"44","日轮山城","5人英雄",服部胧藏,特殊,藏剑武器·山川一方,-,
"44","日轮山城","5人英雄",服部胧藏,特殊,挂件包·背部,-,
"44","日轮山城","5人英雄",服部胧藏,特殊,挂件包·腰部,-,
"33","天子峰","5人普通",柳随风,特殊,挂件包·背部,-,
"33","天子峰","5人普通",柳随风,特殊,挂件包·腰部,-,
"33","天子峰","5人普通",柳随风,特殊,剑章第五,-,
"33","天子峰","5人普通",柳随风,特殊,炼气丸,-,
"33","天子峰","5人普通",孙敬萧,特殊,挂件包·背部,-,
"33","天子峰","5人普通",孙敬萧,特殊,挂件包·腰部,-,
"33","天子峰","5人普通",孙敬萧,特殊,剑章第四,-,
"33","天子峰","5人普通",孙敬萧,特殊,剑章第七,-,
"33","天子峰","5人普通",孙敬萧,特殊,炼气丸,-,
"33","天子峰","5人普通",李尧,特殊,挂件包·背部,-,
"33","天子峰","5人普通",李尧,特殊,挂件包·腰部,-,
"33","天子峰","5人普通",李尧,特殊,剑章第四,-,
"33","天子峰","5人普通",李尧,特殊,剑章第七,-,
"33","天子峰","5人普通",李尧,特殊,炼气丸,-,
"33","天子峰","5人普通",玄悲,特殊,挂件包·背部,-,
"33","天子峰","5人普通",玄悲,特殊,挂件包·腰部,-,
"33","天子峰","5人普通",玄悲,特殊,炼气丸,-,
"33","天子峰","5人普通",陌香,特殊,挂件包·背部,-,
"33","天子峰","5人普通",陌香,特殊,挂件包·腰部,-,
"33","天子峰","5人普通",陌香,特殊,炼气丸,-,
"33","天子峰","5人普通",陌香,特殊,藏剑武器·山川一方,-,
"33","天子峰","5人普通",方宇谦,家具,天子峰石剑,-,
"33","天子峰","5人普通",方宇谦,特殊,挂件包·背部,-,
"33","天子峰","5人普通",方宇谦,特殊,挂件包·腰部,-,
"33","天子峰","5人普通",方宇谦,特殊,炼气丸,-,
"33","天子峰","5人普通",方宇谦,特殊,藏剑武器·山川一方,-,
"42","天子峰","5人英雄",玄阴子,特殊,挂件包·背部,-,
"42","天子峰","5人英雄",玄阴子,特殊,挂件包·腰部,-,
"42","天子峰","5人英雄",玄阴子,特殊,炼气丸,-,
"42","天子峰","5人英雄",程傲,特殊,挂件包·背部,-,
"42","天子峰","5人英雄",程傲,特殊,挂件包·腰部,-,
"42","天子峰","5人英雄",程傲,特殊,炼气丸,-,
"42","天子峰","5人英雄",王积薪,特殊,挂件包·背部,-,
"42","天子峰","5人英雄",王积薪,特殊,挂件包·腰部,-,
"42","天子峰","5人英雄",王积薪,特殊,炼气丸,-,
"42","天子峰","5人英雄",道衍,特殊,挂件包·背部,-,
"42","天子峰","5人英雄",道衍,特殊,挂件包·腰部,-,
"42","天子峰","5人英雄",道衍,特殊,炼气丸,-,
"42","天子峰","5人英雄",李裳秋,特殊,挂件包·背部,-,
"42","天子峰","5人英雄",李裳秋,特殊,挂件包·腰部,-,
"42","天子峰","5人英雄",李裳秋,特殊,炼气丸,-,
"42","天子峰","5人英雄",李裳秋,特殊,藏剑武器·山川一方,-,
"42","天子峰","5人英雄",方鹤影,家具,天子峰石剑,-,
"42","天子峰","5人英雄",方鹤影,特殊,挂件包·背部,-,
"42","天子峰","5人英雄",方鹤影,特殊,挂件包·腰部,-,
"42","天子峰","5人英雄",方鹤影,特殊,炼气丸,-,
"42","天子峰","5人英雄",方鹤影,特殊,藏剑武器·山川一方,-,
"34","风雨稻香村","5人普通",殷不为,特殊,挂件包·腰部,-,
"34","风雨稻香村","5人普通",殷不为,特殊,炼气丸,-,
"34","风雨稻香村","5人普通",殷不为,特殊,挂件包·背部,-,
"34","风雨稻香村","5人普通",肖童,特殊,挂件包·腰部,-,
"34","风雨稻香村","5人普通",肖童,特殊,挂件包·背部,-,
"34","风雨稻香村","5人普通",肖童,特殊,炼气丸,-,
"34","风雨稻香村","5人普通",刘大海,特殊,挂件包·背部,-,
"34","风雨稻香村","5人普通",刘大海,特殊,剑章第六,-,
"34","风雨稻香村","5人普通",刘大海,特殊,炼气丸,-,
"34","风雨稻香村","5人普通",刘大海,特殊,挂件包·腰部,-,
"34","风雨稻香村","5人普通",秦雷,特殊,挂件包·腰部,-,
"34","风雨稻香村","5人普通",秦雷,特殊,剑章第二,-,
"34","风雨稻香村","5人普通",秦雷,特殊,挂件包·背部,-,
"34","风雨稻香村","5人普通",秦雷,特殊,炼气丸,-,
"34","风雨稻香村","5人普通",狼牙夜暮刺客,特殊,炼气丸,-,
"34","风雨稻香村","5人普通",狼牙夜暮刺客,特殊,挂件包·背部,-,
"34","风雨稻香村","5人普通",狼牙夜暮刺客,特殊,藏剑武器·山川一方,-,
"34","风雨稻香村","5人普通",狼牙夜暮刺客,特殊,挂件包·腰部,-,
"47","风雨稻香村","5人英雄",卢元霸,特殊,炼气丸,-,
"47","风雨稻香村","5人英雄",卢元霸,特殊,挂件包·背部,-,
"47","风雨稻香村","5人英雄",卢元霸,特殊,挂件包·腰部,-,
"47","风雨稻香村","5人英雄",齐宗强,特殊,挂件包·背部,-,
"47","风雨稻香村","5人英雄",齐宗强,特殊,炼气丸,-,
"47","风雨稻香村","5人英雄",齐宗强,特殊,挂件包·腰部,-,
"47","风雨稻香村","5人英雄",肖红,特殊,炼气丸,-,
"47","风雨稻香村","5人英雄",肖红,特殊,挂件包·背部,-,
"47","风雨稻香村","5人英雄",肖红,特殊,挂件包·腰部,-,
"47","风雨稻香村","5人英雄",熊奎、汪莽,特殊,挂件包·腰部,-,
"47","风雨稻香村","5人英雄",熊奎、汪莽,特殊,炼气丸,-,
"47","风雨稻香村","5人英雄",熊奎、汪莽,特殊,藏剑武器·山川一方,-,
"47","风雨稻香村","5人英雄",熊奎、汪莽,特殊,挂件包·背部,-,
