"240","上阳宫·观风殿","10人普通",沈眠风,饰品,飞鸢坠,-,
"240","上阳宫·观风殿","10人普通",沈眠风,饰品,薇歌坠,-,
"240","上阳宫·观风殿","10人普通",沈眠风,饰品,霏烟坠,-,
"240","上阳宫·观风殿","10人普通",沈眠风,饰品,希圣坠,-,
"240","上阳宫·观风殿","10人普通",沈眠风,饰品,倾阳坠,-,
"240","上阳宫·观风殿","10人普通",沈眠风,饰品,衡璜坠,-,
"240","上阳宫·观风殿","10人普通",沈眠风,饰品,惊尘坠,-,
"240","上阳宫·观风殿","10人普通",沈眠风,饰品,苹萦坠,-,
"240","上阳宫·观风殿","10人普通",沈眠风,饰品,盈容坠,-,
"240","上阳宫·观风殿","10人普通",沈眠风,饰品,琼林坠,-,
"240","上阳宫·观风殿","10人普通",沈眠风,饰品,飞鸢戒,-,
"240","上阳宫·观风殿","10人普通",沈眠风,饰品,霏烟戒,-,
"240","上阳宫·观风殿","10人普通",沈眠风,饰品,徽容戒,-,
"240","上阳宫·观风殿","10人普通",沈眠风,饰品,希圣戒,-,
"240","上阳宫·观风殿","10人普通",沈眠风,饰品,衡璜戒,-,
"240","上阳宫·观风殿","10人普通",沈眠风,饰品,惊尘戒,-,
"240","上阳宫·观风殿","10人普通",沈眠风,饰品,苹萦戒,-,
"240","上阳宫·观风殿","10人普通",沈眠风,饰品,琼林戒,-,
"240","上阳宫·观风殿","10人普通",沈眠风,饰品,晴沙戒,-,
"240","上阳宫·观风殿","10人普通",沈眠风,装备,飞鸢护手,-,
"240","上阳宫·观风殿","10人普通",沈眠风,装备,薇歌护手,-,
"240","上阳宫·观风殿","10人普通",沈眠风,装备,霏烟护手,-,
"240","上阳宫·观风殿","10人普通",沈眠风,装备,徽容护手,-,
"240","上阳宫·观风殿","10人普通",沈眠风,装备,希圣护手,-,
"240","上阳宫·观风殿","10人普通",沈眠风,装备,倾阳护手,-,
"240","上阳宫·观风殿","10人普通",沈眠风,装备,衡璜护手,-,
"240","上阳宫·观风殿","10人普通",沈眠风,装备,惊尘护手,-,
"240","上阳宫·观风殿","10人普通",沈眠风,装备,苹萦护手,-,
"240","上阳宫·观风殿","10人普通",沈眠风,装备,盈容护手,-,
"240","上阳宫·观风殿","10人普通",沈眠风,装备,琼林护手,-,
"240","上阳宫·观风殿","10人普通",沈眠风,装备,晴沙护手,-,
"240","上阳宫·观风殿","10人普通",沈眠风,饰品,盈容戒,-,
"240","上阳宫·观风殿","10人普通",沈眠风,饰品,倾阳戒,-,
"240","上阳宫·观风殿","10人普通",沈眠风,饰品,薇歌戒,-,
"240","上阳宫·观风殿","10人普通",沈眠风,饰品,晴沙坠,-,
"240","上阳宫·观风殿","10人普通",沈眠风,饰品,徽容坠,-,
"240","上阳宫·观风殿","10人普通",柳绯君,饰品,盈容链,-,
"240","上阳宫·观风殿","10人普通",柳绯君,饰品,晴沙链,-,
"240","上阳宫·观风殿","10人普通",柳绯君,武器,钟溪剑,-,
"240","上阳宫·观风殿","10人普通",柳绯君,武器,丹碧双剑,-,
"240","上阳宫·观风殿","10人普通",柳绯君,武器,远树笛,-,
"240","上阳宫·观风殿","10人普通",柳绯君,武器,楚霜剑,-,
"240","上阳宫·观风殿","10人普通",柳绯君,武器,清晓笛,-,
"240","上阳宫·观风殿","10人普通",柳绯君,饰品,飞鸢戒,-,
"240","上阳宫·观风殿","10人普通",柳绯君,武器,沥露照月,-,
"240","上阳宫·观风殿","10人普通",柳绯君,饰品,薇歌戒,-,
"240","上阳宫·观风殿","10人普通",柳绯君,武器,明榴双剑,-,
"240","上阳宫·观风殿","10人普通",柳绯君,武器,千江孤舟,-,
"240","上阳宫·观风殿","10人普通",柳绯君,饰品,徽容戒,-,
"240","上阳宫·观风殿","10人普通",柳绯君,饰品,希圣戒,-,
"240","上阳宫·观风殿","10人普通",柳绯君,武器,芳叶轻剑,-,
"240","上阳宫·观风殿","10人普通",柳绯君,饰品,倾阳戒,-,
"240","上阳宫·观风殿","10人普通",柳绯君,武器,寂花双剑,-,
"240","上阳宫·观风殿","10人普通",柳绯君,武器,问月重剑,-,
"240","上阳宫·观风殿","10人普通",柳绯君,饰品,惊尘戒,-,
"240","上阳宫·观风殿","10人普通",柳绯君,饰品,苹萦戒,-,
"240","上阳宫·观风殿","10人普通",柳绯君,武器,月点珠心,-,
"240","上阳宫·观风殿","10人普通",柳绯君,武器,路远笛,-,
"240","上阳宫·观风殿","10人普通",柳绯君,武器,青丹弯刀,-,
"240","上阳宫·观风殿","10人普通",柳绯君,饰品,晴沙戒,-,
"240","上阳宫·观风殿","10人普通",柳绯君,武器,星津弯刀,-,
"240","上阳宫·观风殿","10人普通",柳绯君,武器,霜轻笛,-,
"240","上阳宫·观风殿","10人普通",柳绯君,武器,朔雪度山,-,
"240","上阳宫·观风殿","10人普通",柳绯君,武器,离关刀,-,
"240","上阳宫·观风殿","10人普通",柳绯君,武器,走月弩,-,
"240","上阳宫·观风殿","10人普通",柳绯君,武器,听花琴,-,
"240","上阳宫·观风殿","10人普通",柳绯君,武器,夜奏幽兰,-,
"240","上阳宫·观风殿","10人普通",柳绯君,武器,深岚弩,-,
"240","上阳宫·观风殿","10人普通",柳绯君,武器,归月轻剑,-,
"240","上阳宫·观风殿","10人普通",柳绯君,武器,净光重剑,-,
"240","上阳宫·观风殿","10人普通",柳绯君,武器,洛梦棒,-,
"240","上阳宫·观风殿","10人普通",柳绯君,武器,翠烟弯刀,-,
"240","上阳宫·观风殿","10人普通",柳绯君,装备,飞鸢腰带,-,
"240","上阳宫·观风殿","10人普通",柳绯君,装备,薇歌腰带,-,
"240","上阳宫·观风殿","10人普通",柳绯君,武器,流花弯刀,-,
"240","上阳宫·观风殿","10人普通",柳绯君,装备,霏烟腰带,-,
"240","上阳宫·观风殿","10人普通",柳绯君,装备,徽容腰带,-,
"240","上阳宫·观风殿","10人普通",柳绯君,装备,希圣腰带,-,
"240","上阳宫·观风殿","10人普通",柳绯君,装备,倾阳腰带,-,
"240","上阳宫·观风殿","10人普通",柳绯君,装备,衡璜腰带,-,
"240","上阳宫·观风殿","10人普通",柳绯君,武器,重壑刀,-,
"240","上阳宫·观风殿","10人普通",柳绯君,装备,惊尘腰带,-,
"240","上阳宫·观风殿","10人普通",柳绯君,装备,苹萦腰带,-,
"240","上阳宫·观风殿","10人普通",柳绯君,装备,盈容腰带,-,
"240","上阳宫·观风殿","10人普通",柳绯君,装备,琼林腰带,-,
"240","上阳宫·观风殿","10人普通",柳绯君,装备,晴沙腰带,-,
"240","上阳宫·观风殿","10人普通",柳绯君,武器,依空棍,-,
"240","上阳宫·观风殿","10人普通",柳绯君,武器,带霜刀,-,
"240","上阳宫·观风殿","10人普通",柳绯君,武器,遁世琴,-,
"240","上阳宫·观风殿","10人普通",柳绯君,武器,得生棍,-,
"240","上阳宫·观风殿","10人普通",柳绯君,武器,晚翠琴,-,
"240","上阳宫·观风殿","10人普通",柳绯君,武器,无量大乘,-,
"240","上阳宫·观风殿","10人普通",柳绯君,武器,观槿笔,-,
"240","上阳宫·观风殿","10人普通",柳绯君,武器,闻生棍,-,
"240","上阳宫·观风殿","10人普通",柳绯君,武器,泫露云花,-,
"240","上阳宫·观风殿","10人普通",柳绯君,武器,重晴笔,-,
"240","上阳宫·观风殿","10人普通",柳绯君,武器,落芙笔,-,
"240","上阳宫·观风殿","10人普通",柳绯君,武器,飞雪惊,-,
"240","上阳宫·观风殿","10人普通",柳绯君,武器,北羽枪,-,
"240","上阳宫·观风殿","10人普通",柳绯君,武器,白狄枪,-,
"240","上阳宫·观风殿","10人普通",柳绯君,饰品,飞鸢链,-,
"240","上阳宫·观风殿","10人普通",柳绯君,饰品,薇歌链,-,
"240","上阳宫·观风殿","10人普通",柳绯君,饰品,琼林戒,-,
"240","上阳宫·观风殿","10人普通",柳绯君,武器,清淮剑,-,
"240","上阳宫·观风殿","10人普通",柳绯君,饰品,盈容戒,-,
"240","上阳宫·观风殿","10人普通",柳绯君,饰品,霏烟链,-,
"240","上阳宫·观风殿","10人普通",柳绯君,饰品,衡璜戒,-,
"240","上阳宫·观风殿","10人普通",柳绯君,饰品,徽容链,-,
"240","上阳宫·观风殿","10人普通",柳绯君,饰品,霏烟戒,-,
"240","上阳宫·观风殿","10人普通",柳绯君,饰品,希圣链,-,
"240","上阳宫·观风殿","10人普通",柳绯君,武器,雪涯枪,-,
"240","上阳宫·观风殿","10人普通",柳绯君,武器,负霜剑,-,
"240","上阳宫·观风殿","10人普通",柳绯君,饰品,倾阳链,-,
"240","上阳宫·观风殿","10人普通",柳绯君,饰品,琼林链,-,
"240","上阳宫·观风殿","10人普通",柳绯君,饰品,衡璜链,-,
"240","上阳宫·观风殿","10人普通",柳绯君,饰品,惊尘链,-,
"240","上阳宫·观风殿","10人普通",柳绯君,饰品,苹萦链,-,
"240","上阳宫·观风殿","10人普通",柳绯君,武器,朱瑚风花,-,
"240","上阳宫·观风殿","10人普通",月华,武器,朱瑚风花,-,
"240","上阳宫·观风殿","10人普通",月华,武器,丹碧双剑,-,
"240","上阳宫·观风殿","10人普通",月华,武器,钟溪剑,-,
"240","上阳宫·观风殿","10人普通",月华,武器,远树笛,-,
"240","上阳宫·观风殿","10人普通",月华,武器,楚霜剑,-,
"240","上阳宫·观风殿","10人普通",月华,武器,沥露照月,-,
"240","上阳宫·观风殿","10人普通",月华,饰品,薇歌戒,-,
"240","上阳宫·观风殿","10人普通",月华,饰品,霏烟戒,-,
"240","上阳宫·观风殿","10人普通",月华,武器,千江孤舟,-,
"240","上阳宫·观风殿","10人普通",月华,饰品,徽容戒,-,
"240","上阳宫·观风殿","10人普通",月华,武器,明榴双剑,-,
"240","上阳宫·观风殿","10人普通",月华,武器,芳叶轻剑,-,
"240","上阳宫·观风殿","10人普通",月华,饰品,倾阳戒,-,
"240","上阳宫·观风殿","10人普通",月华,饰品,衡璜戒,-,
"240","上阳宫·观风殿","10人普通",月华,武器,问月重剑,-,
"240","上阳宫·观风殿","10人普通",月华,饰品,惊尘戒,-,
"240","上阳宫·观风殿","10人普通",月华,武器,寂花双剑,-,
"240","上阳宫·观风殿","10人普通",月华,武器,月点珠心,-,
"240","上阳宫·观风殿","10人普通",月华,饰品,盈容戒,-,
"240","上阳宫·观风殿","10人普通",月华,饰品,琼林戒,-,
"240","上阳宫·观风殿","10人普通",月华,武器,青丹弯刀,-,
"240","上阳宫·观风殿","10人普通",月华,饰品,晴沙戒,-,
"240","上阳宫·观风殿","10人普通",月华,武器,路远笛,-,
"240","上阳宫·观风殿","10人普通",月华,武器,星津弯刀,-,
"240","上阳宫·观风殿","10人普通",月华,武器,朔雪度山,-,
"240","上阳宫·观风殿","10人普通",月华,武器,霜轻笛,-,
"240","上阳宫·观风殿","10人普通",月华,武器,离关刀,-,
"240","上阳宫·观风殿","10人普通",月华,武器,听花琴,-,
"240","上阳宫·观风殿","10人普通",月华,武器,走月弩,-,
"240","上阳宫·观风殿","10人普通",月华,武器,夜奏幽兰,-,
"240","上阳宫·观风殿","10人普通",月华,武器,深岚弩,-,
"240","上阳宫·观风殿","10人普通",月华,武器,飞鸢暗袋,-,
"240","上阳宫·观风殿","10人普通",月华,武器,归月轻剑,-,
"240","上阳宫·观风殿","10人普通",月华,武器,薇歌暗袋,-,
"240","上阳宫·观风殿","10人普通",月华,武器,霏烟暗袋,-,
"240","上阳宫·观风殿","10人普通",月华,武器,徽容暗袋,-,
"240","上阳宫·观风殿","10人普通",月华,武器,净光重剑,-,
"240","上阳宫·观风殿","10人普通",月华,武器,希圣暗袋,-,
"240","上阳宫·观风殿","10人普通",月华,武器,倾阳暗袋,-,
"240","上阳宫·观风殿","10人普通",月华,武器,洛梦棒,-,
"240","上阳宫·观风殿","10人普通",月华,武器,衡璜暗袋,-,
"240","上阳宫·观风殿","10人普通",月华,武器,惊尘暗袋,-,
"240","上阳宫·观风殿","10人普通",月华,武器,苹萦暗袋,-,
"240","上阳宫·观风殿","10人普通",月华,武器,翠烟弯刀,-,
"240","上阳宫·观风殿","10人普通",月华,武器,盈容暗袋,-,
"240","上阳宫·观风殿","10人普通",月华,武器,琼林暗袋,-,
"240","上阳宫·观风殿","10人普通",月华,武器,流花弯刀,-,
"240","上阳宫·观风殿","10人普通",月华,武器,晴沙暗袋,-,
"240","上阳宫·观风殿","10人普通",月华,武器,重壑刀,-,
"240","上阳宫·观风殿","10人普通",月华,武器,带霜刀,-,
"240","上阳宫·观风殿","10人普通",月华,武器,依空棍,-,
"240","上阳宫·观风殿","10人普通",月华,武器,遁世琴,-,
"240","上阳宫·观风殿","10人普通",月华,武器,晚翠琴,-,
"240","上阳宫·观风殿","10人普通",月华,武器,得生棍,-,
"240","上阳宫·观风殿","10人普通",月华,武器,无量大乘,-,
"240","上阳宫·观风殿","10人普通",月华,武器,闻生棍,-,
"240","上阳宫·观风殿","10人普通",月华,武器,观槿笔,-,
"240","上阳宫·观风殿","10人普通",月华,武器,泫露云花,-,
"240","上阳宫·观风殿","10人普通",月华,装备,飞鸢靴,-,
"240","上阳宫·观风殿","10人普通",月华,武器,落芙笔,-,
"240","上阳宫·观风殿","10人普通",月华,装备,薇歌靴,-,
"240","上阳宫·观风殿","10人普通",月华,武器,重晴笔,-,
"240","上阳宫·观风殿","10人普通",月华,装备,霏烟靴,-,
"240","上阳宫·观风殿","10人普通",月华,装备,徽容靴,-,
"240","上阳宫·观风殿","10人普通",月华,装备,希圣靴,-,
"240","上阳宫·观风殿","10人普通",月华,装备,倾阳靴,-,
"240","上阳宫·观风殿","10人普通",月华,武器,飞雪惊,-,
"240","上阳宫·观风殿","10人普通",月华,装备,衡璜靴,-,
"240","上阳宫·观风殿","10人普通",月华,装备,惊尘靴,-,
"240","上阳宫·观风殿","10人普通",月华,装备,苹萦靴,-,
"240","上阳宫·观风殿","10人普通",月华,装备,盈容靴,-,
"240","上阳宫·观风殿","10人普通",月华,装备,琼林靴,-,
"240","上阳宫·观风殿","10人普通",月华,武器,白狄枪,-,
"240","上阳宫·观风殿","10人普通",月华,装备,晴沙靴,-,
"240","上阳宫·观风殿","10人普通",月华,武器,北羽枪,-,
"240","上阳宫·观风殿","10人普通",月华,饰品,苹萦戒,-,
"240","上阳宫·观风殿","10人普通",月华,武器,清淮剑,-,
"240","上阳宫·观风殿","10人普通",月华,饰品,希圣戒,-,
"240","上阳宫·观风殿","10人普通",月华,饰品,飞鸢戒,-,
"240","上阳宫·观风殿","10人普通",月华,武器,负霜剑,-,
"240","上阳宫·观风殿","10人普通",月华,武器,雪涯枪,-,
"240","上阳宫·观风殿","10人普通",月华,武器,清晓笛,-,
"240","上阳宫·观风殿","10人普通",曹炎烈,武器,钟溪剑,-,
"240","上阳宫·观风殿","10人普通",曹炎烈,武器,丹碧双剑,-,
"240","上阳宫·观风殿","10人普通",曹炎烈,武器,远树笛,-,
"240","上阳宫·观风殿","10人普通",曹炎烈,武器,楚霜剑,-,
"240","上阳宫·观风殿","10人普通",曹炎烈,武器,清晓笛,-,
"240","上阳宫·观风殿","10人普通",曹炎烈,饰品,飞鸢戒,-,
"240","上阳宫·观风殿","10人普通",曹炎烈,武器,沥露照月,-,
"240","上阳宫·观风殿","10人普通",曹炎烈,饰品,薇歌戒,-,
"240","上阳宫·观风殿","10人普通",曹炎烈,武器,明榴双剑,-,
"240","上阳宫·观风殿","10人普通",曹炎烈,饰品,霏烟戒,-,
"240","上阳宫·观风殿","10人普通",曹炎烈,武器,千江孤舟,-,
"240","上阳宫·观风殿","10人普通",曹炎烈,饰品,希圣戒,-,
"240","上阳宫·观风殿","10人普通",曹炎烈,武器,芳叶轻剑,-,
"240","上阳宫·观风殿","10人普通",曹炎烈,饰品,倾阳戒,-,
"240","上阳宫·观风殿","10人普通",曹炎烈,武器,寂花双剑,-,
"240","上阳宫·观风殿","10人普通",曹炎烈,武器,问月重剑,-,
"240","上阳宫·观风殿","10人普通",曹炎烈,饰品,苹萦戒,-,
"240","上阳宫·观风殿","10人普通",曹炎烈,武器,月点珠心,-,
"240","上阳宫·观风殿","10人普通",曹炎烈,饰品,盈容戒,-,
"240","上阳宫·观风殿","10人普通",曹炎烈,武器,路远笛,-,
"240","上阳宫·观风殿","10人普通",曹炎烈,饰品,琼林戒,-,
"240","上阳宫·观风殿","10人普通",曹炎烈,武器,青丹弯刀,-,
"240","上阳宫·观风殿","10人普通",曹炎烈,武器,霜轻笛,-,
"240","上阳宫·观风殿","10人普通",曹炎烈,武器,朔雪度山,-,
"240","上阳宫·观风殿","10人普通",曹炎烈,武器,离关刀,-,
"240","上阳宫·观风殿","10人普通",曹炎烈,武器,走月弩,-,
"240","上阳宫·观风殿","10人普通",曹炎烈,武器,听花琴,-,
"240","上阳宫·观风殿","10人普通",曹炎烈,武器,夜奏幽兰,-,
"240","上阳宫·观风殿","10人普通",曹炎烈,武器,深岚弩,-,
"240","上阳宫·观风殿","10人普通",曹炎烈,装备,飞鸢帽,-,
"240","上阳宫·观风殿","10人普通",曹炎烈,装备,薇歌帽,-,
"240","上阳宫·观风殿","10人普通",曹炎烈,装备,霏烟帽,-,
"240","上阳宫·观风殿","10人普通",曹炎烈,装备,徽容帽,-,
"240","上阳宫·观风殿","10人普通",曹炎烈,武器,归月轻剑,-,
"240","上阳宫·观风殿","10人普通",曹炎烈,装备,希圣帽,-,
"240","上阳宫·观风殿","10人普通",曹炎烈,装备,倾阳帽,-,
"240","上阳宫·观风殿","10人普通",曹炎烈,装备,衡璜帽,-,
"240","上阳宫·观风殿","10人普通",曹炎烈,装备,惊尘帽,-,
"240","上阳宫·观风殿","10人普通",曹炎烈,装备,苹萦帽,-,
"240","上阳宫·观风殿","10人普通",曹炎烈,武器,净光重剑,-,
"240","上阳宫·观风殿","10人普通",曹炎烈,装备,盈容帽,-,
"240","上阳宫·观风殿","10人普通",曹炎烈,装备,琼林帽,-,
"240","上阳宫·观风殿","10人普通",曹炎烈,装备,晴沙帽,-,
"240","上阳宫·观风殿","10人普通",曹炎烈,武器,洛梦棒,-,
"240","上阳宫·观风殿","10人普通",曹炎烈,武器,翠烟弯刀,-,
"240","上阳宫·观风殿","10人普通",曹炎烈,武器,流花弯刀,-,
"240","上阳宫·观风殿","10人普通",曹炎烈,武器,重壑刀,-,
"240","上阳宫·观风殿","10人普通",曹炎烈,武器,依空棍,-,
"240","上阳宫·观风殿","10人普通",曹炎烈,武器,带霜刀,-,
"240","上阳宫·观风殿","10人普通",曹炎烈,武器,遁世琴,-,
"240","上阳宫·观风殿","10人普通",曹炎烈,武器,得生棍,-,
"240","上阳宫·观风殿","10人普通",曹炎烈,武器,晚翠琴,-,
"240","上阳宫·观风殿","10人普通",曹炎烈,装备,飞鸢裤,-,
"240","上阳宫·观风殿","10人普通",曹炎烈,武器,无量大乘,-,
"240","上阳宫·观风殿","10人普通",曹炎烈,装备,薇歌裤,-,
"240","上阳宫·观风殿","10人普通",曹炎烈,装备,霏烟裤,-,
"240","上阳宫·观风殿","10人普通",曹炎烈,武器,观槿笔,-,
"240","上阳宫·观风殿","10人普通",曹炎烈,装备,徽容裤,-,
"240","上阳宫·观风殿","10人普通",曹炎烈,武器,闻生棍,-,
"240","上阳宫·观风殿","10人普通",曹炎烈,装备,希圣裤,-,
"240","上阳宫·观风殿","10人普通",曹炎烈,装备,倾阳裤,-,
"240","上阳宫·观风殿","10人普通",曹炎烈,装备,衡璜裤,-,
"240","上阳宫·观风殿","10人普通",曹炎烈,装备,惊尘裤,-,
"240","上阳宫·观风殿","10人普通",曹炎烈,武器,泫露云花,-,
"240","上阳宫·观风殿","10人普通",曹炎烈,装备,苹萦裤,-,
"240","上阳宫·观风殿","10人普通",曹炎烈,装备,盈容裤,-,
"240","上阳宫·观风殿","10人普通",曹炎烈,武器,重晴笔,-,
"240","上阳宫·观风殿","10人普通",曹炎烈,装备,琼林裤,-,
"240","上阳宫·观风殿","10人普通",曹炎烈,武器,落芙笔,-,
"240","上阳宫·观风殿","10人普通",曹炎烈,装备,晴沙裤,-,
"240","上阳宫·观风殿","10人普通",曹炎烈,武器,飞雪惊,-,
"240","上阳宫·观风殿","10人普通",曹炎烈,武器,北羽枪,-,
"240","上阳宫·观风殿","10人普通",曹炎烈,武器,白狄枪,-,
"240","上阳宫·观风殿","10人普通",曹炎烈,武器,清淮剑,-,
"240","上阳宫·观风殿","10人普通",曹炎烈,饰品,晴沙戒,-,
"240","上阳宫·观风殿","10人普通",曹炎烈,武器,雪涯枪,-,
"240","上阳宫·观风殿","10人普通",曹炎烈,饰品,惊尘戒,-,
"240","上阳宫·观风殿","10人普通",曹炎烈,饰品,衡璜戒,-,
"240","上阳宫·观风殿","10人普通",曹炎烈,饰品,徽容戒,-,
"240","上阳宫·观风殿","10人普通",曹炎烈,武器,负霜剑,-,
"240","上阳宫·观风殿","10人普通",曹炎烈,武器,星津弯刀,-,
"240","上阳宫·观风殿","10人普通",曹炎烈,武器,朱瑚风花,-,
"240","上阳宫·观风殿","10人普通",独孤先生,饰品,琼林链,-,
"240","上阳宫·观风殿","10人普通",独孤先生,武器,钟溪剑,-,
"240","上阳宫·观风殿","10人普通",独孤先生,饰品,晴沙链,-,
"240","上阳宫·观风殿","10人普通",独孤先生,武器,丹碧双剑,-,
"240","上阳宫·观风殿","10人普通",独孤先生,武器,远树笛,-,
"240","上阳宫·观风殿","10人普通",独孤先生,武器,楚霜剑,-,
"240","上阳宫·观风殿","10人普通",独孤先生,武器,清晓笛,-,
"240","上阳宫·观风殿","10人普通",独孤先生,武器,沥露照月,-,
"240","上阳宫·观风殿","10人普通",独孤先生,武器,明榴双剑,-,
"240","上阳宫·观风殿","10人普通",独孤先生,武器,千江孤舟,-,
"240","上阳宫·观风殿","10人普通",独孤先生,武器,芳叶轻剑,-,
"240","上阳宫·观风殿","10人普通",独孤先生,武器,寂花双剑,-,
"240","上阳宫·观风殿","10人普通",独孤先生,武器,问月重剑,-,
"240","上阳宫·观风殿","10人普通",独孤先生,武器,月点珠心,-,
"240","上阳宫·观风殿","10人普通",独孤先生,武器,路远笛,-,
"240","上阳宫·观风殿","10人普通",独孤先生,武器,青丹弯刀,-,
"240","上阳宫·观风殿","10人普通",独孤先生,武器,星津弯刀,-,
"240","上阳宫·观风殿","10人普通",独孤先生,武器,霜轻笛,-,
"240","上阳宫·观风殿","10人普通",独孤先生,武器,朔雪度山,-,
"240","上阳宫·观风殿","10人普通",独孤先生,武器,离关刀,-,
"240","上阳宫·观风殿","10人普通",独孤先生,武器,走月弩,-,
"240","上阳宫·观风殿","10人普通",独孤先生,武器,夜奏幽兰,-,
"240","上阳宫·观风殿","10人普通",独孤先生,武器,深岚弩,-,
"240","上阳宫·观风殿","10人普通",独孤先生,武器,归月轻剑,-,
"240","上阳宫·观风殿","10人普通",独孤先生,武器,净光重剑,-,
"240","上阳宫·观风殿","10人普通",独孤先生,装备,飞鸢衣,-,
"240","上阳宫·观风殿","10人普通",独孤先生,装备,薇歌衣,-,
"240","上阳宫·观风殿","10人普通",独孤先生,装备,霏烟衣,-,
"240","上阳宫·观风殿","10人普通",独孤先生,武器,洛梦棒,-,
"240","上阳宫·观风殿","10人普通",独孤先生,装备,徽容衣,-,
"240","上阳宫·观风殿","10人普通",独孤先生,装备,希圣衣,-,
"240","上阳宫·观风殿","10人普通",独孤先生,装备,倾阳衣,-,
"240","上阳宫·观风殿","10人普通",独孤先生,装备,衡璜衣,-,
"240","上阳宫·观风殿","10人普通",独孤先生,装备,惊尘衣,-,
"240","上阳宫·观风殿","10人普通",独孤先生,武器,翠烟弯刀,-,
"240","上阳宫·观风殿","10人普通",独孤先生,装备,苹萦衣,-,
"240","上阳宫·观风殿","10人普通",独孤先生,装备,盈容衣,-,
"240","上阳宫·观风殿","10人普通",独孤先生,装备,琼林衣,-,
"240","上阳宫·观风殿","10人普通",独孤先生,装备,晴沙衣,-,
"240","上阳宫·观风殿","10人普通",独孤先生,武器,流花弯刀,-,
"240","上阳宫·观风殿","10人普通",独孤先生,武器,重壑刀,-,
"240","上阳宫·观风殿","10人普通",独孤先生,武器,依空棍,-,
"240","上阳宫·观风殿","10人普通",独孤先生,武器,带霜刀,-,
"240","上阳宫·观风殿","10人普通",独孤先生,武器,遁世琴,-,
"240","上阳宫·观风殿","10人普通",独孤先生,武器,得生棍,-,
"240","上阳宫·观风殿","10人普通",独孤先生,武器,晚翠琴,-,
"240","上阳宫·观风殿","10人普通",独孤先生,装备,飞鸢裤,-,
"240","上阳宫·观风殿","10人普通",独孤先生,武器,无量大乘,-,
"240","上阳宫·观风殿","10人普通",独孤先生,装备,薇歌裤,-,
"240","上阳宫·观风殿","10人普通",独孤先生,装备,徽容裤,-,
"240","上阳宫·观风殿","10人普通",独孤先生,武器,观槿笔,-,
"240","上阳宫·观风殿","10人普通",独孤先生,装备,希圣裤,-,
"240","上阳宫·观风殿","10人普通",独孤先生,武器,闻生棍,-,
"240","上阳宫·观风殿","10人普通",独孤先生,装备,倾阳裤,-,
"240","上阳宫·观风殿","10人普通",独孤先生,装备,衡璜裤,-,
"240","上阳宫·观风殿","10人普通",独孤先生,装备,惊尘裤,-,
"240","上阳宫·观风殿","10人普通",独孤先生,武器,泫露云花,-,
"240","上阳宫·观风殿","10人普通",独孤先生,装备,苹萦裤,-,
"240","上阳宫·观风殿","10人普通",独孤先生,装备,盈容裤,-,
"240","上阳宫·观风殿","10人普通",独孤先生,装备,琼林裤,-,
"240","上阳宫·观风殿","10人普通",独孤先生,武器,重晴笔,-,
"240","上阳宫·观风殿","10人普通",独孤先生,武器,落芙笔,-,
"240","上阳宫·观风殿","10人普通",独孤先生,装备,晴沙裤,-,
"240","上阳宫·观风殿","10人普通",独孤先生,武器,飞雪惊,-,
"240","上阳宫·观风殿","10人普通",独孤先生,武器,北羽枪,-,
"240","上阳宫·观风殿","10人普通",独孤先生,武器,白狄枪,-,
"240","上阳宫·观风殿","10人普通",独孤先生,饰品,飞鸢链,-,
"240","上阳宫·观风殿","10人普通",独孤先生,饰品,薇歌链,-,
"240","上阳宫·观风殿","10人普通",独孤先生,武器,清淮剑,-,
"240","上阳宫·观风殿","10人普通",独孤先生,饰品,卦预乾坤,-,
"240","上阳宫·观风殿","10人普通",独孤先生,饰品,霏烟链,-,
"240","上阳宫·观风殿","10人普通",独孤先生,饰品,徽容链,-,
"240","上阳宫·观风殿","10人普通",独孤先生,武器,雪涯枪,-,
"240","上阳宫·观风殿","10人普通",独孤先生,饰品,希圣链,-,
"240","上阳宫·观风殿","10人普通",独孤先生,武器,负霜剑,-,
"240","上阳宫·观风殿","10人普通",独孤先生,饰品,倾阳链,-,
"240","上阳宫·观风殿","10人普通",独孤先生,饰品,衡璜链,-,
"240","上阳宫·观风殿","10人普通",独孤先生,饰品,盈容链,-,
"240","上阳宫·观风殿","10人普通",独孤先生,饰品,惊尘链,-,
"240","上阳宫·观风殿","10人普通",独孤先生,装备,霏烟裤,-,
"240","上阳宫·观风殿","10人普通",独孤先生,武器,朱瑚风花,-,
"240","上阳宫·观风殿","10人普通",独孤先生,饰品,苹萦链,-,
"240","上阳宫·观风殿","10人普通",独孤先生,武器,听花琴,-,
"248","上阳宫·观风殿","25人英雄",沈眠风,饰品,沉冥链,-,
"248","上阳宫·观风殿","25人英雄",沈眠风,饰品,紫陌链,-,
"248","上阳宫·观风殿","25人英雄",沈眠风,饰品,临雍链,-,
"248","上阳宫·观风殿","25人英雄",沈眠风,饰品,沉冥坠,-,
"248","上阳宫·观风殿","25人英雄",沈眠风,饰品,参宸坠,-,
"248","上阳宫·观风殿","25人英雄",沈眠风,饰品,林霰坠,-,
"248","上阳宫·观风殿","25人英雄",沈眠风,饰品,临雍坠,-,
"248","上阳宫·观风殿","25人英雄",沈眠风,饰品,深秀坠,-,
"248","上阳宫·观风殿","25人英雄",沈眠风,饰品,桐花链,-,
"248","上阳宫·观风殿","25人英雄",沈眠风,饰品,静仰链,-,
"248","上阳宫·观风殿","25人英雄",沈眠风,饰品,霖雨链,-,
"248","上阳宫·观风殿","25人英雄",沈眠风,饰品,紫芝链,-,
"248","上阳宫·观风殿","25人英雄",沈眠风,装备,沉冥护手,-,
"248","上阳宫·观风殿","25人英雄",沈眠风,装备,林霰护手,-,
"248","上阳宫·观风殿","25人英雄",沈眠风,装备,紫陌护手,-,
"248","上阳宫·观风殿","25人英雄",沈眠风,装备,临雍护手,-,
"248","上阳宫·观风殿","25人英雄",沈眠风,装备,深秀护手,-,
"248","上阳宫·观风殿","25人英雄",沈眠风,武器,沉冥囊,-,
"248","上阳宫·观风殿","25人英雄",沈眠风,武器,参宸囊,-,
"248","上阳宫·观风殿","25人英雄",沈眠风,武器,林霰囊,-,
"248","上阳宫·观风殿","25人英雄",沈眠风,武器,紫陌囊,-,
"248","上阳宫·观风殿","25人英雄",沈眠风,武器,临雍囊,-,
"248","上阳宫·观风殿","25人英雄",沈眠风,武器,深秀囊,-,
"248","上阳宫·观风殿","25人英雄",沈眠风,武器,桐花囊,-,
"248","上阳宫·观风殿","25人英雄",沈眠风,武器,涵阳囊,-,
"248","上阳宫·观风殿","25人英雄",沈眠风,装备,桐花护手,-,
"248","上阳宫·观风殿","25人英雄",沈眠风,装备,静仰护手,-,
"248","上阳宫·观风殿","25人英雄",沈眠风,装备,霖雨护手,-,
"248","上阳宫·观风殿","25人英雄",沈眠风,武器,静仰囊,-,
"248","上阳宫·观风殿","25人英雄",沈眠风,装备,紫芝护手,-,
"248","上阳宫·观风殿","25人英雄",沈眠风,装备,秋蓬护手,-,
"248","上阳宫·观风殿","25人英雄",沈眠风,武器,霖雨囊,-,
"248","上阳宫·观风殿","25人英雄",沈眠风,武器,紫芝囊,-,
"248","上阳宫·观风殿","25人英雄",沈眠风,武器,秋蓬囊,-,
"248","上阳宫·观风殿","25人英雄",沈眠风,饰品,秋蓬链,-,
"248","上阳宫·观风殿","25人英雄",沈眠风,饰品,涵阳链,-,
"248","上阳宫·观风殿","25人英雄",沈眠风,饰品,紫陌坠,-,
"248","上阳宫·观风殿","25人英雄",沈眠风,饰品,深秀链,-,
"248","上阳宫·观风殿","25人英雄",沈眠风,饰品,林霰链,-,
"248","上阳宫·观风殿","25人英雄",沈眠风,饰品,参宸链,-,
"248","上阳宫·观风殿","25人英雄",沈眠风,装备,涵阳护手,-,
"248","上阳宫·观风殿","25人英雄",沈眠风,装备,参宸护手,-,
"248","上阳宫·观风殿","25人英雄",柳绯君,饰品,参宸链,-,
"248","上阳宫·观风殿","25人英雄",柳绯君,饰品,林霰链,-,
"248","上阳宫·观风殿","25人英雄",柳绯君,饰品,紫陌链,-,
"248","上阳宫·观风殿","25人英雄",柳绯君,饰品,深秀链,-,
"248","上阳宫·观风殿","25人英雄",柳绯君,饰品,沉冥坠,-,
"248","上阳宫·观风殿","25人英雄",柳绯君,饰品,参宸坠,-,
"248","上阳宫·观风殿","25人英雄",柳绯君,饰品,紫陌坠,-,
"248","上阳宫·观风殿","25人英雄",柳绯君,饰品,临雍坠,-,
"248","上阳宫·观风殿","25人英雄",柳绯君,饰品,深秀坠,-,
"248","上阳宫·观风殿","25人英雄",柳绯君,饰品,沉冥戒,-,
"248","上阳宫·观风殿","25人英雄",柳绯君,饰品,参宸戒,-,
"248","上阳宫·观风殿","25人英雄",柳绯君,饰品,林霰戒,-,
"248","上阳宫·观风殿","25人英雄",柳绯君,饰品,紫陌戒,-,
"248","上阳宫·观风殿","25人英雄",柳绯君,饰品,临雍戒,-,
"248","上阳宫·观风殿","25人英雄",柳绯君,饰品,深秀戒,-,
"248","上阳宫·观风殿","25人英雄",柳绯君,饰品,涵阳链,-,
"248","上阳宫·观风殿","25人英雄",柳绯君,饰品,静仰链,-,
"248","上阳宫·观风殿","25人英雄",柳绯君,饰品,霖雨链,-,
"248","上阳宫·观风殿","25人英雄",柳绯君,饰品,秋蓬链,-,
"248","上阳宫·观风殿","25人英雄",柳绯君,装备,沉冥腰带,-,
"248","上阳宫·观风殿","25人英雄",柳绯君,饰品,桐花戒,-,
"248","上阳宫·观风殿","25人英雄",柳绯君,饰品,涵阳戒,-,
"248","上阳宫·观风殿","25人英雄",柳绯君,装备,参宸腰带,-,
"248","上阳宫·观风殿","25人英雄",柳绯君,饰品,静仰戒,-,
"248","上阳宫·观风殿","25人英雄",柳绯君,饰品,紫芝戒,-,
"248","上阳宫·观风殿","25人英雄",柳绯君,装备,紫陌腰带,-,
"248","上阳宫·观风殿","25人英雄",柳绯君,饰品,秋蓬戒,-,
"248","上阳宫·观风殿","25人英雄",柳绯君,装备,临雍腰带,-,
"248","上阳宫·观风殿","25人英雄",柳绯君,饰品,沅湘戒,-,
"248","上阳宫·观风殿","25人英雄",柳绯君,装备,深秀腰带,-,
"248","上阳宫·观风殿","25人英雄",柳绯君,饰品,暄暖戒,-,
"248","上阳宫·观风殿","25人英雄",柳绯君,装备,沉冥护手,-,
"248","上阳宫·观风殿","25人英雄",柳绯君,饰品,闻钟戒,-,
"248","上阳宫·观风殿","25人英雄",柳绯君,饰品,蕴藻戒,-,
"248","上阳宫·观风殿","25人英雄",柳绯君,装备,参宸护手,-,
"248","上阳宫·观风殿","25人英雄",柳绯君,装备,林霰护手,-,
"248","上阳宫·观风殿","25人英雄",柳绯君,装备,紫陌护手,-,
"248","上阳宫·观风殿","25人英雄",柳绯君,装备,临雍护手,-,
"248","上阳宫·观风殿","25人英雄",柳绯君,装备,深秀护手,-,
"248","上阳宫·观风殿","25人英雄",柳绯君,装备,桐花腰带,-,
"248","上阳宫·观风殿","25人英雄",柳绯君,装备,涵阳腰带,-,
"248","上阳宫·观风殿","25人英雄",柳绯君,武器,桐花囊,-,
"248","上阳宫·观风殿","25人英雄",柳绯君,装备,霖雨腰带,-,
"248","上阳宫·观风殿","25人英雄",柳绯君,装备,紫芝腰带,-,
"248","上阳宫·观风殿","25人英雄",柳绯君,装备,秋蓬腰带,-,
"248","上阳宫·观风殿","25人英雄",柳绯君,武器,涵阳囊,-,
"248","上阳宫·观风殿","25人英雄",柳绯君,装备,桐花护手,-,
"248","上阳宫·观风殿","25人英雄",柳绯君,装备,涵阳护手,-,
"248","上阳宫·观风殿","25人英雄",柳绯君,装备,静仰护手,-,
"248","上阳宫·观风殿","25人英雄",柳绯君,武器,静仰囊,-,
"248","上阳宫·观风殿","25人英雄",柳绯君,装备,霖雨护手,-,
"248","上阳宫·观风殿","25人英雄",柳绯君,装备,紫芝护手,-,
"248","上阳宫·观风殿","25人英雄",柳绯君,装备,秋蓬护手,-,
"248","上阳宫·观风殿","25人英雄",柳绯君,武器,霖雨囊,-,
"248","上阳宫·观风殿","25人英雄",柳绯君,武器,紫芝囊,-,
"248","上阳宫·观风殿","25人英雄",柳绯君,武器,秋蓬囊,-,
"248","上阳宫·观风殿","25人英雄",柳绯君,饰品,萱苏戒,-,
"248","上阳宫·观风殿","25人英雄",柳绯君,饰品,霖雨戒,-,
"248","上阳宫·观风殿","25人英雄",柳绯君,饰品,紫芝链,-,
"248","上阳宫·观风殿","25人英雄",柳绯君,饰品,桐花链,-,
"248","上阳宫·观风殿","25人英雄",柳绯君,饰品,林霰坠,-,
"248","上阳宫·观风殿","25人英雄",柳绯君,饰品,临雍链,-,
"248","上阳宫·观风殿","25人英雄",柳绯君,饰品,沉冥链,-,
"248","上阳宫·观风殿","25人英雄",柳绯君,装备,静仰腰带,-,
"248","上阳宫·观风殿","25人英雄",柳绯君,装备,林霰腰带,-,
"248","上阳宫·观风殿","25人英雄",月华,装备,沉冥帽,-,
"248","上阳宫·观风殿","25人英雄",月华,饰品,参宸戒,-,
"248","上阳宫·观风殿","25人英雄",月华,装备,林霰帽,-,
"248","上阳宫·观风殿","25人英雄",月华,饰品,林霰戒,-,
"248","上阳宫·观风殿","25人英雄",月华,饰品,紫陌戒,-,
"248","上阳宫·观风殿","25人英雄",月华,装备,紫陌帽,-,
"248","上阳宫·观风殿","25人英雄",月华,饰品,临雍戒,-,
"248","上阳宫·观风殿","25人英雄",月华,装备,临雍帽,-,
"248","上阳宫·观风殿","25人英雄",月华,饰品,深秀戒,-,
"248","上阳宫·观风殿","25人英雄",月华,装备,深秀帽,-,
"248","上阳宫·观风殿","25人英雄",月华,装备,沉冥腰带,-,
"248","上阳宫·观风殿","25人英雄",月华,装备,参宸腰带,-,
"248","上阳宫·观风殿","25人英雄",月华,装备,林霰腰带,-,
"248","上阳宫·观风殿","25人英雄",月华,装备,紫陌腰带,-,
"248","上阳宫·观风殿","25人英雄",月华,装备,临雍腰带,-,
"248","上阳宫·观风殿","25人英雄",月华,装备,深秀腰带,-,
"248","上阳宫·观风殿","25人英雄",月华,装备,沉冥裤,-,
"248","上阳宫·观风殿","25人英雄",月华,装备,参宸裤,-,
"248","上阳宫·观风殿","25人英雄",月华,装备,林霰裤,-,
"248","上阳宫·观风殿","25人英雄",月华,装备,紫陌裤,-,
"248","上阳宫·观风殿","25人英雄",月华,装备,临雍裤,-,
"248","上阳宫·观风殿","25人英雄",月华,装备,深秀裤,-,
"248","上阳宫·观风殿","25人英雄",月华,装备,参宸靴,-,
"248","上阳宫·观风殿","25人英雄",月华,装备,林霰靴,-,
"248","上阳宫·观风殿","25人英雄",月华,装备,紫陌靴,-,
"248","上阳宫·观风殿","25人英雄",月华,装备,临雍靴,-,
"248","上阳宫·观风殿","25人英雄",月华,装备,深秀靴,-,
"248","上阳宫·观风殿","25人英雄",月华,装备,桐花帽,-,
"248","上阳宫·观风殿","25人英雄",月华,装备,静仰帽,-,
"248","上阳宫·观风殿","25人英雄",月华,装备,霖雨帽,-,
"248","上阳宫·观风殿","25人英雄",月华,装备,紫芝帽,-,
"248","上阳宫·观风殿","25人英雄",月华,装备,秋蓬帽,-,
"248","上阳宫·观风殿","25人英雄",月华,装备,桐花腰带,-,
"248","上阳宫·观风殿","25人英雄",月华,装备,涵阳腰带,-,
"248","上阳宫·观风殿","25人英雄",月华,装备,静仰腰带,-,
"248","上阳宫·观风殿","25人英雄",月华,装备,霖雨腰带,-,
"248","上阳宫·观风殿","25人英雄",月华,武器,桐花囊,-,
"248","上阳宫·观风殿","25人英雄",月华,装备,紫芝腰带,-,
"248","上阳宫·观风殿","25人英雄",月华,装备,秋蓬腰带,-,
"248","上阳宫·观风殿","25人英雄",月华,武器,涵阳囊,-,
"248","上阳宫·观风殿","25人英雄",月华,武器,静仰囊,-,
"248","上阳宫·观风殿","25人英雄",月华,装备,桐花裤,-,
"248","上阳宫·观风殿","25人英雄",月华,装备,涵阳裤,-,
"248","上阳宫·观风殿","25人英雄",月华,武器,霖雨囊,-,
"248","上阳宫·观风殿","25人英雄",月华,装备,静仰裤,-,
"248","上阳宫·观风殿","25人英雄",月华,装备,霖雨裤,-,
"248","上阳宫·观风殿","25人英雄",月华,装备,紫芝裤,-,
"248","上阳宫·观风殿","25人英雄",月华,武器,紫芝囊,-,
"248","上阳宫·观风殿","25人英雄",月华,装备,秋蓬裤,-,
"248","上阳宫·观风殿","25人英雄",月华,装备,涵阳履,-,
"248","上阳宫·观风殿","25人英雄",月华,装备,静仰履,-,
"248","上阳宫·观风殿","25人英雄",月华,装备,霖雨履,-,
"248","上阳宫·观风殿","25人英雄",月华,武器,秋蓬囊,-,
"248","上阳宫·观风殿","25人英雄",月华,装备,紫芝履,-,
"248","上阳宫·观风殿","25人英雄",月华,装备,秋蓬履,-,
"248","上阳宫·观风殿","25人英雄",月华,饰品,蕴藻戒,-,
"248","上阳宫·观风殿","25人英雄",月华,饰品,闻钟戒,-,
"248","上阳宫·观风殿","25人英雄",月华,饰品,暄暖戒,-,
"248","上阳宫·观风殿","25人英雄",月华,饰品,萱苏戒,-,
"248","上阳宫·观风殿","25人英雄",月华,饰品,沅湘戒,-,
"248","上阳宫·观风殿","25人英雄",月华,饰品,秋蓬戒,-,
"248","上阳宫·观风殿","25人英雄",月华,饰品,紫芝戒,-,
"248","上阳宫·观风殿","25人英雄",月华,饰品,霖雨戒,-,
"248","上阳宫·观风殿","25人英雄",月华,饰品,静仰戒,-,
"248","上阳宫·观风殿","25人英雄",月华,饰品,涵阳戒,-,
"248","上阳宫·观风殿","25人英雄",月华,饰品,桐花戒,-,
"248","上阳宫·观风殿","25人英雄",月华,饰品,沉冥戒,-,
"248","上阳宫·观风殿","25人英雄",月华,装备,沉冥靴,-,
"248","上阳宫·观风殿","25人英雄",月华,装备,桐花履,-,
"248","上阳宫·观风殿","25人英雄",月华,装备,涵阳帽,-,
"248","上阳宫·观风殿","25人英雄",月华,装备,参宸帽,-,
"248","上阳宫·观风殿","25人英雄",曹炎烈,装备,渌水赴泉,-,
"248","上阳宫·观风殿","25人英雄",曹炎烈,武器,烟霜笛,-,
"248","上阳宫·观风殿","25人英雄",曹炎烈,武器,南星笛,-,
"248","上阳宫·观风殿","25人英雄",曹炎烈,武器,散冥弩,-,
"248","上阳宫·观风殿","25人英雄",曹炎烈,装备,落花飞絮,-,
"248","上阳宫·观风殿","25人英雄",曹炎烈,武器,苍树弩,-,
"248","上阳宫·观风殿","25人英雄",曹炎烈,装备,静临烟渚,-,
"248","上阳宫·观风殿","25人英雄",曹炎烈,武器,隐柳剑,-,
"248","上阳宫·观风殿","25人英雄",曹炎烈,武器,影清剑,-,
"248","上阳宫·观风殿","25人英雄",曹炎烈,武器,云鲸棒,-,
"248","上阳宫·观风殿","25人英雄",曹炎烈,武器,晨阙弯刀,-,
"248","上阳宫·观风殿","25人英雄",曹炎烈,武器,风雁刀,-,
"248","上阳宫·观风殿","25人英雄",曹炎烈,武器,深云刀,-,
"248","上阳宫·观风殿","25人英雄",曹炎烈,武器,天风环珮,-,
"248","上阳宫·观风殿","25人英雄",曹炎烈,武器,猗兰琴,-,
"248","上阳宫·观风殿","25人英雄",曹炎烈,装备,沉冥帽,-,
"248","上阳宫·观风殿","25人英雄",曹炎烈,装备,参宸帽,-,
"248","上阳宫·观风殿","25人英雄",曹炎烈,装备,林霰帽,-,
"248","上阳宫·观风殿","25人英雄",曹炎烈,装备,紫陌帽,-,
"248","上阳宫·观风殿","25人英雄",曹炎烈,装备,临雍帽,-,
"248","上阳宫·观风殿","25人英雄",曹炎烈,装备,深秀帽,-,
"248","上阳宫·观风殿","25人英雄",曹炎烈,饰品,桐花戒,-,
"248","上阳宫·观风殿","25人英雄",曹炎烈,饰品,涵阳戒,-,
"248","上阳宫·观风殿","25人英雄",曹炎烈,饰品,静仰戒,-,
"248","上阳宫·观风殿","25人英雄",曹炎烈,饰品,紫芝戒,-,
"248","上阳宫·观风殿","25人英雄",曹炎烈,饰品,秋蓬戒,-,
"248","上阳宫·观风殿","25人英雄",曹炎烈,饰品,沅湘戒,-,
"248","上阳宫·观风殿","25人英雄",曹炎烈,饰品,萱苏戒,-,
"248","上阳宫·观风殿","25人英雄",曹炎烈,饰品,暄暖戒,-,
"248","上阳宫·观风殿","25人英雄",曹炎烈,饰品,闻钟戒,-,
"248","上阳宫·观风殿","25人英雄",曹炎烈,饰品,蕴藻戒,-,
"248","上阳宫·观风殿","25人英雄",曹炎烈,装备,桐花帽,-,
"248","上阳宫·观风殿","25人英雄",曹炎烈,装备,涵阳帽,-,
"248","上阳宫·观风殿","25人英雄",曹炎烈,装备,静仰帽,-,
"248","上阳宫·观风殿","25人英雄",曹炎烈,装备,霖雨帽,-,
"248","上阳宫·观风殿","25人英雄",曹炎烈,装备,紫芝帽,-,
"248","上阳宫·观风殿","25人英雄",曹炎烈,装备,秋蓬帽,-,
"248","上阳宫·观风殿","25人英雄",曹炎烈,武器,桐花囊,-,
"248","上阳宫·观风殿","25人英雄",曹炎烈,武器,涵阳囊,-,
"248","上阳宫·观风殿","25人英雄",曹炎烈,武器,静仰囊,-,
"248","上阳宫·观风殿","25人英雄",曹炎烈,武器,霖雨囊,-,
"248","上阳宫·观风殿","25人英雄",曹炎烈,武器,紫芝囊,-,
"248","上阳宫·观风殿","25人英雄",曹炎烈,武器,秋蓬囊,-,
"248","上阳宫·观风殿","25人英雄",曹炎烈,武器,离幻棍,-,
"248","上阳宫·观风殿","25人英雄",曹炎烈,装备,岑寂三湘,-,
"248","上阳宫·观风殿","25人英雄",曹炎烈,装备,无辞杯酒,-,
"248","上阳宫·观风殿","25人英雄",曹炎烈,武器,定慧棍,-,
"248","上阳宫·观风殿","25人英雄",曹炎烈,装备,华池凉月,-,
"248","上阳宫·观风殿","25人英雄",曹炎烈,武器,澄风笔,-,
"248","上阳宫·观风殿","25人英雄",曹炎烈,装备,登临望川,-,
"248","上阳宫·观风殿","25人英雄",曹炎烈,饰品,霖雨戒,-,
"248","上阳宫·观风殿","25人英雄",曹炎烈,装备,莲塘画舸,-,
"248","上阳宫·观风殿","25人英雄",曹炎烈,武器,云叶笔,-,
"248","上阳宫·观风殿","25人英雄",曹炎烈,装备,飞浥细尘,-,
"248","上阳宫·观风殿","25人英雄",曹炎烈,装备,遥夜清瑟,-,
"248","上阳宫·观风殿","25人英雄",曹炎烈,武器,迎侯枪,-,
"248","上阳宫·观风殿","25人英雄",曹炎烈,饰品,深秀戒,-,
"248","上阳宫·观风殿","25人英雄",曹炎烈,饰品,临雍戒,-,
"248","上阳宫·观风殿","25人英雄",曹炎烈,饰品,紫陌戒,-,
"248","上阳宫·观风殿","25人英雄",曹炎烈,饰品,林霰戒,-,
"248","上阳宫·观风殿","25人英雄",曹炎烈,饰品,参宸戒,-,
"248","上阳宫·观风殿","25人英雄",曹炎烈,饰品,沉冥戒,-,
"248","上阳宫·观风殿","25人英雄",曹炎烈,武器,碎影枪,-,
"248","上阳宫·观风殿","25人英雄",曹炎烈,武器,孤亭剑,-,
"248","上阳宫·观风殿","25人英雄",曹炎烈,装备,戎云聚垣,-,
"248","上阳宫·观风殿","25人英雄",曹炎烈,装备,危亭旷望,-,
"248","上阳宫·观风殿","25人英雄",曹炎烈,装备,流星掣电,-,
"248","上阳宫·观风殿","25人英雄",曹炎烈,装备,杳照宸极,-,
"248","上阳宫·观风殿","25人英雄",曹炎烈,武器,秋池剑,-,
"248","上阳宫·观风殿","25人英雄",曹炎烈,装备,朱火笼纱,-,
"248","上阳宫·观风殿","25人英雄",曹炎烈,装备,雪窗萤几,-,
"248","上阳宫·观风殿","25人英雄",曹炎烈,装备,暮天长短,-,
"248","上阳宫·观风殿","25人英雄",曹炎烈,装备,水府幽壑,-,
"248","上阳宫·观风殿","25人英雄",曹炎烈,武器,绛染双剑,-,
"248","上阳宫·观风殿","25人英雄",曹炎烈,装备,鸦带寒山,-,
"248","上阳宫·观风殿","25人英雄",曹炎烈,装备,千里云遥,-,
"248","上阳宫·观风殿","25人英雄",曹炎烈,武器,秋雾弯刀,-,
"248","上阳宫·观风殿","25人英雄",曹炎烈,武器,碧璃双剑,-,
"248","上阳宫·观风殿","25人英雄",独孤先生,装备,沧江夕流,-,
"248","上阳宫·观风殿","25人英雄",独孤先生,装备,蕉叶诗题,-,
"248","上阳宫·观风殿","25人英雄",独孤先生,装备,千年霜月,-,
"248","上阳宫·观风殿","25人英雄",独孤先生,装备,沉冥衣,-,
"248","上阳宫·观风殿","25人英雄",独孤先生,装备,林霰衣,-,
"248","上阳宫·观风殿","25人英雄",独孤先生,饰品,绝群坠,-,
"248","上阳宫·观风殿","25人英雄",独孤先生,装备,紫陌衣,-,
"248","上阳宫·观风殿","25人英雄",独孤先生,饰品,灵庆坠,-,
"248","上阳宫·观风殿","25人英雄",独孤先生,装备,临雍衣,-,
"248","上阳宫·观风殿","25人英雄",独孤先生,饰品,幽映坠,-,
"248","上阳宫·观风殿","25人英雄",独孤先生,装备,深秀衣,-,
"248","上阳宫·观风殿","25人英雄",独孤先生,饰品,弈血横戈·皓羽足饰,-,
"248","上阳宫·观风殿","25人英雄",独孤先生,饰品,静溪停鹭,-,
"248","上阳宫·观风殿","25人英雄",独孤先生,饰品,冷塞鸿飞,-,
"248","上阳宫·观风殿","25人英雄",独孤先生,饰品,神仪驻景,-,
"248","上阳宫·观风殿","25人英雄",独孤先生,饰品,阻烟波戒,-,
"248","上阳宫·观风殿","25人英雄",独孤先生,饰品,控崤函戒,-,
"248","上阳宫·观风殿","25人英雄",独孤先生,饰品,念鸿冥戒,-,
"248","上阳宫·观风殿","25人英雄",独孤先生,饰品,水照影戒,-,
"248","上阳宫·观风殿","25人英雄",独孤先生,饰品,控崤函指环,-,
"248","上阳宫·观风殿","25人英雄",独孤先生,饰品,念鸿冥指环,-,
"248","上阳宫·观风殿","25人英雄",独孤先生,饰品,水照影指环,-,
"248","上阳宫·观风殿","25人英雄",独孤先生,饰品,寒柝孤城,-,
"248","上阳宫·观风殿","25人英雄",独孤先生,饰品,晓霁凭阑,-,
"248","上阳宫·观风殿","25人英雄",独孤先生,装备,沉冥裤,-,
"248","上阳宫·观风殿","25人英雄",独孤先生,装备,参宸裤,-,
"248","上阳宫·观风殿","25人英雄",独孤先生,装备,林霰裤,-,
"248","上阳宫·观风殿","25人英雄",独孤先生,装备,紫陌裤,-,
"248","上阳宫·观风殿","25人英雄",独孤先生,装备,临雍裤,-,
"248","上阳宫·观风殿","25人英雄",独孤先生,装备,深秀裤,-,
"248","上阳宫·观风殿","25人英雄",独孤先生,装备,桐花衣,-,
"248","上阳宫·观风殿","25人英雄",独孤先生,装备,静仰衣,-,
"248","上阳宫·观风殿","25人英雄",独孤先生,装备,霖雨衣,-,
"248","上阳宫·观风殿","25人英雄",独孤先生,装备,紫芝衣,-,
"248","上阳宫·观风殿","25人英雄",独孤先生,装备,秋蓬衣,-,
"248","上阳宫·观风殿","25人英雄",独孤先生,武器,桐花囊,-,
"248","上阳宫·观风殿","25人英雄",独孤先生,武器,涵阳囊,-,
"248","上阳宫·观风殿","25人英雄",独孤先生,武器,静仰囊,-,
"248","上阳宫·观风殿","25人英雄",独孤先生,武器,霖雨囊,-,
"248","上阳宫·观风殿","25人英雄",独孤先生,装备,桐花裤,-,
"248","上阳宫·观风殿","25人英雄",独孤先生,装备,涵阳裤,-,
"248","上阳宫·观风殿","25人英雄",独孤先生,装备,静仰裤,-,
"248","上阳宫·观风殿","25人英雄",独孤先生,武器,紫芝囊,-,
"248","上阳宫·观风殿","25人英雄",独孤先生,装备,霖雨裤,-,
"248","上阳宫·观风殿","25人英雄",独孤先生,装备,紫芝裤,-,
"248","上阳宫·观风殿","25人英雄",独孤先生,装备,秋蓬裤,-,
"248","上阳宫·观风殿","25人英雄",独孤先生,武器,秋蓬囊,-,
"248","上阳宫·观风殿","25人英雄",独孤先生,饰品,阻烟波指环,-,
"248","上阳宫·观风殿","25人英雄",独孤先生,饰品,关河霜晓,-,
"248","上阳宫·观风殿","25人英雄",独孤先生,饰品,镜雪坠,-,
"248","上阳宫·观风殿","25人英雄",独孤先生,饰品,清劲坠,-,
"248","上阳宫·观风殿","25人英雄",独孤先生,饰品,纷薄坠,-,
"248","上阳宫·观风殿","25人英雄",独孤先生,装备,高曜云门,-,
"248","上阳宫·观风殿","25人英雄",独孤先生,装备,风微露凝,-,
"248","上阳宫·观风殿","25人英雄",独孤先生,装备,曲江薄暮,-,
"248","上阳宫·观风殿","25人英雄",独孤先生,装备,玉树风倚,-,
"248","上阳宫·观风殿","25人英雄",独孤先生,装备,海沸银涛,-,
"248","上阳宫·观风殿","25人英雄",独孤先生,装备,香刹承华,-,
"248","上阳宫·观风殿","25人英雄",独孤先生,装备,参宸衣,-,
"248","上阳宫·观风殿","25人英雄",独孤先生,装备,涵阳衣,-,
"248","上阳宫·观风殿","25人英雄",独孤先生,装备,夜明陇月,-,
"241","上阳宫·双曜亭","10人普通",黑齿元佑,饰品,徽容坠,-,
"241","上阳宫·双曜亭","10人普通",黑齿元佑,装备,徽容护手,-,
"241","上阳宫·双曜亭","10人普通",黑齿元佑,饰品,倾阳坠,-,
"241","上阳宫·双曜亭","10人普通",黑齿元佑,装备,希圣护手,-,
"241","上阳宫·双曜亭","10人普通",黑齿元佑,饰品,惊尘坠,-,
"241","上阳宫·双曜亭","10人普通",黑齿元佑,装备,倾阳护手,-,
"241","上阳宫·双曜亭","10人普通",黑齿元佑,饰品,盈容坠,-,
"241","上阳宫·双曜亭","10人普通",黑齿元佑,装备,衡璜护手,-,
"241","上阳宫·双曜亭","10人普通",黑齿元佑,饰品,晴沙坠,-,
"241","上阳宫·双曜亭","10人普通",黑齿元佑,装备,惊尘护手,-,
"241","上阳宫·双曜亭","10人普通",黑齿元佑,饰品,飞鸢戒,-,
"241","上阳宫·双曜亭","10人普通",黑齿元佑,装备,苹萦护手,-,
"241","上阳宫·双曜亭","10人普通",黑齿元佑,装备,盈容护手,-,
"241","上阳宫·双曜亭","10人普通",黑齿元佑,饰品,霏烟戒,-,
"241","上阳宫·双曜亭","10人普通",黑齿元佑,饰品,徽容戒,-,
"241","上阳宫·双曜亭","10人普通",黑齿元佑,饰品,希圣戒,-,
"241","上阳宫·双曜亭","10人普通",黑齿元佑,装备,晴沙护手,-,
"241","上阳宫·双曜亭","10人普通",黑齿元佑,饰品,衡璜戒,-,
"241","上阳宫·双曜亭","10人普通",黑齿元佑,饰品,惊尘戒,-,
"241","上阳宫·双曜亭","10人普通",黑齿元佑,饰品,苹萦戒,-,
"241","上阳宫·双曜亭","10人普通",黑齿元佑,饰品,薇歌链,-,
"241","上阳宫·双曜亭","10人普通",黑齿元佑,饰品,希圣坠,-,
"241","上阳宫·双曜亭","10人普通",黑齿元佑,饰品,霏烟链,-,
"241","上阳宫·双曜亭","10人普通",黑齿元佑,饰品,倾阳戒,-,
"241","上阳宫·双曜亭","10人普通",黑齿元佑,饰品,盈容戒,-,
"241","上阳宫·双曜亭","10人普通",黑齿元佑,饰品,徽容链,-,
"241","上阳宫·双曜亭","10人普通",黑齿元佑,饰品,希圣链,-,
"241","上阳宫·双曜亭","10人普通",黑齿元佑,饰品,琼林戒,-,
"241","上阳宫·双曜亭","10人普通",黑齿元佑,饰品,薇歌戒,-,
"241","上阳宫·双曜亭","10人普通",黑齿元佑,饰品,琼林坠,-,
"241","上阳宫·双曜亭","10人普通",黑齿元佑,饰品,苹萦坠,-,
"241","上阳宫·双曜亭","10人普通",黑齿元佑,饰品,衡璜坠,-,
"241","上阳宫·双曜亭","10人普通",黑齿元佑,饰品,衡璜链,-,
"241","上阳宫·双曜亭","10人普通",黑齿元佑,饰品,霏烟坠,-,
"241","上阳宫·双曜亭","10人普通",黑齿元佑,饰品,薇歌坠,-,
"241","上阳宫·双曜亭","10人普通",黑齿元佑,饰品,飞鸢坠,-,
"241","上阳宫·双曜亭","10人普通",黑齿元佑,饰品,惊尘链,-,
"241","上阳宫·双曜亭","10人普通",黑齿元佑,饰品,晴沙戒,-,
"241","上阳宫·双曜亭","10人普通",黑齿元佑,饰品,盈容链,-,
"241","上阳宫·双曜亭","10人普通",黑齿元佑,饰品,倾阳链,-,
"241","上阳宫·双曜亭","10人普通",黑齿元佑,装备,飞鸢护手,-,
"241","上阳宫·双曜亭","10人普通",黑齿元佑,饰品,苹萦链,-,
"241","上阳宫·双曜亭","10人普通",黑齿元佑,饰品,飞鸢链,-,
"241","上阳宫·双曜亭","10人普通",黑齿元佑,饰品,琼林链,-,
"241","上阳宫·双曜亭","10人普通",黑齿元佑,饰品,晴沙链,-,
"241","上阳宫·双曜亭","10人普通",黑齿元佑,装备,薇歌护手,-,
"241","上阳宫·双曜亭","10人普通",黑齿元佑,装备,琼林护手,-,
"241","上阳宫·双曜亭","10人普通",黑齿元佑,装备,霏烟护手,-,
"241","上阳宫·双曜亭","10人普通",哥舒翰,武器,闻生棍,-,
"241","上阳宫·双曜亭","10人普通",哥舒翰,装备,希圣裤,-,
"241","上阳宫·双曜亭","10人普通",哥舒翰,武器,泫露云花,-,
"241","上阳宫·双曜亭","10人普通",哥舒翰,武器,星津弯刀,-,
"241","上阳宫·双曜亭","10人普通",哥舒翰,装备,晴沙帽,-,
"241","上阳宫·双曜亭","10人普通",哥舒翰,武器,得生棍,-,
"241","上阳宫·双曜亭","10人普通",哥舒翰,武器,寂花双剑,-,
"241","上阳宫·双曜亭","10人普通",哥舒翰,武器,翠烟弯刀,-,
"241","上阳宫·双曜亭","10人普通",哥舒翰,武器,落芙笔,-,
"241","上阳宫·双曜亭","10人普通",哥舒翰,武器,朔雪度山,-,
"241","上阳宫·双曜亭","10人普通",哥舒翰,装备,衡璜裤,-,
"241","上阳宫·双曜亭","10人普通",哥舒翰,装备,惊尘裤,-,
"241","上阳宫·双曜亭","10人普通",哥舒翰,武器,飞雪惊,-,
"241","上阳宫·双曜亭","10人普通",哥舒翰,武器,离关刀,-,
"241","上阳宫·双曜亭","10人普通",哥舒翰,武器,观槿笔,-,
"241","上阳宫·双曜亭","10人普通",哥舒翰,武器,路远笛,-,
"241","上阳宫·双曜亭","10人普通",哥舒翰,武器,流花弯刀,-,
"241","上阳宫·双曜亭","10人普通",哥舒翰,装备,苹萦裤,-,
"241","上阳宫·双曜亭","10人普通",哥舒翰,武器,白狄枪,-,
"241","上阳宫·双曜亭","10人普通",哥舒翰,武器,听花琴,-,
"241","上阳宫·双曜亭","10人普通",哥舒翰,武器,清淮剑,-,
"241","上阳宫·双曜亭","10人普通",哥舒翰,武器,夜奏幽兰,-,
"241","上阳宫·双曜亭","10人普通",哥舒翰,装备,琼林裤,-,
"241","上阳宫·双曜亭","10人普通",哥舒翰,武器,重晴笔,-,
"241","上阳宫·双曜亭","10人普通",哥舒翰,武器,霜轻笛,-,
"241","上阳宫·双曜亭","10人普通",哥舒翰,武器,重壑刀,-,
"241","上阳宫·双曜亭","10人普通",哥舒翰,装备,晴沙裤,-,
"241","上阳宫·双曜亭","10人普通",哥舒翰,武器,负霜剑,-,
"241","上阳宫·双曜亭","10人普通",哥舒翰,装备,飞鸢帽,-,
"241","上阳宫·双曜亭","10人普通",哥舒翰,饰品,薇歌戒,-,
"241","上阳宫·双曜亭","10人普通",哥舒翰,装备,薇歌靴,-,
"241","上阳宫·双曜亭","10人普通",哥舒翰,饰品,霏烟戒,-,
"241","上阳宫·双曜亭","10人普通",哥舒翰,武器,朱瑚风花,-,
"241","上阳宫·双曜亭","10人普通",哥舒翰,装备,薇歌帽,-,
"241","上阳宫·双曜亭","10人普通",哥舒翰,武器,北羽枪,-,
"241","上阳宫·双曜亭","10人普通",哥舒翰,武器,走月弩,-,
"241","上阳宫·双曜亭","10人普通",哥舒翰,武器,带霜刀,-,
"241","上阳宫·双曜亭","10人普通",哥舒翰,饰品,徽容戒,-,
"241","上阳宫·双曜亭","10人普通",哥舒翰,装备,徽容靴,-,
"241","上阳宫·双曜亭","10人普通",哥舒翰,装备,倾阳靴,-,
"241","上阳宫·双曜亭","10人普通",哥舒翰,武器,远树笛,-,
"241","上阳宫·双曜亭","10人普通",哥舒翰,装备,徽容帽,-,
"241","上阳宫·双曜亭","10人普通",哥舒翰,饰品,倾阳戒,-,
"241","上阳宫·双曜亭","10人普通",哥舒翰,武器,雪涯枪,-,
"241","上阳宫·双曜亭","10人普通",哥舒翰,武器,深岚弩,-,
"241","上阳宫·双曜亭","10人普通",哥舒翰,武器,遁世琴,-,
"241","上阳宫·双曜亭","10人普通",哥舒翰,装备,惊尘靴,-,
"241","上阳宫·双曜亭","10人普通",哥舒翰,饰品,衡璜戒,-,
"241","上阳宫·双曜亭","10人普通",哥舒翰,武器,清晓笛,-,
"241","上阳宫·双曜亭","10人普通",哥舒翰,装备,希圣帽,-,
"241","上阳宫·双曜亭","10人普通",哥舒翰,装备,飞鸢裤,-,
"241","上阳宫·双曜亭","10人普通",哥舒翰,饰品,惊尘戒,-,
"241","上阳宫·双曜亭","10人普通",哥舒翰,装备,盈容靴,-,
"241","上阳宫·双曜亭","10人普通",哥舒翰,武器,沥露照月,-,
"241","上阳宫·双曜亭","10人普通",哥舒翰,装备,倾阳帽,-,
"241","上阳宫·双曜亭","10人普通",哥舒翰,武器,钟溪剑,-,
"241","上阳宫·双曜亭","10人普通",哥舒翰,武器,归月轻剑,-,
"241","上阳宫·双曜亭","10人普通",哥舒翰,武器,晚翠琴,-,
"241","上阳宫·双曜亭","10人普通",哥舒翰,装备,苹萦靴,-,
"241","上阳宫·双曜亭","10人普通",哥舒翰,装备,晴沙靴,-,
"241","上阳宫·双曜亭","10人普通",哥舒翰,武器,千江孤舟,-,
"241","上阳宫·双曜亭","10人普通",哥舒翰,装备,衡璜帽,-,
"241","上阳宫·双曜亭","10人普通",哥舒翰,装备,薇歌裤,-,
"241","上阳宫·双曜亭","10人普通",哥舒翰,饰品,盈容戒,-,
"241","上阳宫·双曜亭","10人普通",哥舒翰,饰品,苹萦戒,-,
"241","上阳宫·双曜亭","10人普通",哥舒翰,饰品,琼林戒,-,
"241","上阳宫·双曜亭","10人普通",哥舒翰,饰品,希圣戒,-,
"241","上阳宫·双曜亭","10人普通",哥舒翰,武器,芳叶轻剑,-,
"241","上阳宫·双曜亭","10人普通",哥舒翰,装备,惊尘帽,-,
"241","上阳宫·双曜亭","10人普通",哥舒翰,饰品,飞鸢戒,-,
"241","上阳宫·双曜亭","10人普通",哥舒翰,武器,楚霜剑,-,
"241","上阳宫·双曜亭","10人普通",哥舒翰,武器,净光重剑,-,
"241","上阳宫·双曜亭","10人普通",哥舒翰,武器,无量大乘,-,
"241","上阳宫·双曜亭","10人普通",哥舒翰,装备,霏烟裤,-,
"241","上阳宫·双曜亭","10人普通",哥舒翰,饰品,晴沙戒,-,
"241","上阳宫·双曜亭","10人普通",哥舒翰,武器,问月重剑,-,
"241","上阳宫·双曜亭","10人普通",哥舒翰,装备,苹萦帽,-,
"241","上阳宫·双曜亭","10人普通",哥舒翰,装备,琼林靴,-,
"241","上阳宫·双曜亭","10人普通",哥舒翰,装备,衡璜靴,-,
"241","上阳宫·双曜亭","10人普通",哥舒翰,装备,希圣靴,-,
"241","上阳宫·双曜亭","10人普通",哥舒翰,装备,霏烟靴,-,
"241","上阳宫·双曜亭","10人普通",哥舒翰,装备,飞鸢靴,-,
"241","上阳宫·双曜亭","10人普通",哥舒翰,装备,盈容裤,-,
"241","上阳宫·双曜亭","10人普通",哥舒翰,装备,倾阳裤,-,
"241","上阳宫·双曜亭","10人普通",哥舒翰,武器,月点珠心,-,
"241","上阳宫·双曜亭","10人普通",哥舒翰,装备,盈容帽,-,
"241","上阳宫·双曜亭","10人普通",哥舒翰,装备,徽容裤,-,
"241","上阳宫·双曜亭","10人普通",哥舒翰,装备,琼林帽,-,
"241","上阳宫·双曜亭","10人普通",哥舒翰,装备,霏烟帽,-,
"241","上阳宫·双曜亭","10人普通",哥舒翰,武器,青丹弯刀,-,
"241","上阳宫·双曜亭","10人普通",哥舒翰,武器,依空棍,-,
"241","上阳宫·双曜亭","10人普通",哥舒翰,武器,明榴双剑,-,
"241","上阳宫·双曜亭","10人普通",哥舒翰,武器,洛梦棒,-,
"241","上阳宫·双曜亭","10人普通",哥舒翰,武器,丹碧双剑,-,
"241","上阳宫·双曜亭","10人普通",安庆绪,武器,青丹弯刀,-,
"241","上阳宫·双曜亭","10人普通",安庆绪,武器,霏烟暗袋,-,
"241","上阳宫·双曜亭","10人普通",安庆绪,武器,得生棍,-,
"241","上阳宫·双曜亭","10人普通",安庆绪,武器,寂花双剑,-,
"241","上阳宫·双曜亭","10人普通",安庆绪,武器,翠烟弯刀,-,
"241","上阳宫·双曜亭","10人普通",安庆绪,武器,泫露云花,-,
"241","上阳宫·双曜亭","10人普通",安庆绪,武器,星津弯刀,-,
"241","上阳宫·双曜亭","10人普通",安庆绪,装备,倾阳裤,-,
"241","上阳宫·双曜亭","10人普通",安庆绪,武器,落芙笔,-,
"241","上阳宫·双曜亭","10人普通",安庆绪,武器,朔雪度山,-,
"241","上阳宫·双曜亭","10人普通",安庆绪,装备,飞鸢衣,-,
"241","上阳宫·双曜亭","10人普通",安庆绪,装备,衡璜裤,-,
"241","上阳宫·双曜亭","10人普通",安庆绪,武器,倾阳暗袋,-,
"241","上阳宫·双曜亭","10人普通",安庆绪,武器,苹萦暗袋,-,
"241","上阳宫·双曜亭","10人普通",安庆绪,武器,观槿笔,-,
"241","上阳宫·双曜亭","10人普通",安庆绪,武器,路远笛,-,
"241","上阳宫·双曜亭","10人普通",安庆绪,武器,流花弯刀,-,
"241","上阳宫·双曜亭","10人普通",安庆绪,武器,飞雪惊,-,
"241","上阳宫·双曜亭","10人普通",安庆绪,武器,离关刀,-,
"241","上阳宫·双曜亭","10人普通",安庆绪,装备,薇歌衣,-,
"241","上阳宫·双曜亭","10人普通",安庆绪,装备,苹萦裤,-,
"241","上阳宫·双曜亭","10人普通",安庆绪,武器,白狄枪,-,
"241","上阳宫·双曜亭","10人普通",安庆绪,武器,听花琴,-,
"241","上阳宫·双曜亭","10人普通",安庆绪,装备,霏烟衣,-,
"241","上阳宫·双曜亭","10人普通",安庆绪,装备,盈容裤,-,
"241","上阳宫·双曜亭","10人普通",安庆绪,武器,飞鸢暗袋,-,
"241","上阳宫·双曜亭","10人普通",安庆绪,武器,重晴笔,-,
"241","上阳宫·双曜亭","10人普通",安庆绪,武器,霜轻笛,-,
"241","上阳宫·双曜亭","10人普通",安庆绪,武器,重壑刀,-,
"241","上阳宫·双曜亭","10人普通",安庆绪,武器,清淮剑,-,
"241","上阳宫·双曜亭","10人普通",安庆绪,武器,夜奏幽兰,-,
"241","上阳宫·双曜亭","10人普通",安庆绪,装备,徽容衣,-,
"241","上阳宫·双曜亭","10人普通",安庆绪,装备,琼林裤,-,
"241","上阳宫·双曜亭","10人普通",安庆绪,武器,盈容暗袋,-,
"241","上阳宫·双曜亭","10人普通",安庆绪,武器,负霜剑,-,
"241","上阳宫·双曜亭","10人普通",安庆绪,装备,希圣衣,-,
"241","上阳宫·双曜亭","10人普通",安庆绪,武器,徽容暗袋,-,
"241","上阳宫·双曜亭","10人普通",安庆绪,武器,北羽枪,-,
"241","上阳宫·双曜亭","10人普通",安庆绪,武器,走月弩,-,
"241","上阳宫·双曜亭","10人普通",安庆绪,武器,带霜刀,-,
"241","上阳宫·双曜亭","10人普通",安庆绪,武器,朱瑚风花,-,
"241","上阳宫·双曜亭","10人普通",安庆绪,装备,倾阳衣,-,
"241","上阳宫·双曜亭","10人普通",安庆绪,武器,丹碧双剑,-,
"241","上阳宫·双曜亭","10人普通",安庆绪,装备,衡璜衣,-,
"241","上阳宫·双曜亭","10人普通",安庆绪,武器,衡璜暗袋,-,
"241","上阳宫·双曜亭","10人普通",安庆绪,武器,琼林暗袋,-,
"241","上阳宫·双曜亭","10人普通",安庆绪,武器,雪涯枪,-,
"241","上阳宫·双曜亭","10人普通",安庆绪,武器,深岚弩,-,
"241","上阳宫·双曜亭","10人普通",安庆绪,武器,遁世琴,-,
"241","上阳宫·双曜亭","10人普通",安庆绪,武器,远树笛,-,
"241","上阳宫·双曜亭","10人普通",安庆绪,装备,惊尘衣,-,
"241","上阳宫·双曜亭","10人普通",安庆绪,武器,清晓笛,-,
"241","上阳宫·双曜亭","10人普通",安庆绪,装备,苹萦衣,-,
"241","上阳宫·双曜亭","10人普通",安庆绪,装备,飞鸢裤,-,
"241","上阳宫·双曜亭","10人普通",安庆绪,武器,薇歌暗袋,-,
"241","上阳宫·双曜亭","10人普通",安庆绪,武器,钟溪剑,-,
"241","上阳宫·双曜亭","10人普通",安庆绪,武器,归月轻剑,-,
"241","上阳宫·双曜亭","10人普通",安庆绪,武器,晚翠琴,-,
"241","上阳宫·双曜亭","10人普通",安庆绪,武器,沥露照月,-,
"241","上阳宫·双曜亭","10人普通",安庆绪,装备,盈容衣,-,
"241","上阳宫·双曜亭","10人普通",安庆绪,装备,薇歌裤,-,
"241","上阳宫·双曜亭","10人普通",安庆绪,武器,晴沙暗袋,-,
"241","上阳宫·双曜亭","10人普通",安庆绪,武器,千江孤舟,-,
"241","上阳宫·双曜亭","10人普通",安庆绪,装备,琼林衣,-,
"241","上阳宫·双曜亭","10人普通",安庆绪,武器,希圣暗袋,-,
"241","上阳宫·双曜亭","10人普通",安庆绪,武器,楚霜剑,-,
"241","上阳宫·双曜亭","10人普通",安庆绪,武器,净光重剑,-,
"241","上阳宫·双曜亭","10人普通",安庆绪,武器,无量大乘,-,
"241","上阳宫·双曜亭","10人普通",安庆绪,武器,芳叶轻剑,-,
"241","上阳宫·双曜亭","10人普通",安庆绪,装备,晴沙衣,-,
"241","上阳宫·双曜亭","10人普通",安庆绪,装备,霏烟裤,-,
"241","上阳宫·双曜亭","10人普通",安庆绪,武器,问月重剑,-,
"241","上阳宫·双曜亭","10人普通",安庆绪,装备,徽容裤,-,
"241","上阳宫·双曜亭","10人普通",安庆绪,饰品,卦预乾坤,-,
"241","上阳宫·双曜亭","10人普通",安庆绪,武器,惊尘暗袋,-,
"241","上阳宫·双曜亭","10人普通",安庆绪,武器,依空棍,-,
"241","上阳宫·双曜亭","10人普通",安庆绪,武器,明榴双剑,-,
"241","上阳宫·双曜亭","10人普通",安庆绪,武器,洛梦棒,-,
"241","上阳宫·双曜亭","10人普通",安庆绪,武器,闻生棍,-,
"241","上阳宫·双曜亭","10人普通",安庆绪,武器,月点珠心,-,
"241","上阳宫·双曜亭","10人普通",安庆绪,装备,晴沙裤,-,
"241","上阳宫·双曜亭","10人普通",安庆绪,装备,惊尘裤,-,
"241","上阳宫·双曜亭","10人普通",安庆绪,装备,希圣裤,-,
"249","上阳宫·双曜亭","25人英雄",黑齿元佑,饰品,萱苏戒,-,
"249","上阳宫·双曜亭","25人英雄",黑齿元佑,饰品,暄暖戒,-,
"249","上阳宫·双曜亭","25人英雄",黑齿元佑,饰品,闻钟戒,-,
"249","上阳宫·双曜亭","25人英雄",黑齿元佑,饰品,弈血横戈·皓羽头饰,-,
"249","上阳宫·双曜亭","25人英雄",黑齿元佑,武器,沉冥囊,-,
"249","上阳宫·双曜亭","25人英雄",黑齿元佑,武器,参宸囊,-,
"249","上阳宫·双曜亭","25人英雄",黑齿元佑,武器,林霰囊,-,
"249","上阳宫·双曜亭","25人英雄",黑齿元佑,装备,桐花腰带,-,
"249","上阳宫·双曜亭","25人英雄",黑齿元佑,装备,涵阳腰带,-,
"249","上阳宫·双曜亭","25人英雄",黑齿元佑,武器,紫陌囊,-,
"249","上阳宫·双曜亭","25人英雄",黑齿元佑,装备,静仰腰带,-,
"249","上阳宫·双曜亭","25人英雄",黑齿元佑,装备,霖雨腰带,-,
"249","上阳宫·双曜亭","25人英雄",黑齿元佑,装备,紫芝腰带,-,
"249","上阳宫·双曜亭","25人英雄",黑齿元佑,装备,秋蓬腰带,-,
"249","上阳宫·双曜亭","25人英雄",黑齿元佑,武器,临雍囊,-,
"249","上阳宫·双曜亭","25人英雄",黑齿元佑,装备,桐花护手,-,
"249","上阳宫·双曜亭","25人英雄",黑齿元佑,装备,涵阳护手,-,
"249","上阳宫·双曜亭","25人英雄",黑齿元佑,装备,静仰护手,-,
"249","上阳宫·双曜亭","25人英雄",黑齿元佑,装备,霖雨护手,-,
"249","上阳宫·双曜亭","25人英雄",黑齿元佑,武器,深秀囊,-,
"249","上阳宫·双曜亭","25人英雄",黑齿元佑,装备,紫芝护手,-,
"249","上阳宫·双曜亭","25人英雄",黑齿元佑,装备,秋蓬护手,-,
"249","上阳宫·双曜亭","25人英雄",黑齿元佑,武器,桐花囊,-,
"249","上阳宫·双曜亭","25人英雄",黑齿元佑,武器,涵阳囊,-,
"249","上阳宫·双曜亭","25人英雄",黑齿元佑,装备,岑寂三湘,-,
"249","上阳宫·双曜亭","25人英雄",黑齿元佑,武器,静仰囊,-,
"249","上阳宫·双曜亭","25人英雄",黑齿元佑,装备,无辞杯酒,-,
"249","上阳宫·双曜亭","25人英雄",黑齿元佑,装备,水府幽壑,-,
"249","上阳宫·双曜亭","25人英雄",黑齿元佑,装备,华池凉月,-,
"249","上阳宫·双曜亭","25人英雄",黑齿元佑,装备,登临望川,-,
"249","上阳宫·双曜亭","25人英雄",黑齿元佑,装备,莲塘画舸,-,
"249","上阳宫·双曜亭","25人英雄",黑齿元佑,装备,飞浥细尘,-,
"249","上阳宫·双曜亭","25人英雄",黑齿元佑,武器,霖雨囊,-,
"249","上阳宫·双曜亭","25人英雄",黑齿元佑,装备,遥夜清瑟,-,
"249","上阳宫·双曜亭","25人英雄",黑齿元佑,装备,戎云聚垣,-,
"249","上阳宫·双曜亭","25人英雄",黑齿元佑,武器,紫芝囊,-,
"249","上阳宫·双曜亭","25人英雄",黑齿元佑,装备,杳照宸极,-,
"249","上阳宫·双曜亭","25人英雄",黑齿元佑,装备,雪窗萤几,-,
"249","上阳宫·双曜亭","25人英雄",黑齿元佑,装备,暮天长短,-,
"249","上阳宫·双曜亭","25人英雄",黑齿元佑,装备,鸦带寒山,-,
"249","上阳宫·双曜亭","25人英雄",黑齿元佑,装备,千里云遥,-,
"249","上阳宫·双曜亭","25人英雄",黑齿元佑,装备,朱火笼纱,-,
"249","上阳宫·双曜亭","25人英雄",黑齿元佑,武器,秋蓬囊,-,
"249","上阳宫·双曜亭","25人英雄",黑齿元佑,装备,渌水赴泉,-,
"249","上阳宫·双曜亭","25人英雄",黑齿元佑,装备,流星掣电,-,
"249","上阳宫·双曜亭","25人英雄",黑齿元佑,装备,落花飞絮,-,
"249","上阳宫·双曜亭","25人英雄",黑齿元佑,装备,危亭旷望,-,
"249","上阳宫·双曜亭","25人英雄",黑齿元佑,装备,静临烟渚,-,
"249","上阳宫·双曜亭","25人英雄",黑齿元佑,饰品,沉冥链,-,
"249","上阳宫·双曜亭","25人英雄",黑齿元佑,饰品,参宸链,-,
"249","上阳宫·双曜亭","25人英雄",黑齿元佑,饰品,林霰链,-,
"249","上阳宫·双曜亭","25人英雄",黑齿元佑,饰品,紫陌链,-,
"249","上阳宫·双曜亭","25人英雄",黑齿元佑,饰品,临雍链,-,
"249","上阳宫·双曜亭","25人英雄",黑齿元佑,饰品,深秀链,-,
"249","上阳宫·双曜亭","25人英雄",黑齿元佑,饰品,沉冥坠,-,
"249","上阳宫·双曜亭","25人英雄",黑齿元佑,装备,沉冥腰带,-,
"249","上阳宫·双曜亭","25人英雄",黑齿元佑,饰品,参宸坠,-,
"249","上阳宫·双曜亭","25人英雄",黑齿元佑,装备,参宸腰带,-,
"249","上阳宫·双曜亭","25人英雄",黑齿元佑,饰品,紫陌坠,-,
"249","上阳宫·双曜亭","25人英雄",黑齿元佑,装备,林霰腰带,-,
"249","上阳宫·双曜亭","25人英雄",黑齿元佑,饰品,临雍坠,-,
"249","上阳宫·双曜亭","25人英雄",黑齿元佑,装备,紫陌腰带,-,
"249","上阳宫·双曜亭","25人英雄",黑齿元佑,饰品,深秀坠,-,
"249","上阳宫·双曜亭","25人英雄",黑齿元佑,装备,临雍腰带,-,
"249","上阳宫·双曜亭","25人英雄",黑齿元佑,饰品,沉冥戒,-,
"249","上阳宫·双曜亭","25人英雄",黑齿元佑,装备,深秀腰带,-,
"249","上阳宫·双曜亭","25人英雄",黑齿元佑,饰品,参宸戒,-,
"249","上阳宫·双曜亭","25人英雄",黑齿元佑,装备,沉冥护手,-,
"249","上阳宫·双曜亭","25人英雄",黑齿元佑,饰品,林霰戒,-,
"249","上阳宫·双曜亭","25人英雄",黑齿元佑,装备,参宸护手,-,
"249","上阳宫·双曜亭","25人英雄",黑齿元佑,饰品,紫陌戒,-,
"249","上阳宫·双曜亭","25人英雄",黑齿元佑,装备,林霰护手,-,
"249","上阳宫·双曜亭","25人英雄",黑齿元佑,饰品,临雍戒,-,
"249","上阳宫·双曜亭","25人英雄",黑齿元佑,装备,紫陌护手,-,
"249","上阳宫·双曜亭","25人英雄",黑齿元佑,饰品,深秀戒,-,
"249","上阳宫·双曜亭","25人英雄",黑齿元佑,饰品,桐花链,-,
"249","上阳宫·双曜亭","25人英雄",黑齿元佑,装备,临雍护手,-,
"249","上阳宫·双曜亭","25人英雄",黑齿元佑,饰品,涵阳链,-,
"249","上阳宫·双曜亭","25人英雄",黑齿元佑,装备,深秀护手,-,
"249","上阳宫·双曜亭","25人英雄",黑齿元佑,饰品,静仰链,-,
"249","上阳宫·双曜亭","25人英雄",黑齿元佑,饰品,霖雨链,-,
"249","上阳宫·双曜亭","25人英雄",黑齿元佑,饰品,秋蓬链,-,
"249","上阳宫·双曜亭","25人英雄",黑齿元佑,饰品,桐花戒,-,
"249","上阳宫·双曜亭","25人英雄",黑齿元佑,饰品,涵阳戒,-,
"249","上阳宫·双曜亭","25人英雄",黑齿元佑,饰品,静仰戒,-,
"249","上阳宫·双曜亭","25人英雄",黑齿元佑,饰品,霖雨戒,-,
"249","上阳宫·双曜亭","25人英雄",黑齿元佑,饰品,蕴藻戒,-,
"249","上阳宫·双曜亭","25人英雄",黑齿元佑,饰品,紫芝戒,-,
"249","上阳宫·双曜亭","25人英雄",黑齿元佑,饰品,沅湘戒,-,
"249","上阳宫·双曜亭","25人英雄",黑齿元佑,饰品,紫芝链,-,
"249","上阳宫·双曜亭","25人英雄",黑齿元佑,饰品,秋蓬戒,-,
"249","上阳宫·双曜亭","25人英雄",黑齿元佑,饰品,林霰坠,-,
"249","上阳宫·双曜亭","25人英雄",哥舒翰,武器,影清剑,-,
"249","上阳宫·双曜亭","25人英雄",哥舒翰,装备,沉冥靴,-,
"249","上阳宫·双曜亭","25人英雄",哥舒翰,饰品,萱苏戒,-,
"249","上阳宫·双曜亭","25人英雄",哥舒翰,装备,参宸靴,-,
"249","上阳宫·双曜亭","25人英雄",哥舒翰,饰品,暄暖戒,-,
"249","上阳宫·双曜亭","25人英雄",哥舒翰,武器,云鲸棒,-,
"249","上阳宫·双曜亭","25人英雄",哥舒翰,装备,林霰靴,-,
"249","上阳宫·双曜亭","25人英雄",哥舒翰,饰品,闻钟戒,-,
"249","上阳宫·双曜亭","25人英雄",哥舒翰,装备,紫陌靴,-,
"249","上阳宫·双曜亭","25人英雄",哥舒翰,饰品,蕴藻戒,-,
"249","上阳宫·双曜亭","25人英雄",哥舒翰,武器,秋雾弯刀,-,
"249","上阳宫·双曜亭","25人英雄",哥舒翰,装备,临雍靴,-,
"249","上阳宫·双曜亭","25人英雄",哥舒翰,饰品,赤珠飞电·比翼,-,
"249","上阳宫·双曜亭","25人英雄",哥舒翰,饰品,赤珠飞电·逐浪,-,
"249","上阳宫·双曜亭","25人英雄",哥舒翰,饰品,赤珠飞电·燎原,-,
"249","上阳宫·双曜亭","25人英雄",哥舒翰,装备,深秀靴,-,
"249","上阳宫·双曜亭","25人英雄",哥舒翰,饰品,赤珠飞电·碎岩,-,
"249","上阳宫·双曜亭","25人英雄",哥舒翰,武器,晨阙弯刀,-,
"249","上阳宫·双曜亭","25人英雄",哥舒翰,武器,风雁刀,-,
"249","上阳宫·双曜亭","25人英雄",哥舒翰,武器,深云刀,-,
"249","上阳宫·双曜亭","25人英雄",哥舒翰,武器,天风环珮,-,
"249","上阳宫·双曜亭","25人英雄",哥舒翰,武器,猗兰琴,-,
"249","上阳宫·双曜亭","25人英雄",哥舒翰,装备,桐花裤,-,
"249","上阳宫·双曜亭","25人英雄",哥舒翰,武器,桐花囊,-,
"249","上阳宫·双曜亭","25人英雄",哥舒翰,装备,涵阳裤,-,
"249","上阳宫·双曜亭","25人英雄",哥舒翰,装备,静仰裤,-,
"249","上阳宫·双曜亭","25人英雄",哥舒翰,装备,霖雨裤,-,
"249","上阳宫·双曜亭","25人英雄",哥舒翰,装备,紫芝裤,-,
"249","上阳宫·双曜亭","25人英雄",哥舒翰,武器,涵阳囊,-,
"249","上阳宫·双曜亭","25人英雄",哥舒翰,装备,秋蓬裤,-,
"249","上阳宫·双曜亭","25人英雄",哥舒翰,装备,桐花履,-,
"249","上阳宫·双曜亭","25人英雄",哥舒翰,装备,涵阳履,-,
"249","上阳宫·双曜亭","25人英雄",哥舒翰,装备,静仰履,-,
"249","上阳宫·双曜亭","25人英雄",哥舒翰,装备,霖雨履,-,
"249","上阳宫·双曜亭","25人英雄",哥舒翰,装备,紫芝履,-,
"249","上阳宫·双曜亭","25人英雄",哥舒翰,武器,静仰囊,-,
"249","上阳宫·双曜亭","25人英雄",哥舒翰,装备,秋蓬履,-,
"249","上阳宫·双曜亭","25人英雄",哥舒翰,武器,霖雨囊,-,
"249","上阳宫·双曜亭","25人英雄",哥舒翰,装备,高曜云门,-,
"249","上阳宫·双曜亭","25人英雄",哥舒翰,装备,风微露凝,-,
"249","上阳宫·双曜亭","25人英雄",哥舒翰,装备,夜明陇月,-,
"249","上阳宫·双曜亭","25人英雄",哥舒翰,武器,紫芝囊,-,
"249","上阳宫·双曜亭","25人英雄",哥舒翰,装备,曲江薄暮,-,
"249","上阳宫·双曜亭","25人英雄",哥舒翰,武器,秋蓬囊,-,
"249","上阳宫·双曜亭","25人英雄",哥舒翰,装备,香刹承华,-,
"249","上阳宫·双曜亭","25人英雄",哥舒翰,装备,沧江夕流,-,
"249","上阳宫·双曜亭","25人英雄",哥舒翰,装备,海沸银涛,-,
"249","上阳宫·双曜亭","25人英雄",哥舒翰,武器,离幻棍,-,
"249","上阳宫·双曜亭","25人英雄",哥舒翰,装备,蕉叶诗题,-,
"249","上阳宫·双曜亭","25人英雄",哥舒翰,武器,定慧棍,-,
"249","上阳宫·双曜亭","25人英雄",哥舒翰,装备,玉树风倚,-,
"249","上阳宫·双曜亭","25人英雄",哥舒翰,装备,千年霜月,-,
"249","上阳宫·双曜亭","25人英雄",哥舒翰,饰品,沉冥链,-,
"249","上阳宫·双曜亭","25人英雄",哥舒翰,武器,澄风笔,-,
"249","上阳宫·双曜亭","25人英雄",哥舒翰,饰品,参宸链,-,
"249","上阳宫·双曜亭","25人英雄",哥舒翰,饰品,林霰链,-,
"249","上阳宫·双曜亭","25人英雄",哥舒翰,武器,云叶笔,-,
"249","上阳宫·双曜亭","25人英雄",哥舒翰,饰品,临雍链,-,
"249","上阳宫·双曜亭","25人英雄",哥舒翰,饰品,深秀链,-,
"249","上阳宫·双曜亭","25人英雄",哥舒翰,武器,迎侯枪,-,
"249","上阳宫·双曜亭","25人英雄",哥舒翰,饰品,沉冥坠,-,
"249","上阳宫·双曜亭","25人英雄",哥舒翰,饰品,参宸坠,-,
"249","上阳宫·双曜亭","25人英雄",哥舒翰,饰品,林霰坠,-,
"249","上阳宫·双曜亭","25人英雄",哥舒翰,武器,碎影枪,-,
"249","上阳宫·双曜亭","25人英雄",哥舒翰,饰品,紫陌坠,-,
"249","上阳宫·双曜亭","25人英雄",哥舒翰,饰品,临雍坠,-,
"249","上阳宫·双曜亭","25人英雄",哥舒翰,饰品,深秀坠,-,
"249","上阳宫·双曜亭","25人英雄",哥舒翰,武器,孤亭剑,-,
"249","上阳宫·双曜亭","25人英雄",哥舒翰,饰品,沉冥戒,-,
"249","上阳宫·双曜亭","25人英雄",哥舒翰,武器,秋池剑,-,
"249","上阳宫·双曜亭","25人英雄",哥舒翰,饰品,林霰戒,-,
"249","上阳宫·双曜亭","25人英雄",哥舒翰,饰品,紫陌戒,-,
"249","上阳宫·双曜亭","25人英雄",哥舒翰,武器,绛染双剑,-,
"249","上阳宫·双曜亭","25人英雄",哥舒翰,饰品,临雍戒,-,
"249","上阳宫·双曜亭","25人英雄",哥舒翰,武器,碧璃双剑,-,
"249","上阳宫·双曜亭","25人英雄",哥舒翰,饰品,桐花链,-,
"249","上阳宫·双曜亭","25人英雄",哥舒翰,饰品,涵阳链,-,
"249","上阳宫·双曜亭","25人英雄",哥舒翰,武器,烟霜笛,-,
"249","上阳宫·双曜亭","25人英雄",哥舒翰,饰品,静仰链,-,
"249","上阳宫·双曜亭","25人英雄",哥舒翰,饰品,霖雨链,-,
"249","上阳宫·双曜亭","25人英雄",哥舒翰,装备,沉冥裤,-,
"249","上阳宫·双曜亭","25人英雄",哥舒翰,饰品,紫芝链,-,
"249","上阳宫·双曜亭","25人英雄",哥舒翰,武器,南星笛,-,
"249","上阳宫·双曜亭","25人英雄",哥舒翰,饰品,秋蓬链,-,
"249","上阳宫·双曜亭","25人英雄",哥舒翰,装备,参宸裤,-,
"249","上阳宫·双曜亭","25人英雄",哥舒翰,饰品,桐花戒,-,
"249","上阳宫·双曜亭","25人英雄",哥舒翰,武器,散冥弩,-,
"249","上阳宫·双曜亭","25人英雄",哥舒翰,饰品,涵阳戒,-,
"249","上阳宫·双曜亭","25人英雄",哥舒翰,装备,林霰裤,-,
"249","上阳宫·双曜亭","25人英雄",哥舒翰,饰品,静仰戒,-,
"249","上阳宫·双曜亭","25人英雄",哥舒翰,武器,苍树弩,-,
"249","上阳宫·双曜亭","25人英雄",哥舒翰,装备,紫陌裤,-,
"249","上阳宫·双曜亭","25人英雄",哥舒翰,饰品,霖雨戒,-,
"249","上阳宫·双曜亭","25人英雄",哥舒翰,饰品,赤珠飞电·惊雷,-,
"249","上阳宫·双曜亭","25人英雄",哥舒翰,饰品,赤珠飞电·疾风,-,
"249","上阳宫·双曜亭","25人英雄",哥舒翰,饰品,紫芝戒,-,
"249","上阳宫·双曜亭","25人英雄",哥舒翰,装备,临雍裤,-,
"249","上阳宫·双曜亭","25人英雄",哥舒翰,武器,隐柳剑,-,
"249","上阳宫·双曜亭","25人英雄",哥舒翰,饰品,深秀戒,-,
"249","上阳宫·双曜亭","25人英雄",哥舒翰,饰品,秋蓬戒,-,
"249","上阳宫·双曜亭","25人英雄",哥舒翰,饰品,参宸戒,-,
"249","上阳宫·双曜亭","25人英雄",哥舒翰,饰品,紫陌链,-,
"249","上阳宫·双曜亭","25人英雄",哥舒翰,装备,深秀裤,-,
"249","上阳宫·双曜亭","25人英雄",哥舒翰,饰品,沅湘戒,-,
"249","上阳宫·双曜亭","25人英雄",安庆绪,饰品,弈血横戈·皓羽鞍饰,-,
"249","上阳宫·双曜亭","25人英雄",安庆绪,装备,桐花帽,-,
"249","上阳宫·双曜亭","25人英雄",安庆绪,饰品,静溪停鹭,-,
"249","上阳宫·双曜亭","25人英雄",安庆绪,装备,涵阳帽,-,
"249","上阳宫·双曜亭","25人英雄",安庆绪,饰品,神仪驻景,-,
"249","上阳宫·双曜亭","25人英雄",安庆绪,饰品,控崤函戒,-,
"249","上阳宫·双曜亭","25人英雄",安庆绪,装备,霖雨帽,-,
"249","上阳宫·双曜亭","25人英雄",安庆绪,饰品,水照影戒,-,
"249","上阳宫·双曜亭","25人英雄",安庆绪,装备,紫芝帽,-,
"249","上阳宫·双曜亭","25人英雄",安庆绪,饰品,控崤函指环,-,
"249","上阳宫·双曜亭","25人英雄",安庆绪,装备,秋蓬帽,-,
"249","上阳宫·双曜亭","25人英雄",安庆绪,饰品,水照影指环,-,
"249","上阳宫·双曜亭","25人英雄",安庆绪,装备,桐花衣,-,
"249","上阳宫·双曜亭","25人英雄",安庆绪,饰品,晓霁凭阑,-,
"249","上阳宫·双曜亭","25人英雄",安庆绪,装备,涵阳衣,-,
"249","上阳宫·双曜亭","25人英雄",安庆绪,装备,静仰衣,-,
"249","上阳宫·双曜亭","25人英雄",安庆绪,装备,霖雨衣,-,
"249","上阳宫·双曜亭","25人英雄",安庆绪,武器,虚业棍,-,
"249","上阳宫·双曜亭","25人英雄",安庆绪,装备,秋蓬衣,-,
"249","上阳宫·双曜亭","25人英雄",安庆绪,武器,无绝棍,-,
"249","上阳宫·双曜亭","25人英雄",安庆绪,武器,侵云笔,-,
"249","上阳宫·双曜亭","25人英雄",安庆绪,武器,烟蓝笔,-,
"249","上阳宫·双曜亭","25人英雄",安庆绪,武器,洪沧枪,-,
"249","上阳宫·双曜亭","25人英雄",安庆绪,武器,龙川枪,-,
"249","上阳宫·双曜亭","25人英雄",安庆绪,武器,朝真剑,-,
"249","上阳宫·双曜亭","25人英雄",安庆绪,武器,闲鹿剑,-,
"249","上阳宫·双曜亭","25人英雄",安庆绪,装备,桐花裤,-,
"249","上阳宫·双曜亭","25人英雄",安庆绪,武器,桐花囊,-,
"249","上阳宫·双曜亭","25人英雄",安庆绪,武器,莺时双剑,-,
"249","上阳宫·双曜亭","25人英雄",安庆绪,装备,涵阳裤,-,
"249","上阳宫·双曜亭","25人英雄",安庆绪,装备,静仰裤,-,
"249","上阳宫·双曜亭","25人英雄",安庆绪,武器,楚枫双剑,-,
"249","上阳宫·双曜亭","25人英雄",安庆绪,装备,霖雨裤,-,
"249","上阳宫·双曜亭","25人英雄",安庆绪,武器,重清笛,-,
"249","上阳宫·双曜亭","25人英雄",安庆绪,装备,紫芝裤,-,
"249","上阳宫·双曜亭","25人英雄",安庆绪,武器,涵阳囊,-,
"249","上阳宫·双曜亭","25人英雄",安庆绪,武器,落梨笛,-,
"249","上阳宫·双曜亭","25人英雄",安庆绪,装备,秋蓬裤,-,
"249","上阳宫·双曜亭","25人英雄",安庆绪,武器,迷鸿弩,-,
"249","上阳宫·双曜亭","25人英雄",安庆绪,武器,羽光弩,-,
"249","上阳宫·双曜亭","25人英雄",安庆绪,武器,静仰囊,-,
"249","上阳宫·双曜亭","25人英雄",安庆绪,武器,雪吟轻剑,-,
"249","上阳宫·双曜亭","25人英雄",安庆绪,武器,岳歌重剑,-,
"249","上阳宫·双曜亭","25人英雄",安庆绪,武器,穿霞棒,-,
"249","上阳宫·双曜亭","25人英雄",安庆绪,武器,霖雨囊,-,
"249","上阳宫·双曜亭","25人英雄",安庆绪,武器,露叶弯刀,-,
"249","上阳宫·双曜亭","25人英雄",安庆绪,武器,遥江弯刀,-,
"249","上阳宫·双曜亭","25人英雄",安庆绪,武器,月白刀,-,
"249","上阳宫·双曜亭","25人英雄",安庆绪,武器,紫芝囊,-,
"249","上阳宫·双曜亭","25人英雄",安庆绪,武器,曜寒刀,-,
"249","上阳宫·双曜亭","25人英雄",安庆绪,武器,颐真琴,-,
"249","上阳宫·双曜亭","25人英雄",安庆绪,武器,韵磬琴,-,
"249","上阳宫·双曜亭","25人英雄",安庆绪,武器,秋蓬囊,-,
"249","上阳宫·双曜亭","25人英雄",安庆绪,装备,沉冥帽,-,
"249","上阳宫·双曜亭","25人英雄",安庆绪,装备,参宸帽,-,
"249","上阳宫·双曜亭","25人英雄",安庆绪,装备,林霰帽,-,
"249","上阳宫·双曜亭","25人英雄",安庆绪,装备,紫陌帽,-,
"249","上阳宫·双曜亭","25人英雄",安庆绪,装备,临雍帽,-,
"249","上阳宫·双曜亭","25人英雄",安庆绪,装备,深秀帽,-,
"249","上阳宫·双曜亭","25人英雄",安庆绪,装备,沉冥衣,-,
"249","上阳宫·双曜亭","25人英雄",安庆绪,装备,参宸衣,-,
"249","上阳宫·双曜亭","25人英雄",安庆绪,装备,林霰衣,-,
"249","上阳宫·双曜亭","25人英雄",安庆绪,装备,紫陌衣,-,
"249","上阳宫·双曜亭","25人英雄",安庆绪,装备,临雍衣,-,
"249","上阳宫·双曜亭","25人英雄",安庆绪,装备,深秀衣,-,
"249","上阳宫·双曜亭","25人英雄",安庆绪,饰品,沉冥戒,-,
"249","上阳宫·双曜亭","25人英雄",安庆绪,饰品,参宸戒,-,
"249","上阳宫·双曜亭","25人英雄",安庆绪,饰品,林霰戒,-,
"249","上阳宫·双曜亭","25人英雄",安庆绪,饰品,紫陌戒,-,
"249","上阳宫·双曜亭","25人英雄",安庆绪,饰品,临雍戒,-,
"249","上阳宫·双曜亭","25人英雄",安庆绪,饰品,深秀戒,-,
"249","上阳宫·双曜亭","25人英雄",安庆绪,装备,沉冥裤,-,
"249","上阳宫·双曜亭","25人英雄",安庆绪,装备,参宸裤,-,
"249","上阳宫·双曜亭","25人英雄",安庆绪,饰品,桐花戒,-,
"249","上阳宫·双曜亭","25人英雄",安庆绪,装备,林霰裤,-,
"249","上阳宫·双曜亭","25人英雄",安庆绪,饰品,涵阳戒,-,
"249","上阳宫·双曜亭","25人英雄",安庆绪,饰品,静仰戒,-,
"249","上阳宫·双曜亭","25人英雄",安庆绪,装备,紫陌裤,-,
"249","上阳宫·双曜亭","25人英雄",安庆绪,饰品,寒柝孤城,-,
"249","上阳宫·双曜亭","25人英雄",安庆绪,饰品,念鸿冥指环,-,
"249","上阳宫·双曜亭","25人英雄",安庆绪,饰品,阻烟波指环,-,
"249","上阳宫·双曜亭","25人英雄",安庆绪,饰品,念鸿冥戒,-,
"249","上阳宫·双曜亭","25人英雄",安庆绪,饰品,阻烟波戒,-,
"249","上阳宫·双曜亭","25人英雄",安庆绪,装备,临雍裤,-,
"249","上阳宫·双曜亭","25人英雄",安庆绪,饰品,冷塞鸿飞,-,
"249","上阳宫·双曜亭","25人英雄",安庆绪,饰品,关河霜晓,-,
"249","上阳宫·双曜亭","25人英雄",安庆绪,饰品,紫芝戒,-,
"249","上阳宫·双曜亭","25人英雄",安庆绪,饰品,蕴藻戒,-,
"249","上阳宫·双曜亭","25人英雄",安庆绪,饰品,闻钟戒,-,
"249","上阳宫·双曜亭","25人英雄",安庆绪,饰品,暄暖戒,-,
"249","上阳宫·双曜亭","25人英雄",安庆绪,饰品,萱苏戒,-,
"249","上阳宫·双曜亭","25人英雄",安庆绪,饰品,秋蓬戒,-,
"249","上阳宫·双曜亭","25人英雄",安庆绪,装备,深秀裤,-,
"249","上阳宫·双曜亭","25人英雄",安庆绪,饰品,霖雨戒,-,
"249","上阳宫·双曜亭","25人英雄",安庆绪,饰品,沅湘戒,-,
"249","上阳宫·双曜亭","25人英雄",安庆绪,装备,紫芝衣,-,
"249","上阳宫·双曜亭","25人英雄",安庆绪,装备,静仰帽,-,
"220","永王行宫·仙侣庭园","10人普通",屈焰阳,饰品,焕象腰坠,-,
"220","永王行宫·仙侣庭园","10人普通",屈焰阳,饰品,征道腰坠,-,
"220","永王行宫·仙侣庭园","10人普通",屈焰阳,饰品,冲漠腰坠,-,
"220","永王行宫·仙侣庭园","10人普通",屈焰阳,饰品,贯眇腰坠,-,
"220","永王行宫·仙侣庭园","10人普通",屈焰阳,饰品,淑泉腰坠,-,
"220","永王行宫·仙侣庭园","10人普通",屈焰阳,饰品,曈昽戒指,-,
"220","永王行宫·仙侣庭园","10人普通",屈焰阳,饰品,无方扳指,-,
"220","永王行宫·仙侣庭园","10人普通",屈焰阳,饰品,交叶扳指,-,
"220","永王行宫·仙侣庭园","10人普通",屈焰阳,饰品,孤卓戒指,-,
"220","永王行宫·仙侣庭园","10人普通",屈焰阳,饰品,润颐指环,-,
"220","永王行宫·仙侣庭园","10人普通",屈焰阳,装备,桑菊绕,-,
"220","永王行宫·仙侣庭园","10人普通",屈焰阳,装备,树轩影,-,
"220","永王行宫·仙侣庭园","10人普通",屈焰阳,装备,仙霞云,-,
"220","永王行宫·仙侣庭园","10人普通",屈焰阳,装备,无舟弃,-,
"220","永王行宫·仙侣庭园","10人普通",屈焰阳,装备,丹颜驻,-,
"220","永王行宫·仙侣庭园","10人普通",屈焰阳,装备,赤火怀,-,
"220","永王行宫·仙侣庭园","10人普通",屈焰阳,装备,沉江袖,-,
"220","永王行宫·仙侣庭园","10人普通",屈焰阳,装备,鸾汉袖,-,
"220","永王行宫·仙侣庭园","10人普通",屈焰阳,装备,横流袖,-,
"220","永王行宫·仙侣庭园","10人普通",屈焰阳,装备,采泠袖,-,
"220","永王行宫·仙侣庭园","10人普通",屈焰阳,装备,赏洙袖,-,
"220","永王行宫·仙侣庭园","10人普通",屈焰阳,装备,荷袖,-,
"220","永王行宫·仙侣庭园","10人普通",屈焰阳,饰品,意桐腰坠,-,
"220","永王行宫·仙侣庭园","10人普通",屈焰阳,饰品,冻蕊腰坠,-,
"220","永王行宫·仙侣庭园","10人普通",屈焰阳,饰品,悄寒玉佩,-,
"220","永王行宫·仙侣庭园","10人普通",屈焰阳,饰品,剩雨华坠,-,
"220","永王行宫·仙侣庭园","10人普通",屈焰阳,饰品,缺月滴玉佩,-,
"220","永王行宫·仙侣庭园","10人普通",屈焰阳,饰品,苍苔碧铜坠,-,
"220","永王行宫·仙侣庭园","10人普通",屈焰阳,饰品,灯萤指环,-,
"220","永王行宫·仙侣庭园","10人普通",屈焰阳,饰品,针目扳指,-,
"220","永王行宫·仙侣庭园","10人普通",屈焰阳,饰品,晴明戒,-,
"220","永王行宫·仙侣庭园","10人普通",屈焰阳,饰品,星落玉戒,-,
"220","永王行宫·仙侣庭园","10人普通",屈焰阳,饰品,凤箫翡翠环,-,
"220","永王行宫·仙侣庭园","10人普通",屈焰阳,饰品,冥契戒指,-,
"220","永王行宫·仙侣庭园","10人普通",屈焰阳,饰品,赫光腰坠,-,
"220","永王行宫·仙侣庭园","10人普通",屈焰阳,饰品,皇命指环,-,
"220","永王行宫·仙侣庭园","10人普通",森九岚,饰品,商藻项链,-,
"220","永王行宫·仙侣庭园","10人普通",森九岚,武器,烨德,-,
"220","永王行宫·仙侣庭园","10人普通",森九岚,武器,千重色,-,
"220","永王行宫·仙侣庭园","10人普通",森九岚,武器,襄州柳,-,
"220","永王行宫·仙侣庭园","10人普通",森九岚,饰品,曈昽戒指,-,
"220","永王行宫·仙侣庭园","10人普通",森九岚,武器,踏天下,-,
"220","永王行宫·仙侣庭园","10人普通",森九岚,武器,霜愁,-,
"220","永王行宫·仙侣庭园","10人普通",森九岚,饰品,冥契戒指,-,
"220","永王行宫·仙侣庭园","10人普通",森九岚,饰品,交叶扳指,-,
"220","永王行宫·仙侣庭园","10人普通",森九岚,武器,动旌千里,-,
"220","永王行宫·仙侣庭园","10人普通",森九岚,武器,摧眉,-,
"220","永王行宫·仙侣庭园","10人普通",森九岚,饰品,孤卓戒指,-,
"220","永王行宫·仙侣庭园","10人普通",森九岚,武器,孤云飞尽,-,
"220","永王行宫·仙侣庭园","10人普通",森九岚,武器,疏狂,-,
"220","永王行宫·仙侣庭园","10人普通",森九岚,武器,非世,-,
"220","永王行宫·仙侣庭园","10人普通",森九岚,武器,白衣吟,-,
"220","永王行宫·仙侣庭园","10人普通",森九岚,武器,镶云,-,
"220","永王行宫·仙侣庭园","10人普通",森九岚,装备,代谢腰带,-,
"220","永王行宫·仙侣庭园","10人普通",森九岚,武器,南鸣,-,
"220","永王行宫·仙侣庭园","10人普通",森九岚,装备,留胜腰带,-,
"220","永王行宫·仙侣庭园","10人普通",森九岚,装备,夜岁腰带,-,
"220","永王行宫·仙侣庭园","10人普通",森九岚,装备,明寐腰带,-,
"220","永王行宫·仙侣庭园","10人普通",森九岚,装备,归青腰带,-,
"220","永王行宫·仙侣庭园","10人普通",森九岚,装备,璧松腰带,-,
"220","永王行宫·仙侣庭园","10人普通",森九岚,武器,桑杨映雪,-,
"220","永王行宫·仙侣庭园","10人普通",森九岚,武器,灯草,-,
"220","永王行宫·仙侣庭园","10人普通",森九岚,武器,胜法,-,
"220","永王行宫·仙侣庭园","10人普通",森九岚,武器,鸾燕曲,-,
"220","永王行宫·仙侣庭园","10人普通",森九岚,武器,十方生死,-,
"220","永王行宫·仙侣庭园","10人普通",森九岚,武器,秋雨收声,-,
"220","永王行宫·仙侣庭园","10人普通",森九岚,武器,摇叶间,-,
"220","永王行宫·仙侣庭园","10人普通",森九岚,武器,握云,-,
"220","永王行宫·仙侣庭园","10人普通",森九岚,武器,阔水磐山,-,
"220","永王行宫·仙侣庭园","10人普通",森九岚,武器,夺风,-,
"220","永王行宫·仙侣庭园","10人普通",森九岚,装备,书图束腰,-,
"220","永王行宫·仙侣庭园","10人普通",森九岚,装备,薇蕨束腰,-,
"220","永王行宫·仙侣庭园","10人普通",森九岚,武器,香非萼,-,
"220","永王行宫·仙侣庭园","10人普通",森九岚,武器,覆千军,-,
"220","永王行宫·仙侣庭园","10人普通",森九岚,装备,珮摇束腰,-,
"220","永王行宫·仙侣庭园","10人普通",森九岚,装备,湘灵束腰,-,
"220","永王行宫·仙侣庭园","10人普通",森九岚,装备,泸南束腰,-,
"220","永王行宫·仙侣庭园","10人普通",森九岚,装备,关云束腰,-,
"220","永王行宫·仙侣庭园","10人普通",森九岚,武器,隐红尘,-,
"220","永王行宫·仙侣庭园","10人普通",森九岚,武器,衍光,-,
"220","永王行宫·仙侣庭园","10人普通",森九岚,武器,道长生,-,
"220","永王行宫·仙侣庭园","10人普通",森九岚,武器,夜阳,-,
"220","永王行宫·仙侣庭园","10人普通",森九岚,武器,甘棠,-,
"220","永王行宫·仙侣庭园","10人普通",森九岚,武器,飞溟吞鲸,-,
"220","永王行宫·仙侣庭园","10人普通",森九岚,武器,冬雪流光,-,
"220","永王行宫·仙侣庭园","10人普通",森九岚,武器,细雨敲声,-,
"220","永王行宫·仙侣庭园","10人普通",森九岚,饰品,应梅项链,-,
"220","永王行宫·仙侣庭园","10人普通",森九岚,饰品,乔叶项坠,-,
"220","永王行宫·仙侣庭园","10人普通",森九岚,饰品,花竹护颈,-,
"220","永王行宫·仙侣庭园","10人普通",森九岚,武器,知书,-,
"220","永王行宫·仙侣庭园","10人普通",森九岚,武器,黄藤哀,-,
"220","永王行宫·仙侣庭园","10人普通",森九岚,饰品,霜外项圈,-,
"220","永王行宫·仙侣庭园","10人普通",森九岚,饰品,流烟冰晶链,-,
"220","永王行宫·仙侣庭园","10人普通",森九岚,饰品,言雨链,-,
"220","永王行宫·仙侣庭园","10人普通",森九岚,武器,白鹿清影,-,
"220","永王行宫·仙侣庭园","10人普通",森九岚,武器,青焰,-,
"220","永王行宫·仙侣庭园","10人普通",森九岚,武器,建德,-,
"220","永王行宫·仙侣庭园","10人普通",森九岚,武器,浅辉,-,
"220","永王行宫·仙侣庭园","10人普通",森九岚,饰品,灯萤指环,-,
"220","永王行宫·仙侣庭园","10人普通",森九岚,饰品,针目扳指,-,
"220","永王行宫·仙侣庭园","10人普通",森九岚,武器,萧风,-,
"220","永王行宫·仙侣庭园","10人普通",森九岚,饰品,皇命指环,-,
"220","永王行宫·仙侣庭园","10人普通",森九岚,饰品,晴明戒,-,
"220","永王行宫·仙侣庭园","10人普通",森九岚,武器,醉潇湘,-,
"220","永王行宫·仙侣庭园","10人普通",森九岚,武器,危海,-,
"220","永王行宫·仙侣庭园","10人普通",森九岚,饰品,星落玉戒,-,
"220","永王行宫·仙侣庭园","10人普通",森九岚,武器,笑沧波,-,
"220","永王行宫·仙侣庭园","10人普通",森九岚,饰品,润颐指环,-,
"220","永王行宫·仙侣庭园","10人普通",森九岚,武器,万里斜阳,-,
"220","永王行宫·仙侣庭园","10人普通",森九岚,饰品,无方扳指,-,
"220","永王行宫·仙侣庭园","10人普通",森九岚,饰品,香篆项链,-,
"220","永王行宫·仙侣庭园","10人普通",森九岚,饰品,飞白项链,-,
"220","永王行宫·仙侣庭园","10人普通",森九岚,饰品,哲思项链,-,
"220","永王行宫·仙侣庭园","10人普通",森九岚,饰品,载虔项链,-,
"220","永王行宫·仙侣庭园","10人普通",森九岚,饰品,凤箫翡翠环,-,
"220","永王行宫·仙侣庭园","10人普通",森九岚,武器,十方雨,-,
"220","永王行宫·仙侣庭园","10人普通",森九岚,武器,星迹,-,
"220","永王行宫·仙侣庭园","10人普通",森九岚,饰品,隐衷项链,-,
"220","永王行宫·仙侣庭园","10人普通",李玚,武器,澹风囊,-,
"220","永王行宫·仙侣庭园","10人普通",李玚,武器,烨德,-,
"220","永王行宫·仙侣庭园","10人普通",李玚,武器,千重色,-,
"220","永王行宫·仙侣庭园","10人普通",李玚,武器,襄州柳,-,
"220","永王行宫·仙侣庭园","10人普通",李玚,武器,踏天下,-,
"220","永王行宫·仙侣庭园","10人普通",李玚,饰品,曈昽戒指,-,
"220","永王行宫·仙侣庭园","10人普通",李玚,饰品,无方扳指,-,
"220","永王行宫·仙侣庭园","10人普通",李玚,武器,霜愁,-,
"220","永王行宫·仙侣庭园","10人普通",李玚,饰品,冥契戒指,-,
"220","永王行宫·仙侣庭园","10人普通",李玚,武器,生莲暗器,-,
"220","永王行宫·仙侣庭园","10人普通",李玚,武器,动旌千里,-,
"220","永王行宫·仙侣庭园","10人普通",李玚,武器,摧眉,-,
"220","永王行宫·仙侣庭园","10人普通",李玚,饰品,孤卓戒指,-,
"220","永王行宫·仙侣庭园","10人普通",李玚,饰品,润颐指环,-,
"220","永王行宫·仙侣庭园","10人普通",李玚,武器,孤云飞尽,-,
"220","永王行宫·仙侣庭园","10人普通",李玚,武器,疏狂,-,
"220","永王行宫·仙侣庭园","10人普通",李玚,武器,非世,-,
"220","永王行宫·仙侣庭园","10人普通",李玚,武器,黄柳镖,-,
"220","永王行宫·仙侣庭园","10人普通",李玚,武器,白衣吟,-,
"220","永王行宫·仙侣庭园","10人普通",李玚,武器,镶云,-,
"220","永王行宫·仙侣庭园","10人普通",李玚,武器,满雕弓弦,-,
"220","永王行宫·仙侣庭园","10人普通",李玚,武器,南鸣,-,
"220","永王行宫·仙侣庭园","10人普通",李玚,武器,瑞耶囊,-,
"220","永王行宫·仙侣庭园","10人普通",李玚,武器,彰绝囊,-,
"220","永王行宫·仙侣庭园","10人普通",李玚,武器,丝茧囊,-,
"220","永王行宫·仙侣庭园","10人普通",李玚,武器,电烻囊,-,
"220","永王行宫·仙侣庭园","10人普通",李玚,武器,桑杨映雪,-,
"220","永王行宫·仙侣庭园","10人普通",李玚,武器,爵硕囊,-,
"220","永王行宫·仙侣庭园","10人普通",李玚,武器,灯草,-,
"220","永王行宫·仙侣庭园","10人普通",李玚,武器,凤翥囊,-,
"220","永王行宫·仙侣庭园","10人普通",李玚,武器,胜法,-,
"220","永王行宫·仙侣庭园","10人普通",李玚,武器,鸾燕曲,-,
"220","永王行宫·仙侣庭园","10人普通",李玚,武器,十方生死,-,
"220","永王行宫·仙侣庭园","10人普通",李玚,装备,心纵靴,-,
"220","永王行宫·仙侣庭园","10人普通",李玚,装备,野渊靴,-,
"220","永王行宫·仙侣庭园","10人普通",李玚,装备,啼呜靴,-,
"220","永王行宫·仙侣庭园","10人普通",李玚,装备,淡星靴,-,
"220","永王行宫·仙侣庭园","10人普通",李玚,武器,秋雨收声,-,
"220","永王行宫·仙侣庭园","10人普通",李玚,装备,叙梦靴,-,
"220","永王行宫·仙侣庭园","10人普通",李玚,装备,宝柳靴,-,
"220","永王行宫·仙侣庭园","10人普通",李玚,武器,摇叶间,-,
"220","永王行宫·仙侣庭园","10人普通",李玚,武器,握云,-,
"220","永王行宫·仙侣庭园","10人普通",李玚,武器,阔水磐山,-,
"220","永王行宫·仙侣庭园","10人普通",李玚,武器,夺风,-,
"220","永王行宫·仙侣庭园","10人普通",李玚,武器,香非萼,-,
"220","永王行宫·仙侣庭园","10人普通",李玚,武器,覆千军,-,
"220","永王行宫·仙侣庭园","10人普通",李玚,武器,隐红尘,-,
"220","永王行宫·仙侣庭园","10人普通",李玚,武器,衍光,-,
"220","永王行宫·仙侣庭园","10人普通",李玚,武器,道长生,-,
"220","永王行宫·仙侣庭园","10人普通",李玚,武器,夜阳,-,
"220","永王行宫·仙侣庭园","10人普通",李玚,武器,甘棠,-,
"220","永王行宫·仙侣庭园","10人普通",李玚,武器,飞溟吞鲸,-,
"220","永王行宫·仙侣庭园","10人普通",李玚,武器,冬雪流光,-,
"220","永王行宫·仙侣庭园","10人普通",李玚,装备,戴恭履,-,
"220","永王行宫·仙侣庭园","10人普通",李玚,装备,意至履,-,
"220","永王行宫·仙侣庭园","10人普通",李玚,装备,佐将履,-,
"220","永王行宫·仙侣庭园","10人普通",李玚,装备,刺碣履,-,
"220","永王行宫·仙侣庭园","10人普通",李玚,装备,荷绽履,-,
"220","永王行宫·仙侣庭园","10人普通",李玚,武器,细雨敲声,-,
"220","永王行宫·仙侣庭园","10人普通",李玚,装备,传雁履,-,
"220","永王行宫·仙侣庭园","10人普通",李玚,武器,知书,-,
"220","永王行宫·仙侣庭园","10人普通",李玚,武器,黄藤哀,-,
"220","永王行宫·仙侣庭园","10人普通",李玚,武器,萼雪囊,-,
"220","永王行宫·仙侣庭园","10人普通",李玚,武器,白鹿清影,-,
"220","永王行宫·仙侣庭园","10人普通",李玚,武器,青焰,-,
"220","永王行宫·仙侣庭园","10人普通",李玚,武器,建德,-,
"220","永王行宫·仙侣庭园","10人普通",李玚,武器,浅辉,-,
"220","永王行宫·仙侣庭园","10人普通",李玚,饰品,灯萤指环,-,
"220","永王行宫·仙侣庭园","10人普通",李玚,饰品,针目扳指,-,
"220","永王行宫·仙侣庭园","10人普通",李玚,武器,萧风,-,
"220","永王行宫·仙侣庭园","10人普通",李玚,饰品,皇命指环,-,
"220","永王行宫·仙侣庭园","10人普通",李玚,武器,鱼龙箭袋,-,
"220","永王行宫·仙侣庭园","10人普通",李玚,饰品,晴明戒,-,
"220","永王行宫·仙侣庭园","10人普通",李玚,武器,醉潇湘,-,
"220","永王行宫·仙侣庭园","10人普通",李玚,武器,危海,-,
"220","永王行宫·仙侣庭园","10人普通",李玚,武器,笑沧波,-,
"220","永王行宫·仙侣庭园","10人普通",李玚,饰品,星落玉戒,-,
"220","永王行宫·仙侣庭园","10人普通",李玚,饰品,凤箫翡翠环,-,
"220","永王行宫·仙侣庭园","10人普通",李玚,武器,万里斜阳,-,
"220","永王行宫·仙侣庭园","10人普通",李玚,饰品,交叶扳指,-,
"220","永王行宫·仙侣庭园","10人普通",李玚,武器,十方雨,-,
"220","永王行宫·仙侣庭园","10人普通",李玚,武器,星迹,-,
"220","永王行宫·仙侣庭园","10人普通",仲虚念,武器,十方雨,-,
"220","永王行宫·仙侣庭园","10人普通",仲虚念,武器,烨德,-,
"220","永王行宫·仙侣庭园","10人普通",仲虚念,武器,襄州柳,-,
"220","永王行宫·仙侣庭园","10人普通",仲虚念,武器,千重色,-,
"220","永王行宫·仙侣庭园","10人普通",仲虚念,饰品,无方扳指,-,
"220","永王行宫·仙侣庭园","10人普通",仲虚念,武器,霜愁,-,
"220","永王行宫·仙侣庭园","10人普通",仲虚念,饰品,冥契戒指,-,
"220","永王行宫·仙侣庭园","10人普通",仲虚念,武器,踏天下,-,
"220","永王行宫·仙侣庭园","10人普通",仲虚念,饰品,交叶扳指,-,
"220","永王行宫·仙侣庭园","10人普通",仲虚念,武器,摧眉,-,
"220","永王行宫·仙侣庭园","10人普通",仲虚念,武器,动旌千里,-,
"220","永王行宫·仙侣庭园","10人普通",仲虚念,饰品,润颐指环,-,
"220","永王行宫·仙侣庭园","10人普通",仲虚念,武器,孤云飞尽,-,
"220","永王行宫·仙侣庭园","10人普通",仲虚念,装备,花钿霜,-,
"220","永王行宫·仙侣庭园","10人普通",仲虚念,装备,萝缘迹,-,
"220","永王行宫·仙侣庭园","10人普通",仲虚念,武器,疏狂,-,
"220","永王行宫·仙侣庭园","10人普通",仲虚念,装备,庾信,-,
"220","永王行宫·仙侣庭园","10人普通",仲虚念,装备,正望,-,
"220","永王行宫·仙侣庭园","10人普通",仲虚念,装备,幽寂吟,-,
"220","永王行宫·仙侣庭园","10人普通",仲虚念,武器,非世,-,
"220","永王行宫·仙侣庭园","10人普通",仲虚念,装备,飘零鹤,-,
"220","永王行宫·仙侣庭园","10人普通",仲虚念,武器,白衣吟,-,
"220","永王行宫·仙侣庭园","10人普通",仲虚念,武器,镶云,-,
"220","永王行宫·仙侣庭园","10人普通",仲虚念,武器,南鸣,-,
"220","永王行宫·仙侣庭园","10人普通",仲虚念,装备,楚丝裤,-,
"220","永王行宫·仙侣庭园","10人普通",仲虚念,武器,桑杨映雪,-,
"220","永王行宫·仙侣庭园","10人普通",仲虚念,装备,凉生裤,-,
"220","永王行宫·仙侣庭园","10人普通",仲虚念,装备,苏宝裤,-,
"220","永王行宫·仙侣庭园","10人普通",仲虚念,武器,胜法,-,
"220","永王行宫·仙侣庭园","10人普通",仲虚念,装备,雨度裤,-,
"220","永王行宫·仙侣庭园","10人普通",仲虚念,装备,伴红裤,-,
"220","永王行宫·仙侣庭园","10人普通",仲虚念,武器,灯草,-,
"220","永王行宫·仙侣庭园","10人普通",仲虚念,装备,宽鸿裤,-,
"220","永王行宫·仙侣庭园","10人普通",仲虚念,武器,十方生死,-,
"220","永王行宫·仙侣庭园","10人普通",仲虚念,武器,鸾燕曲,-,
"220","永王行宫·仙侣庭园","10人普通",仲虚念,武器,秋雨收声,-,
"220","永王行宫·仙侣庭园","10人普通",仲虚念,装备,阔叶羽冠,-,
"220","永王行宫·仙侣庭园","10人普通",仲虚念,装备,疏花翠冠,-,
"220","永王行宫·仙侣庭园","10人普通",仲虚念,装备,缀玉软冠,-,
"220","永王行宫·仙侣庭园","10人普通",仲虚念,装备,修竹雅冠,-,
"220","永王行宫·仙侣庭园","10人普通",仲虚念,装备,楚淮风冠,-,
"220","永王行宫·仙侣庭园","10人普通",仲虚念,武器,握云,-,
"220","永王行宫·仙侣庭园","10人普通",仲虚念,装备,绕兰鹖冠,-,
"220","永王行宫·仙侣庭园","10人普通",仲虚念,武器,摇叶间,-,
"220","永王行宫·仙侣庭园","10人普通",仲虚念,武器,夺风,-,
"220","永王行宫·仙侣庭园","10人普通",仲虚念,武器,阔水磐山,-,
"220","永王行宫·仙侣庭园","10人普通",仲虚念,武器,覆千军,-,
"220","永王行宫·仙侣庭园","10人普通",仲虚念,武器,香非萼,-,
"220","永王行宫·仙侣庭园","10人普通",仲虚念,武器,隐红尘,-,
"220","永王行宫·仙侣庭园","10人普通",仲虚念,装备,飞鹄裳,-,
"220","永王行宫·仙侣庭园","10人普通",仲虚念,武器,道长生,-,
"220","永王行宫·仙侣庭园","10人普通",仲虚念,武器,衍光,-,
"220","永王行宫·仙侣庭园","10人普通",仲虚念,装备,朔语裳,-,
"220","永王行宫·仙侣庭园","10人普通",仲虚念,装备,骅骝裳,-,
"220","永王行宫·仙侣庭园","10人普通",仲虚念,武器,甘棠,-,
"220","永王行宫·仙侣庭园","10人普通",仲虚念,装备,判忧裳,-,
"220","永王行宫·仙侣庭园","10人普通",仲虚念,武器,夜阳,-,
"220","永王行宫·仙侣庭园","10人普通",仲虚念,装备,参扬裳,-,
"220","永王行宫·仙侣庭园","10人普通",仲虚念,武器,冬雪流光,-,
"220","永王行宫·仙侣庭园","10人普通",仲虚念,武器,飞溟吞鲸,-,
"220","永王行宫·仙侣庭园","10人普通",仲虚念,武器,细雨敲声,-,
"220","永王行宫·仙侣庭园","10人普通",仲虚念,武器,黄藤哀,-,
"220","永王行宫·仙侣庭园","10人普通",仲虚念,武器,知书,-,
"220","永王行宫·仙侣庭园","10人普通",仲虚念,武器,青焰,-,
"220","永王行宫·仙侣庭园","10人普通",仲虚念,武器,白鹿清影,-,
"220","永王行宫·仙侣庭园","10人普通",仲虚念,武器,浅辉,-,
"220","永王行宫·仙侣庭园","10人普通",仲虚念,饰品,灯萤指环,-,
"220","永王行宫·仙侣庭园","10人普通",仲虚念,武器,建德,-,
"220","永王行宫·仙侣庭园","10人普通",仲虚念,饰品,针目扳指,-,
"220","永王行宫·仙侣庭园","10人普通",仲虚念,武器,萧风,-,
"220","永王行宫·仙侣庭园","10人普通",仲虚念,饰品,皇命指环,-,
"220","永王行宫·仙侣庭园","10人普通",仲虚念,饰品,晴明戒,-,
"220","永王行宫·仙侣庭园","10人普通",仲虚念,武器,危海,-,
"220","永王行宫·仙侣庭园","10人普通",仲虚念,饰品,星落玉戒,-,
"220","永王行宫·仙侣庭园","10人普通",仲虚念,武器,醉潇湘,-,
"220","永王行宫·仙侣庭园","10人普通",仲虚念,饰品,凤箫翡翠环,-,
"220","永王行宫·仙侣庭园","10人普通",仲虚念,饰品,孤卓戒指,-,
"220","永王行宫·仙侣庭园","10人普通",仲虚念,饰品,曈昽戒指,-,
"220","永王行宫·仙侣庭园","10人普通",仲虚念,武器,万里斜阳,-,
"220","永王行宫·仙侣庭园","10人普通",仲虚念,武器,笑沧波,-,
"220","永王行宫·仙侣庭园","10人普通",仲虚念,装备,兵莽裳,-,
"220","永王行宫·仙侣庭园","10人普通",仲虚念,武器,星迹,-,
"220","永王行宫·仙侣庭园","10人普通",李璘与苏十三娘,饰品,商藻项链,-,
"220","永王行宫·仙侣庭园","10人普通",李璘与苏十三娘,武器,烨德,-,
"220","永王行宫·仙侣庭园","10人普通",李璘与苏十三娘,武器,踏天下,-,
"220","永王行宫·仙侣庭园","10人普通",李璘与苏十三娘,武器,千重色,-,
"220","永王行宫·仙侣庭园","10人普通",李璘与苏十三娘,武器,襄州柳,-,
"220","永王行宫·仙侣庭园","10人普通",李璘与苏十三娘,武器,霜愁,-,
"220","永王行宫·仙侣庭园","10人普通",李璘与苏十三娘,武器,动旌千里,-,
"220","永王行宫·仙侣庭园","10人普通",李璘与苏十三娘,武器,摧眉,-,
"220","永王行宫·仙侣庭园","10人普通",李璘与苏十三娘,武器,孤云飞尽,-,
"220","永王行宫·仙侣庭园","10人普通",李璘与苏十三娘,武器,非世,-,
"220","永王行宫·仙侣庭园","10人普通",李璘与苏十三娘,武器,疏狂,-,
"220","永王行宫·仙侣庭园","10人普通",李璘与苏十三娘,武器,白衣吟,-,
"220","永王行宫·仙侣庭园","10人普通",李璘与苏十三娘,装备,索初衣,-,
"220","永王行宫·仙侣庭园","10人普通",李璘与苏十三娘,装备,戏光衣,-,
"220","永王行宫·仙侣庭园","10人普通",李璘与苏十三娘,装备,白婉衣,-,
"220","永王行宫·仙侣庭园","10人普通",李璘与苏十三娘,武器,南鸣,-,
"220","永王行宫·仙侣庭园","10人普通",李璘与苏十三娘,武器,镶云,-,
"220","永王行宫·仙侣庭园","10人普通",李璘与苏十三娘,装备,寿芳衣,-,
"220","永王行宫·仙侣庭园","10人普通",李璘与苏十三娘,装备,灼梦衣,-,
"220","永王行宫·仙侣庭园","10人普通",李璘与苏十三娘,装备,浑山衣,-,
"220","永王行宫·仙侣庭园","10人普通",李璘与苏十三娘,武器,灯草,-,
"220","永王行宫·仙侣庭园","10人普通",李璘与苏十三娘,武器,桑杨映雪,-,
"220","永王行宫·仙侣庭园","10人普通",李璘与苏十三娘,装备,楚丝裤,-,
"220","永王行宫·仙侣庭园","10人普通",李璘与苏十三娘,装备,凉生裤,-,
"220","永王行宫·仙侣庭园","10人普通",李璘与苏十三娘,武器,胜法,-,
"220","永王行宫·仙侣庭园","10人普通",李璘与苏十三娘,装备,苏宝裤,-,
"220","永王行宫·仙侣庭园","10人普通",李璘与苏十三娘,装备,雨度裤,-,
"220","永王行宫·仙侣庭园","10人普通",李璘与苏十三娘,武器,鸾燕曲,-,
"220","永王行宫·仙侣庭园","10人普通",李璘与苏十三娘,装备,伴红裤,-,
"220","永王行宫·仙侣庭园","10人普通",李璘与苏十三娘,武器,十方生死,-,
"220","永王行宫·仙侣庭园","10人普通",李璘与苏十三娘,装备,宽鸿裤,-,
"220","永王行宫·仙侣庭园","10人普通",李璘与苏十三娘,武器,秋雨收声,-,
"220","永王行宫·仙侣庭园","10人普通",李璘与苏十三娘,武器,阔水磐山,-,
"220","永王行宫·仙侣庭园","10人普通",李璘与苏十三娘,武器,摇叶间,-,
"220","永王行宫·仙侣庭园","10人普通",李璘与苏十三娘,武器,握云,-,
"220","永王行宫·仙侣庭园","10人普通",李璘与苏十三娘,装备,榴秋帔,-,
"220","永王行宫·仙侣庭园","10人普通",李璘与苏十三娘,武器,夺风,-,
"220","永王行宫·仙侣庭园","10人普通",李璘与苏十三娘,装备,影霞帔,-,
"220","永王行宫·仙侣庭园","10人普通",李璘与苏十三娘,装备,绒金帔,-,
"220","永王行宫·仙侣庭园","10人普通",李璘与苏十三娘,装备,怅孤帔,-,
"220","永王行宫·仙侣庭园","10人普通",李璘与苏十三娘,武器,香非萼,-,
"220","永王行宫·仙侣庭园","10人普通",李璘与苏十三娘,装备,凤宸帔,-,
"220","永王行宫·仙侣庭园","10人普通",李璘与苏十三娘,装备,苍乔帔,-,
"220","永王行宫·仙侣庭园","10人普通",李璘与苏十三娘,武器,覆千军,-,
"220","永王行宫·仙侣庭园","10人普通",李璘与苏十三娘,武器,隐红尘,-,
"220","永王行宫·仙侣庭园","10人普通",李璘与苏十三娘,武器,夜阳,-,
"220","永王行宫·仙侣庭园","10人普通",李璘与苏十三娘,武器,衍光,-,
"220","永王行宫·仙侣庭园","10人普通",李璘与苏十三娘,武器,道长生,-,
"220","永王行宫·仙侣庭园","10人普通",李璘与苏十三娘,装备,飞鹄裳,-,
"220","永王行宫·仙侣庭园","10人普通",李璘与苏十三娘,装备,朔语裳,-,
"220","永王行宫·仙侣庭园","10人普通",李璘与苏十三娘,武器,甘棠,-,
"220","永王行宫·仙侣庭园","10人普通",李璘与苏十三娘,装备,兵莽裳,-,
"220","永王行宫·仙侣庭园","10人普通",李璘与苏十三娘,装备,骅骝裳,-,
"220","永王行宫·仙侣庭园","10人普通",李璘与苏十三娘,武器,飞溟吞鲸,-,
"220","永王行宫·仙侣庭园","10人普通",李璘与苏十三娘,装备,判忧裳,-,
"220","永王行宫·仙侣庭园","10人普通",李璘与苏十三娘,装备,参扬裳,-,
"220","永王行宫·仙侣庭园","10人普通",李璘与苏十三娘,武器,冬雪流光,-,
"220","永王行宫·仙侣庭园","10人普通",李璘与苏十三娘,武器,细雨敲声,-,
"220","永王行宫·仙侣庭园","10人普通",李璘与苏十三娘,饰品,应梅项链,-,
"220","永王行宫·仙侣庭园","10人普通",李璘与苏十三娘,武器,白鹿清影,-,
"220","永王行宫·仙侣庭园","10人普通",李璘与苏十三娘,武器,知书,-,
"220","永王行宫·仙侣庭园","10人普通",李璘与苏十三娘,饰品,乔叶项坠,-,
"220","永王行宫·仙侣庭园","10人普通",李璘与苏十三娘,武器,黄藤哀,-,
"220","永王行宫·仙侣庭园","10人普通",李璘与苏十三娘,饰品,花竹护颈,-,
"220","永王行宫·仙侣庭园","10人普通",李璘与苏十三娘,饰品,流烟冰晶链,-,
"220","永王行宫·仙侣庭园","10人普通",李璘与苏十三娘,饰品,言雨链,-,
"220","永王行宫·仙侣庭园","10人普通",李璘与苏十三娘,武器,青焰,-,
"220","永王行宫·仙侣庭园","10人普通",李璘与苏十三娘,武器,建德,-,
"220","永王行宫·仙侣庭园","10人普通",李璘与苏十三娘,武器,浅辉,-,
"220","永王行宫·仙侣庭园","10人普通",李璘与苏十三娘,武器,萧风,-,
"220","永王行宫·仙侣庭园","10人普通",李璘与苏十三娘,武器,笑沧波,-,
"220","永王行宫·仙侣庭园","10人普通",李璘与苏十三娘,武器,醉潇湘,-,
"220","永王行宫·仙侣庭园","10人普通",李璘与苏十三娘,武器,危海,-,
"220","永王行宫·仙侣庭园","10人普通",李璘与苏十三娘,武器,万里斜阳,-,
"220","永王行宫·仙侣庭园","10人普通",李璘与苏十三娘,饰品,香篆项链,-,
"220","永王行宫·仙侣庭园","10人普通",李璘与苏十三娘,武器,十方雨,-,
"220","永王行宫·仙侣庭园","10人普通",李璘与苏十三娘,饰品,飞白项链,-,
"220","永王行宫·仙侣庭园","10人普通",李璘与苏十三娘,饰品,哲思项链,-,
"220","永王行宫·仙侣庭园","10人普通",李璘与苏十三娘,武器,星迹,-,
"220","永王行宫·仙侣庭园","10人普通",李璘与苏十三娘,饰品,载虔项链,-,
"220","永王行宫·仙侣庭园","10人普通",李璘与苏十三娘,饰品,霜外项圈,-,
"220","永王行宫·仙侣庭园","10人普通",李璘与苏十三娘,饰品,隐衷项链,-,
"231","永王行宫·仙侣庭园","25人英雄",屈焰阳,饰品,泠寒金链,-,
"231","永王行宫·仙侣庭园","25人英雄",屈焰阳,饰品,识草流珠,-,
"231","永王行宫·仙侣庭园","25人英雄",屈焰阳,饰品,缕木鎏金,-,
"231","永王行宫·仙侣庭园","25人英雄",屈焰阳,饰品,天香罗纹,-,
"231","永王行宫·仙侣庭园","25人英雄",屈焰阳,饰品,蛟龙蚀月,-,
"231","永王行宫·仙侣庭园","25人英雄",屈焰阳,饰品,璃鸟寒霜,-,
"231","永王行宫·仙侣庭园","25人英雄",屈焰阳,饰品,沧溟沙海,-,
"231","永王行宫·仙侣庭园","25人英雄",屈焰阳,饰品,舒仪项链,-,
"231","永王行宫·仙侣庭园","25人英雄",屈焰阳,饰品,谷徊项链,-,
"231","永王行宫·仙侣庭园","25人英雄",屈焰阳,饰品,夜鹭项链,-,
"231","永王行宫·仙侣庭园","25人英雄",屈焰阳,饰品,宝颛项链,-,
"231","永王行宫·仙侣庭园","25人英雄",屈焰阳,装备,误婵娟,-,
"231","永王行宫·仙侣庭园","25人英雄",屈焰阳,装备,太华岩,-,
"231","永王行宫·仙侣庭园","25人英雄",屈焰阳,装备,风容暖,-,
"231","永王行宫·仙侣庭园","25人英雄",屈焰阳,装备,鹤殊来,-,
"231","永王行宫·仙侣庭园","25人英雄",屈焰阳,武器,灵夜影痕,-,
"231","永王行宫·仙侣庭园","25人英雄",屈焰阳,装备,黄竹娇,-,
"231","永王行宫·仙侣庭园","25人英雄",屈焰阳,装备,逐银冰,-,
"231","永王行宫·仙侣庭园","25人英雄",屈焰阳,武器,朱光淡眉,-,
"231","永王行宫·仙侣庭园","25人英雄",屈焰阳,武器,木叶卷絮,-,
"231","永王行宫·仙侣庭园","25人英雄",屈焰阳,武器,锦书素音,-,
"231","永王行宫·仙侣庭园","25人英雄",屈焰阳,武器,傍纱解舟,-,
"231","永王行宫·仙侣庭园","25人英雄",屈焰阳,武器,朝云画桥,-,
"231","永王行宫·仙侣庭园","25人英雄",屈焰阳,武器,翩眉囊,-,
"231","永王行宫·仙侣庭园","25人英雄",屈焰阳,武器,雅黛囊,-,
"231","永王行宫·仙侣庭园","25人英雄",屈焰阳,武器,诣道囊,-,
"231","永王行宫·仙侣庭园","25人英雄",屈焰阳,武器,线酒囊,-,
"231","永王行宫·仙侣庭园","25人英雄",屈焰阳,武器,荡泷囊,-,
"231","永王行宫·仙侣庭园","25人英雄",屈焰阳,装备,然引护手,-,
"231","永王行宫·仙侣庭园","25人英雄",屈焰阳,武器,明安囊,-,
"231","永王行宫·仙侣庭园","25人英雄",屈焰阳,装备,胡鸥护手,-,
"231","永王行宫·仙侣庭园","25人英雄",屈焰阳,装备,瑰伴护手,-,
"231","永王行宫·仙侣庭园","25人英雄",屈焰阳,装备,犹茵护手,-,
"231","永王行宫·仙侣庭园","25人英雄",屈焰阳,装备,负沁护手,-,
"231","永王行宫·仙侣庭园","25人英雄",屈焰阳,装备,虚随护手,-,
"231","永王行宫·仙侣庭园","25人英雄",屈焰阳,饰品,洛箬项链,-,
"231","永王行宫·仙侣庭园","25人英雄",屈焰阳,饰品,伊信项链,-,
"231","永王行宫·仙侣庭园","25人英雄",屈焰阳,饰品,白云穿凤,-,
"231","永王行宫·仙侣庭园","25人英雄",屈焰阳,饰品,幽艳敲竹链,-,
"231","永王行宫·仙侣庭园","25人英雄",屈焰阳,饰品,长淮项链,-,
"231","永王行宫·仙侣庭园","25人英雄",屈焰阳,饰品,清音冷玉坠,-,
"231","永王行宫·仙侣庭园","25人英雄",屈焰阳,饰品,三滴五盏,-,
"231","永王行宫·仙侣庭园","25人英雄",森九岚,饰品,泠寒金链,-,
"231","永王行宫·仙侣庭园","25人英雄",森九岚,饰品,幽艳敲竹链,-,
"231","永王行宫·仙侣庭园","25人英雄",森九岚,饰品,缕木鎏金,-,
"231","永王行宫·仙侣庭园","25人英雄",森九岚,饰品,天香罗纹,-,
"231","永王行宫·仙侣庭园","25人英雄",森九岚,饰品,白云穿凤,-,
"231","永王行宫·仙侣庭园","25人英雄",森九岚,饰品,璃鸟寒霜,-,
"231","永王行宫·仙侣庭园","25人英雄",森九岚,饰品,沧溟沙海,-,
"231","永王行宫·仙侣庭园","25人英雄",森九岚,饰品,商略指环,-,
"231","永王行宫·仙侣庭园","25人英雄",森九岚,饰品,愁江指环,-,
"231","永王行宫·仙侣庭园","25人英雄",森九岚,饰品,数山指环,-,
"231","永王行宫·仙侣庭园","25人英雄",森九岚,装备,西风萝翠,-,
"231","永王行宫·仙侣庭园","25人英雄",森九岚,饰品,行望指环,-,
"231","永王行宫·仙侣庭园","25人英雄",森九岚,饰品,心雁指环,-,
"231","永王行宫·仙侣庭园","25人英雄",森九岚,装备,庭波玉露,-,
"231","永王行宫·仙侣庭园","25人英雄",森九岚,饰品,贝沉指环,-,
"231","永王行宫·仙侣庭园","25人英雄",森九岚,装备,城下接晴,-,
"231","永王行宫·仙侣庭园","25人英雄",森九岚,饰品,伊信项链,-,
"231","永王行宫·仙侣庭园","25人英雄",森九岚,装备,支月寒思,-,
"231","永王行宫·仙侣庭园","25人英雄",森九岚,饰品,谷徊项链,-,
"231","永王行宫·仙侣庭园","25人英雄",森九岚,装备,远沧瑟叶,-,
"231","永王行宫·仙侣庭园","25人英雄",森九岚,饰品,洛箬项链,-,
"231","永王行宫·仙侣庭园","25人英雄",森九岚,装备,桑野空云,-,
"231","永王行宫·仙侣庭园","25人英雄",森九岚,装备,误婵娟,-,
"231","永王行宫·仙侣庭园","25人英雄",森九岚,装备,太华岩,-,
"231","永王行宫·仙侣庭园","25人英雄",森九岚,饰品,故阶戒指,-,
"231","永王行宫·仙侣庭园","25人英雄",森九岚,饰品,闲笺戒指,-,
"231","永王行宫·仙侣庭园","25人英雄",森九岚,装备,风容暖,-,
"231","永王行宫·仙侣庭园","25人英雄",森九岚,饰品,软艳戒指,-,
"231","永王行宫·仙侣庭园","25人英雄",森九岚,饰品,涟泓戒指,-,
"231","永王行宫·仙侣庭园","25人英雄",森九岚,装备,黄竹娇,-,
"231","永王行宫·仙侣庭园","25人英雄",森九岚,饰品,韦缘戒指,-,
"231","永王行宫·仙侣庭园","25人英雄",森九岚,装备,逐银冰,-,
"231","永王行宫·仙侣庭园","25人英雄",森九岚,饰品,鱼仙指环,-,
"231","永王行宫·仙侣庭园","25人英雄",森九岚,饰品,伽泽指环,-,
"231","永王行宫·仙侣庭园","25人英雄",森九岚,饰品,咏芎指环,-,
"231","永王行宫·仙侣庭园","25人英雄",森九岚,武器,翩眉囊,-,
"231","永王行宫·仙侣庭园","25人英雄",森九岚,武器,雅黛囊,-,
"231","永王行宫·仙侣庭园","25人英雄",森九岚,武器,诣道囊,-,
"231","永王行宫·仙侣庭园","25人英雄",森九岚,武器,线酒囊,-,
"231","永王行宫·仙侣庭园","25人英雄",森九岚,装备,鼎元腰带,-,
"231","永王行宫·仙侣庭园","25人英雄",森九岚,装备,剪梦腰带,-,
"231","永王行宫·仙侣庭园","25人英雄",森九岚,装备,无冬腰带,-,
"231","永王行宫·仙侣庭园","25人英雄",森九岚,装备,丝砀腰带,-,
"231","永王行宫·仙侣庭园","25人英雄",森九岚,武器,荡泷囊,-,
"231","永王行宫·仙侣庭园","25人英雄",森九岚,装备,昼法腰带,-,
"231","永王行宫·仙侣庭园","25人英雄",森九岚,装备,政铭腰带,-,
"231","永王行宫·仙侣庭园","25人英雄",森九岚,装备,然引护手,-,
"231","永王行宫·仙侣庭园","25人英雄",森九岚,武器,明安囊,-,
"231","永王行宫·仙侣庭园","25人英雄",森九岚,装备,胡鸥护手,-,
"231","永王行宫·仙侣庭园","25人英雄",森九岚,装备,瑰伴护手,-,
"231","永王行宫·仙侣庭园","25人英雄",森九岚,装备,负沁护手,-,
"231","永王行宫·仙侣庭园","25人英雄",森九岚,装备,虚随护手,-,
"231","永王行宫·仙侣庭园","25人英雄",森九岚,饰品,血岩指环,-,
"231","永王行宫·仙侣庭园","25人英雄",森九岚,饰品,佳婉戒指,-,
"231","永王行宫·仙侣庭园","25人英雄",森九岚,饰品,宝颛项链,-,
"231","永王行宫·仙侣庭园","25人英雄",森九岚,饰品,夜鹭项链,-,
"231","永王行宫·仙侣庭园","25人英雄",森九岚,饰品,舒仪项链,-,
"231","永王行宫·仙侣庭园","25人英雄",森九岚,饰品,蛟龙蚀月,-,
"231","永王行宫·仙侣庭园","25人英雄",森九岚,饰品,识草流珠,-,
"231","永王行宫·仙侣庭园","25人英雄",森九岚,饰品,三滴五盏,-,
"231","永王行宫·仙侣庭园","25人英雄",森九岚,装备,鹤殊来,-,
"231","永王行宫·仙侣庭园","25人英雄",森九岚,饰品,长淮项链,-,
"231","永王行宫·仙侣庭园","25人英雄",森九岚,装备,犹茵护手,-,
"231","永王行宫·仙侣庭园","25人英雄",森九岚,饰品,清音冷玉坠,-,
"231","永王行宫·仙侣庭园","25人英雄",李玚,装备,兰合冠,-,
"231","永王行宫·仙侣庭园","25人英雄",李玚,装备,幽燕冠,-,
"231","永王行宫·仙侣庭园","25人英雄",李玚,装备,西风萝翠,-,
"231","永王行宫·仙侣庭园","25人英雄",李玚,装备,庭波玉露,-,
"231","永王行宫·仙侣庭园","25人英雄",李玚,装备,城下接晴,-,
"231","永王行宫·仙侣庭园","25人英雄",李玚,装备,支月寒思,-,
"231","永王行宫·仙侣庭园","25人英雄",李玚,装备,桑野空云,-,
"231","永王行宫·仙侣庭园","25人英雄",李玚,饰品,故阶戒指,-,
"231","永王行宫·仙侣庭园","25人英雄",李玚,饰品,闲笺戒指,-,
"231","永王行宫·仙侣庭园","25人英雄",李玚,饰品,软艳戒指,-,
"231","永王行宫·仙侣庭园","25人英雄",李玚,饰品,佳婉戒指,-,
"231","永王行宫·仙侣庭园","25人英雄",李玚,饰品,涟泓戒指,-,
"231","永王行宫·仙侣庭园","25人英雄",李玚,饰品,韦缘戒指,-,
"231","永王行宫·仙侣庭园","25人英雄",李玚,饰品,鱼仙指环,-,
"231","永王行宫·仙侣庭园","25人英雄",李玚,饰品,血岩指环,-,
"231","永王行宫·仙侣庭园","25人英雄",李玚,装备,无伦裤,-,
"231","永王行宫·仙侣庭园","25人英雄",李玚,饰品,伽泽指环,-,
"231","永王行宫·仙侣庭园","25人英雄",李玚,饰品,咏芎指环,-,
"231","永王行宫·仙侣庭园","25人英雄",李玚,装备,半苍裤,-,
"231","永王行宫·仙侣庭园","25人英雄",李玚,装备,炎帆裤,-,
"231","永王行宫·仙侣庭园","25人英雄",李玚,装备,远湘裤,-,
"231","永王行宫·仙侣庭园","25人英雄",李玚,装备,轻濛裤,-,
"231","永王行宫·仙侣庭园","25人英雄",李玚,装备,伤歌裤,-,
"231","永王行宫·仙侣庭园","25人英雄",李玚,装备,平芜软履,-,
"231","永王行宫·仙侣庭园","25人英雄",李玚,装备,危影软履,-,
"231","永王行宫·仙侣庭园","25人英雄",李玚,装备,争迎软履,-,
"231","永王行宫·仙侣庭园","25人英雄",李玚,装备,觉爱软履,-,
"231","永王行宫·仙侣庭园","25人英雄",李玚,武器,翩眉囊,-,
"231","永王行宫·仙侣庭园","25人英雄",李玚,装备,芒玄软履,-,
"231","永王行宫·仙侣庭园","25人英雄",李玚,装备,苦峰冠,-,
"231","永王行宫·仙侣庭园","25人英雄",李玚,装备,华胥冠,-,
"231","永王行宫·仙侣庭园","25人英雄",李玚,装备,皓南冠,-,
"231","永王行宫·仙侣庭园","25人英雄",李玚,武器,雅黛囊,-,
"231","永王行宫·仙侣庭园","25人英雄",李玚,装备,辞书冠,-,
"231","永王行宫·仙侣庭园","25人英雄",李玚,装备,云浪冠,-,
"231","永王行宫·仙侣庭园","25人英雄",李玚,装备,迥天冠,-,
"231","永王行宫·仙侣庭园","25人英雄",李玚,武器,诣道囊,-,
"231","永王行宫·仙侣庭园","25人英雄",李玚,武器,线酒囊,-,
"231","永王行宫·仙侣庭园","25人英雄",李玚,装备,鼎元腰带,-,
"231","永王行宫·仙侣庭园","25人英雄",李玚,装备,剪梦腰带,-,
"231","永王行宫·仙侣庭园","25人英雄",李玚,装备,无冬腰带,-,
"231","永王行宫·仙侣庭园","25人英雄",李玚,武器,荡泷囊,-,
"231","永王行宫·仙侣庭园","25人英雄",李玚,装备,丝砀腰带,-,
"231","永王行宫·仙侣庭园","25人英雄",李玚,装备,政铭腰带,-,
"231","永王行宫·仙侣庭园","25人英雄",李玚,武器,明安囊,-,
"231","永王行宫·仙侣庭园","25人英雄",李玚,装备,凝泊裳,-,
"231","永王行宫·仙侣庭园","25人英雄",李玚,装备,樵风裳,-,
"231","永王行宫·仙侣庭园","25人英雄",李玚,装备,霖水裳,-,
"231","永王行宫·仙侣庭园","25人英雄",李玚,装备,施嘉裳,-,
"231","永王行宫·仙侣庭园","25人英雄",李玚,装备,长结裳,-,
"231","永王行宫·仙侣庭园","25人英雄",李玚,装备,简阆裳,-,
"231","永王行宫·仙侣庭园","25人英雄",李玚,装备,初晓鞋,-,
"231","永王行宫·仙侣庭园","25人英雄",李玚,装备,枫尊鞋,-,
"231","永王行宫·仙侣庭园","25人英雄",李玚,装备,握芸鞋,-,
"231","永王行宫·仙侣庭园","25人英雄",李玚,装备,匡倾鞋,-,
"231","永王行宫·仙侣庭园","25人英雄",李玚,装备,茂御鞋,-,
"231","永王行宫·仙侣庭园","25人英雄",李玚,装备,畏天冠,-,
"231","永王行宫·仙侣庭园","25人英雄",李玚,饰品,贝沉指环,-,
"231","永王行宫·仙侣庭园","25人英雄",李玚,装备,侍光冠,-,
"231","永王行宫·仙侣庭园","25人英雄",李玚,饰品,心雁指环,-,
"231","永王行宫·仙侣庭园","25人英雄",李玚,饰品,行望指环,-,
"231","永王行宫·仙侣庭园","25人英雄",李玚,饰品,数山指环,-,
"231","永王行宫·仙侣庭园","25人英雄",李玚,饰品,愁江指环,-,
"231","永王行宫·仙侣庭园","25人英雄",李玚,饰品,商略指环,-,
"231","永王行宫·仙侣庭园","25人英雄",李玚,装备,随君冠,-,
"231","永王行宫·仙侣庭园","25人英雄",李玚,装备,指月鞋,-,
"231","永王行宫·仙侣庭园","25人英雄",李玚,装备,昼法腰带,-,
"231","永王行宫·仙侣庭园","25人英雄",李玚,装备,定云冠,-,
"231","永王行宫·仙侣庭园","25人英雄",李玚,装备,横雨软履,-,
"231","永王行宫·仙侣庭园","25人英雄",李玚,装备,远沧瑟叶,-,
"231","永王行宫·仙侣庭园","25人英雄",仲虚念,装备,兰合冠,-,
"231","永王行宫·仙侣庭园","25人英雄",仲虚念,装备,幽燕冠,-,
"231","永王行宫·仙侣庭园","25人英雄",仲虚念,饰品,商略指环,-,
"231","永王行宫·仙侣庭园","25人英雄",仲虚念,饰品,愁江指环,-,
"231","永王行宫·仙侣庭园","25人英雄",仲虚念,饰品,数山指环,-,
"231","永王行宫·仙侣庭园","25人英雄",仲虚念,饰品,行望指环,-,
"231","永王行宫·仙侣庭园","25人英雄",仲虚念,饰品,心雁指环,-,
"231","永王行宫·仙侣庭园","25人英雄",仲虚念,饰品,贝沉指环,-,
"231","永王行宫·仙侣庭园","25人英雄",仲虚念,饰品,三环锡杖,-,
"231","永王行宫·仙侣庭园","25人英雄",仲虚念,装备,苦峰冠,-,
"231","永王行宫·仙侣庭园","25人英雄",仲虚念,武器,翩眉囊,-,
"231","永王行宫·仙侣庭园","25人英雄",仲虚念,装备,华胥冠,-,
"231","永王行宫·仙侣庭园","25人英雄",仲虚念,装备,皓南冠,-,
"231","永王行宫·仙侣庭园","25人英雄",仲虚念,武器,雅黛囊,-,
"231","永王行宫·仙侣庭园","25人英雄",仲虚念,装备,云浪冠,-,
"231","永王行宫·仙侣庭园","25人英雄",仲虚念,装备,迥天冠,-,
"231","永王行宫·仙侣庭园","25人英雄",仲虚念,武器,诣道囊,-,
"231","永王行宫·仙侣庭园","25人英雄",仲虚念,武器,线酒囊,-,
"231","永王行宫·仙侣庭园","25人英雄",仲虚念,武器,荡泷囊,-,
"231","永王行宫·仙侣庭园","25人英雄",仲虚念,武器,明安囊,-,
"231","永王行宫·仙侣庭园","25人英雄",仲虚念,武器,相如,-,
"231","永王行宫·仙侣庭园","25人英雄",仲虚念,武器,听梵,-,
"231","永王行宫·仙侣庭园","25人英雄",仲虚念,武器,秋香雨,-,
"231","永王行宫·仙侣庭园","25人英雄",仲虚念,武器,清芦几丛,-,
"231","永王行宫·仙侣庭园","25人英雄",仲虚念,武器,擂天,-,
"231","永王行宫·仙侣庭园","25人英雄",仲虚念,武器,森罗火,-,
"231","永王行宫·仙侣庭园","25人英雄",仲虚念,武器,玄帷剑,-,
"231","永王行宫·仙侣庭园","25人英雄",仲虚念,武器,文杏剑,-,
"231","永王行宫·仙侣庭园","25人英雄",仲虚念,武器,暮色薄霞,-,
"231","永王行宫·仙侣庭园","25人英雄",仲虚念,武器,水湄,-,
"231","永王行宫·仙侣庭园","25人英雄",仲虚念,装备,玉节星轺,-,
"231","永王行宫·仙侣庭园","25人英雄",仲虚念,武器,庭月,-,
"231","永王行宫·仙侣庭园","25人英雄",仲虚念,装备,桐花栖凤,-,
"231","永王行宫·仙侣庭园","25人英雄",仲虚念,装备,壮岁鹰扬,-,
"231","永王行宫·仙侣庭园","25人英雄",仲虚念,武器,誓骨,-,
"231","永王行宫·仙侣庭园","25人英雄",仲虚念,装备,烟树西津,-,
"231","永王行宫·仙侣庭园","25人英雄",仲虚念,装备,逢戎初度,-,
"231","永王行宫·仙侣庭园","25人英雄",仲虚念,武器,寒灯夜,-,
"231","永王行宫·仙侣庭园","25人英雄",仲虚念,装备,长风舞浪,-,
"231","永王行宫·仙侣庭园","25人英雄",仲虚念,武器,云龙,-,
"231","永王行宫·仙侣庭园","25人英雄",仲虚念,装备,瑞雪翻云,-,
"231","永王行宫·仙侣庭园","25人英雄",仲虚念,武器,孤岫,-,
"231","永王行宫·仙侣庭园","25人英雄",仲虚念,武器,断坤,-,
"231","永王行宫·仙侣庭园","25人英雄",仲虚念,装备,飞天沦渊,-,
"231","永王行宫·仙侣庭园","25人英雄",仲虚念,武器,分丘残雪,-,
"231","永王行宫·仙侣庭园","25人英雄",仲虚念,装备,岁华流水,-,
"231","永王行宫·仙侣庭园","25人英雄",仲虚念,武器,承鸾凤,-,
"231","永王行宫·仙侣庭园","25人英雄",仲虚念,装备,寄春一枝,-,
"231","永王行宫·仙侣庭园","25人英雄",仲虚念,装备,黄云昼扶,-,
"231","永王行宫·仙侣庭园","25人英雄",仲虚念,武器,转宸,-,
"231","永王行宫·仙侣庭园","25人英雄",仲虚念,装备,白气宵飞,-,
"231","永王行宫·仙侣庭园","25人英雄",仲虚念,装备,横阵亘野,-,
"231","永王行宫·仙侣庭园","25人英雄",仲虚念,武器,陌上青,-,
"231","永王行宫·仙侣庭园","25人英雄",仲虚念,装备,遥天倒影,-,
"231","永王行宫·仙侣庭园","25人英雄",仲虚念,武器,摧花,-,
"231","永王行宫·仙侣庭园","25人英雄",仲虚念,武器,听竹未语,-,
"231","永王行宫·仙侣庭园","25人英雄",仲虚念,饰品,咏芎指环,-,
"231","永王行宫·仙侣庭园","25人英雄",仲虚念,饰品,伽泽指环,-,
"231","永王行宫·仙侣庭园","25人英雄",仲虚念,装备,湖海元龙,-,
"231","永王行宫·仙侣庭园","25人英雄",仲虚念,饰品,血岩指环,-,
"231","永王行宫·仙侣庭园","25人英雄",仲虚念,武器,静水画沙,-,
"231","永王行宫·仙侣庭园","25人英雄",仲虚念,饰品,鱼仙指环,-,
"231","永王行宫·仙侣庭园","25人英雄",仲虚念,饰品,韦缘戒指,-,
"231","永王行宫·仙侣庭园","25人英雄",仲虚念,饰品,涟泓戒指,-,
"231","永王行宫·仙侣庭园","25人英雄",仲虚念,装备,梅笑东风,-,
"231","永王行宫·仙侣庭园","25人英雄",仲虚念,饰品,佳婉戒指,-,
"231","永王行宫·仙侣庭园","25人英雄",仲虚念,饰品,软艳戒指,-,
"231","永王行宫·仙侣庭园","25人英雄",仲虚念,装备,斗酒津亭,-,
"231","永王行宫·仙侣庭园","25人英雄",仲虚念,饰品,闲笺戒指,-,
"231","永王行宫·仙侣庭园","25人英雄",仲虚念,饰品,故阶戒指,-,
"231","永王行宫·仙侣庭园","25人英雄",仲虚念,装备,云中辞君,-,
"231","永王行宫·仙侣庭园","25人英雄",仲虚念,装备,畏天冠,-,
"231","永王行宫·仙侣庭园","25人英雄",仲虚念,装备,黛染遥山,-,
"231","永王行宫·仙侣庭园","25人英雄",仲虚念,装备,轻帆早张,-,
"231","永王行宫·仙侣庭园","25人英雄",仲虚念,装备,侍光冠,-,
"231","永王行宫·仙侣庭园","25人英雄",仲虚念,装备,花月无愁,-,
"231","永王行宫·仙侣庭园","25人英雄",仲虚念,装备,兰风藻川,-,
"231","永王行宫·仙侣庭园","25人英雄",仲虚念,装备,随君冠,-,
"231","永王行宫·仙侣庭园","25人英雄",仲虚念,装备,微霜降蒙,-,
"231","永王行宫·仙侣庭园","25人英雄",仲虚念,装备,秋风画船,-,
"231","永王行宫·仙侣庭园","25人英雄",仲虚念,装备,辞书冠,-,
"231","永王行宫·仙侣庭园","25人英雄",仲虚念,装备,定云冠,-,
"231","永王行宫·仙侣庭园","25人英雄",李璘与苏十三娘,装备,软风碎曲,-,
"231","永王行宫·仙侣庭园","25人英雄",李璘与苏十三娘,装备,残云疏雨,-,
"231","永王行宫·仙侣庭园","25人英雄",李璘与苏十三娘,装备,梦海入遥,-,
"231","永王行宫·仙侣庭园","25人英雄",李璘与苏十三娘,装备,淮晓高树,-,
"231","永王行宫·仙侣庭园","25人英雄",李璘与苏十三娘,装备,雁拂金河,-,
"231","永王行宫·仙侣庭园","25人英雄",李璘与苏十三娘,饰品,斜梅腰坠,-,
"231","永王行宫·仙侣庭园","25人英雄",李璘与苏十三娘,饰品,杭湛腰坠,-,
"231","永王行宫·仙侣庭园","25人英雄",李璘与苏十三娘,饰品,昭锦腰坠,-,
"231","永王行宫·仙侣庭园","25人英雄",李璘与苏十三娘,装备,无伦裤,-,
"231","永王行宫·仙侣庭园","25人英雄",李璘与苏十三娘,装备,半苍裤,-,
"231","永王行宫·仙侣庭园","25人英雄",李璘与苏十三娘,饰品,劫焰金凰,-,
"231","永王行宫·仙侣庭园","25人英雄",李璘与苏十三娘,装备,炎帆裤,-,
"231","永王行宫·仙侣庭园","25人英雄",李璘与苏十三娘,装备,远湘裤,-,
"231","永王行宫·仙侣庭园","25人英雄",李璘与苏十三娘,饰品,银河地穿,-,
"231","永王行宫·仙侣庭园","25人英雄",李璘与苏十三娘,饰品,吞云梦戒,-,
"231","永王行宫·仙侣庭园","25人英雄",李璘与苏十三娘,装备,轻濛裤,-,
"231","永王行宫·仙侣庭园","25人英雄",李璘与苏十三娘,饰品,吼天风戒,-,
"231","永王行宫·仙侣庭园","25人英雄",李璘与苏十三娘,装备,伤歌裤,-,
"231","永王行宫·仙侣庭园","25人英雄",李璘与苏十三娘,饰品,吞云梦指环,-,
"231","永王行宫·仙侣庭园","25人英雄",李璘与苏十三娘,饰品,吼天风指环,-,
"231","永王行宫·仙侣庭园","25人英雄",李璘与苏十三娘,饰品,素娥寄声,-,
"231","永王行宫·仙侣庭园","25人英雄",李璘与苏十三娘,饰品,新岁华戒,-,
"231","永王行宫·仙侣庭园","25人英雄",李璘与苏十三娘,饰品,新岁华指环,-,
"231","永王行宫·仙侣庭园","25人英雄",李璘与苏十三娘,饰品,遍桂洲指环,-,
"231","永王行宫·仙侣庭园","25人英雄",李璘与苏十三娘,武器,翩眉囊,-,
"231","永王行宫·仙侣庭园","25人英雄",李璘与苏十三娘,武器,雅黛囊,-,
"231","永王行宫·仙侣庭园","25人英雄",李璘与苏十三娘,武器,诣道囊,-,
"231","永王行宫·仙侣庭园","25人英雄",李璘与苏十三娘,装备,复卿衣,-,
"231","永王行宫·仙侣庭园","25人英雄",李璘与苏十三娘,装备,旬星衣,-,
"231","永王行宫·仙侣庭园","25人英雄",李璘与苏十三娘,装备,荔邙衣,-,
"231","永王行宫·仙侣庭园","25人英雄",李璘与苏十三娘,装备,亥溪衣,-,
"231","永王行宫·仙侣庭园","25人英雄",李璘与苏十三娘,武器,线酒囊,-,
"231","永王行宫·仙侣庭园","25人英雄",李璘与苏十三娘,装备,凄语衣,-,
"231","永王行宫·仙侣庭园","25人英雄",李璘与苏十三娘,武器,荡泷囊,-,
"231","永王行宫·仙侣庭园","25人英雄",李璘与苏十三娘,武器,明安囊,-,
"231","永王行宫·仙侣庭园","25人英雄",李璘与苏十三娘,装备,凝泊裳,-,
"231","永王行宫·仙侣庭园","25人英雄",李璘与苏十三娘,装备,樵风裳,-,
"231","永王行宫·仙侣庭园","25人英雄",李璘与苏十三娘,装备,霖水裳,-,
"231","永王行宫·仙侣庭园","25人英雄",李璘与苏十三娘,装备,施嘉裳,-,
"231","永王行宫·仙侣庭园","25人英雄",李璘与苏十三娘,装备,长结裳,-,
"231","永王行宫·仙侣庭园","25人英雄",李璘与苏十三娘,装备,简阆裳,-,
"231","永王行宫·仙侣庭园","25人英雄",李璘与苏十三娘,装备,螭龙并流,-,
"231","永王行宫·仙侣庭园","25人英雄",李璘与苏十三娘,装备,一棹横江,-,
"231","永王行宫·仙侣庭园","25人英雄",李璘与苏十三娘,装备,壮志高烟,-,
"231","永王行宫·仙侣庭园","25人英雄",李璘与苏十三娘,装备,白芷生香,-,
"231","永王行宫·仙侣庭园","25人英雄",李璘与苏十三娘,装备,平芜远树,-,
"231","永王行宫·仙侣庭园","25人英雄",李璘与苏十三娘,饰品,遍桂洲戒,-,
"231","永王行宫·仙侣庭园","25人英雄",李璘与苏十三娘,饰品,霜清远阵,-,
"231","永王行宫·仙侣庭园","25人英雄",李璘与苏十三娘,饰品,凌千仞指环,-,
"231","永王行宫·仙侣庭园","25人英雄",李璘与苏十三娘,装备,云薄鳞细,-,
"231","永王行宫·仙侣庭园","25人英雄",李璘与苏十三娘,饰品,拂长虹指环,-,
"231","永王行宫·仙侣庭园","25人英雄",李璘与苏十三娘,饰品,凌千仞戒,-,
"231","永王行宫·仙侣庭园","25人英雄",李璘与苏十三娘,饰品,拂长虹戒,-,
"231","永王行宫·仙侣庭园","25人英雄",李璘与苏十三娘,饰品,竟日清辉,-,
"231","永王行宫·仙侣庭园","25人英雄",李璘与苏十三娘,装备,雾敛星区,-,
"231","永王行宫·仙侣庭园","25人英雄",李璘与苏十三娘,饰品,听雨钩帘,-,
"231","永王行宫·仙侣庭园","25人英雄",李璘与苏十三娘,饰品,鞍马风沙,-,
"231","永王行宫·仙侣庭园","25人英雄",李璘与苏十三娘,饰品,潮泰腰坠,-,
"231","永王行宫·仙侣庭园","25人英雄",李璘与苏十三娘,饰品,浦静腰坠,-,
"231","永王行宫·仙侣庭园","25人英雄",李璘与苏十三娘,饰品,晴曲腰坠,-,
"231","永王行宫·仙侣庭园","25人英雄",李璘与苏十三娘,装备,昔客京华,-,
"231","永王行宫·仙侣庭园","25人英雄",李璘与苏十三娘,装备,槐角风凉,-,
"231","永王行宫·仙侣庭园","25人英雄",李璘与苏十三娘,装备,流水春秋,-,
"231","永王行宫·仙侣庭园","25人英雄",李璘与苏十三娘,装备,素吉衣,-,
"231","永王行宫·仙侣庭园","25人英雄",李璘与苏十三娘,装备,雨抹晴妆,-,
"231","永王行宫·仙侣庭园","25人英雄",李璘与苏十三娘,装备,青山隐见,-,
"231","永王行宫·仙侣庭园","25人英雄",李璘与苏十三娘,装备,红叶晚萧,-,
"221","永王行宫·花月别院","10人普通",韩非池,饰品,晴明戒,-,
"221","永王行宫·花月别院","10人普通",韩非池,装备,横流袖,-,
"221","永王行宫·花月别院","10人普通",韩非池,饰品,凤箫翡翠环,-,
"221","永王行宫·花月别院","10人普通",韩非池,饰品,香篆项链,-,
"221","永王行宫·花月别院","10人普通",韩非池,装备,赏洙袖,-,
"221","永王行宫·花月别院","10人普通",韩非池,饰品,飞白项链,-,
"221","永王行宫·花月别院","10人普通",韩非池,装备,代谢腰带,-,
"221","永王行宫·花月别院","10人普通",韩非池,饰品,载虔项链,-,
"221","永王行宫·花月别院","10人普通",韩非池,饰品,哲思项链,-,
"221","永王行宫·花月别院","10人普通",韩非池,饰品,商藻项链,-,
"221","永王行宫·花月别院","10人普通",韩非池,装备,留胜腰带,-,
"221","永王行宫·花月别院","10人普通",韩非池,饰品,焕象腰坠,-,
"221","永王行宫·花月别院","10人普通",韩非池,饰品,冲漠腰坠,-,
"221","永王行宫·花月别院","10人普通",韩非池,饰品,贯眇腰坠,-,
"221","永王行宫·花月别院","10人普通",韩非池,装备,夜岁腰带,-,
"221","永王行宫·花月别院","10人普通",韩非池,饰品,曈昽戒指,-,
"221","永王行宫·花月别院","10人普通",韩非池,装备,明寐腰带,-,
"221","永王行宫·花月别院","10人普通",韩非池,饰品,无方扳指,-,
"221","永王行宫·花月别院","10人普通",韩非池,装备,归青腰带,-,
"221","永王行宫·花月别院","10人普通",韩非池,装备,璧松腰带,-,
"221","永王行宫·花月别院","10人普通",韩非池,饰品,交叶扳指,-,
"221","永王行宫·花月别院","10人普通",韩非池,饰品,孤卓戒指,-,
"221","永王行宫·花月别院","10人普通",韩非池,饰品,润颐指环,-,
"221","永王行宫·花月别院","10人普通",韩非池,装备,树轩影,-,
"221","永王行宫·花月别院","10人普通",韩非池,装备,书图束腰,-,
"221","永王行宫·花月别院","10人普通",韩非池,装备,仙霞云,-,
"221","永王行宫·花月别院","10人普通",韩非池,装备,薇蕨束腰,-,
"221","永王行宫·花月别院","10人普通",韩非池,饰品,应梅项链,-,
"221","永王行宫·花月别院","10人普通",韩非池,饰品,花竹护颈,-,
"221","永王行宫·花月别院","10人普通",韩非池,饰品,霜外项圈,-,
"221","永王行宫·花月别院","10人普通",韩非池,装备,无舟弃,-,
"221","永王行宫·花月别院","10人普通",韩非池,装备,珮摇束腰,-,
"221","永王行宫·花月别院","10人普通",韩非池,饰品,流烟冰晶链,-,
"221","永王行宫·花月别院","10人普通",韩非池,饰品,意桐腰坠,-,
"221","永王行宫·花月别院","10人普通",韩非池,饰品,冻蕊腰坠,-,
"221","永王行宫·花月别院","10人普通",韩非池,装备,丹颜驻,-,
"221","永王行宫·花月别院","10人普通",韩非池,装备,湘灵束腰,-,
"221","永王行宫·花月别院","10人普通",韩非池,饰品,缺月滴玉佩,-,
"221","永王行宫·花月别院","10人普通",韩非池,饰品,苍苔碧铜坠,-,
"221","永王行宫·花月别院","10人普通",韩非池,装备,赤火怀,-,
"221","永王行宫·花月别院","10人普通",韩非池,装备,泸南束腰,-,
"221","永王行宫·花月别院","10人普通",韩非池,饰品,冥契戒指,-,
"221","永王行宫·花月别院","10人普通",韩非池,饰品,赫光腰坠,-,
"221","永王行宫·花月别院","10人普通",韩非池,饰品,淑泉腰坠,-,
"221","永王行宫·花月别院","10人普通",韩非池,饰品,征道腰坠,-,
"221","永王行宫·花月别院","10人普通",韩非池,饰品,隐衷项链,-,
"221","永王行宫·花月别院","10人普通",韩非池,饰品,星落玉戒,-,
"221","永王行宫·花月别院","10人普通",韩非池,装备,鸾汉袖,-,
"221","永王行宫·花月别院","10人普通",韩非池,饰品,乔叶项坠,-,
"221","永王行宫·花月别院","10人普通",韩非池,饰品,灯萤指环,-,
"221","永王行宫·花月别院","10人普通",韩非池,装备,关云束腰,-,
"221","永王行宫·花月别院","10人普通",韩非池,饰品,针目扳指,-,
"221","永王行宫·花月别院","10人普通",韩非池,饰品,剩雨华坠,-,
"221","永王行宫·花月别院","10人普通",韩非池,饰品,悄寒玉佩,-,
"221","永王行宫·花月别院","10人普通",韩非池,饰品,言雨链,-,
"221","永王行宫·花月别院","10人普通",韩非池,饰品,皇命指环,-,
"221","永王行宫·花月别院","10人普通",韩非池,装备,荷袖,-,
"221","永王行宫·花月别院","10人普通",韩非池,装备,采泠袖,-,
"221","永王行宫·花月别院","10人普通",韩非池,装备,沉江袖,-,
"221","永王行宫·花月别院","10人普通",韩非池,装备,桑菊绕,-,
"221","永王行宫·花月别院","10人普通",莫雨,武器,星迹,-,
"221","永王行宫·花月别院","10人普通",莫雨,饰品,星落玉戒,-,
"221","永王行宫·花月别院","10人普通",莫雨,武器,烨德,-,
"221","永王行宫·花月别院","10人普通",莫雨,装备,楚淮风冠,-,
"221","永王行宫·花月别院","10人普通",莫雨,武器,建德,-,
"221","永王行宫·花月别院","10人普通",莫雨,武器,秋雨收声,-,
"221","永王行宫·花月别院","10人普通",莫雨,武器,细雨敲声,-,
"221","永王行宫·花月别院","10人普通",莫雨,装备,苏宝裤,-,
"221","永王行宫·花月别院","10人普通",莫雨,武器,襄州柳,-,
"221","永王行宫·花月别院","10人普通",莫雨,装备,绕兰鹖冠,-,
"221","永王行宫·花月别院","10人普通",莫雨,武器,白鹿清影,-,
"221","永王行宫·花月别院","10人普通",莫雨,武器,南鸣,-,
"221","永王行宫·花月别院","10人普通",莫雨,武器,香非萼,-,
"221","永王行宫·花月别院","10人普通",莫雨,武器,霜愁,-,
"221","永王行宫·花月别院","10人普通",莫雨,装备,雨度裤,-,
"221","永王行宫·花月别院","10人普通",莫雨,装备,飞鹄裳,-,
"221","永王行宫·花月别院","10人普通",莫雨,武器,醉潇湘,-,
"221","永王行宫·花月别院","10人普通",莫雨,武器,握云,-,
"221","永王行宫·花月别院","10人普通",莫雨,武器,黄藤哀,-,
"221","永王行宫·花月别院","10人普通",莫雨,装备,朔语裳,-,
"221","永王行宫·花月别院","10人普通",莫雨,武器,摧眉,-,
"221","永王行宫·花月别院","10人普通",莫雨,装备,伴红裤,-,
"221","永王行宫·花月别院","10人普通",莫雨,装备,兵莽裳,-,
"221","永王行宫·花月别院","10人普通",莫雨,武器,孤云飞尽,-,
"221","永王行宫·花月别院","10人普通",莫雨,饰品,曈昽戒指,-,
"221","永王行宫·花月别院","10人普通",莫雨,武器,十方雨,-,
"221","永王行宫·花月别院","10人普通",莫雨,武器,夺风,-,
"221","永王行宫·花月别院","10人普通",莫雨,武器,青焰,-,
"221","永王行宫·花月别院","10人普通",莫雨,饰品,无方扳指,-,
"221","永王行宫·花月别院","10人普通",莫雨,装备,花钿霜,-,
"221","永王行宫·花月别院","10人普通",莫雨,装备,宽鸿裤,-,
"221","永王行宫·花月别院","10人普通",莫雨,装备,判忧裳,-,
"221","永王行宫·花月别院","10人普通",莫雨,武器,灯草,-,
"221","永王行宫·花月别院","10人普通",莫雨,武器,笑沧波,-,
"221","永王行宫·花月别院","10人普通",莫雨,武器,桑杨映雪,-,
"221","永王行宫·花月别院","10人普通",莫雨,武器,衍光,-,
"221","永王行宫·花月别院","10人普通",莫雨,饰品,冥契戒指,-,
"221","永王行宫·花月别院","10人普通",莫雨,装备,参扬裳,-,
"221","永王行宫·花月别院","10人普通",莫雨,装备,萝缘迹,-,
"221","永王行宫·花月别院","10人普通",莫雨,装备,心纵靴,-,
"221","永王行宫·花月别院","10人普通",莫雨,武器,千重色,-,
"221","永王行宫·花月别院","10人普通",莫雨,武器,覆千军,-,
"221","永王行宫·花月别院","10人普通",莫雨,武器,浅辉,-,
"221","永王行宫·花月别院","10人普通",莫雨,装备,意至履,-,
"221","永王行宫·花月别院","10人普通",莫雨,装备,刺碣履,-,
"221","永王行宫·花月别院","10人普通",莫雨,饰品,润颐指环,-,
"221","永王行宫·花月别院","10人普通",莫雨,装备,正望,-,
"221","永王行宫·花月别院","10人普通",莫雨,装备,啼呜靴,-,
"221","永王行宫·花月别院","10人普通",莫雨,武器,动旌千里,-,
"221","永王行宫·花月别院","10人普通",莫雨,武器,隐红尘,-,
"221","永王行宫·花月别院","10人普通",莫雨,武器,萧风,-,
"221","永王行宫·花月别院","10人普通",莫雨,装备,传雁履,-,
"221","永王行宫·花月别院","10人普通",莫雨,装备,幽寂吟,-,
"221","永王行宫·花月别院","10人普通",莫雨,装备,淡星靴,-,
"221","永王行宫·花月别院","10人普通",莫雨,武器,阔水磐山,-,
"221","永王行宫·花月别院","10人普通",莫雨,武器,踏天下,-,
"221","永王行宫·花月别院","10人普通",莫雨,武器,鸾燕曲,-,
"221","永王行宫·花月别院","10人普通",莫雨,武器,飞溟吞鲸,-,
"221","永王行宫·花月别院","10人普通",莫雨,装备,飘零鹤,-,
"221","永王行宫·花月别院","10人普通",莫雨,装备,叙梦靴,-,
"221","永王行宫·花月别院","10人普通",莫雨,武器,疏狂,-,
"221","永王行宫·花月别院","10人普通",莫雨,武器,道长生,-,
"221","永王行宫·花月别院","10人普通",莫雨,武器,危海,-,
"221","永王行宫·花月别院","10人普通",莫雨,装备,宝柳靴,-,
"221","永王行宫·花月别院","10人普通",莫雨,饰品,孤卓戒指,-,
"221","永王行宫·花月别院","10人普通",莫雨,装备,阔叶羽冠,-,
"221","永王行宫·花月别院","10人普通",莫雨,饰品,交叶扳指,-,
"221","永王行宫·花月别院","10人普通",莫雨,武器,白衣吟,-,
"221","永王行宫·花月别院","10人普通",莫雨,武器,胜法,-,
"221","永王行宫·花月别院","10人普通",莫雨,武器,甘棠,-,
"221","永王行宫·花月别院","10人普通",莫雨,武器,万里斜阳,-,
"221","永王行宫·花月别院","10人普通",莫雨,饰品,灯萤指环,-,
"221","永王行宫·花月别院","10人普通",莫雨,饰品,凤箫翡翠环,-,
"221","永王行宫·花月别院","10人普通",莫雨,饰品,晴明戒,-,
"221","永王行宫·花月别院","10人普通",莫雨,饰品,针目扳指,-,
"221","永王行宫·花月别院","10人普通",莫雨,装备,疏花翠冠,-,
"221","永王行宫·花月别院","10人普通",莫雨,武器,夜阳,-,
"221","永王行宫·花月别院","10人普通",莫雨,武器,非世,-,
"221","永王行宫·花月别院","10人普通",莫雨,武器,摇叶间,-,
"221","永王行宫·花月别院","10人普通",莫雨,武器,知书,-,
"221","永王行宫·花月别院","10人普通",莫雨,装备,楚丝裤,-,
"221","永王行宫·花月别院","10人普通",莫雨,装备,荷绽履,-,
"221","永王行宫·花月别院","10人普通",莫雨,装备,佐将履,-,
"221","永王行宫·花月别院","10人普通",莫雨,装备,戴恭履,-,
"221","永王行宫·花月别院","10人普通",莫雨,装备,骅骝裳,-,
"221","永王行宫·花月别院","10人普通",莫雨,装备,缀玉软冠,-,
"221","永王行宫·花月别院","10人普通",莫雨,饰品,皇命指环,-,
"221","永王行宫·花月别院","10人普通",莫雨,装备,修竹雅冠,-,
"221","永王行宫·花月别院","10人普通",莫雨,装备,野渊靴,-,
"221","永王行宫·花月别院","10人普通",莫雨,装备,凉生裤,-,
"221","永王行宫·花月别院","10人普通",莫雨,武器,镶云,-,
"221","永王行宫·花月别院","10人普通",莫雨,武器,十方生死,-,
"221","永王行宫·花月别院","10人普通",莫雨,武器,冬雪流光,-,
"221","永王行宫·花月别院","10人普通",莫雨,装备,庾信,-,
"221","永王行宫·花月别院","10人普通",李白,装备,凉生裤,-,
"221","永王行宫·花月别院","10人普通",李白,武器,白鹿清影,-,
"221","永王行宫·花月别院","10人普通",李白,武器,南鸣,-,
"221","永王行宫·花月别院","10人普通",李白,武器,香非萼,-,
"221","永王行宫·花月别院","10人普通",李白,武器,建德,-,
"221","永王行宫·花月别院","10人普通",李白,武器,秋雨收声,-,
"221","永王行宫·花月别院","10人普通",李白,武器,细雨敲声,-,
"221","永王行宫·花月别院","10人普通",李白,武器,烨德,-,
"221","永王行宫·花月别院","10人普通",李白,装备,浑山衣,-,
"221","永王行宫·花月别院","10人普通",李白,装备,苏宝裤,-,
"221","永王行宫·花月别院","10人普通",李白,武器,瑞耶囊,-,
"221","永王行宫·花月别院","10人普通",李白,武器,襄州柳,-,
"221","永王行宫·花月别院","10人普通",李白,武器,满雕弓弦,-,
"221","永王行宫·花月别院","10人普通",李白,武器,醉潇湘,-,
"221","永王行宫·花月别院","10人普通",李白,武器,握云,-,
"221","永王行宫·花月别院","10人普通",李白,武器,黄藤哀,-,
"221","永王行宫·花月别院","10人普通",李白,武器,霜愁,-,
"221","永王行宫·花月别院","10人普通",李白,装备,雨度裤,-,
"221","永王行宫·花月别院","10人普通",李白,装备,飞鹄裳,-,
"221","永王行宫·花月别院","10人普通",李白,装备,榴秋帔,-,
"221","永王行宫·花月别院","10人普通",李白,武器,彰绝囊,-,
"221","永王行宫·花月别院","10人普通",李白,武器,摧眉,-,
"221","永王行宫·花月别院","10人普通",李白,装备,朔语裳,-,
"221","永王行宫·花月别院","10人普通",李白,装备,伴红裤,-,
"221","永王行宫·花月别院","10人普通",李白,装备,影霞帔,-,
"221","永王行宫·花月别院","10人普通",李白,武器,鱼龙箭袋,-,
"221","永王行宫·花月别院","10人普通",李白,武器,生莲暗器,-,
"221","永王行宫·花月别院","10人普通",李白,武器,灯草,-,
"221","永王行宫·花月别院","10人普通",李白,武器,笑沧波,-,
"221","永王行宫·花月别院","10人普通",李白,武器,桑杨映雪,-,
"221","永王行宫·花月别院","10人普通",李白,武器,衍光,-,
"221","永王行宫·花月别院","10人普通",李白,武器,十方雨,-,
"221","永王行宫·花月别院","10人普通",李白,武器,夺风,-,
"221","永王行宫·花月别院","10人普通",李白,武器,青焰,-,
"221","永王行宫·花月别院","10人普通",李白,武器,孤云飞尽,-,
"221","永王行宫·花月别院","10人普通",李白,装备,绒金帔,-,
"221","永王行宫·花月别院","10人普通",李白,装备,骅骝裳,-,
"221","永王行宫·花月别院","10人普通",李白,武器,丝茧囊,-,
"221","永王行宫·花月别院","10人普通",李白,装备,宽鸿裤,-,
"221","永王行宫·花月别院","10人普通",李白,装备,判忧裳,-,
"221","永王行宫·花月别院","10人普通",李白,装备,怅孤帔,-,
"221","永王行宫·花月别院","10人普通",李白,武器,千重色,-,
"221","永王行宫·花月别院","10人普通",李白,武器,覆千军,-,
"221","永王行宫·花月别院","10人普通",李白,武器,浅辉,-,
"221","永王行宫·花月别院","10人普通",李白,装备,参扬裳,-,
"221","永王行宫·花月别院","10人普通",李白,装备,凤宸帔,-,
"221","永王行宫·花月别院","10人普通",李白,武器,电烻囊,-,
"221","永王行宫·花月别院","10人普通",李白,武器,阔水磐山,-,
"221","永王行宫·花月别院","10人普通",李白,武器,踏天下,-,
"221","永王行宫·花月别院","10人普通",李白,武器,鸾燕曲,-,
"221","永王行宫·花月别院","10人普通",李白,武器,飞溟吞鲸,-,
"221","永王行宫·花月别院","10人普通",李白,武器,动旌千里,-,
"221","永王行宫·花月别院","10人普通",李白,武器,隐红尘,-,
"221","永王行宫·花月别院","10人普通",李白,武器,萧风,-,
"221","永王行宫·花月别院","10人普通",李白,武器,爵硕囊,-,
"221","永王行宫·花月别院","10人普通",李白,武器,疏狂,-,
"221","永王行宫·花月别院","10人普通",李白,武器,道长生,-,
"221","永王行宫·花月别院","10人普通",李白,武器,危海,-,
"221","永王行宫·花月别院","10人普通",李白,武器,凤翥囊,-,
"221","永王行宫·花月别院","10人普通",李白,装备,索初衣,-,
"221","永王行宫·花月别院","10人普通",李白,武器,萼雪囊,-,
"221","永王行宫·花月别院","10人普通",李白,武器,澹风囊,-,
"221","永王行宫·花月别院","10人普通",李白,武器,黄柳镖,-,
"221","永王行宫·花月别院","10人普通",李白,武器,夜阳,-,
"221","永王行宫·花月别院","10人普通",李白,武器,非世,-,
"221","永王行宫·花月别院","10人普通",李白,武器,摇叶间,-,
"221","永王行宫·花月别院","10人普通",李白,武器,知书,-,
"221","永王行宫·花月别院","10人普通",李白,武器,白衣吟,-,
"221","永王行宫·花月别院","10人普通",李白,武器,胜法,-,
"221","永王行宫·花月别院","10人普通",李白,武器,甘棠,-,
"221","永王行宫·花月别院","10人普通",李白,武器,万里斜阳,-,
"221","永王行宫·花月别院","10人普通",李白,装备,戏光衣,-,
"221","永王行宫·花月别院","10人普通",李白,装备,白婉衣,-,
"221","永王行宫·花月别院","10人普通",李白,装备,楚丝裤,-,
"221","永王行宫·花月别院","10人普通",李白,武器,镶云,-,
"221","永王行宫·花月别院","10人普通",李白,武器,十方生死,-,
"221","永王行宫·花月别院","10人普通",李白,武器,冬雪流光,-,
"221","永王行宫·花月别院","10人普通",李白,武器,星迹,-,
"221","永王行宫·花月别院","10人普通",李白,装备,兵莽裳,-,
"221","永王行宫·花月别院","10人普通",李白,装备,寿芳衣,-,
"221","永王行宫·花月别院","10人普通",李白,装备,苍乔帔,-,
"221","永王行宫·花月别院","10人普通",李白,装备,灼梦衣,-,
"230","永王行宫·花月别院","25人英雄",韩非池,装备,剪梦腰带,-,
"230","永王行宫·花月别院","25人英雄",韩非池,装备,无冬腰带,-,
"230","永王行宫·花月别院","25人英雄",韩非池,装备,丝砀腰带,-,
"230","永王行宫·花月别院","25人英雄",韩非池,装备,昼法腰带,-,
"230","永王行宫·花月别院","25人英雄",韩非池,装备,政铭腰带,-,
"230","永王行宫·花月别院","25人英雄",韩非池,装备,然引护手,-,
"230","永王行宫·花月别院","25人英雄",韩非池,装备,胡鸥护手,-,
"230","永王行宫·花月别院","25人英雄",韩非池,装备,瑰伴护手,-,
"230","永王行宫·花月别院","25人英雄",韩非池,装备,犹茵护手,-,
"230","永王行宫·花月别院","25人英雄",韩非池,装备,负沁护手,-,
"230","永王行宫·花月别院","25人英雄",韩非池,装备,虚随护手,-,
"230","永王行宫·花月别院","25人英雄",韩非池,武器,灵夜影痕,-,
"230","永王行宫·花月别院","25人英雄",韩非池,武器,朱光淡眉,-,
"230","永王行宫·花月别院","25人英雄",韩非池,武器,木叶卷絮,-,
"230","永王行宫·花月别院","25人英雄",韩非池,武器,锦书素音,-,
"230","永王行宫·花月别院","25人英雄",韩非池,装备,玉节星轺,-,
"230","永王行宫·花月别院","25人英雄",韩非池,装备,桐花栖凤,-,
"230","永王行宫·花月别院","25人英雄",韩非池,武器,傍纱解舟,-,
"230","永王行宫·花月别院","25人英雄",韩非池,装备,壮岁鹰扬,-,
"230","永王行宫·花月别院","25人英雄",韩非池,装备,烟树西津,-,
"230","永王行宫·花月别院","25人英雄",韩非池,装备,逢戎初度,-,
"230","永王行宫·花月别院","25人英雄",韩非池,装备,秋风画船,-,
"230","永王行宫·花月别院","25人英雄",韩非池,武器,朝云画桥,-,
"230","永王行宫·花月别院","25人英雄",韩非池,装备,长风舞浪,-,
"230","永王行宫·花月别院","25人英雄",韩非池,装备,瑞雪翻云,-,
"230","永王行宫·花月别院","25人英雄",韩非池,武器,翩眉囊,-,
"230","永王行宫·花月别院","25人英雄",韩非池,装备,飞天沦渊,-,
"230","永王行宫·花月别院","25人英雄",韩非池,装备,微霜降蒙,-,
"230","永王行宫·花月别院","25人英雄",韩非池,装备,岁华流水,-,
"230","永王行宫·花月别院","25人英雄",韩非池,装备,寄春一枝,-,
"230","永王行宫·花月别院","25人英雄",韩非池,装备,黄云昼扶,-,
"230","永王行宫·花月别院","25人英雄",韩非池,装备,白气宵飞,-,
"230","永王行宫·花月别院","25人英雄",韩非池,装备,横阵亘野,-,
"230","永王行宫·花月别院","25人英雄",韩非池,装备,遥天倒影,-,
"230","永王行宫·花月别院","25人英雄",韩非池,武器,雅黛囊,-,
"230","永王行宫·花月别院","25人英雄",韩非池,装备,西风萝翠,-,
"230","永王行宫·花月别院","25人英雄",韩非池,装备,庭波玉露,-,
"230","永王行宫·花月别院","25人英雄",韩非池,装备,湖海元龙,-,
"230","永王行宫·花月别院","25人英雄",韩非池,装备,梅笑东风,-,
"230","永王行宫·花月别院","25人英雄",韩非池,装备,城下接晴,-,
"230","永王行宫·花月别院","25人英雄",韩非池,装备,斗酒津亭,-,
"230","永王行宫·花月别院","25人英雄",韩非池,装备,云中辞君,-,
"230","永王行宫·花月别院","25人英雄",韩非池,装备,支月寒思,-,
"230","永王行宫·花月别院","25人英雄",韩非池,装备,远沧瑟叶,-,
"230","永王行宫·花月别院","25人英雄",韩非池,装备,轻帆早张,-,
"230","永王行宫·花月别院","25人英雄",韩非池,装备,花月无愁,-,
"230","永王行宫·花月别院","25人英雄",韩非池,装备,兰风藻川,-,
"230","永王行宫·花月别院","25人英雄",韩非池,装备,桑野空云,-,
"230","永王行宫·花月别院","25人英雄",韩非池,饰品,长淮项链,-,
"230","永王行宫·花月别院","25人英雄",韩非池,武器,诣道囊,-,
"230","永王行宫·花月别院","25人英雄",韩非池,装备,误婵娟,-,
"230","永王行宫·花月别院","25人英雄",韩非池,饰品,清音冷玉坠,-,
"230","永王行宫·花月别院","25人英雄",韩非池,装备,太华岩,-,
"230","永王行宫·花月别院","25人英雄",韩非池,饰品,三滴五盏,-,
"230","永王行宫·花月别院","25人英雄",韩非池,装备,风容暖,-,
"230","永王行宫·花月别院","25人英雄",韩非池,饰品,幽艳敲竹链,-,
"230","永王行宫·花月别院","25人英雄",韩非池,装备,鹤殊来,-,
"230","永王行宫·花月别院","25人英雄",韩非池,饰品,识草流珠,-,
"230","永王行宫·花月别院","25人英雄",韩非池,装备,黄竹娇,-,
"230","永王行宫·花月别院","25人英雄",韩非池,饰品,缕木鎏金,-,
"230","永王行宫·花月别院","25人英雄",韩非池,饰品,天香罗纹,-,
"230","永王行宫·花月别院","25人英雄",韩非池,装备,逐银冰,-,
"230","永王行宫·花月别院","25人英雄",韩非池,饰品,白云穿凤,-,
"230","永王行宫·花月别院","25人英雄",韩非池,武器,线酒囊,-,
"230","永王行宫·花月别院","25人英雄",韩非池,饰品,蛟龙蚀月,-,
"230","永王行宫·花月别院","25人英雄",韩非池,饰品,璃鸟寒霜,-,
"230","永王行宫·花月别院","25人英雄",韩非池,饰品,沧溟沙海,-,
"230","永王行宫·花月别院","25人英雄",韩非池,饰品,商略指环,-,
"230","永王行宫·花月别院","25人英雄",韩非池,饰品,愁江指环,-,
"230","永王行宫·花月别院","25人英雄",韩非池,饰品,数山指环,-,
"230","永王行宫·花月别院","25人英雄",韩非池,饰品,行望指环,-,
"230","永王行宫·花月别院","25人英雄",韩非池,武器,荡泷囊,-,
"230","永王行宫·花月别院","25人英雄",韩非池,饰品,心雁指环,-,
"230","永王行宫·花月别院","25人英雄",韩非池,饰品,贝沉指环,-,
"230","永王行宫·花月别院","25人英雄",韩非池,饰品,伊信项链,-,
"230","永王行宫·花月别院","25人英雄",韩非池,饰品,舒仪项链,-,
"230","永王行宫·花月别院","25人英雄",韩非池,饰品,谷徊项链,-,
"230","永王行宫·花月别院","25人英雄",韩非池,饰品,夜鹭项链,-,
"230","永王行宫·花月别院","25人英雄",韩非池,饰品,洛箬项链,-,
"230","永王行宫·花月别院","25人英雄",韩非池,武器,明安囊,-,
"230","永王行宫·花月别院","25人英雄",韩非池,饰品,宝颛项链,-,
"230","永王行宫·花月别院","25人英雄",韩非池,饰品,故阶戒指,-,
"230","永王行宫·花月别院","25人英雄",韩非池,饰品,闲笺戒指,-,
"230","永王行宫·花月别院","25人英雄",韩非池,饰品,软艳戒指,-,
"230","永王行宫·花月别院","25人英雄",韩非池,饰品,佳婉戒指,-,
"230","永王行宫·花月别院","25人英雄",韩非池,饰品,涟泓戒指,-,
"230","永王行宫·花月别院","25人英雄",韩非池,饰品,韦缘戒指,-,
"230","永王行宫·花月别院","25人英雄",韩非池,饰品,鱼仙指环,-,
"230","永王行宫·花月别院","25人英雄",韩非池,饰品,血岩指环,-,
"230","永王行宫·花月别院","25人英雄",韩非池,饰品,伽泽指环,-,
"230","永王行宫·花月别院","25人英雄",韩非池,饰品,咏芎指环,-,
"230","永王行宫·花月别院","25人英雄",韩非池,装备,黛染遥山,-,
"230","永王行宫·花月别院","25人英雄",韩非池,饰品,泠寒金链,-,
"230","永王行宫·花月别院","25人英雄",韩非池,装备,鼎元腰带,-,
"230","永王行宫·花月别院","25人英雄",莫雨,武器,秋香雨,-,
"230","永王行宫·花月别院","25人英雄",莫雨,武器,清芦几丛,-,
"230","永王行宫·花月别院","25人英雄",莫雨,武器,擂天,-,
"230","永王行宫·花月别院","25人英雄",莫雨,装备,凝泊裳,-,
"230","永王行宫·花月别院","25人英雄",莫雨,武器,森罗火,-,
"230","永王行宫·花月别院","25人英雄",莫雨,装备,樵风裳,-,
"230","永王行宫·花月别院","25人英雄",莫雨,装备,霖水裳,-,
"230","永王行宫·花月别院","25人英雄",莫雨,武器,玄帷剑,-,
"230","永王行宫·花月别院","25人英雄",莫雨,装备,施嘉裳,-,
"230","永王行宫·花月别院","25人英雄",莫雨,装备,长结裳,-,
"230","永王行宫·花月别院","25人英雄",莫雨,装备,简阆裳,-,
"230","永王行宫·花月别院","25人英雄",莫雨,武器,文杏剑,-,
"230","永王行宫·花月别院","25人英雄",莫雨,装备,初晓鞋,-,
"230","永王行宫·花月别院","25人英雄",莫雨,装备,枫尊鞋,-,
"230","永王行宫·花月别院","25人英雄",莫雨,装备,握芸鞋,-,
"230","永王行宫·花月别院","25人英雄",莫雨,装备,指月鞋,-,
"230","永王行宫·花月别院","25人英雄",莫雨,武器,暮色薄霞,-,
"230","永王行宫·花月别院","25人英雄",莫雨,装备,匡倾鞋,-,
"230","永王行宫·花月别院","25人英雄",莫雨,装备,茂御鞋,-,
"230","永王行宫·花月别院","25人英雄",莫雨,武器,水湄,-,
"230","永王行宫·花月别院","25人英雄",莫雨,武器,庭月,-,
"230","永王行宫·花月别院","25人英雄",莫雨,装备,螭龙并流,-,
"230","永王行宫·花月别院","25人英雄",莫雨,装备,一棹横江,-,
"230","永王行宫·花月别院","25人英雄",莫雨,武器,誓骨,-,
"230","永王行宫·花月别院","25人英雄",莫雨,装备,壮志高烟,-,
"230","永王行宫·花月别院","25人英雄",莫雨,装备,白芷生香,-,
"230","永王行宫·花月别院","25人英雄",莫雨,武器,寒灯夜,-,
"230","永王行宫·花月别院","25人英雄",莫雨,武器,翩眉囊,-,
"230","永王行宫·花月别院","25人英雄",莫雨,武器,云龙,-,
"230","永王行宫·花月别院","25人英雄",莫雨,装备,平芜远树,-,
"230","永王行宫·花月别院","25人英雄",莫雨,装备,青山隐见,-,
"230","永王行宫·花月别院","25人英雄",莫雨,武器,孤岫,-,
"230","永王行宫·花月别院","25人英雄",莫雨,装备,云薄鳞细,-,
"230","永王行宫·花月别院","25人英雄",莫雨,装备,雾敛星区,-,
"230","永王行宫·花月别院","25人英雄",莫雨,武器,断坤,-,
"230","永王行宫·花月别院","25人英雄",莫雨,装备,昔客京华,-,
"230","永王行宫·花月别院","25人英雄",莫雨,装备,雨抹晴妆,-,
"230","永王行宫·花月别院","25人英雄",莫雨,武器,雅黛囊,-,
"230","永王行宫·花月别院","25人英雄",莫雨,武器,分丘残雪,-,
"230","永王行宫·花月别院","25人英雄",莫雨,装备,槐角风凉,-,
"230","永王行宫·花月别院","25人英雄",莫雨,装备,流水春秋,-,
"230","永王行宫·花月别院","25人英雄",莫雨,饰品,长淮项链,-,
"230","永王行宫·花月别院","25人英雄",莫雨,武器,承鸾凤,-,
"230","永王行宫·花月别院","25人英雄",莫雨,饰品,清音冷玉坠,-,
"230","永王行宫·花月别院","25人英雄",莫雨,饰品,三滴五盏,-,
"230","永王行宫·花月别院","25人英雄",莫雨,武器,转宸,-,
"230","永王行宫·花月别院","25人英雄",莫雨,饰品,泠寒金链,-,
"230","永王行宫·花月别院","25人英雄",莫雨,饰品,幽艳敲竹链,-,
"230","永王行宫·花月别院","25人英雄",莫雨,饰品,识草流珠,-,
"230","永王行宫·花月别院","25人英雄",莫雨,武器,诣道囊,-,
"230","永王行宫·花月别院","25人英雄",莫雨,武器,陌上青,-,
"230","永王行宫·花月别院","25人英雄",莫雨,饰品,缕木鎏金,-,
"230","永王行宫·花月别院","25人英雄",莫雨,饰品,天香罗纹,-,
"230","永王行宫·花月别院","25人英雄",莫雨,武器,摧花,-,
"230","永王行宫·花月别院","25人英雄",莫雨,装备,无伦裤,-,
"230","永王行宫·花月别院","25人英雄",莫雨,饰品,蛟龙蚀月,-,
"230","永王行宫·花月别院","25人英雄",莫雨,饰品,璃鸟寒霜,-,
"230","永王行宫·花月别院","25人英雄",莫雨,武器,听竹未语,-,
"230","永王行宫·花月别院","25人英雄",莫雨,装备,半苍裤,-,
"230","永王行宫·花月别院","25人英雄",莫雨,饰品,沧溟沙海,-,
"230","永王行宫·花月别院","25人英雄",莫雨,饰品,商略指环,-,
"230","永王行宫·花月别院","25人英雄",莫雨,装备,炎帆裤,-,
"230","永王行宫·花月别院","25人英雄",莫雨,武器,线酒囊,-,
"230","永王行宫·花月别院","25人英雄",莫雨,武器,静水画沙,-,
"230","永王行宫·花月别院","25人英雄",莫雨,饰品,愁江指环,-,
"230","永王行宫·花月别院","25人英雄",莫雨,装备,远湘裤,-,
"230","永王行宫·花月别院","25人英雄",莫雨,饰品,数山指环,-,
"230","永王行宫·花月别院","25人英雄",莫雨,饰品,行望指环,-,
"230","永王行宫·花月别院","25人英雄",莫雨,装备,轻濛裤,-,
"230","永王行宫·花月别院","25人英雄",莫雨,饰品,心雁指环,-,
"230","永王行宫·花月别院","25人英雄",莫雨,装备,伤歌裤,-,
"230","永王行宫·花月别院","25人英雄",莫雨,饰品,贝沉指环,-,
"230","永王行宫·花月别院","25人英雄",莫雨,饰品,伊信项链,-,
"230","永王行宫·花月别院","25人英雄",莫雨,装备,平芜软履,-,
"230","永王行宫·花月别院","25人英雄",莫雨,饰品,舒仪项链,-,
"230","永王行宫·花月别院","25人英雄",莫雨,武器,荡泷囊,-,
"230","永王行宫·花月别院","25人英雄",莫雨,装备,危影软履,-,
"230","永王行宫·花月别院","25人英雄",莫雨,饰品,谷徊项链,-,
"230","永王行宫·花月别院","25人英雄",莫雨,装备,争迎软履,-,
"230","永王行宫·花月别院","25人英雄",莫雨,饰品,夜鹭项链,-,
"230","永王行宫·花月别院","25人英雄",莫雨,装备,横雨软履,-,
"230","永王行宫·花月别院","25人英雄",莫雨,饰品,宝颛项链,-,
"230","永王行宫·花月别院","25人英雄",莫雨,装备,觉爱软履,-,
"230","永王行宫·花月别院","25人英雄",莫雨,饰品,故阶戒指,-,
"230","永王行宫·花月别院","25人英雄",莫雨,装备,芒玄软履,-,
"230","永王行宫·花月别院","25人英雄",莫雨,饰品,闲笺戒指,-,
"230","永王行宫·花月别院","25人英雄",莫雨,饰品,软艳戒指,-,
"230","永王行宫·花月别院","25人英雄",莫雨,武器,明安囊,-,
"230","永王行宫·花月别院","25人英雄",莫雨,饰品,佳婉戒指,-,
"230","永王行宫·花月别院","25人英雄",莫雨,饰品,涟泓戒指,-,
"230","永王行宫·花月别院","25人英雄",莫雨,饰品,韦缘戒指,-,
"230","永王行宫·花月别院","25人英雄",莫雨,饰品,鱼仙指环,-,
"230","永王行宫·花月别院","25人英雄",莫雨,武器,相如,-,
"230","永王行宫·花月别院","25人英雄",莫雨,饰品,血岩指环,-,
"230","永王行宫·花月别院","25人英雄",莫雨,饰品,伽泽指环,-,
"230","永王行宫·花月别院","25人英雄",莫雨,饰品,咏芎指环,-,
"230","永王行宫·花月别院","25人英雄",莫雨,武器,听梵,-,
"230","永王行宫·花月别院","25人英雄",莫雨,饰品,白云穿凤,-,
"230","永王行宫·花月别院","25人英雄",莫雨,饰品,洛箬项链,-,
"230","永王行宫·花月别院","25人英雄",李白,武器,砌香,-,
"230","永王行宫·花月别院","25人英雄",李白,饰品,凌千仞指环,-,
"230","永王行宫·花月别院","25人英雄",李白,饰品,霜清远阵,-,
"230","永王行宫·花月别院","25人英雄",李白,武器,锁雨,-,
"230","永王行宫·花月别院","25人英雄",李白,饰品,新岁华戒,-,
"230","永王行宫·花月别院","25人英雄",李白,饰品,遍桂洲戒,-,
"230","永王行宫·花月别院","25人英雄",李白,饰品,新岁华指环,-,
"230","永王行宫·花月别院","25人英雄",李白,武器,乌栖月,-,
"230","永王行宫·花月别院","25人英雄",李白,武器,叹月吟,-,
"230","永王行宫·花月别院","25人英雄",李白,武器,邀月醉,-,
"230","永王行宫·花月别院","25人英雄",李白,武器,星诉风吟,-,
"230","永王行宫·花月别院","25人英雄",李白,装备,凝泊裳,-,
"230","永王行宫·花月别院","25人英雄",李白,武器,血玲珑,-,
"230","永王行宫·花月别院","25人英雄",李白,装备,樵风裳,-,
"230","永王行宫·花月别院","25人英雄",李白,武器,向圣山,-,
"230","永王行宫·花月别院","25人英雄",李白,装备,霖水裳,-,
"230","永王行宫·花月别院","25人英雄",李白,武器,垂山青,-,
"230","永王行宫·花月别院","25人英雄",李白,装备,长结裳,-,
"230","永王行宫·花月别院","25人英雄",李白,武器,危风伫,-,
"230","永王行宫·花月别院","25人英雄",李白,装备,简阆裳,-,
"230","永王行宫·花月别院","25人英雄",李白,武器,芭蕉惹雨,-,
"230","永王行宫·花月别院","25人英雄",李白,武器,卧雪钓月,-,
"230","永王行宫·花月别院","25人英雄",李白,装备,畏天冠,-,
"230","永王行宫·花月别院","25人英雄",李白,装备,侍光冠,-,
"230","永王行宫·花月别院","25人英雄",李白,装备,随君冠,-,
"230","永王行宫·花月别院","25人英雄",李白,装备,定云冠,-,
"230","永王行宫·花月别院","25人英雄",李白,装备,兰合冠,-,
"230","永王行宫·花月别院","25人英雄",李白,装备,幽燕冠,-,
"230","永王行宫·花月别院","25人英雄",李白,装备,软风碎曲,-,
"230","永王行宫·花月别院","25人英雄",李白,装备,残云疏雨,-,
"230","永王行宫·花月别院","25人英雄",李白,武器,翩眉囊,-,
"230","永王行宫·花月别院","25人英雄",李白,装备,梦海入遥,-,
"230","永王行宫·花月别院","25人英雄",李白,装备,淮晓高树,-,
"230","永王行宫·花月别院","25人英雄",李白,装备,红叶晚萧,-,
"230","永王行宫·花月别院","25人英雄",李白,装备,雁拂金河,-,
"230","永王行宫·花月别院","25人英雄",李白,武器,雅黛囊,-,
"230","永王行宫·花月别院","25人英雄",李白,武器,诣道囊,-,
"230","永王行宫·花月别院","25人英雄",李白,装备,无伦裤,-,
"230","永王行宫·花月别院","25人英雄",李白,装备,半苍裤,-,
"230","永王行宫·花月别院","25人英雄",李白,武器,线酒囊,-,
"230","永王行宫·花月别院","25人英雄",李白,饰品,商略指环,-,
"230","永王行宫·花月别院","25人英雄",李白,装备,炎帆裤,-,
"230","永王行宫·花月别院","25人英雄",李白,装备,远湘裤,-,
"230","永王行宫·花月别院","25人英雄",李白,饰品,数山指环,-,
"230","永王行宫·花月别院","25人英雄",李白,饰品,行望指环,-,
"230","永王行宫·花月别院","25人英雄",李白,武器,珈蓝玉,-,
"230","永王行宫·花月别院","25人英雄",李白,装备,轻濛裤,-,
"230","永王行宫·花月别院","25人英雄",李白,饰品,心雁指环,-,
"230","永王行宫·花月别院","25人英雄",李白,装备,伤歌裤,-,
"230","永王行宫·花月别院","25人英雄",李白,武器,荡泷囊,-,
"230","永王行宫·花月别院","25人英雄",李白,武器,梵心,-,
"230","永王行宫·花月别院","25人英雄",李白,武器,朱酒,-,
"230","永王行宫·花月别院","25人英雄",李白,武器,露雨折葵,-,
"230","永王行宫·花月别院","25人英雄",李白,饰品,故阶戒指,-,
"230","永王行宫·花月别院","25人英雄",李白,武器,明安囊,-,
"230","永王行宫·花月别院","25人英雄",李白,武器,银锋碎叶,-,
"230","永王行宫·花月别院","25人英雄",李白,饰品,闲笺戒指,-,
"230","永王行宫·花月别院","25人英雄",李白,装备,苦峰冠,-,
"230","永王行宫·花月别院","25人英雄",李白,饰品,软艳戒指,-,
"230","永王行宫·花月别院","25人英雄",李白,武器,长月千里,-,
"230","永王行宫·花月别院","25人英雄",李白,装备,华胥冠,-,
"230","永王行宫·花月别院","25人英雄",李白,饰品,佳婉戒指,-,
"230","永王行宫·花月别院","25人英雄",李白,装备,皓南冠,-,
"230","永王行宫·花月别院","25人英雄",李白,饰品,涟泓戒指,-,
"230","永王行宫·花月别院","25人英雄",李白,武器,孤云飞岫,-,
"230","永王行宫·花月别院","25人英雄",李白,装备,辞书冠,-,
"230","永王行宫·花月别院","25人英雄",李白,饰品,韦缘戒指,-,
"230","永王行宫·花月别院","25人英雄",李白,装备,云浪冠,-,
"230","永王行宫·花月别院","25人英雄",李白,饰品,鱼仙指环,-,
"230","永王行宫·花月别院","25人英雄",李白,武器,虹彩含光,-,
"230","永王行宫·花月别院","25人英雄",李白,装备,迥天冠,-,
"230","永王行宫·花月别院","25人英雄",李白,饰品,血岩指环,-,
"230","永王行宫·花月别院","25人英雄",李白,装备,复卿衣,-,
"230","永王行宫·花月别院","25人英雄",李白,饰品,伽泽指环,-,
"230","永王行宫·花月别院","25人英雄",李白,武器,桃杳,-,
"230","永王行宫·花月别院","25人英雄",李白,装备,旬星衣,-,
"230","永王行宫·花月别院","25人英雄",李白,饰品,咏芎指环,-,
"230","永王行宫·花月别院","25人英雄",李白,饰品,青莲剑,-,
"230","永王行宫·花月别院","25人英雄",李白,装备,荔邙衣,-,
"230","永王行宫·花月别院","25人英雄",李白,饰品,鞍马风沙,-,
"230","永王行宫·花月别院","25人英雄",李白,武器,裁冰,-,
"230","永王行宫·花月别院","25人英雄",李白,装备,亥溪衣,-,
"230","永王行宫·花月别院","25人英雄",李白,饰品,竟日清辉,-,
"230","永王行宫·花月别院","25人英雄",李白,饰品,银河地穿,-,
"230","永王行宫·花月别院","25人英雄",李白,装备,素吉衣,-,
"230","永王行宫·花月别院","25人英雄",李白,饰品,遍桂洲指环,-,
"230","永王行宫·花月别院","25人英雄",李白,饰品,拂长虹戒,-,
"230","永王行宫·花月别院","25人英雄",李白,饰品,素娥寄声,-,
"230","永王行宫·花月别院","25人英雄",李白,饰品,吼天风指环,-,
"230","永王行宫·花月别院","25人英雄",李白,饰品,吞云梦指环,-,
"230","永王行宫·花月别院","25人英雄",李白,饰品,吞云梦戒,-,
"230","永王行宫·花月别院","25人英雄",李白,武器,蚀心蛊,-,
"230","永王行宫·花月别院","25人英雄",李白,装备,凄语衣,-,
"230","永王行宫·花月别院","25人英雄",李白,饰品,凌千仞戒,-,
"230","永王行宫·花月别院","25人英雄",李白,饰品,听雨钩帘,-,
"230","永王行宫·花月别院","25人英雄",李白,饰品,贝沉指环,-,
"230","永王行宫·花月别院","25人英雄",李白,饰品,愁江指环,-,
"230","永王行宫·花月别院","25人英雄",李白,饰品,吼天风戒,-,
"230","永王行宫·花月别院","25人英雄",李白,饰品,拂长虹指环,-,
"230","永王行宫·花月别院","25人英雄",李白,装备,施嘉裳,-,
"203","天泣林","5人普通",看舞,饰品,楚吟链,-,
"203","天泣林","5人普通",看舞,饰品,倦游链,-,
"203","天泣林","5人普通",看舞,饰品,闻鼓戒,-,
"203","天泣林","5人普通",看舞,饰品,闻鼓链,-,
"203","天泣林","5人普通",看舞,饰品,渊沉链,-,
"203","天泣林","5人普通",看舞,饰品,怀古意链,-,
"203","天泣林","5人普通",看舞,饰品,渊沉戒,-,
"203","天泣林","5人普通",看舞,饰品,倦游戒,-,
"203","天泣林","5人普通",看舞,饰品,葭苇戒,-,
"203","天泣林","5人普通",看舞,饰品,楚吟戒,-,
"203","天泣林","5人普通",看舞,饰品,怀古意戒,-,
"203","天泣林","5人普通",看舞,饰品,葭苇链,-,
"203","天泣林","5人普通",崖剑,饰品,楚吟坠,-,
"203","天泣林","5人普通",崖剑,饰品,怀古意戒,-,
"203","天泣林","5人普通",崖剑,饰品,闻鼓坠,-,
"203","天泣林","5人普通",崖剑,饰品,倦游戒,-,
"203","天泣林","5人普通",崖剑,饰品,渊沉坠,-,
"203","天泣林","5人普通",崖剑,饰品,怀古意坠,-,
"203","天泣林","5人普通",崖剑,饰品,闻鼓戒,-,
"203","天泣林","5人普通",崖剑,饰品,葭苇戒,-,
"203","天泣林","5人普通",崖剑,饰品,渊沉戒,-,
"203","天泣林","5人普通",崖剑,饰品,楚吟戒,-,
"203","天泣林","5人普通",崖剑,饰品,倦游坠,-,
"203","天泣林","5人普通",崖剑,饰品,葭苇坠,-,
"203","天泣林","5人普通",高力士,武器,撞金,-,
"203","天泣林","5人普通",高力士,武器,葭苇囊,-,
"203","天泣林","5人普通",高力士,武器,楚吟囊,-,
"203","天泣林","5人普通",高力士,武器,倦游囊,-,
"203","天泣林","5人普通",高力士,武器,闻鼓囊,-,
"203","天泣林","5人普通",高力士,武器,渊沉囊,-,
"203","天泣林","5人普通",高力士,武器,怀古意囊,-,
"203","天泣林","5人普通",高力士,武器,沃鱼棍,-,
"203","天泣林","5人普通",高力士,武器,梦花笔,-,
"203","天泣林","5人普通",高力士,武器,狼号枪,-,
"203","天泣林","5人普通",高力士,武器,天道常剑,-,
"203","天泣林","5人普通",高力士,武器,绿水清音剑,-,
"203","天泣林","5人普通",高力士,武器,翠盖弩,-,
"203","天泣林","5人普通",高力士,武器,离思棒,-,
"203","天泣林","5人普通",高力士,武器,万旗动,-,
"203","天泣林","5人普通",高力士,武器,琴鸣双剑,-,
"203","天泣林","5人普通",高力士,武器,文绮弩,-,
"203","天泣林","5人普通",高力士,武器,景澈双刀,-,
"203","天泣林","5人普通",高力士,武器,洞庭琴,-,
"203","天泣林","5人普通",高力士,武器,水流棍,-,
"203","天泣林","5人普通",高力士,武器,寂亭笔,-,
"203","天泣林","5人普通",高力士,武器,逝鸿枪,-,
"203","天泣林","5人普通",高力士,武器,下知剑,-,
"203","天泣林","5人普通",高力士,武器,夜萤笛,-,
"203","天泣林","5人普通",高力士,武器,烟渚轻剑,-,
"203","天泣林","5人普通",高力士,武器,芳菊刀,-,
"203","天泣林","5人普通",高力士,武器,振影琴,-,
"203","天泣林","5人普通",高力士,武器,丹崖笛,-,
"203","天泣林","5人普通",高力士,武器,月近重剑,-,
"224","天泣林","5人英雄",看舞,装备,林寒冠,-,
"224","天泣林","5人英雄",看舞,装备,林霖冠,-,
"224","天泣林","5人英雄",看舞,装备,林暮冠,-,
"224","天泣林","5人英雄",看舞,装备,林霖袍,-,
"224","天泣林","5人英雄",看舞,装备,林霜袍,-,
"224","天泣林","5人英雄",看舞,装备,林甘袍,-,
"224","天泣林","5人英雄",看舞,装备,林霜冠,-,
"224","天泣林","5人英雄",看舞,装备,林瑟冠,-,
"224","天泣林","5人英雄",看舞,装备,林甘冠,-,
"224","天泣林","5人英雄",看舞,装备,林寒袍,-,
"224","天泣林","5人英雄",看舞,装备,林暮袍,-,
"224","天泣林","5人英雄",看舞,装备,林瑟袍,-,
"224","天泣林","5人英雄",崖剑,装备,林甘腰带,-,
"224","天泣林","5人英雄",崖剑,装备,林寒腰带,-,
"224","天泣林","5人英雄",崖剑,装备,林暮腰带,-,
"224","天泣林","5人英雄",崖剑,装备,林霖护腕,-,
"224","天泣林","5人英雄",崖剑,装备,林甘护腕,-,
"224","天泣林","5人英雄",崖剑,装备,林瑟腰带,-,
"224","天泣林","5人英雄",崖剑,装备,林霜护腕,-,
"224","天泣林","5人英雄",崖剑,装备,林暮护腕,-,
"224","天泣林","5人英雄",崖剑,装备,林霖腰带,-,
"224","天泣林","5人英雄",崖剑,装备,林寒护腕,-,
"224","天泣林","5人英雄",崖剑,装备,林霜腰带,-,
"224","天泣林","5人英雄",崖剑,装备,林瑟护腕,-,
"224","天泣林","5人英雄",高力士,装备,林霖裤,-,
"224","天泣林","5人英雄",高力士,装备,林暮裤,-,
"224","天泣林","5人英雄",高力士,装备,林霜靴,-,
"224","天泣林","5人英雄",高力士,装备,林寒靴,-,
"224","天泣林","5人英雄",高力士,装备,林寒裤,-,
"224","天泣林","5人英雄",高力士,装备,林霖靴,-,
"224","天泣林","5人英雄",高力士,装备,林暮靴,-,
"224","天泣林","5人英雄",高力士,装备,林甘裤,-,
"224","天泣林","5人英雄",高力士,装备,林瑟靴,-,
"224","天泣林","5人英雄",高力士,装备,林瑟裤,-,
"224","天泣林","5人英雄",高力士,装备,林甘靴,-,
"224","天泣林","5人英雄",高力士,装备,林霜裤,-,
"204","阴山圣泉","5人普通",秦秀,装备,楚吟帽,-,
"204","阴山圣泉","5人普通",秦秀,装备,倦游帽,-,
"204","阴山圣泉","5人普通",秦秀,装备,闻鼓帽,-,
"204","阴山圣泉","5人普通",秦秀,装备,渊沉帽,-,
"204","阴山圣泉","5人普通",秦秀,装备,怀古意帽,-,
"204","阴山圣泉","5人普通",秦秀,装备,葭苇衫,-,
"204","阴山圣泉","5人普通",秦秀,装备,楚吟衫,-,
"204","阴山圣泉","5人普通",秦秀,装备,闻鼓衫,-,
"204","阴山圣泉","5人普通",秦秀,装备,怀古意衫,-,
"204","阴山圣泉","5人普通",秦秀,装备,倦游衫,-,
"204","阴山圣泉","5人普通",秦秀,装备,渊沉衫,-,
"204","阴山圣泉","5人普通",秦秀,装备,葭苇帽,-,
"204","阴山圣泉","5人普通",莫蕾,装备,楚吟裹腰,-,
"204","阴山圣泉","5人普通",莫蕾,装备,闻鼓裹腰,-,
"204","阴山圣泉","5人普通",莫蕾,装备,楚吟护腕,-,
"204","阴山圣泉","5人普通",莫蕾,装备,怀古意护腕,-,
"204","阴山圣泉","5人普通",莫蕾,装备,渊沉裹腰,-,
"204","阴山圣泉","5人普通",莫蕾,装备,倦游护腕,-,
"204","阴山圣泉","5人普通",莫蕾,装备,葭苇裹腰,-,
"204","阴山圣泉","5人普通",莫蕾,装备,倦游裹腰,-,
"204","阴山圣泉","5人普通",莫蕾,装备,怀古意裹腰,-,
"204","阴山圣泉","5人普通",莫蕾,装备,闻鼓护腕,-,
"204","阴山圣泉","5人普通",莫蕾,装备,葭苇护腕,-,
"204","阴山圣泉","5人普通",莫蕾,装备,渊沉护腕,-,
"204","阴山圣泉","5人普通",植尸将,装备,倦游裤,-,
"204","阴山圣泉","5人普通",植尸将,装备,闻鼓裤,-,
"204","阴山圣泉","5人普通",植尸将,装备,楚吟皮靴,-,
"204","阴山圣泉","5人普通",植尸将,装备,倦游皮靴,-,
"204","阴山圣泉","5人普通",植尸将,装备,葭苇裤,-,
"204","阴山圣泉","5人普通",植尸将,装备,渊沉裤,-,
"204","阴山圣泉","5人普通",植尸将,装备,闻鼓皮靴,-,
"204","阴山圣泉","5人普通",植尸将,装备,楚吟裤,-,
"204","阴山圣泉","5人普通",植尸将,装备,怀古意裤,-,
"204","阴山圣泉","5人普通",植尸将,装备,怀古意皮靴,-,
"204","阴山圣泉","5人普通",植尸将,装备,渊沉皮靴,-,
"204","阴山圣泉","5人普通",植尸将,装备,葭苇皮靴,-,
"227","阴山圣泉","5人英雄",秦秀,饰品,遥茵坠,-,
"227","阴山圣泉","5人英雄",秦秀,饰品,澜涧坠,-,
"227","阴山圣泉","5人英雄",秦秀,饰品,照泉戒,-,
"227","阴山圣泉","5人英雄",秦秀,饰品,源清戒,-,
"227","阴山圣泉","5人英雄",秦秀,饰品,源清坠,-,
"227","阴山圣泉","5人英雄",秦秀,饰品,遥茵戒,-,
"227","阴山圣泉","5人英雄",秦秀,饰品,澜涧戒,-,
"227","阴山圣泉","5人英雄",秦秀,饰品,圣璃坠,-,
"227","阴山圣泉","5人英雄",秦秀,饰品,涛山戒,-,
"227","阴山圣泉","5人英雄",秦秀,饰品,涛山坠,-,
"227","阴山圣泉","5人英雄",秦秀,饰品,圣璃戒,-,
"227","阴山圣泉","5人英雄",秦秀,饰品,照泉坠,-,
"227","阴山圣泉","5人英雄",莫蕾,武器,源清囊,-,
"227","阴山圣泉","5人英雄",莫蕾,武器,遥茵囊,-,
"227","阴山圣泉","5人英雄",莫蕾,武器,澜涧囊,-,
"227","阴山圣泉","5人英雄",莫蕾,装备,遥茵袖,-,
"227","阴山圣泉","5人英雄",莫蕾,装备,照泉袖,-,
"227","阴山圣泉","5人英雄",莫蕾,装备,圣璃袖,-,
"227","阴山圣泉","5人英雄",莫蕾,武器,照泉囊,-,
"227","阴山圣泉","5人英雄",莫蕾,武器,涛山囊,-,
"227","阴山圣泉","5人英雄",莫蕾,武器,圣璃囊,-,
"227","阴山圣泉","5人英雄",莫蕾,装备,源清袖,-,
"227","阴山圣泉","5人英雄",莫蕾,装备,澜涧袖,-,
"227","阴山圣泉","5人英雄",莫蕾,装备,涛山袖,-,
"227","阴山圣泉","5人英雄",植尸将,装备,圣璃束腰,-,
"227","阴山圣泉","5人英雄",植尸将,装备,源清束腰,-,
"227","阴山圣泉","5人英雄",植尸将,装备,澜涧束腰,-,
"227","阴山圣泉","5人英雄",植尸将,装备,遥茵冠,-,
"227","阴山圣泉","5人英雄",植尸将,装备,圣璃冠,-,
"227","阴山圣泉","5人英雄",植尸将,装备,涛山束腰,-,
"227","阴山圣泉","5人英雄",植尸将,装备,照泉冠,-,
"227","阴山圣泉","5人英雄",植尸将,装备,澜涧冠,-,
"227","阴山圣泉","5人英雄",植尸将,装备,遥茵束腰,-,
"227","阴山圣泉","5人英雄",植尸将,装备,源清冠,-,
"227","阴山圣泉","5人英雄",植尸将,装备,照泉束腰,-,
"227","阴山圣泉","5人英雄",植尸将,装备,涛山冠,-,
"209","梵空禅院","5人普通",悟影,饰品,千古名链,-,
"209","梵空禅院","5人普通",悟影,饰品,栖川链,-,
"209","梵空禅院","5人普通",悟影,饰品,鸣幽戒,-,
"209","梵空禅院","5人普通",悟影,饰品,鸣幽链,-,
"209","梵空禅院","5人普通",悟影,饰品,玉露凋戒,-,
"209","梵空禅院","5人普通",悟影,饰品,落潮链,-,
"209","梵空禅院","5人普通",悟影,饰品,穷海链,-,
"209","梵空禅院","5人普通",悟影,饰品,落潮戒,-,
"209","梵空禅院","5人普通",悟影,饰品,栖川戒,-,
"209","梵空禅院","5人普通",悟影,饰品,玉露凋链,-,
"209","梵空禅院","5人普通",悟影,饰品,千古名戒,-,
"209","梵空禅院","5人普通",悟影,饰品,穷海戒,-,
"209","梵空禅院","5人普通",双雄剑意,饰品,千古名坠,-,
"209","梵空禅院","5人普通",双雄剑意,饰品,玉露凋戒,-,
"209","梵空禅院","5人普通",双雄剑意,饰品,鸣幽坠,-,
"209","梵空禅院","5人普通",双雄剑意,饰品,鸣幽戒,-,
"209","梵空禅院","5人普通",双雄剑意,饰品,落潮坠,-,
"209","梵空禅院","5人普通",双雄剑意,饰品,穷海坠,-,
"209","梵空禅院","5人普通",双雄剑意,饰品,落潮戒,-,
"209","梵空禅院","5人普通",双雄剑意,饰品,千古名戒,-,
"209","梵空禅院","5人普通",双雄剑意,饰品,穷海戒,-,
"209","梵空禅院","5人普通",双雄剑意,饰品,栖川戒,-,
"209","梵空禅院","5人普通",双雄剑意,饰品,栖川坠,-,
"209","梵空禅院","5人普通",双雄剑意,饰品,玉露凋坠,-,
"209","梵空禅院","5人普通",幻影剑圣,武器,和泽刀,-,
"209","梵空禅院","5人普通",幻影剑圣,武器,千古名囊,-,
"209","梵空禅院","5人普通",幻影剑圣,武器,栖川囊,-,
"209","梵空禅院","5人普通",幻影剑圣,武器,鸣幽囊,-,
"209","梵空禅院","5人普通",幻影剑圣,武器,落潮囊,-,
"209","梵空禅院","5人普通",幻影剑圣,武器,穷海囊,-,
"209","梵空禅院","5人普通",幻影剑圣,武器,玉露凋囊,-,
"209","梵空禅院","5人普通",幻影剑圣,武器,浮禄棍,-,
"209","梵空禅院","5人普通",幻影剑圣,武器,泊心笔,-,
"209","梵空禅院","5人普通",幻影剑圣,武器,白骨横枪,-,
"209","梵空禅院","5人普通",幻影剑圣,武器,常凶剑,-,
"209","梵空禅院","5人普通",幻影剑圣,武器,雾失笛,-,
"209","梵空禅院","5人普通",幻影剑圣,武器,深林重剑,-,
"209","梵空禅院","5人普通",幻影剑圣,武器,武杰,-,
"209","梵空禅院","5人普通",幻影剑圣,武器,羽客双剑,-,
"209","梵空禅院","5人普通",幻影剑圣,武器,春树弩,-,
"209","梵空禅院","5人普通",幻影剑圣,武器,影忽棒,-,
"209","梵空禅院","5人普通",幻影剑圣,武器,原野穷,-,
"209","梵空禅院","5人普通",幻影剑圣,武器,娑婆棍,-,
"209","梵空禅院","5人普通",幻影剑圣,武器,凄断笔,-,
"209","梵空禅院","5人普通",幻影剑圣,武器,天属枪,-,
"209","梵空禅院","5人普通",幻影剑圣,武器,物芸剑,-,
"209","梵空禅院","5人普通",幻影剑圣,武器,清景深双剑,-,
"209","梵空禅院","5人普通",幻影剑圣,武器,新市弩,-,
"209","梵空禅院","5人普通",幻影剑圣,武器,阡陌双刀,-,
"209","梵空禅院","5人普通",幻影剑圣,武器,海雾琴,-,
"209","梵空禅院","5人普通",幻影剑圣,武器,丹障笛,-,
"209","梵空禅院","5人普通",幻影剑圣,武器,幽篁剑,-,
"209","梵空禅院","5人普通",幻影剑圣,武器,转蓬琴,-,
"228","梵空禅院","5人英雄",悟影,装备,空色袖,-,
"228","梵空禅院","5人英雄",悟影,装备,空尘袖,-,
"228","梵空禅院","5人英雄",悟影,装备,空痴袖,-,
"228","梵空禅院","5人英雄",悟影,装备,空尘裤,-,
"228","梵空禅院","5人英雄",悟影,装备,空情袖,-,
"228","梵空禅院","5人英雄",悟影,装备,空嗔裤,-,
"228","梵空禅院","5人英雄",悟影,装备,空心袖,-,
"228","梵空禅院","5人英雄",悟影,装备,空嗔袖,-,
"228","梵空禅院","5人英雄",悟影,装备,空色裤,-,
"228","梵空禅院","5人英雄",悟影,装备,空痴裤,-,
"228","梵空禅院","5人英雄",悟影,装备,空心裤,-,
"228","梵空禅院","5人英雄",悟影,装备,空情裤,-,
"228","梵空禅院","5人英雄",双雄剑意,装备,空嗔靴,-,
"228","梵空禅院","5人英雄",双雄剑意,装备,空色靴,-,
"228","梵空禅院","5人英雄",双雄剑意,装备,空痴靴,-,
"228","梵空禅院","5人英雄",双雄剑意,饰品,空尘链,-,
"228","梵空禅院","5人英雄",双雄剑意,饰品,空嗔链,-,
"228","梵空禅院","5人英雄",双雄剑意,装备,空心靴,-,
"228","梵空禅院","5人英雄",双雄剑意,装备,空情靴,-,
"228","梵空禅院","5人英雄",双雄剑意,饰品,空痴链,-,
"228","梵空禅院","5人英雄",双雄剑意,装备,空尘靴,-,
"228","梵空禅院","5人英雄",双雄剑意,饰品,空色链,-,
"228","梵空禅院","5人英雄",双雄剑意,饰品,空情链,-,
"228","梵空禅院","5人英雄",双雄剑意,饰品,空心链,-,
"228","梵空禅院","5人英雄",幻影剑圣,饰品,空尘坠,-,
"228","梵空禅院","5人英雄",幻影剑圣,饰品,空痴坠,-,
"228","梵空禅院","5人英雄",幻影剑圣,饰品,空情坠,-,
"228","梵空禅院","5人英雄",幻影剑圣,饰品,空色戒,-,
"228","梵空禅院","5人英雄",幻影剑圣,饰品,空色坠,-,
"228","梵空禅院","5人英雄",幻影剑圣,饰品,空尘戒,-,
"228","梵空禅院","5人英雄",幻影剑圣,饰品,空情戒,-,
"228","梵空禅院","5人英雄",幻影剑圣,饰品,空痴戒,-,
"228","梵空禅院","5人英雄",幻影剑圣,饰品,空嗔坠,-,
"228","梵空禅院","5人英雄",幻影剑圣,饰品,空心戒,-,
"228","梵空禅院","5人英雄",幻影剑圣,饰品,空心坠,-,
"228","梵空禅院","5人英雄",幻影剑圣,饰品,空嗔戒,-,
"218","引仙水榭","5人普通",平花秀夜,装备,栖川帽,-,
"218","引仙水榭","5人普通",平花秀夜,装备,鸣幽帽,-,
"218","引仙水榭","5人普通",平花秀夜,装备,落潮帽,-,
"218","引仙水榭","5人普通",平花秀夜,装备,穷海帽,-,
"218","引仙水榭","5人普通",平花秀夜,装备,玉露凋帽,-,
"218","引仙水榭","5人普通",平花秀夜,装备,千古名衫,-,
"218","引仙水榭","5人普通",平花秀夜,装备,栖川衫,-,
"218","引仙水榭","5人普通",平花秀夜,装备,落潮衫,-,
"218","引仙水榭","5人普通",平花秀夜,装备,玉露凋衫,-,
"218","引仙水榭","5人普通",平花秀夜,装备,鸣幽衫,-,
"218","引仙水榭","5人普通",平花秀夜,装备,穷海衫,-,
"218","引仙水榭","5人普通",平花秀夜,装备,千古名帽,-,
"218","引仙水榭","5人普通",剑姬阵,装备,栖川裹腰,-,
"218","引仙水榭","5人普通",剑姬阵,装备,落潮裹腰,-,
"218","引仙水榭","5人普通",剑姬阵,装备,栖川护腕,-,
"218","引仙水榭","5人普通",剑姬阵,装备,玉露凋护腕,-,
"218","引仙水榭","5人普通",剑姬阵,装备,穷海裹腰,-,
"218","引仙水榭","5人普通",剑姬阵,装备,鸣幽护腕,-,
"218","引仙水榭","5人普通",剑姬阵,装备,千古名腰带,-,
"218","引仙水榭","5人普通",剑姬阵,装备,鸣幽裹腰,-,
"218","引仙水榭","5人普通",剑姬阵,装备,玉露凋裹腰,-,
"218","引仙水榭","5人普通",剑姬阵,装备,落潮护腕,-,
"218","引仙水榭","5人普通",剑姬阵,装备,千古名护腕,-,
"218","引仙水榭","5人普通",剑姬阵,装备,穷海护腕,-,
"218","引仙水榭","5人普通",李倓与李复,装备,鸣幽裤,-,
"218","引仙水榭","5人普通",李倓与李复,装备,落潮裤,-,
"218","引仙水榭","5人普通",李倓与李复,装备,栖川皮靴,-,
"218","引仙水榭","5人普通",李倓与李复,装备,鸣幽皮靴,-,
"218","引仙水榭","5人普通",李倓与李复,装备,千古名裤,-,
"218","引仙水榭","5人普通",李倓与李复,装备,穷海裤,-,
"218","引仙水榭","5人普通",李倓与李复,装备,落潮皮靴,-,
"218","引仙水榭","5人普通",李倓与李复,装备,栖川裤,-,
"218","引仙水榭","5人普通",李倓与李复,装备,玉露凋裤,-,
"218","引仙水榭","5人普通",李倓与李复,装备,玉露凋皮靴,-,
"218","引仙水榭","5人普通",李倓与李复,装备,穷海皮靴,-,
"218","引仙水榭","5人普通",李倓与李复,装备,千古名皮靴,-,
"229","引仙水榭","5人英雄",平花秀夜,饰品,仙迹链,-,
"229","引仙水榭","5人英雄",平花秀夜,装备,仙踪寻,-,
"229","引仙水榭","5人英雄",平花秀夜,饰品,仙影链,-,
"229","引仙水榭","5人英雄",平花秀夜,装备,仙迹隐,-,
"229","引仙水榭","5人英雄",平花秀夜,饰品,仙梦链,-,
"229","引仙水榭","5人英雄",平花秀夜,饰品,仙羽链,-,
"229","引仙水榭","5人英雄",平花秀夜,装备,仙梦归,-,
"229","引仙水榭","5人英雄",平花秀夜,饰品,仙缘链,-,
"229","引仙水榭","5人英雄",平花秀夜,饰品,仙踪链,-,
"229","引仙水榭","5人英雄",平花秀夜,装备,仙缘寂,-,
"229","引仙水榭","5人英雄",平花秀夜,装备,仙影湮,-,
"229","引仙水榭","5人英雄",平花秀夜,装备,仙羽落,-,
"229","引仙水榭","5人英雄",剑姬阵,饰品,仙迹坠,-,
"229","引仙水榭","5人英雄",剑姬阵,饰品,仙梦坠,-,
"229","引仙水榭","5人英雄",剑姬阵,饰品,仙缘戒,-,
"229","引仙水榭","5人英雄",剑姬阵,饰品,仙羽戒,-,
"229","引仙水榭","5人英雄",剑姬阵,饰品,仙梦戒,-,
"229","引仙水榭","5人英雄",剑姬阵,饰品,仙影戒,-,
"229","引仙水榭","5人英雄",剑姬阵,饰品,仙羽坠,-,
"229","引仙水榭","5人英雄",剑姬阵,饰品,仙缘坠,-,
"229","引仙水榭","5人英雄",剑姬阵,饰品,仙踪戒,-,
"229","引仙水榭","5人英雄",剑姬阵,饰品,仙影坠,-,
"229","引仙水榭","5人英雄",剑姬阵,饰品,仙迹戒,-,
"229","引仙水榭","5人英雄",剑姬阵,饰品,仙踪坠,-,
"229","引仙水榭","5人英雄",李倓与李复,武器,成岚,-,
"229","引仙水榭","5人英雄",李倓与李复,武器,闻天波,-,
"229","引仙水榭","5人英雄",李倓与李复,武器,仙踪囊,-,
"229","引仙水榭","5人英雄",李倓与李复,武器,仙影囊,-,
"229","引仙水榭","5人英雄",李倓与李复,武器,仙羽囊,-,
"229","引仙水榭","5人英雄",李倓与李复,武器,塞曲,-,
"229","引仙水榭","5人英雄",李倓与李复,武器,濛尘,-,
"229","引仙水榭","5人英雄",李倓与李复,武器,花聚,-,
"229","引仙水榭","5人英雄",李倓与李复,武器,山海,-,
"229","引仙水榭","5人英雄",李倓与李复,武器,清闻,-,
"229","引仙水榭","5人英雄",李倓与李复,武器,归心,-,
"229","引仙水榭","5人英雄",李倓与李复,武器,仙缘囊,-,
"229","引仙水榭","5人英雄",李倓与李复,武器,云阙,-,
"229","引仙水榭","5人英雄",李倓与李复,武器,东方,-,
"229","引仙水榭","5人英雄",李倓与李复,武器,芳杜,-,
"229","引仙水榭","5人英雄",李倓与李复,武器,君愿,-,
"229","引仙水榭","5人英雄",李倓与李复,武器,川阳,-,
"229","引仙水榭","5人英雄",李倓与李复,武器,仙迹囊,-,
"229","引仙水榭","5人英雄",李倓与李复,武器,仙梦囊,-,
"229","引仙水榭","5人英雄",李倓与李复,武器,九州乘空,-,
"229","引仙水榭","5人英雄",李倓与李复,武器,归鞍,-,
"229","引仙水榭","5人英雄",李倓与李复,武器,解歌,-,
"229","引仙水榭","5人英雄",李倓与李复,武器,连星影,-,
"229","引仙水榭","5人英雄",李倓与李复,武器,青碧,-,
"229","引仙水榭","5人英雄",李倓与李复,武器,繁弦,-,
"229","引仙水榭","5人英雄",李倓与李复,武器,函关迢,-,
"229","引仙水榭","5人英雄",李倓与李复,武器,沧海极东,-,
"229","引仙水榭","5人英雄",李倓与李复,武器,龙浮,-,
"229","引仙水榭","5人英雄",李倓与李复,武器,燕丹歌,-,
"219","微山书院","5人普通",凤息颜,装备,归藏,-,
"219","微山书院","5人普通",凤息颜,饰品,谷梁,-,
"219","微山书院","5人普通",凤息颜,装备,笃志,-,
"219","微山书院","5人普通",凤息颜,装备,书奥,-,
"219","微山书院","5人普通",凤息颜,饰品,兆雪,-,
"219","微山书院","5人普通",赵宫商,装备,甘澍,-,
"219","微山书院","5人普通",赵宫商,饰品,居常佩,-,
"219","微山书院","5人普通",赵宫商,武器,奠坤,-,
"219","微山书院","5人普通",赵宫商,武器,义正,-,
"219","微山书院","5人普通",赵宫商,装备,乐誉,-,
"219","微山书院","5人普通",赵宫商,装备,初蒙,-,
"219","微山书院","5人普通",赵宫商,装备,流希,-,
"219","微山书院","5人普通",月侍弓,武器,古韵悠扬,-,
"219","微山书院","5人普通",月侍弓,武器,五星七政,-,
"219","微山书院","5人普通",月侍弓,装备,学而,-,
"219","微山书院","5人普通",月侍弓,装备,道字,-,
"219","微山书院","5人普通",月侍弓,装备,渐跻,-,
"219","微山书院","5人普通",月侍弓,装备,同载青衫,-,
"225","微山书院","5人英雄",凤息颜,装备,墨书冠,-,
"225","微山书院","5人英雄",凤息颜,装备,墨琴冠,-,
"225","微山书院","5人英雄",凤息颜,装备,墨棋冠,-,
"225","微山书院","5人英雄",凤息颜,装备,墨画冠,-,
"225","微山书院","5人英雄",凤息颜,装备,墨诗冠,-,
"225","微山书院","5人英雄",凤息颜,装备,墨书衣,-,
"225","微山书院","5人英雄",凤息颜,装备,墨琴衣,-,
"225","微山书院","5人英雄",凤息颜,装备,墨棋衣,-,
"225","微山书院","5人英雄",凤息颜,装备,墨画衣,-,
"225","微山书院","5人英雄",凤息颜,装备,墨诗衣,-,
"225","微山书院","5人英雄",凤息颜,装备,墨赋衣,-,
"225","微山书院","5人英雄",凤息颜,装备,墨赋冠,-,
"225","微山书院","5人英雄",赵宫商,装备,墨书腰带,-,
"225","微山书院","5人英雄",赵宫商,装备,墨琴腰带,-,
"225","微山书院","5人英雄",赵宫商,装备,墨棋腰带,-,
"225","微山书院","5人英雄",赵宫商,装备,墨画腰带,-,
"225","微山书院","5人英雄",赵宫商,装备,墨诗腰带,-,
"225","微山书院","5人英雄",赵宫商,装备,墨赋腰带,-,
"225","微山书院","5人英雄",赵宫商,饰品,墨书戒,-,
"225","微山书院","5人英雄",赵宫商,饰品,墨琴戒,-,
"225","微山书院","5人英雄",赵宫商,饰品,墨棋戒,-,
"225","微山书院","5人英雄",赵宫商,饰品,墨诗戒,-,
"225","微山书院","5人英雄",赵宫商,饰品,墨赋戒,-,
"225","微山书院","5人英雄",赵宫商,饰品,墨画戒,-,
"225","微山书院","5人英雄",月侍弓,武器,愁鹤,-,
"225","微山书院","5人英雄",月侍弓,武器,雪飞,-,
"225","微山书院","5人英雄",月侍弓,武器,紫云,-,
"225","微山书院","5人英雄",月侍弓,武器,月朗,-,
"225","微山书院","5人英雄",月侍弓,武器,风溆寒沙,-,
"225","微山书院","5人英雄",月侍弓,武器,旷望,-,
"225","微山书院","5人英雄",月侍弓,武器,避花,-,
"225","微山书院","5人英雄",月侍弓,武器,山川,-,
"225","微山书院","5人英雄",月侍弓,武器,海望,-,
"225","微山书院","5人英雄",月侍弓,武器,绮疏,-,
"225","微山书院","5人英雄",月侍弓,武器,乡远,-,
"225","微山书院","5人英雄",月侍弓,武器,墨书囊,-,
"225","微山书院","5人英雄",月侍弓,武器,墨琴囊,-,
"225","微山书院","5人英雄",月侍弓,武器,墨棋囊,-,
"225","微山书院","5人英雄",月侍弓,武器,墨画囊,-,
"225","微山书院","5人英雄",月侍弓,饰品,溯梦,-,
"225","微山书院","5人英雄",月侍弓,武器,墨诗囊,-,
"225","微山书院","5人英雄",月侍弓,武器,墨赋囊,-,
"225","微山书院","5人英雄",月侍弓,武器,雁度无音,-,
"225","微山书院","5人英雄",月侍弓,武器,万里连山,-,
"225","微山书院","5人英雄",月侍弓,武器,星映,-,
"225","微山书院","5人英雄",月侍弓,武器,雾空,-,
"225","微山书院","5人英雄",月侍弓,武器,壮气惊寒,-,
"225","微山书院","5人英雄",月侍弓,武器,落情平生,-,
"225","微山书院","5人英雄",月侍弓,武器,峨眉雪,-,
"225","微山书院","5人英雄",月侍弓,武器,水心清,-,
"225","微山书院","5人英雄",月侍弓,武器,星河落,-,
"225","微山书院","5人英雄",月侍弓,武器,楚水空,-,
"225","微山书院","5人英雄",月侍弓,武器,无烟,-,
"225","微山书院","5人英雄",月侍弓,武器,断水,-,
"192","太原之战·逐虎驱狼","10人普通",靺鞨三骑将,饰品,伫门戒,-,
"192","太原之战·逐虎驱狼","10人普通",靺鞨三骑将,饰品,病愁戒,-,
"192","太原之战·逐虎驱狼","10人普通",靺鞨三骑将,饰品,苔酒戒,-,
"192","太原之战·逐虎驱狼","10人普通",靺鞨三骑将,装备,避春护手,-,
"192","太原之战·逐虎驱狼","10人普通",靺鞨三骑将,饰品,归梦坠,-,
"192","太原之战·逐虎驱狼","10人普通",靺鞨三骑将,装备,傍野护手,-,
"192","太原之战·逐虎驱狼","10人普通",靺鞨三骑将,饰品,甚天坠,-,
"192","太原之战·逐虎驱狼","10人普通",靺鞨三骑将,装备,隔水护手,-,
"192","太原之战·逐虎驱狼","10人普通",靺鞨三骑将,饰品,昼闲坠,-,
"192","太原之战·逐虎驱狼","10人普通",靺鞨三骑将,装备,诛肆护手,-,
"192","太原之战·逐虎驱狼","10人普通",靺鞨三骑将,饰品,也因坠,-,
"192","太原之战·逐虎驱狼","10人普通",靺鞨三骑将,装备,若情护手,-,
"192","太原之战·逐虎驱狼","10人普通",靺鞨三骑将,饰品,长暗坠,-,
"192","太原之战·逐虎驱狼","10人普通",靺鞨三骑将,装备,神京护手,-,
"192","太原之战·逐虎驱狼","10人普通",靺鞨三骑将,饰品,趁风坠,-,
"192","太原之战·逐虎驱狼","10人普通",靺鞨三骑将,饰品,鹦声戒,-,
"192","太原之战·逐虎驱狼","10人普通",靺鞨三骑将,饰品,薰风戒,-,
"192","太原之战·逐虎驱狼","10人普通",靺鞨三骑将,饰品,凝解戒,-,
"192","太原之战·逐虎驱狼","10人普通",安雨,武器,尤诏,-,
"192","太原之战·逐虎驱狼","10人普通",安雨,武器,悟真石,-,
"192","太原之战·逐虎驱狼","10人普通",安雨,武器,去留无意,-,
"192","太原之战·逐虎驱狼","10人普通",安雨,饰品,翠微项链,-,
"192","太原之战·逐虎驱狼","10人普通",安雨,装备,垂杨腰带,-,
"192","太原之战·逐虎驱狼","10人普通",安雨,武器,乱雀翎,-,
"192","太原之战·逐虎驱狼","10人普通",安雨,饰品,薰风戒,-,
"192","太原之战·逐虎驱狼","10人普通",安雨,装备,红随腰带,-,
"192","太原之战·逐虎驱狼","10人普通",安雨,饰品,步莲项链,-,
"192","太原之战·逐虎驱狼","10人普通",安雨,武器,国风八面,-,
"192","太原之战·逐虎驱狼","10人普通",安雨,武器,解幽魂,-,
"192","太原之战·逐虎驱狼","10人普通",安雨,武器,盘龙倚钟,-,
"192","太原之战·逐虎驱狼","10人普通",安雨,饰品,病愁戒,-,
"192","太原之战·逐虎驱狼","10人普通",安雨,装备,花知腰带,-,
"192","太原之战·逐虎驱狼","10人普通",安雨,武器,红山凄雨,-,
"192","太原之战·逐虎驱狼","10人普通",安雨,饰品,溪冷项链,-,
"192","太原之战·逐虎驱狼","10人普通",安雨,装备,溪陵腰带,-,
"192","太原之战·逐虎驱狼","10人普通",安雨,武器,山风辞,-,
"192","太原之战·逐虎驱狼","10人普通",安雨,装备,绣恨腰带,-,
"192","太原之战·逐虎驱狼","10人普通",安雨,武器,当歌醉,-,
"192","太原之战·逐虎驱狼","10人普通",安雨,装备,双烟腰带,-,
"192","太原之战·逐虎驱狼","10人普通",安雨,武器,照白驹,-,
"192","太原之战·逐虎驱狼","10人普通",安雨,武器,梦融香,-,
"192","太原之战·逐虎驱狼","10人普通",安雨,武器,覆皇洲,-,
"192","太原之战·逐虎驱狼","10人普通",安雨,武器,二月新柳,-,
"192","太原之战·逐虎驱狼","10人普通",安雨,武器,盲灯,-,
"192","太原之战·逐虎驱狼","10人普通",安雨,武器,奉金鸟,-,
"192","太原之战·逐虎驱狼","10人普通",安雨,饰品,鹦声戒,-,
"192","太原之战·逐虎驱狼","10人普通",安雨,武器,擒金虎,-,
"192","太原之战·逐虎驱狼","10人普通",安雨,饰品,沙印项链,-,
"192","太原之战·逐虎驱狼","10人普通",安雨,武器,伏岁剑,-,
"192","太原之战·逐虎驱狼","10人普通",安雨,武器,紫燕飞,-,
"192","太原之战·逐虎驱狼","10人普通",安雨,武器,若春,-,
"192","太原之战·逐虎驱狼","10人普通",安雨,饰品,斗草项链,-,
"192","太原之战·逐虎驱狼","10人普通",安雨,饰品,凝解戒,-,
"192","太原之战·逐虎驱狼","10人普通",安雨,武器,清江钓火,-,
"192","太原之战·逐虎驱狼","10人普通",安雨,饰品,苔酒戒,-,
"192","太原之战·逐虎驱狼","10人普通",安雨,饰品,采香项链,-,
"192","太原之战·逐虎驱狼","10人普通",安雨,饰品,伫门戒,-,
"192","太原之战·逐虎驱狼","10人普通",月华,装备,小幽鞋,-,
"192","太原之战·逐虎驱狼","10人普通",月华,武器,覆皇洲,-,
"192","太原之战·逐虎驱狼","10人普通",月华,武器,紫燕飞,-,
"192","太原之战·逐虎驱狼","10人普通",月华,装备,器近鞋,-,
"192","太原之战·逐虎驱狼","10人普通",月华,武器,若春,-,
"192","太原之战·逐虎驱狼","10人普通",月华,武器,尤诏,-,
"192","太原之战·逐虎驱狼","10人普通",月华,武器,盲灯,-,
"192","太原之战·逐虎驱狼","10人普通",月华,武器,伏岁剑,-,
"192","太原之战·逐虎驱狼","10人普通",月华,饰品,薰风戒,-,
"192","太原之战·逐虎驱狼","10人普通",月华,饰品,病愁戒,-,
"192","太原之战·逐虎驱狼","10人普通",月华,武器,筝珠囊,-,
"192","太原之战·逐虎驱狼","10人普通",月华,武器,雪庭囊,-,
"192","太原之战·逐虎驱狼","10人普通",月华,武器,得笺囊,-,
"192","太原之战·逐虎驱狼","10人普通",月华,武器,去留无意,-,
"192","太原之战·逐虎驱狼","10人普通",月华,武器,盘龙倚钟,-,
"192","太原之战·逐虎驱狼","10人普通",月华,饰品,苔酒戒,-,
"192","太原之战·逐虎驱狼","10人普通",月华,武器,乱雀翎,-,
"192","太原之战·逐虎驱狼","10人普通",月华,武器,清江钓火,-,
"192","太原之战·逐虎驱狼","10人普通",月华,武器,解幽魂,-,
"192","太原之战·逐虎驱狼","10人普通",月华,武器,红山凄雨,-,
"192","太原之战·逐虎驱狼","10人普通",月华,武器,悟真石,-,
"192","太原之战·逐虎驱狼","10人普通",月华,武器,当歌醉,-,
"192","太原之战·逐虎驱狼","10人普通",月华,武器,国风八面,-,
"192","太原之战·逐虎驱狼","10人普通",月华,武器,照白驹,-,
"192","太原之战·逐虎驱狼","10人普通",月华,武器,梦融香,-,
"192","太原之战·逐虎驱狼","10人普通",月华,装备,邮亭鞋,-,
"192","太原之战·逐虎驱狼","10人普通",月华,武器,调玉囊,-,
"192","太原之战·逐虎驱狼","10人普通",月华,武器,帖韵囊,-,
"192","太原之战·逐虎驱狼","10人普通",月华,武器,殷华囊,-,
"192","太原之战·逐虎驱狼","10人普通",月华,武器,山风辞,-,
"192","太原之战·逐虎驱狼","10人普通",月华,武器,二月新柳,-,
"192","太原之战·逐虎驱狼","10人普通",月华,装备,崇年鞋,-,
"192","太原之战·逐虎驱狼","10人普通",月华,饰品,鹦声戒,-,
"192","太原之战·逐虎驱狼","10人普通",月华,装备,怀寻鞋,-,
"192","太原之战·逐虎驱狼","10人普通",月华,武器,奉金鸟,-,
"192","太原之战·逐虎驱狼","10人普通",月华,装备,倦旅鞋,-,
"192","太原之战·逐虎驱狼","10人普通",月华,饰品,伫门戒,-,
"192","太原之战·逐虎驱狼","10人普通",月华,饰品,凝解戒,-,
"192","太原之战·逐虎驱狼","10人普通",月华,武器,擒金虎,-,
"192","太原之战·逐虎驱狼","10人普通",白陶,武器,清江钓火,-,
"192","太原之战·逐虎驱狼","10人普通",白陶,武器,尤诏,-,
"192","太原之战·逐虎驱狼","10人普通",白陶,饰品,伫门戒,-,
"192","太原之战·逐虎驱狼","10人普通",白陶,装备,如醉帽,-,
"192","太原之战·逐虎驱狼","10人普通",白陶,武器,去留无意,-,
"192","太原之战·逐虎驱狼","10人普通",白陶,饰品,薰风戒,-,
"192","太原之战·逐虎驱狼","10人普通",白陶,装备,新妆帽,-,
"192","太原之战·逐虎驱狼","10人普通",白陶,武器,悟真石,-,
"192","太原之战·逐虎驱狼","10人普通",白陶,武器,乱雀翎,-,
"192","太原之战·逐虎驱狼","10人普通",白陶,武器,盘龙倚钟,-,
"192","太原之战·逐虎驱狼","10人普通",白陶,装备,映临帽,-,
"192","太原之战·逐虎驱狼","10人普通",白陶,饰品,病愁戒,-,
"192","太原之战·逐虎驱狼","10人普通",白陶,武器,解幽魂,-,
"192","太原之战·逐虎驱狼","10人普通",白陶,装备,将半帽,-,
"192","太原之战·逐虎驱狼","10人普通",白陶,武器,国风八面,-,
"192","太原之战·逐虎驱狼","10人普通",白陶,武器,红山凄雨,-,
"192","太原之战·逐虎驱狼","10人普通",白陶,装备,窥眉帽,-,
"192","太原之战·逐虎驱狼","10人普通",白陶,武器,山风辞,-,
"192","太原之战·逐虎驱狼","10人普通",白陶,武器,当歌醉,-,
"192","太原之战·逐虎驱狼","10人普通",白陶,装备,冠盖裤,-,
"192","太原之战·逐虎驱狼","10人普通",白陶,武器,照白驹,-,
"192","太原之战·逐虎驱狼","10人普通",白陶,武器,梦融香,-,
"192","太原之战·逐虎驱狼","10人普通",白陶,装备,纷驰裤,-,
"192","太原之战·逐虎驱狼","10人普通",白陶,武器,二月新柳,-,
"192","太原之战·逐虎驱狼","10人普通",白陶,装备,南常裤,-,
"192","太原之战·逐虎驱狼","10人普通",白陶,武器,覆皇洲,-,
"192","太原之战·逐虎驱狼","10人普通",白陶,武器,奉金鸟,-,
"192","太原之战·逐虎驱狼","10人普通",白陶,装备,川名裤,-,
"192","太原之战·逐虎驱狼","10人普通",白陶,饰品,鹦声戒,-,
"192","太原之战·逐虎驱狼","10人普通",白陶,武器,盲灯,-,
"192","太原之战·逐虎驱狼","10人普通",白陶,武器,擒金虎,-,
"192","太原之战·逐虎驱狼","10人普通",白陶,装备,易心裤,-,
"192","太原之战·逐虎驱狼","10人普通",白陶,武器,紫燕飞,-,
"192","太原之战·逐虎驱狼","10人普通",白陶,饰品,凝解戒,-,
"192","太原之战·逐虎驱狼","10人普通",白陶,武器,伏岁剑,-,
"192","太原之战·逐虎驱狼","10人普通",白陶,武器,若春,-,
"192","太原之战·逐虎驱狼","10人普通",白陶,装备,空埃裤,-,
"192","太原之战·逐虎驱狼","10人普通",白陶,饰品,苔酒戒,-,
"192","太原之战·逐虎驱狼","10人普通",白陶,装备,朱扉帽,-,
"192","太原之战·逐虎驱狼","10人普通",史思明,装备,空埃裤,-,
"192","太原之战·逐虎驱狼","10人普通",史思明,武器,盲灯,-,
"192","太原之战·逐虎驱狼","10人普通",史思明,武器,若春,-,
"192","太原之战·逐虎驱狼","10人普通",史思明,武器,伏岁剑,-,
"192","太原之战·逐虎驱狼","10人普通",史思明,武器,尤诏,-,
"192","太原之战·逐虎驱狼","10人普通",史思明,饰品,翠微项链,-,
"192","太原之战·逐虎驱狼","10人普通",史思明,饰品,步莲项链,-,
"192","太原之战·逐虎驱狼","10人普通",史思明,武器,去留无意,-,
"192","太原之战·逐虎驱狼","10人普通",史思明,武器,盘龙倚钟,-,
"192","太原之战·逐虎驱狼","10人普通",史思明,武器,清江钓火,-,
"192","太原之战·逐虎驱狼","10人普通",史思明,武器,乱雀翎,-,
"192","太原之战·逐虎驱狼","10人普通",史思明,饰品,溪冷项链,-,
"192","太原之战·逐虎驱狼","10人普通",史思明,武器,解幽魂,-,
"192","太原之战·逐虎驱狼","10人普通",史思明,武器,悟真石,-,
"192","太原之战·逐虎驱狼","10人普通",史思明,武器,红山凄雨,-,
"192","太原之战·逐虎驱狼","10人普通",史思明,装备,柳然衣,-,
"192","太原之战·逐虎驱狼","10人普通",史思明,装备,共愁衣,-,
"192","太原之战·逐虎驱狼","10人普通",史思明,武器,国风八面,-,
"192","太原之战·逐虎驱狼","10人普通",史思明,武器,当歌醉,-,
"192","太原之战·逐虎驱狼","10人普通",史思明,装备,浑定衣,-,
"192","太原之战·逐虎驱狼","10人普通",史思明,武器,照白驹,-,
"192","太原之战·逐虎驱狼","10人普通",史思明,装备,纷驰裤,-,
"192","太原之战·逐虎驱狼","10人普通",史思明,装备,无断衣,-,
"192","太原之战·逐虎驱狼","10人普通",史思明,武器,山风辞,-,
"192","太原之战·逐虎驱狼","10人普通",史思明,武器,梦融香,-,
"192","太原之战·逐虎驱狼","10人普通",史思明,装备,寄泪衣,-,
"192","太原之战·逐虎驱狼","10人普通",史思明,装备,南常裤,-,
"192","太原之战·逐虎驱狼","10人普通",史思明,武器,二月新柳,-,
"192","太原之战·逐虎驱狼","10人普通",史思明,装备,却寒衣,-,
"192","太原之战·逐虎驱狼","10人普通",史思明,装备,川名裤,-,
"192","太原之战·逐虎驱狼","10人普通",史思明,饰品,沙印项链,-,
"192","太原之战·逐虎驱狼","10人普通",史思明,武器,奉金鸟,-,
"192","太原之战·逐虎驱狼","10人普通",史思明,装备,易心裤,-,
"192","太原之战·逐虎驱狼","10人普通",史思明,武器,覆皇洲,-,
"192","太原之战·逐虎驱狼","10人普通",史思明,武器,擒金虎,-,
"192","太原之战·逐虎驱狼","10人普通",史思明,饰品,斗草项链,-,
"192","太原之战·逐虎驱狼","10人普通",史思明,饰品,采香项链,-,
"192","太原之战·逐虎驱狼","10人普通",史思明,装备,冠盖裤,-,
"192","太原之战·逐虎驱狼","10人普通",史思明,武器,紫燕飞,-,
"199","太原之战·逐虎驱狼","25人英雄",靺鞨三骑将,饰品,碧溪绀,-,
"199","太原之战·逐虎驱狼","25人英雄",靺鞨三骑将,饰品,飞金镜,-,
"199","太原之战·逐虎驱狼","25人英雄",靺鞨三骑将,饰品,卧桂影,-,
"199","太原之战·逐虎驱狼","25人英雄",靺鞨三骑将,饰品,无根客,-,
"199","太原之战·逐虎驱狼","25人英雄",靺鞨三骑将,饰品,钩玉,-,
"199","太原之战·逐虎驱狼","25人英雄",靺鞨三骑将,饰品,祁隆落辉,-,
"199","太原之战·逐虎驱狼","25人英雄",靺鞨三骑将,武器,袖里乾坤,-,
"199","太原之战·逐虎驱狼","25人英雄",靺鞨三骑将,饰品,弦上珠玉,-,
"199","太原之战·逐虎驱狼","25人英雄",靺鞨三骑将,饰品,沙上鸥,-,
"199","太原之战·逐虎驱狼","25人英雄",靺鞨三骑将,饰品,井中轮,-,
"199","太原之战·逐虎驱狼","25人英雄",靺鞨三骑将,武器,天边金掌,-,
"199","太原之战·逐虎驱狼","25人英雄",靺鞨三骑将,饰品,指间雾,-,
"199","太原之战·逐虎驱狼","25人英雄",靺鞨三骑将,饰品,柳上梢,-,
"199","太原之战·逐虎驱狼","25人英雄",靺鞨三骑将,饰品,院中桑,-,
"199","太原之战·逐虎驱狼","25人英雄",靺鞨三骑将,武器,对江捻红,-,
"199","太原之战·逐虎驱狼","25人英雄",靺鞨三骑将,饰品,城楼梦,-,
"199","太原之战·逐虎驱狼","25人英雄",靺鞨三骑将,饰品,花底离愁,-,
"199","太原之战·逐虎驱狼","25人英雄",靺鞨三骑将,饰品,斜阳送波,-,
"199","太原之战·逐虎驱狼","25人英雄",靺鞨三骑将,武器,闲雁无信,-,
"199","太原之战·逐虎驱狼","25人英雄",靺鞨三骑将,饰品,盈仙,-,
"199","太原之战·逐虎驱狼","25人英雄",靺鞨三骑将,装备,望长淮,-,
"199","太原之战·逐虎驱狼","25人英雄",靺鞨三骑将,装备,关塞莽,-,
"199","太原之战·逐虎驱狼","25人英雄",靺鞨三骑将,武器,香泪滴窗,-,
"199","太原之战·逐虎驱狼","25人英雄",靺鞨三骑将,装备,征暗尘,-,
"199","太原之战·逐虎驱狼","25人英雄",靺鞨三骑将,装备,霜风劲,-,
"199","太原之战·逐虎驱狼","25人英雄",靺鞨三骑将,饰品,绕辰山指环,-,
"199","太原之战·逐虎驱狼","25人英雄",靺鞨三骑将,装备,悄边声,-,
"199","太原之战·逐虎驱狼","25人英雄",靺鞨三骑将,武器,南街见树,-,
"199","太原之战·逐虎驱狼","25人英雄",靺鞨三骑将,装备,深闺辇,-,
"199","太原之战·逐虎驱狼","25人英雄",靺鞨三骑将,饰品,晚云收戒,-,
"199","太原之战·逐虎驱狼","25人英雄",靺鞨三骑将,饰品,露初零戒,-,
"199","太原之战·逐虎驱狼","25人英雄",靺鞨三骑将,饰品,绕辰山戒,-,
"199","太原之战·逐虎驱狼","25人英雄",靺鞨三骑将,武器,云尽沙,-,
"199","太原之战·逐虎驱狼","25人英雄",靺鞨三骑将,饰品,烁清光指环,-,
"199","太原之战·逐虎驱狼","25人英雄",靺鞨三骑将,武器,石穿空,-,
"199","太原之战·逐虎驱狼","25人英雄",靺鞨三骑将,武器,屈指转绳,-,
"199","太原之战·逐虎驱狼","25人英雄",靺鞨三骑将,武器,月挂蜀桐,-,
"199","太原之战·逐虎驱狼","25人英雄",靺鞨三骑将,武器,拣寒枝,-,
"199","太原之战·逐虎驱狼","25人英雄",靺鞨三骑将,武器,吟啸徐行,-,
"199","太原之战·逐虎驱狼","25人英雄",靺鞨三骑将,装备,桥上饮,-,
"199","太原之战·逐虎驱狼","25人英雄",靺鞨三骑将,装备,坐中英豪,-,
"199","太原之战·逐虎驱狼","25人英雄",靺鞨三骑将,装备,余年一梦,-,
"199","太原之战·逐虎驱狼","25人英雄",靺鞨三骑将,装备,此身在,-,
"199","太原之战·逐虎驱狼","25人英雄",靺鞨三骑将,装备,印红枕,-,
"199","太原之战·逐虎驱狼","25人英雄",靺鞨三骑将,装备,古垒笳鸣,-,
"199","太原之战·逐虎驱狼","25人英雄",靺鞨三骑将,饰品,露初零指环,-,
"199","太原之战·逐虎驱狼","25人英雄",靺鞨三骑将,饰品,烁清光戒,-,
"199","太原之战·逐虎驱狼","25人英雄",靺鞨三骑将,饰品,晚云收指环,-,
"199","太原之战·逐虎驱狼","25人英雄",靺鞨三骑将,饰品,狎兴五瞬,-,
"199","太原之战·逐虎驱狼","25人英雄",靺鞨三骑将,饰品,长亭路,-,
"199","太原之战·逐虎驱狼","25人英雄",靺鞨三骑将,饰品,池上暝,-,
"199","太原之战·逐虎驱狼","25人英雄",靺鞨三骑将,饰品,匣并石,-,
"199","太原之战·逐虎驱狼","25人英雄",靺鞨三骑将,饰品,弓角劲,-,
"199","太原之战·逐虎驱狼","25人英雄",靺鞨三骑将,饰品,琢白帝,-,
"199","太原之战·逐虎驱狼","25人英雄",靺鞨三骑将,装备,梅映容,-,
"199","太原之战·逐虎驱狼","25人英雄",靺鞨三骑将,装备,东风澹澹,-,
"199","太原之战·逐虎驱狼","25人英雄",靺鞨三骑将,饰品,青烟幕,-,
"199","太原之战·逐虎驱狼","25人英雄",靺鞨三骑将,饰品,水晶帘,-,
"199","太原之战·逐虎驱狼","25人英雄",靺鞨三骑将,装备,鹃写愁,-,
"199","太原之战·逐虎驱狼","25人英雄",靺鞨三骑将,装备,秋水涓涓,-,
"199","太原之战·逐虎驱狼","25人英雄",靺鞨三骑将,装备,山抹微云,-,
"199","太原之战·逐虎驱狼","25人英雄",靺鞨三骑将,装备,啼痕,-,
"199","太原之战·逐虎驱狼","25人英雄",靺鞨三骑将,装备,云卷涟山,-,
"199","太原之战·逐虎驱狼","25人英雄",靺鞨三骑将,装备,思迹,-,
"199","太原之战·逐虎驱狼","25人英雄",安雨,装备,雨笼晴,-,
"199","太原之战·逐虎驱狼","25人英雄",安雨,装备,古人肩,-,
"199","太原之战·逐虎驱狼","25人英雄",安雨,武器,知蛰惊,-,
"199","太原之战·逐虎驱狼","25人英雄",安雨,装备,圣人魂,-,
"199","太原之战·逐虎驱狼","25人英雄",安雨,武器,纵江南,-,
"199","太原之战·逐虎驱狼","25人英雄",安雨,武器,鸳鸯魂,-,
"199","太原之战·逐虎驱狼","25人英雄",安雨,饰品,圣祭玄火令,-,
"199","太原之战·逐虎驱狼","25人英雄",安雨,饰品,碧溪绀,-,
"199","太原之战·逐虎驱狼","25人英雄",安雨,武器,寒焦关,-,
"199","太原之战·逐虎驱狼","25人英雄",安雨,饰品,卧桂影,-,
"199","太原之战·逐虎驱狼","25人英雄",安雨,饰品,水晶帘,-,
"199","太原之战·逐虎驱狼","25人英雄",安雨,饰品,青烟幕,-,
"199","太原之战·逐虎驱狼","25人英雄",安雨,武器,引惊风,-,
"199","太原之战·逐虎驱狼","25人英雄",安雨,饰品,杏花疏影,-,
"199","太原之战·逐虎驱狼","25人英雄",安雨,饰品,听银签,-,
"199","太原之战·逐虎驱狼","25人英雄",安雨,饰品,年华惊心,-,
"199","太原之战·逐虎驱狼","25人英雄",安雨,饰品,刻光阴,-,
"199","太原之战·逐虎驱狼","25人英雄",安雨,饰品,钩玉,-,
"199","太原之战·逐虎驱狼","25人英雄",安雨,饰品,琢白帝,-,
"199","太原之战·逐虎驱狼","25人英雄",安雨,饰品,弓角劲,-,
"199","太原之战·逐虎驱狼","25人英雄",安雨,饰品,弦上珠玉,-,
"199","太原之战·逐虎驱狼","25人英雄",安雨,饰品,匣并石,-,
"199","太原之战·逐虎驱狼","25人英雄",安雨,饰品,城楼梦,-,
"199","太原之战·逐虎驱狼","25人英雄",安雨,饰品,花底离愁,-,
"199","太原之战·逐虎驱狼","25人英雄",安雨,饰品,盈仙,-,
"199","太原之战·逐虎驱狼","25人英雄",安雨,饰品,狎兴五瞬,-,
"199","太原之战·逐虎驱狼","25人英雄",安雨,饰品,三行月,-,
"199","太原之战·逐虎驱狼","25人英雄",安雨,饰品,轻雷炽,-,
"199","太原之战·逐虎驱狼","25人英雄",安雨,饰品,兰舟书尺,-,
"199","太原之战·逐虎驱狼","25人英雄",安雨,饰品,绕辰山指环,-,
"199","太原之战·逐虎驱狼","25人英雄",安雨,饰品,晚云收指环,-,
"199","太原之战·逐虎驱狼","25人英雄",安雨,饰品,晚云收戒,-,
"199","太原之战·逐虎驱狼","25人英雄",安雨,武器,云尽沙,-,
"199","太原之战·逐虎驱狼","25人英雄",安雨,饰品,露初零戒,-,
"199","太原之战·逐虎驱狼","25人英雄",安雨,饰品,绕辰山戒,-,
"199","太原之战·逐虎驱狼","25人英雄",安雨,饰品,烁清光戒,-,
"199","太原之战·逐虎驱狼","25人英雄",安雨,武器,石穿空,-,
"199","太原之战·逐虎驱狼","25人英雄",安雨,饰品,烁清光指环,-,
"199","太原之战·逐虎驱狼","25人英雄",安雨,装备,雕鹗飞,-,
"199","太原之战·逐虎驱狼","25人英雄",安雨,饰品,露初零指环,-,
"199","太原之战·逐虎驱狼","25人英雄",安雨,饰品,圣影令,-,
"199","太原之战·逐虎驱狼","25人英雄",安雨,装备,干戈阵,-,
"199","太原之战·逐虎驱狼","25人英雄",安雨,装备,余醒梦寐,-,
"199","太原之战·逐虎驱狼","25人英雄",安雨,装备,背飞双燕,-,
"199","太原之战·逐虎驱狼","25人英雄",安雨,武器,屈指转绳,-,
"199","太原之战·逐虎驱狼","25人英雄",安雨,装备,沧波起,-,
"199","太原之战·逐虎驱狼","25人英雄",安雨,装备,山端风,-,
"199","太原之战·逐虎驱狼","25人英雄",安雨,装备,山阴翠,-,
"199","太原之战·逐虎驱狼","25人英雄",安雨,武器,月挂蜀桐,-,
"199","太原之战·逐虎驱狼","25人英雄",安雨,装备,山间云,-,
"199","太原之战·逐虎驱狼","25人英雄",安雨,装备,山外声,-,
"199","太原之战·逐虎驱狼","25人英雄",安雨,装备,山底月,-,
"199","太原之战·逐虎驱狼","25人英雄",安雨,武器,拣寒枝,-,
"199","太原之战·逐虎驱狼","25人英雄",安雨,装备,山中相,-,
"199","太原之战·逐虎驱狼","25人英雄",安雨,武器,吟啸徐行,-,
"199","太原之战·逐虎驱狼","25人英雄",安雨,武器,若有无,-,
"199","太原之战·逐虎驱狼","25人英雄",安雨,武器,生死十方,-,
"199","太原之战·逐虎驱狼","25人英雄",安雨,武器,画叶石,-,
"199","太原之战·逐虎驱狼","25人英雄",安雨,武器,凋霜草,-,
"199","太原之战·逐虎驱狼","25人英雄",安雨,武器,扶马索缰,-,
"199","太原之战·逐虎驱狼","25人英雄",安雨,装备,岁将零,-,
"199","太原之战·逐虎驱狼","25人英雄",安雨,装备,争嘶,-,
"199","太原之战·逐虎驱狼","25人英雄",安雨,装备,阳台路迥,-,
"199","太原之战·逐虎驱狼","25人英雄",安雨,武器,半身羁旅,-,
"199","太原之战·逐虎驱狼","25人英雄",安雨,装备,斜帽垂鞭,-,
"199","太原之战·逐虎驱狼","25人英雄",安雨,装备,指花梢,-,
"199","太原之战·逐虎驱狼","25人英雄",安雨,装备,惹银蟾,-,
"199","太原之战·逐虎驱狼","25人英雄",安雨,装备,叶书行,-,
"199","太原之战·逐虎驱狼","25人英雄",安雨,武器,繁海,-,
"199","太原之战·逐虎驱狼","25人英雄",安雨,装备,三斩风信,-,
"199","太原之战·逐虎驱狼","25人英雄",安雨,装备,荐佳客,-,
"199","太原之战·逐虎驱狼","25人英雄",安雨,武器,断江,-,
"199","太原之战·逐虎驱狼","25人英雄",安雨,装备,月不解饮,-,
"199","太原之战·逐虎驱狼","25人英雄",安雨,装备,小楼看晴,-,
"199","太原之战·逐虎驱狼","25人英雄",安雨,武器,春雨洇茵,-,
"199","太原之战·逐虎驱狼","25人英雄",安雨,装备,林栖息,-,
"199","太原之战·逐虎驱狼","25人英雄",安雨,武器,曲生香,-,
"199","太原之战·逐虎驱狼","25人英雄",安雨,武器,眠容,-,
"199","太原之战·逐虎驱狼","25人英雄",安雨,饰品,纵成虚,-,
"199","太原之战·逐虎驱狼","25人英雄",安雨,饰品,斜阳送波,-,
"199","太原之战·逐虎驱狼","25人英雄",安雨,饰品,长亭路,-,
"199","太原之战·逐虎驱狼","25人英雄",安雨,武器,杜若生,-,
"199","太原之战·逐虎驱狼","25人英雄",安雨,饰品,祁隆落辉,-,
"199","太原之战·逐虎驱狼","25人英雄",安雨,饰品,失花期,-,
"199","太原之战·逐虎驱狼","25人英雄",安雨,饰品,微吟,-,
"199","太原之战·逐虎驱狼","25人英雄",安雨,武器,竹酒花舟,-,
"199","太原之战·逐虎驱狼","25人英雄",安雨,饰品,无根客,-,
"199","太原之战·逐虎驱狼","25人英雄",安雨,饰品,飞金镜,-,
"199","太原之战·逐虎驱狼","25人英雄",安雨,装备,半际流水,-,
"199","太原之战·逐虎驱狼","25人英雄",安雨,装备,一声谯门,-,
"199","太原之战·逐虎驱狼","25人英雄",安雨,装备,上华巅,-,
"199","太原之战·逐虎驱狼","25人英雄",安雨,武器,妙夜连环,-,
"199","太原之战·逐虎驱狼","25人英雄",安雨,装备,无端天,-,
"199","太原之战·逐虎驱狼","25人英雄",安雨,装备,困煞中原,-,
"199","太原之战·逐虎驱狼","25人英雄",安雨,装备,与娉婷,-,
"199","太原之战·逐虎驱狼","25人英雄",安雨,武器,金笼锁,-,
"199","太原之战·逐虎驱狼","25人英雄",安雨,武器,数心茫,-,
"199","太原之战·逐虎驱狼","25人英雄",月华,武器,数心茫,-,
"199","太原之战·逐虎驱狼","25人英雄",月华,武器,知蛰惊,-,
"199","太原之战·逐虎驱狼","25人英雄",月华,武器,纵江南,-,
"199","太原之战·逐虎驱狼","25人英雄",月华,武器,鸳鸯魂,-,
"199","太原之战·逐虎驱狼","25人英雄",月华,武器,金笼锁,-,
"199","太原之战·逐虎驱狼","25人英雄",月华,武器,寒焦关,-,
"199","太原之战·逐虎驱狼","25人英雄",月华,武器,引惊风,-,
"199","太原之战·逐虎驱狼","25人英雄",月华,饰品,折梅鬓,-,
"199","太原之战·逐虎驱狼","25人英雄",月华,饰品,近寒初雪,-,
"199","太原之战·逐虎驱狼","25人英雄",月华,饰品,神女梦,-,
"199","太原之战·逐虎驱狼","25人英雄",月华,饰品,沙上鸥,-,
"199","太原之战·逐虎驱狼","25人英雄",月华,饰品,井中轮,-,
"199","太原之战·逐虎驱狼","25人英雄",月华,饰品,池上暝,-,
"199","太原之战·逐虎驱狼","25人英雄",月华,饰品,柳上梢,-,
"199","太原之战·逐虎驱狼","25人英雄",月华,饰品,院中桑,-,
"199","太原之战·逐虎驱狼","25人英雄",月华,装备,一枝春,-,
"199","太原之战·逐虎驱狼","25人英雄",月华,装备,纵残花,-,
"199","太原之战·逐虎驱狼","25人英雄",月华,装备,蘼芜杜若,-,
"199","太原之战·逐虎驱狼","25人英雄",月华,装备,上天梯,-,
"199","太原之战·逐虎驱狼","25人英雄",月华,饰品,沉香一缕,-,
"199","太原之战·逐虎驱狼","25人英雄",月华,武器,云尽沙,-,
"199","太原之战·逐虎驱狼","25人英雄",月华,装备,凉柯,-,
"199","太原之战·逐虎驱狼","25人英雄",月华,饰品,波秋一寸,-,
"199","太原之战·逐虎驱狼","25人英雄",月华,装备,抱清商,-,
"199","太原之战·逐虎驱狼","25人英雄",月华,武器,石穿空,-,
"199","太原之战·逐虎驱狼","25人英雄",月华,装备,山端风,-,
"199","太原之战·逐虎驱狼","25人英雄",月华,武器,屈指转绳,-,
"199","太原之战·逐虎驱狼","25人英雄",月华,装备,山阴翠,-,
"199","太原之战·逐虎驱狼","25人英雄",月华,装备,山间云,-,
"199","太原之战·逐虎驱狼","25人英雄",月华,武器,月挂蜀桐,-,
"199","太原之战·逐虎驱狼","25人英雄",月华,装备,山外声,-,
"199","太原之战·逐虎驱狼","25人英雄",月华,装备,山底月,-,
"199","太原之战·逐虎驱狼","25人英雄",月华,装备,山中相,-,
"199","太原之战·逐虎驱狼","25人英雄",月华,武器,拣寒枝,-,
"199","太原之战·逐虎驱狼","25人英雄",月华,武器,吟啸徐行,-,
"199","太原之战·逐虎驱狼","25人英雄",月华,武器,若有无,-,
"199","太原之战·逐虎驱狼","25人英雄",月华,武器,生死十方,-,
"199","太原之战·逐虎驱狼","25人英雄",月华,武器,画叶石,-,
"199","太原之战·逐虎驱狼","25人英雄",月华,装备,暝鸦乱,-,
"199","太原之战·逐虎驱狼","25人英雄",月华,装备,片帆千里,-,
"199","太原之战·逐虎驱狼","25人英雄",月华,装备,寸心忧,-,
"199","太原之战·逐虎驱狼","25人英雄",月华,武器,凋霜草,-,
"199","太原之战·逐虎驱狼","25人英雄",月华,装备,两地离愁,-,
"199","太原之战·逐虎驱狼","25人英雄",月华,装备,芳酒凄凉,-,
"199","太原之战·逐虎驱狼","25人英雄",月华,装备,静烽燧,-,
"199","太原之战·逐虎驱狼","25人英雄",月华,武器,扶马索缰,-,
"199","太原之战·逐虎驱狼","25人英雄",月华,武器,半身羁旅,-,
"199","太原之战·逐虎驱狼","25人英雄",月华,装备,叶书行,-,
"199","太原之战·逐虎驱狼","25人英雄",月华,武器,繁海,-,
"199","太原之战·逐虎驱狼","25人英雄",月华,装备,三斩风信,-,
"199","太原之战·逐虎驱狼","25人英雄",月华,装备,荐佳客,-,
"199","太原之战·逐虎驱狼","25人英雄",月华,武器,断江,-,
"199","太原之战·逐虎驱狼","25人英雄",月华,装备,月不解饮,-,
"199","太原之战·逐虎驱狼","25人英雄",月华,装备,小楼看晴,-,
"199","太原之战·逐虎驱狼","25人英雄",月华,武器,春雨洇茵,-,
"199","太原之战·逐虎驱狼","25人英雄",月华,装备,林栖息,-,
"199","太原之战·逐虎驱狼","25人英雄",月华,饰品,露初零指环,-,
"199","太原之战·逐虎驱狼","25人英雄",月华,饰品,烁清光指环,-,
"199","太原之战·逐虎驱狼","25人英雄",月华,饰品,夕阳语,-,
"199","太原之战·逐虎驱狼","25人英雄",月华,饰品,芳草情,-,
"199","太原之战·逐虎驱狼","25人英雄",月华,饰品,烁清光戒,-,
"199","太原之战·逐虎驱狼","25人英雄",月华,武器,曲生香,-,
"199","太原之战·逐虎驱狼","25人英雄",月华,饰品,绕辰山戒,-,
"199","太原之战·逐虎驱狼","25人英雄",月华,饰品,露初零戒,-,
"199","太原之战·逐虎驱狼","25人英雄",月华,饰品,晚云收戒,-,
"199","太原之战·逐虎驱狼","25人英雄",月华,饰品,晚云收指环,-,
"199","太原之战·逐虎驱狼","25人英雄",月华,饰品,绕辰山指环,-,
"199","太原之战·逐虎驱狼","25人英雄",月华,武器,眠容,-,
"199","太原之战·逐虎驱狼","25人英雄",月华,饰品,指间雾,-,
"199","太原之战·逐虎驱狼","25人英雄",月华,武器,杜若生,-,
"199","太原之战·逐虎驱狼","25人英雄",月华,饰品,见甲封侯,-,
"199","太原之战·逐虎驱狼","25人英雄",月华,饰品,垂龙须,-,
"199","太原之战·逐虎驱狼","25人英雄",月华,饰品,春絮繁,-,
"199","太原之战·逐虎驱狼","25人英雄",月华,武器,竹酒花舟,-,
"199","太原之战·逐虎驱狼","25人英雄",月华,武器,妙夜连环,-,
"199","太原之战·逐虎驱狼","25人英雄",白陶,武器,数心茫,-,
"199","太原之战·逐虎驱狼","25人英雄",白陶,武器,知蛰惊,-,
"199","太原之战·逐虎驱狼","25人英雄",白陶,装备,峥嵘除岁,-,
"199","太原之战·逐虎驱狼","25人英雄",白陶,武器,纵江南,-,
"199","太原之战·逐虎驱狼","25人英雄",白陶,装备,崔嵬破虚,-,
"199","太原之战·逐虎驱狼","25人英雄",白陶,装备,华灯碍月,-,
"199","太原之战·逐虎驱狼","25人英雄",白陶,武器,鸳鸯魂,-,
"199","太原之战·逐虎驱狼","25人英雄",白陶,装备,飞锦妨花,-,
"199","太原之战·逐虎驱狼","25人英雄",白陶,武器,金笼锁,-,
"199","太原之战·逐虎驱狼","25人英雄",白陶,武器,寒焦关,-,
"199","太原之战·逐虎驱狼","25人英雄",白陶,武器,引惊风,-,
"199","太原之战·逐虎驱狼","25人英雄",白陶,饰品,折梅鬓,-,
"199","太原之战·逐虎驱狼","25人英雄",白陶,饰品,春絮繁,-,
"199","太原之战·逐虎驱狼","25人英雄",白陶,饰品,近寒初雪,-,
"199","太原之战·逐虎驱狼","25人英雄",白陶,饰品,见甲封侯,-,
"199","太原之战·逐虎驱狼","25人英雄",白陶,饰品,杏花疏影,-,
"199","太原之战·逐虎驱狼","25人英雄",白陶,饰品,微吟,-,
"199","太原之战·逐虎驱狼","25人英雄",白陶,饰品,刻光阴,-,
"199","太原之战·逐虎驱狼","25人英雄",白陶,饰品,失花期,-,
"199","太原之战·逐虎驱狼","25人英雄",白陶,武器,云尽沙,-,
"199","太原之战·逐虎驱狼","25人英雄",白陶,武器,石穿空,-,
"199","太原之战·逐虎驱狼","25人英雄",白陶,饰品,玉玲珑,-,
"199","太原之战·逐虎驱狼","25人英雄",白陶,武器,屈指转绳,-,
"199","太原之战·逐虎驱狼","25人英雄",白陶,武器,月挂蜀桐,-,
"199","太原之战·逐虎驱狼","25人英雄",白陶,武器,拣寒枝,-,
"199","太原之战·逐虎驱狼","25人英雄",白陶,装备,贴云涵,-,
"199","太原之战·逐虎驱狼","25人英雄",白陶,装备,浮生老,-,
"199","太原之战·逐虎驱狼","25人英雄",白陶,装备,雪满道,-,
"199","太原之战·逐虎驱狼","25人英雄",白陶,武器,吟啸徐行,-,
"199","太原之战·逐虎驱狼","25人英雄",白陶,装备,高台晚,-,
"199","太原之战·逐虎驱狼","25人英雄",白陶,装备,廉峰细,-,
"199","太原之战·逐虎驱狼","25人英雄",白陶,装备,解金龟,-,
"199","太原之战·逐虎驱狼","25人英雄",白陶,武器,若有无,-,
"199","太原之战·逐虎驱狼","25人英雄",白陶,武器,生死十方,-,
"199","太原之战·逐虎驱狼","25人英雄",白陶,武器,画叶石,-,
"199","太原之战·逐虎驱狼","25人英雄",白陶,武器,凋霜草,-,
"199","太原之战·逐虎驱狼","25人英雄",白陶,武器,扶马索缰,-,
"199","太原之战·逐虎驱狼","25人英雄",白陶,武器,半身羁旅,-,
"199","太原之战·逐虎驱狼","25人英雄",白陶,武器,繁海,-,
"199","太原之战·逐虎驱狼","25人英雄",白陶,武器,断江,-,
"199","太原之战·逐虎驱狼","25人英雄",白陶,武器,春雨洇茵,-,
"199","太原之战·逐虎驱狼","25人英雄",白陶,装备,美人折,-,
"199","太原之战·逐虎驱狼","25人英雄",白陶,装备,结子欲黄,-,
"199","太原之战·逐虎驱狼","25人英雄",白陶,武器,曲生香,-,
"199","太原之战·逐虎驱狼","25人英雄",白陶,装备,廉纤细雨,-,
"199","太原之战·逐虎驱狼","25人英雄",白陶,装备,镇无聊,-,
"199","太原之战·逐虎驱狼","25人英雄",白陶,装备,雾霭春空,-,
"199","太原之战·逐虎驱狼","25人英雄",白陶,武器,眠容,-,
"199","太原之战·逐虎驱狼","25人英雄",白陶,武器,杜若生,-,
"199","太原之战·逐虎驱狼","25人英雄",白陶,饰品,年华惊心,-,
"199","太原之战·逐虎驱狼","25人英雄",白陶,饰品,听银签,-,
"199","太原之战·逐虎驱狼","25人英雄",白陶,饰品,神女梦,-,
"199","太原之战·逐虎驱狼","25人英雄",白陶,饰品,垂龙须,-,
"199","太原之战·逐虎驱狼","25人英雄",白陶,武器,竹酒花舟,-,
"199","太原之战·逐虎驱狼","25人英雄",白陶,饰品,飞天,-,
"199","太原之战·逐虎驱狼","25人英雄",白陶,装备,雄风拂槛,-,
"199","太原之战·逐虎驱狼","25人英雄",白陶,装备,雌霓挂雨,-,
"199","太原之战·逐虎驱狼","25人英雄",白陶,装备,静可数,-,
"199","太原之战·逐虎驱狼","25人英雄",白陶,装备,莹无尘,-,
"199","太原之战·逐虎驱狼","25人英雄",白陶,武器,妙夜连环,-,
"199","太原之战·逐虎驱狼","25人英雄",白陶,装备,捣衣秋,-,
"199","太原之战·逐虎驱狼","25人英雄",史思明,武器,七宝定沙山,-,
"199","太原之战·逐虎驱狼","25人英雄",史思明,武器,不见如来,-,
"199","太原之战·逐虎驱狼","25人英雄",史思明,武器,画幽,-,
"199","太原之战·逐虎驱狼","25人英雄",史思明,武器,棋意,-,
"199","太原之战·逐虎驱狼","25人英雄",史思明,武器,银羽金虬,-,
"199","太原之战·逐虎驱狼","25人英雄",史思明,武器,图云夏,-,
"199","太原之战·逐虎驱狼","25人英雄",史思明,武器,闲云野鹤,-,
"199","太原之战·逐虎驱狼","25人英雄",史思明,武器,织光染霞,-,
"199","太原之战·逐虎驱狼","25人英雄",史思明,武器,芙蓉绣,-,
"199","太原之战·逐虎驱狼","25人英雄",史思明,武器,白鸥淡月,-,
"199","太原之战·逐虎驱狼","25人英雄",史思明,武器,天淡银河,-,
"199","太原之战·逐虎驱狼","25人英雄",史思明,武器,真珠坠叶,-,
"199","太原之战·逐虎驱狼","25人英雄",史思明,武器,淬雷霆,-,
"199","太原之战·逐虎驱狼","25人英雄",史思明,武器,无目,-,
"199","太原之战·逐虎驱狼","25人英雄",史思明,武器,草谷,-,
"199","太原之战·逐虎驱狼","25人英雄",史思明,武器,朱寰,-,
"199","太原之战·逐虎驱狼","25人英雄",史思明,武器,晚风绝胜,-,
"199","太原之战·逐虎驱狼","25人英雄",史思明,武器,切麟,-,
"199","太原之战·逐虎驱狼","25人英雄",史思明,武器,长河碎浪,-,
"199","太原之战·逐虎驱狼","25人英雄",史思明,武器,阵云,-,
"199","太原之战·逐虎驱狼","25人英雄",史思明,武器,乌木入风,-,
"199","太原之战·逐虎驱狼","25人英雄",史思明,饰品,纵成虚,-,
"199","太原之战·逐虎驱狼","25人英雄",史思明,饰品,轻雷炽,-,
"199","太原之战·逐虎驱狼","25人英雄",史思明,武器,云尽沙,-,
"199","太原之战·逐虎驱狼","25人英雄",史思明,饰品,贪狼,-,
"199","太原之战·逐虎驱狼","25人英雄",史思明,武器,石穿空,-,
"199","太原之战·逐虎驱狼","25人英雄",史思明,装备,山端风,-,
"199","太原之战·逐虎驱狼","25人英雄",史思明,武器,屈指转绳,-,
"199","太原之战·逐虎驱狼","25人英雄",史思明,装备,山间云,-,
"199","太原之战·逐虎驱狼","25人英雄",史思明,武器,月挂蜀桐,-,
"199","太原之战·逐虎驱狼","25人英雄",史思明,装备,山外声,-,
"199","太原之战·逐虎驱狼","25人英雄",史思明,装备,山底月,-,
"199","太原之战·逐虎驱狼","25人英雄",史思明,武器,拣寒枝,-,
"199","太原之战·逐虎驱狼","25人英雄",史思明,武器,吟啸徐行,-,
"199","太原之战·逐虎驱狼","25人英雄",史思明,装备,湿花恋树,-,
"199","太原之战·逐虎驱狼","25人英雄",史思明,装备,寄语东阳,-,
"199","太原之战·逐虎驱狼","25人英雄",史思明,装备,玉作人间,-,
"199","太原之战·逐虎驱狼","25人英雄",史思明,装备,素秋千倾,-,
"199","太原之战·逐虎驱狼","25人英雄",史思明,装备,流霞倾尽,-,
"199","太原之战·逐虎驱狼","25人英雄",史思明,装备,付与金樽,-,
"199","太原之战·逐虎驱狼","25人英雄",史思明,装备,三斩风信,-,
"199","太原之战·逐虎驱狼","25人英雄",史思明,装备,荐佳客,-,
"199","太原之战·逐虎驱狼","25人英雄",史思明,装备,月不解饮,-,
"199","太原之战·逐虎驱狼","25人英雄",史思明,装备,林栖息,-,
"199","太原之战·逐虎驱狼","25人英雄",史思明,饰品,兰舟书尺,-,
"199","太原之战·逐虎驱狼","25人英雄",史思明,饰品,三行月,-,
"199","太原之战·逐虎驱狼","25人英雄",史思明,装备,涟雨濯风,-,
"199","太原之战·逐虎驱狼","25人英雄",史思明,装备,裘冷霜浸,-,
"199","太原之战·逐虎驱狼","25人英雄",史思明,装备,画月西风,-,
"199","太原之战·逐虎驱狼","25人英雄",史思明,装备,对爻棋锋,-,
"199","太原之战·逐虎驱狼","25人英雄",史思明,装备,宿凤飘歌,-,
"199","太原之战·逐虎驱狼","25人英雄",史思明,装备,桐华兕烈,-,
"199","太原之战·逐虎驱狼","25人英雄",史思明,饰品,七煞,-,
"199","太原之战·逐虎驱狼","25人英雄",史思明,装备,山阴翠,-,
"199","太原之战·逐虎驱狼","25人英雄",史思明,装备,小楼看晴,-,
"199","太原之战·逐虎驱狼","25人英雄",史思明,装备,叶书行,-,
"199","太原之战·逐虎驱狼","25人英雄",史思明,装备,山中相,-,
"191","太原之战·夜守孤城","10人普通",可木汗,饰品,蓝度指环,-,
"191","太原之战·夜守孤城","10人普通",可木汗,饰品,五贤指环,-,
"191","太原之战·夜守孤城","10人普通",可木汗,装备,岁暮护手,-,
"191","太原之战·夜守孤城","10人普通",可木汗,饰品,顾雍坠,-,
"191","太原之战·夜守孤城","10人普通",可木汗,装备,天寒护手,-,
"191","太原之战·夜守孤城","10人普通",可木汗,饰品,恩次坠,-,
"191","太原之战·夜守孤城","10人普通",可木汗,装备,意微护手,-,
"191","太原之战·夜守孤城","10人普通",可木汗,饰品,伏阁坠,-,
"191","太原之战·夜守孤城","10人普通",可木汗,装备,空林护手,-,
"191","太原之战·夜守孤城","10人普通",可木汗,饰品,贷容坠,-,
"191","太原之战·夜守孤城","10人普通",可木汗,装备,荷象护手,-,
"191","太原之战·夜守孤城","10人普通",可木汗,饰品,凤诏坠,-,
"191","太原之战·夜守孤城","10人普通",可木汗,装备,鼓鞞护手,-,
"191","太原之战·夜守孤城","10人普通",可木汗,饰品,旨优坠,-,
"191","太原之战·夜守孤城","10人普通",可木汗,饰品,鱼书指环,-,
"191","太原之战·夜守孤城","10人普通",可木汗,饰品,海门指环,-,
"191","太原之战·夜守孤城","10人普通",可木汗,饰品,羡酒指环,-,
"191","太原之战·夜守孤城","10人普通",可木汗,饰品,辕白指环,-,
"191","太原之战·夜守孤城","10人普通",田布戈,装备,七相腰带,-,
"191","太原之战·夜守孤城","10人普通",田布戈,武器,管弦无言,-,
"191","太原之战·夜守孤城","10人普通",田布戈,武器,楚怨,-,
"191","太原之战·夜守孤城","10人普通",田布戈,装备,正朔腰带,-,
"191","太原之战·夜守孤城","10人普通",田布戈,饰品,蓝度指环,-,
"191","太原之战·夜守孤城","10人普通",田布戈,武器,忘适之,-,
"191","太原之战·夜守孤城","10人普通",田布戈,武器,敛危索,-,
"191","太原之战·夜守孤城","10人普通",田布戈,装备,千运腰带,-,
"191","太原之战·夜守孤城","10人普通",田布戈,饰品,降宵项链,-,
"191","太原之战·夜守孤城","10人普通",田布戈,装备,知巫腰带,-,
"191","太原之战·夜守孤城","10人普通",田布戈,武器,刑弼,-,
"191","太原之战·夜守孤城","10人普通",田布戈,装备,衡日腰带,-,
"191","太原之战·夜守孤城","10人普通",田布戈,饰品,辕白指环,-,
"191","太原之战·夜守孤城","10人普通",田布戈,武器,安云将,-,
"191","太原之战·夜守孤城","10人普通",田布戈,武器,上元好景,-,
"191","太原之战·夜守孤城","10人普通",田布戈,武器,涧谷远香,-,
"191","太原之战·夜守孤城","10人普通",田布戈,武器,无量灯明,-,
"191","太原之战·夜守孤城","10人普通",田布戈,武器,清风递韵,-,
"191","太原之战·夜守孤城","10人普通",田布戈,武器,法云,-,
"191","太原之战·夜守孤城","10人普通",田布戈,武器,自贤之,-,
"191","太原之战·夜守孤城","10人普通",田布戈,武器,五色舒光,-,
"191","太原之战·夜守孤城","10人普通",田布戈,武器,梅影折香,-,
"191","太原之战·夜守孤城","10人普通",田布戈,饰品,太喧项链,-,
"191","太原之战·夜守孤城","10人普通",田布戈,饰品,鱼书指环,-,
"191","太原之战·夜守孤城","10人普通",田布戈,武器,酿湖光,-,
"191","太原之战·夜守孤城","10人普通",田布戈,武器,观月,-,
"191","太原之战·夜守孤城","10人普通",田布戈,武器,青鸟衔音,-,
"191","太原之战·夜守孤城","10人普通",田布戈,饰品,乐悲项链,-,
"191","太原之战·夜守孤城","10人普通",田布戈,饰品,海门指环,-,
"191","太原之战·夜守孤城","10人普通",田布戈,饰品,凶枢项链,-,
"191","太原之战·夜守孤城","10人普通",田布戈,武器,锁楼台,-,
"191","太原之战·夜守孤城","10人普通",田布戈,武器,画森戟,-,
"191","太原之战·夜守孤城","10人普通",田布戈,武器,倒金樽,-,
"191","太原之战·夜守孤城","10人普通",田布戈,装备,天尽腰带,-,
"191","太原之战·夜守孤城","10人普通",田布戈,饰品,旋弈项链,-,
"191","太原之战·夜守孤城","10人普通",田布戈,饰品,五贤指环,-,
"191","太原之战·夜守孤城","10人普通",田布戈,饰品,羡酒指环,-,
"191","太原之战·夜守孤城","10人普通",田布戈,饰品,茂春项链,-,
"191","太原之战·夜守孤城","10人普通",田布戈,武器,贯黄云,-,
"191","太原之战·夜守孤城","10人普通",朝曦门防御战,武器,敛危索,-,
"191","太原之战·夜守孤城","10人普通",朝曦门防御战,武器,道消囊,-,
"191","太原之战·夜守孤城","10人普通",朝曦门防御战,武器,鹊鬟囊,-,
"191","太原之战·夜守孤城","10人普通",朝曦门防御战,武器,无量灯明,-,
"191","太原之战·夜守孤城","10人普通",朝曦门防御战,武器,刑弼,-,
"191","太原之战·夜守孤城","10人普通",朝曦门防御战,武器,上元好景,-,
"191","太原之战·夜守孤城","10人普通",朝曦门防御战,饰品,五贤指环,-,
"191","太原之战·夜守孤城","10人普通",朝曦门防御战,武器,自贤之,-,
"191","太原之战·夜守孤城","10人普通",朝曦门防御战,武器,涧谷远香,-,
"191","太原之战·夜守孤城","10人普通",朝曦门防御战,饰品,辕白指环,-,
"191","太原之战·夜守孤城","10人普通",朝曦门防御战,武器,清风递韵,-,
"191","太原之战·夜守孤城","10人普通",朝曦门防御战,武器,珠跳囊,-,
"191","太原之战·夜守孤城","10人普通",朝曦门防御战,武器,行墙囊,-,
"191","太原之战·夜守孤城","10人普通",朝曦门防御战,武器,酿湖光,-,
"191","太原之战·夜守孤城","10人普通",朝曦门防御战,武器,五色舒光,-,
"191","太原之战·夜守孤城","10人普通",朝曦门防御战,武器,梅影折香,-,
"191","太原之战·夜守孤城","10人普通",朝曦门防御战,武器,观月,-,
"191","太原之战·夜守孤城","10人普通",朝曦门防御战,武器,政端囊,-,
"191","太原之战·夜守孤城","10人普通",朝曦门防御战,武器,画森戟,-,
"191","太原之战·夜守孤城","10人普通",朝曦门防御战,武器,青鸟衔音,-,
"191","太原之战·夜守孤城","10人普通",朝曦门防御战,装备,化阳鞋,-,
"191","太原之战·夜守孤城","10人普通",朝曦门防御战,饰品,鱼书指环,-,
"191","太原之战·夜守孤城","10人普通",朝曦门防御战,装备,衍韵鞋,-,
"191","太原之战·夜守孤城","10人普通",朝曦门防御战,武器,管弦无言,-,
"191","太原之战·夜守孤城","10人普通",朝曦门防御战,武器,锁楼台,-,
"191","太原之战·夜守孤城","10人普通",朝曦门防御战,装备,羽檄鞋,-,
"191","太原之战·夜守孤城","10人普通",朝曦门防御战,饰品,海门指环,-,
"191","太原之战·夜守孤城","10人普通",朝曦门防御战,武器,倒金樽,-,
"191","太原之战·夜守孤城","10人普通",朝曦门防御战,装备,海阙鞋,-,
"191","太原之战·夜守孤城","10人普通",朝曦门防御战,武器,眷方囊,-,
"191","太原之战·夜守孤城","10人普通",朝曦门防御战,武器,法云,-,
"191","太原之战·夜守孤城","10人普通",朝曦门防御战,武器,忘适之,-,
"191","太原之战·夜守孤城","10人普通",朝曦门防御战,武器,贯黄云,-,
"191","太原之战·夜守孤城","10人普通",朝曦门防御战,装备,甄情鞋,-,
"191","太原之战·夜守孤城","10人普通",朝曦门防御战,武器,楚怨,-,
"191","太原之战·夜守孤城","10人普通",朝曦门防御战,装备,震塞鞋,-,
"191","太原之战·夜守孤城","10人普通",朝曦门防御战,饰品,羡酒指环,-,
"191","太原之战·夜守孤城","10人普通",朝曦门防御战,武器,安云将,-,
"191","太原之战·夜守孤城","10人普通",朝曦门防御战,饰品,蓝度指环,-,
"191","太原之战·夜守孤城","10人普通",火龙摧城,装备,火德帽,-,
"191","太原之战·夜守孤城","10人普通",火龙摧城,武器,法云,-,
"191","太原之战·夜守孤城","10人普通",火龙摧城,武器,安云将,-,
"191","太原之战·夜守孤城","10人普通",火龙摧城,武器,敛危索,-,
"191","太原之战·夜守孤城","10人普通",火龙摧城,装备,昆赤帽,-,
"191","太原之战·夜守孤城","10人普通",火龙摧城,饰品,蓝度指环,-,
"191","太原之战·夜守孤城","10人普通",火龙摧城,武器,刑弼,-,
"191","太原之战·夜守孤城","10人普通",火龙摧城,装备,患眉帽,-,
"191","太原之战·夜守孤城","10人普通",火龙摧城,饰品,五贤指环,-,
"191","太原之战·夜守孤城","10人普通",火龙摧城,武器,无量灯明,-,
"191","太原之战·夜守孤城","10人普通",火龙摧城,武器,上元好景,-,
"191","太原之战·夜守孤城","10人普通",火龙摧城,装备,都业帽,-,
"191","太原之战·夜守孤城","10人普通",火龙摧城,饰品,辕白指环,-,
"191","太原之战·夜守孤城","10人普通",火龙摧城,武器,涧谷远香,-,
"191","太原之战·夜守孤城","10人普通",火龙摧城,武器,自贤之,-,
"191","太原之战·夜守孤城","10人普通",火龙摧城,武器,清风递韵,-,
"191","太原之战·夜守孤城","10人普通",火龙摧城,装备,徘折裤,-,
"191","太原之战·夜守孤城","10人普通",火龙摧城,装备,无匝裤,-,
"191","太原之战·夜守孤城","10人普通",火龙摧城,武器,酿湖光,-,
"191","太原之战·夜守孤城","10人普通",火龙摧城,武器,五色舒光,-,
"191","太原之战·夜守孤城","10人普通",火龙摧城,武器,梅影折香,-,
"191","太原之战·夜守孤城","10人普通",火龙摧城,装备,异节裤,-,
"191","太原之战·夜守孤城","10人普通",火龙摧城,武器,观月,-,
"191","太原之战·夜守孤城","10人普通",火龙摧城,装备,奇涯裤,-,
"191","太原之战·夜守孤城","10人普通",火龙摧城,饰品,鱼书指环,-,
"191","太原之战·夜守孤城","10人普通",火龙摧城,武器,青鸟衔音,-,
"191","太原之战·夜守孤城","10人普通",火龙摧城,武器,画森戟,-,
"191","太原之战·夜守孤城","10人普通",火龙摧城,装备,露下裤,-,
"191","太原之战·夜守孤城","10人普通",火龙摧城,武器,锁楼台,-,
"191","太原之战·夜守孤城","10人普通",火龙摧城,饰品,海门指环,-,
"191","太原之战·夜守孤城","10人普通",火龙摧城,装备,轻顾裤,-,
"191","太原之战·夜守孤城","10人普通",火龙摧城,武器,管弦无言,-,
"191","太原之战·夜守孤城","10人普通",火龙摧城,武器,倒金樽,-,
"191","太原之战·夜守孤城","10人普通",火龙摧城,武器,贯黄云,-,
"191","太原之战·夜守孤城","10人普通",火龙摧城,装备,凌宫帽,-,
"191","太原之战·夜守孤城","10人普通",火龙摧城,饰品,羡酒指环,-,
"191","太原之战·夜守孤城","10人普通",火龙摧城,武器,忘适之,-,
"191","太原之战·夜守孤城","10人普通",火龙摧城,武器,楚怨,-,
"191","太原之战·夜守孤城","10人普通",火龙摧城,装备,兹冰帽,-,
"191","太原之战·夜守孤城","10人普通",莫遮,饰品,茂春项链,-,
"191","太原之战·夜守孤城","10人普通",莫遮,武器,忘适之,-,
"191","太原之战·夜守孤城","10人普通",莫遮,武器,敛危索,-,
"191","太原之战·夜守孤城","10人普通",莫遮,饰品,降宵项链,-,
"191","太原之战·夜守孤城","10人普通",莫遮,武器,安云将,-,
"191","太原之战·夜守孤城","10人普通",莫遮,武器,刑弼,-,
"191","太原之战·夜守孤城","10人普通",莫遮,武器,上元好景,-,
"191","太原之战·夜守孤城","10人普通",莫遮,装备,箤黎衣,-,
"191","太原之战·夜守孤城","10人普通",莫遮,武器,法云,-,
"191","太原之战·夜守孤城","10人普通",莫遮,武器,无量灯明,-,
"191","太原之战·夜守孤城","10人普通",莫遮,武器,涧谷远香,-,
"191","太原之战·夜守孤城","10人普通",莫遮,装备,谪效衣,-,
"191","太原之战·夜守孤城","10人普通",莫遮,装备,徘折裤,-,
"191","太原之战·夜守孤城","10人普通",莫遮,武器,清风递韵,-,
"191","太原之战·夜守孤城","10人普通",莫遮,装备,垂祸衣,-,
"191","太原之战·夜守孤城","10人普通",莫遮,武器,自贤之,-,
"191","太原之战·夜守孤城","10人普通",莫遮,装备,无匝裤,-,
"191","太原之战·夜守孤城","10人普通",莫遮,装备,同仪衣,-,
"191","太原之战·夜守孤城","10人普通",莫遮,武器,五色舒光,-,
"191","太原之战·夜守孤城","10人普通",莫遮,装备,浅戏衣,-,
"191","太原之战·夜守孤城","10人普通",莫遮,武器,酿湖光,-,
"191","太原之战·夜守孤城","10人普通",莫遮,武器,梅影折香,-,
"191","太原之战·夜守孤城","10人普通",莫遮,装备,倾社衣,-,
"191","太原之战·夜守孤城","10人普通",莫遮,武器,观月,-,
"191","太原之战·夜守孤城","10人普通",莫遮,装备,奇涯裤,-,
"191","太原之战·夜守孤城","10人普通",莫遮,饰品,太喧项链,-,
"191","太原之战·夜守孤城","10人普通",莫遮,武器,青鸟衔音,-,
"191","太原之战·夜守孤城","10人普通",莫遮,装备,露下裤,-,
"191","太原之战·夜守孤城","10人普通",莫遮,饰品,乐悲项链,-,
"191","太原之战·夜守孤城","10人普通",莫遮,武器,画森戟,-,
"191","太原之战·夜守孤城","10人普通",莫遮,武器,锁楼台,-,
"191","太原之战·夜守孤城","10人普通",莫遮,装备,轻顾裤,-,
"191","太原之战·夜守孤城","10人普通",莫遮,饰品,凶枢项链,-,
"191","太原之战·夜守孤城","10人普通",莫遮,武器,倒金樽,-,
"191","太原之战·夜守孤城","10人普通",莫遮,饰品,旋弈项链,-,
"191","太原之战·夜守孤城","10人普通",莫遮,武器,管弦无言,-,
"191","太原之战·夜守孤城","10人普通",莫遮,武器,贯黄云,-,
"191","太原之战·夜守孤城","10人普通",莫遮,装备,异节裤,-,
"191","太原之战·夜守孤城","10人普通",莫遮,武器,楚怨,-,
"198","太原之战·夜守孤城","25人英雄",可木汗,装备,古观后世,-,
"198","太原之战·夜守孤城","25人英雄",可木汗,饰品,曲升平,-,
"198","太原之战·夜守孤城","25人英雄",可木汗,饰品,玉殿晶阁,-,
"198","太原之战·夜守孤城","25人英雄",可木汗,饰品,茱试紫,-,
"198","太原之战·夜守孤城","25人英雄",可木汗,饰品,峻岳生,-,
"198","太原之战·夜守孤城","25人英雄",可木汗,饰品,秋风雁序,-,
"198","太原之战·夜守孤城","25人英雄",可木汗,饰品,卿骨,-,
"198","太原之战·夜守孤城","25人英雄",可木汗,武器,轩翥,-,
"198","太原之战·夜守孤城","25人英雄",可木汗,饰品,寿厄,-,
"198","太原之战·夜守孤城","25人英雄",可木汗,饰品,台云荐,-,
"198","太原之战·夜守孤城","25人英雄",可木汗,饰品,五日期,-,
"198","太原之战·夜守孤城","25人英雄",可木汗,饰品,跨鸾仙,-,
"198","太原之战·夜守孤城","25人英雄",可木汗,武器,舒节驰,-,
"198","太原之战·夜守孤城","25人英雄",可木汗,饰品,光耀绮筵,-,
"198","太原之战·夜守孤城","25人英雄",可木汗,饰品,关心梦,-,
"198","太原之战·夜守孤城","25人英雄",可木汗,饰品,疏经泼火,-,
"198","太原之战·夜守孤城","25人英雄",可木汗,饰品,杏子梢,-,
"198","太原之战·夜守孤城","25人英雄",可木汗,装备,谁云道,-,
"198","太原之战·夜守孤城","25人英雄",可木汗,武器,蕤琐娟,-,
"198","太原之战·夜守孤城","25人英雄",可木汗,装备,名契高,-,
"198","太原之战·夜守孤城","25人英雄",可木汗,饰品,玄酒漓指环,-,
"198","太原之战·夜守孤城","25人英雄",可木汗,装备,目下堂庭,-,
"198","太原之战·夜守孤城","25人英雄",可木汗,饰品,步风凄指环,-,
"198","太原之战·夜守孤城","25人英雄",可木汗,装备,芙蓉绣,-,
"198","太原之战·夜守孤城","25人英雄",可木汗,饰品,金汤樽指环,-,
"198","太原之战·夜守孤城","25人英雄",可木汗,装备,蓝佑行,-,
"198","太原之战·夜守孤城","25人英雄",可木汗,武器,玄离虫象,-,
"198","太原之战·夜守孤城","25人英雄",可木汗,饰品,步风凄戒,-,
"198","太原之战·夜守孤城","25人英雄",可木汗,饰品,腾云霭戒,-,
"198","太原之战·夜守孤城","25人英雄",可木汗,武器,湘灵鼓瑟,-,
"198","太原之战·夜守孤城","25人英雄",可木汗,饰品,玄酒漓戒,-,
"198","太原之战·夜守孤城","25人英雄",可木汗,饰品,金汤樽戒,-,
"198","太原之战·夜守孤城","25人英雄",可木汗,武器,若海夷,-,
"198","太原之战·夜守孤城","25人英雄",可木汗,武器,风天清源,-,
"198","太原之战·夜守孤城","25人英雄",可木汗,武器,绝垠寒门,-,
"198","太原之战·夜守孤城","25人英雄",可木汗,武器,周流漠,-,
"198","太原之战·夜守孤城","25人英雄",可木汗,武器,降望壑,-,
"198","太原之战·夜守孤城","25人英雄",可木汗,武器,泰初邻,-,
"198","太原之战·夜守孤城","25人英雄",可木汗,武器,聊太息,-,
"198","太原之战·夜守孤城","25人英雄",可木汗,装备,酒酌金蕉,-,
"198","太原之战·夜守孤城","25人英雄",可木汗,装备,未央昭,-,
"198","太原之战·夜守孤城","25人英雄",可木汗,装备,等河沙,-,
"198","太原之战·夜守孤城","25人英雄",可木汗,装备,菡萏飘香,-,
"198","太原之战·夜守孤城","25人英雄",可木汗,装备,宫眉怨,-,
"198","太原之战·夜守孤城","25人英雄",可木汗,装备,神龟寿,-,
"198","太原之战·夜守孤城","25人英雄",可木汗,饰品,腾云霭指环,-,
"198","太原之战·夜守孤城","25人英雄",可木汗,饰品,重门锁,-,
"198","太原之战·夜守孤城","25人英雄",可木汗,饰品,病绪厌,-,
"198","太原之战·夜守孤城","25人英雄",可木汗,装备,碧纱露,-,
"198","太原之战·夜守孤城","25人英雄",可木汗,饰品,灵椿,-,
"198","太原之战·夜守孤城","25人英雄",可木汗,饰品,未老时,-,
"198","太原之战·夜守孤城","25人英雄",可木汗,装备,朱唇暖,-,
"198","太原之战·夜守孤城","25人英雄",可木汗,饰品,系玉麟,-,
"198","太原之战·夜守孤城","25人英雄",可木汗,装备,龙骨清,-,
"198","太原之战·夜守孤城","25人英雄",可木汗,饰品,引玉蕊,-,
"198","太原之战·夜守孤城","25人英雄",可木汗,饰品,抚云璈,-,
"198","太原之战·夜守孤城","25人英雄",可木汗,饰品,鹊渡河,-,
"198","太原之战·夜守孤城","25人英雄",可木汗,装备,翡翠裁,-,
"198","太原之战·夜守孤城","25人英雄",可木汗,饰品,蓬莱万里,-,
"198","太原之战·夜守孤城","25人英雄",可木汗,饰品,赐醉祥,-,
"198","太原之战·夜守孤城","25人英雄",可木汗,装备,今观往昔,-,
"198","太原之战·夜守孤城","25人英雄",可木汗,装备,智卷心舒,-,
"198","太原之战·夜守孤城","25人英雄",可木汗,装备,飞凫过阙,-,
"198","太原之战·夜守孤城","25人英雄",可木汗,装备,白昼空江,-,
"198","太原之战·夜守孤城","25人英雄",田布戈,武器,离尘,-,
"198","太原之战·夜守孤城","25人英雄",田布戈,装备,鸿门气正,-,
"198","太原之战·夜守孤城","25人英雄",田布戈,装备,霸上心非,-,
"198","太原之战·夜守孤城","25人英雄",田布戈,武器,重帘幕,-,
"198","太原之战·夜守孤城","25人英雄",田布戈,武器,百岁光阴,-,
"198","太原之战·夜守孤城","25人英雄",田布戈,饰品,曲升平,-,
"198","太原之战·夜守孤城","25人英雄",田布戈,饰品,玉殿晶阁,-,
"198","太原之战·夜守孤城","25人英雄",田布戈,武器,绮疏三岛,-,
"198","太原之战·夜守孤城","25人英雄",田布戈,饰品,赐醉祥,-,
"198","太原之战·夜守孤城","25人英雄",田布戈,武器,八曲奔腾,-,
"198","太原之战·夜守孤城","25人英雄",田布戈,饰品,茱试紫,-,
"198","太原之战·夜守孤城","25人英雄",田布戈,饰品,峻岳生,-,
"198","太原之战·夜守孤城","25人英雄",田布戈,饰品,溪山窄,-,
"198","太原之战·夜守孤城","25人英雄",田布戈,饰品,元戎,-,
"198","太原之战·夜守孤城","25人英雄",田布戈,饰品,碧沼朱楹,-,
"198","太原之战·夜守孤城","25人英雄",田布戈,饰品,柳参差,-,
"198","太原之战·夜守孤城","25人英雄",田布戈,饰品,鹊渡河,-,
"198","太原之战·夜守孤城","25人英雄",田布戈,饰品,秋风雁序,-,
"198","太原之战·夜守孤城","25人英雄",田布戈,饰品,卿骨,-,
"198","太原之战·夜守孤城","25人英雄",田布戈,饰品,引玉蕊,-,
"198","太原之战·夜守孤城","25人英雄",田布戈,武器,轩翥,-,
"198","太原之战·夜守孤城","25人英雄",田布戈,饰品,灵椿,-,
"198","太原之战·夜守孤城","25人英雄",田布戈,武器,舒节驰,-,
"198","太原之战·夜守孤城","25人英雄",田布戈,饰品,疏经泼火,-,
"198","太原之战·夜守孤城","25人英雄",田布戈,饰品,杏子梢,-,
"198","太原之战·夜守孤城","25人英雄",田布戈,饰品,病绪厌,-,
"198","太原之战·夜守孤城","25人英雄",田布戈,武器,蕤琐娟,-,
"198","太原之战·夜守孤城","25人英雄",田布戈,饰品,意恣睢,-,
"198","太原之战·夜守孤城","25人英雄",田布戈,武器,玄离虫象,-,
"198","太原之战·夜守孤城","25人英雄",田布戈,饰品,玄武肇,-,
"198","太原之战·夜守孤城","25人英雄",田布戈,饰品,步风凄戒,-,
"198","太原之战·夜守孤城","25人英雄",田布戈,饰品,腾云霭戒,-,
"198","太原之战·夜守孤城","25人英雄",田布戈,饰品,玄酒漓戒,-,
"198","太原之战·夜守孤城","25人英雄",田布戈,装备,红梨腰带,-,
"198","太原之战·夜守孤城","25人英雄",田布戈,饰品,金汤樽戒,-,
"198","太原之战·夜守孤城","25人英雄",田布戈,装备,白卉腰带,-,
"198","太原之战·夜守孤城","25人英雄",田布戈,武器,湘灵鼓瑟,-,
"198","太原之战·夜守孤城","25人英雄",田布戈,饰品,荔子春,-,
"198","太原之战·夜守孤城","25人英雄",田布戈,装备,栾树腰带,-,
"198","太原之战·夜守孤城","25人英雄",田布戈,装备,君兰腰带,-,
"198","太原之战·夜守孤城","25人英雄",田布戈,装备,榴花腰带,-,
"198","太原之战·夜守孤城","25人英雄",田布戈,武器,若海夷,-,
"198","太原之战·夜守孤城","25人英雄",田布戈,装备,早玉,-,
"198","太原之战·夜守孤城","25人英雄",田布戈,装备,侍臣相,-,
"198","太原之战·夜守孤城","25人英雄",田布戈,装备,炎瑞冰清,-,
"198","太原之战·夜守孤城","25人英雄",田布戈,装备,松乔花堤,-,
"198","太原之战·夜守孤城","25人英雄",田布戈,装备,华裾满坐,-,
"198","太原之战·夜守孤城","25人英雄",田布戈,武器,集灭道,-,
"198","太原之战·夜守孤城","25人英雄",田布戈,武器,大无,-,
"198","太原之战·夜守孤城","25人英雄",田布戈,武器,意出风雨,-,
"198","太原之战·夜守孤城","25人英雄",田布戈,武器,浮云暖,-,
"198","太原之战·夜守孤城","25人英雄",田布戈,武器,身后名,-,
"198","太原之战·夜守孤城","25人英雄",田布戈,装备,明珠举,-,
"198","太原之战·夜守孤城","25人英雄",田布戈,武器,碎明苍,-,
"198","太原之战·夜守孤城","25人英雄",田布戈,装备,万千缕,-,
"198","太原之战·夜守孤城","25人英雄",田布戈,装备,穷麟看圉,-,
"198","太原之战·夜守孤城","25人英雄",田布戈,装备,列星辰,-,
"198","太原之战·夜守孤城","25人英雄",田布戈,武器,无誉,-,
"198","太原之战·夜守孤城","25人英雄",田布戈,装备,九天八柱,-,
"198","太原之战·夜守孤城","25人英雄",田布戈,装备,鸱龟曳衔,-,
"198","太原之战·夜守孤城","25人英雄",田布戈,武器,离缘,-,
"198","太原之战·夜守孤城","25人英雄",田布戈,装备,遏在羽山,-,
"198","太原之战·夜守孤城","25人英雄",田布戈,武器,灯花扇,-,
"198","太原之战·夜守孤城","25人英雄",田布戈,装备,玄鸟致贻,-,
"198","太原之战·夜守孤城","25人英雄",田布戈,装备,女歧缝裳,-,
"198","太原之战·夜守孤城","25人英雄",田布戈,武器,玲珑钿,-,
"198","太原之战·夜守孤城","25人英雄",田布戈,装备,汤出重泉,-,
"198","太原之战·夜守孤城","25人英雄",田布戈,武器,缀玉,-,
"198","太原之战·夜守孤城","25人英雄",田布戈,武器,紫蔓生,-,
"198","太原之战·夜守孤城","25人英雄",田布戈,饰品,恃功朝,-,
"198","太原之战·夜守孤城","25人英雄",田布戈,饰品,腾云霭指环,-,
"198","太原之战·夜守孤城","25人英雄",田布戈,饰品,金汤樽指环,-,
"198","太原之战·夜守孤城","25人英雄",田布戈,饰品,步风凄指环,-,
"198","太原之战·夜守孤城","25人英雄",田布戈,武器,柳燕惊,-,
"198","太原之战·夜守孤城","25人英雄",田布戈,饰品,玄酒漓指环,-,
"198","太原之战·夜守孤城","25人英雄",田布戈,饰品,重门锁,-,
"198","太原之战·夜守孤城","25人英雄",田布戈,饰品,关心梦,-,
"198","太原之战·夜守孤城","25人英雄",田布戈,饰品,寿厄,-,
"198","太原之战·夜守孤城","25人英雄",田布戈,武器,无情,-,
"198","太原之战·夜守孤城","25人英雄",田布戈,饰品,抚云璈,-,
"198","太原之战·夜守孤城","25人英雄",田布戈,饰品,荷香十倾,-,
"198","太原之战·夜守孤城","25人英雄",田布戈,装备,西畴熟,-,
"198","太原之战·夜守孤城","25人英雄",田布戈,饰品,草烟横碧,-,
"198","太原之战·夜守孤城","25人英雄",田布戈,装备,槿花篱落,-,
"198","太原之战·夜守孤城","25人英雄",田布戈,饰品,蓬莱万里,-,
"198","太原之战·夜守孤城","25人英雄",田布戈,武器,登云栈,-,
"198","太原之战·夜守孤城","25人英雄",田布戈,装备,竹丝长,-,
"198","太原之战·夜守孤城","25人英雄",田布戈,装备,平地蟠蛟,-,
"198","太原之战·夜守孤城","25人英雄",田布戈,装备,星汇璇玑,-,
"198","太原之战·夜守孤城","25人英雄",田布戈,装备,一朝功,-,
"198","太原之战·夜守孤城","25人英雄",田布戈,装备,十里稻香,-,
"198","太原之战·夜守孤城","25人英雄",田布戈,武器,卧龙城,-,
"198","太原之战·夜守孤城","25人英雄",田布戈,装备,雄虺九首,-,
"198","太原之战·夜守孤城","25人英雄",田布戈,装备,泛江柳,-,
"198","太原之战·夜守孤城","25人英雄",田布戈,装备,樽茎腰带,-,
"198","太原之战·夜守孤城","25人英雄",朝曦门防御战,武器,重帘幕,-,
"198","太原之战·夜守孤城","25人英雄",朝曦门防御战,武器,百岁光阴,-,
"198","太原之战·夜守孤城","25人英雄",朝曦门防御战,武器,绮疏三岛,-,
"198","太原之战·夜守孤城","25人英雄",朝曦门防御战,饰品,木蓬天,-,
"198","太原之战·夜守孤城","25人英雄",朝曦门防御战,饰品,祈朝夕,-,
"198","太原之战·夜守孤城","25人英雄",朝曦门防御战,饰品,仙人印,-,
"198","太原之战·夜守孤城","25人英雄",朝曦门防御战,饰品,寿生九重,-,
"198","太原之战·夜守孤城","25人英雄",朝曦门防御战,武器,轩翥,-,
"198","太原之战·夜守孤城","25人英雄",朝曦门防御战,饰品,系玉麟,-,
"198","太原之战·夜守孤城","25人英雄",朝曦门防御战,饰品,台云荐,-,
"198","太原之战·夜守孤城","25人英雄",朝曦门防御战,武器,舒节驰,-,
"198","太原之战·夜守孤城","25人英雄",朝曦门防御战,饰品,未老时,-,
"198","太原之战·夜守孤城","25人英雄",朝曦门防御战,饰品,跨鸾仙,-,
"198","太原之战·夜守孤城","25人英雄",朝曦门防御战,饰品,光耀绮筵,-,
"198","太原之战·夜守孤城","25人英雄",朝曦门防御战,武器,蕤琐娟,-,
"198","太原之战·夜守孤城","25人英雄",朝曦门防御战,饰品,玄酒漓指环,-,
"198","太原之战·夜守孤城","25人英雄",朝曦门防御战,饰品,步风凄指环,-,
"198","太原之战·夜守孤城","25人英雄",朝曦门防御战,饰品,金汤樽指环,-,
"198","太原之战·夜守孤城","25人英雄",朝曦门防御战,武器,玄离虫象,-,
"198","太原之战·夜守孤城","25人英雄",朝曦门防御战,饰品,腾云霭指环,-,
"198","太原之战·夜守孤城","25人英雄",朝曦门防御战,饰品,飞廉啮,-,
"198","太原之战·夜守孤城","25人英雄",朝曦门防御战,装备,绕东篱,-,
"198","太原之战·夜守孤城","25人英雄",朝曦门防御战,饰品,斗柄为麾,-,
"198","太原之战·夜守孤城","25人英雄",朝曦门防御战,装备,天问平安,-,
"198","太原之战·夜守孤城","25人英雄",朝曦门防御战,装备,香秋淡薄,-,
"198","太原之战·夜守孤城","25人英雄",朝曦门防御战,武器,湘灵鼓瑟,-,
"198","太原之战·夜守孤城","25人英雄",朝曦门防御战,装备,霜肃晓,-,
"198","太原之战·夜守孤城","25人英雄",朝曦门防御战,装备,粤山好,-,
"198","太原之战·夜守孤城","25人英雄",朝曦门防御战,武器,若海夷,-,
"198","太原之战·夜守孤城","25人英雄",朝曦门防御战,饰品,神武盔,-,
"198","太原之战·夜守孤城","25人英雄",朝曦门防御战,装备,早玉,-,
"198","太原之战·夜守孤城","25人英雄",朝曦门防御战,装备,侍臣相,-,
"198","太原之战·夜守孤城","25人英雄",朝曦门防御战,装备,炎瑞冰清,-,
"198","太原之战·夜守孤城","25人英雄",朝曦门防御战,装备,一朝功,-,
"198","太原之战·夜守孤城","25人英雄",朝曦门防御战,装备,松乔花堤,-,
"198","太原之战·夜守孤城","25人英雄",朝曦门防御战,装备,华裾满坐,-,
"198","太原之战·夜守孤城","25人英雄",朝曦门防御战,武器,集灭道,-,
"198","太原之战·夜守孤城","25人英雄",朝曦门防御战,武器,大无,-,
"198","太原之战·夜守孤城","25人英雄",朝曦门防御战,武器,意出风雨,-,
"198","太原之战·夜守孤城","25人英雄",朝曦门防御战,武器,浮云暖,-,
"198","太原之战·夜守孤城","25人英雄",朝曦门防御战,装备,欠一,-,
"198","太原之战·夜守孤城","25人英雄",朝曦门防御战,武器,身后名,-,
"198","太原之战·夜守孤城","25人英雄",朝曦门防御战,装备,东风初破,-,
"198","太原之战·夜守孤城","25人英雄",朝曦门防御战,装备,曼陀雨,-,
"198","太原之战·夜守孤城","25人英雄",朝曦门防御战,装备,冰壶尊,-,
"198","太原之战·夜守孤城","25人英雄",朝曦门防御战,武器,碎明苍,-,
"198","太原之战·夜守孤城","25人英雄",朝曦门防御战,装备,文王度,-,
"198","太原之战·夜守孤城","25人英雄",朝曦门防御战,武器,无誉,-,
"198","太原之战·夜守孤城","25人英雄",朝曦门防御战,装备,鸱龟曳衔,-,
"198","太原之战·夜守孤城","25人英雄",朝曦门防御战,武器,离缘,-,
"198","太原之战·夜守孤城","25人英雄",朝曦门防御战,装备,遏在羽山,-,
"198","太原之战·夜守孤城","25人英雄",朝曦门防御战,装备,雄虺九首,-,
"198","太原之战·夜守孤城","25人英雄",朝曦门防御战,武器,灯花扇,-,
"198","太原之战·夜守孤城","25人英雄",朝曦门防御战,装备,玄鸟致贻,-,
"198","太原之战·夜守孤城","25人英雄",朝曦门防御战,装备,女歧缝裳,-,
"198","太原之战·夜守孤城","25人英雄",朝曦门防御战,武器,玲珑钿,-,
"198","太原之战·夜守孤城","25人英雄",朝曦门防御战,装备,汤出重泉,-,
"198","太原之战·夜守孤城","25人英雄",朝曦门防御战,武器,缀玉,-,
"198","太原之战·夜守孤城","25人英雄",朝曦门防御战,武器,紫蔓生,-,
"198","太原之战·夜守孤城","25人英雄",朝曦门防御战,饰品,金汤樽戒,-,
"198","太原之战·夜守孤城","25人英雄",朝曦门防御战,饰品,玄酒漓戒,-,
"198","太原之战·夜守孤城","25人英雄",朝曦门防御战,饰品,腾云霭戒,-,
"198","太原之战·夜守孤城","25人英雄",朝曦门防御战,饰品,步风凄戒,-,
"198","太原之战·夜守孤城","25人英雄",朝曦门防御战,武器,柳燕惊,-,
"198","太原之战·夜守孤城","25人英雄",朝曦门防御战,饰品,揽星为旍,-,
"198","太原之战·夜守孤城","25人英雄",朝曦门防御战,饰品,收西皇,-,
"198","太原之战·夜守孤城","25人英雄",朝曦门防御战,武器,无情,-,
"198","太原之战·夜守孤城","25人英雄",朝曦门防御战,饰品,五日期,-,
"198","太原之战·夜守孤城","25人英雄",朝曦门防御战,武器,登云栈,-,
"198","太原之战·夜守孤城","25人英雄",朝曦门防御战,饰品,胭脂泪,-,
"198","太原之战·夜守孤城","25人英雄",朝曦门防御战,饰品,辉雀金屏,-,
"198","太原之战·夜守孤城","25人英雄",朝曦门防御战,武器,卧龙城,-,
"198","太原之战·夜守孤城","25人英雄",朝曦门防御战,装备,岁伴南山,-,
"198","太原之战·夜守孤城","25人英雄",朝曦门防御战,装备,露宾寒,-,
"198","太原之战·夜守孤城","25人英雄",朝曦门防御战,武器,八曲奔腾,-,
"198","太原之战·夜守孤城","25人英雄",朝曦门防御战,武器,离尘,-,
"198","太原之战·夜守孤城","25人英雄",火龙摧城,武器,离尘,-,
"198","太原之战·夜守孤城","25人英雄",火龙摧城,武器,重帘幕,-,
"198","太原之战·夜守孤城","25人英雄",火龙摧城,装备,淡金垂柳,-,
"198","太原之战·夜守孤城","25人英雄",火龙摧城,武器,百岁光阴,-,
"198","太原之战·夜守孤城","25人英雄",火龙摧城,装备,寒玉点梅,-,
"198","太原之战·夜守孤城","25人英雄",火龙摧城,武器,绮疏三岛,-,
"198","太原之战·夜守孤城","25人英雄",火龙摧城,武器,八曲奔腾,-,
"198","太原之战·夜守孤城","25人英雄",火龙摧城,饰品,辉雀金屏,-,
"198","太原之战·夜守孤城","25人英雄",火龙摧城,饰品,仙人印,-,
"198","太原之战·夜守孤城","25人英雄",火龙摧城,饰品,胭脂泪,-,
"198","太原之战·夜守孤城","25人英雄",火龙摧城,饰品,溪山窄,-,
"198","太原之战·夜守孤城","25人英雄",火龙摧城,饰品,草烟横碧,-,
"198","太原之战·夜守孤城","25人英雄",火龙摧城,饰品,荷香十倾,-,
"198","太原之战·夜守孤城","25人英雄",火龙摧城,饰品,碧沼朱楹,-,
"198","太原之战·夜守孤城","25人英雄",火龙摧城,饰品,柳参差,-,
"198","太原之战·夜守孤城","25人英雄",火龙摧城,武器,轩翥,-,
"198","太原之战·夜守孤城","25人英雄",火龙摧城,武器,舒节驰,-,
"198","太原之战·夜守孤城","25人英雄",火龙摧城,武器,蕤琐娟,-,
"198","太原之战·夜守孤城","25人英雄",火龙摧城,武器,玄离虫象,-,
"198","太原之战·夜守孤城","25人英雄",火龙摧城,武器,湘灵鼓瑟,-,
"198","太原之战·夜守孤城","25人英雄",火龙摧城,饰品,神羽盔,-,
"198","太原之战·夜守孤城","25人英雄",火龙摧城,武器,若海夷,-,
"198","太原之战·夜守孤城","25人英雄",火龙摧城,装备,桂香醪,-,
"198","太原之战·夜守孤城","25人英雄",火龙摧城,装备,麟角起,-,
"198","太原之战·夜守孤城","25人英雄",火龙摧城,装备,霖去亦晚,-,
"198","太原之战·夜守孤城","25人英雄",火龙摧城,武器,集灭道,-,
"198","太原之战·夜守孤城","25人英雄",火龙摧城,装备,商红药,-,
"198","太原之战·夜守孤城","25人英雄",火龙摧城,装备,膏雨初晴,-,
"198","太原之战·夜守孤城","25人英雄",火龙摧城,武器,大无,-,
"198","太原之战·夜守孤城","25人英雄",火龙摧城,武器,意出风雨,-,
"198","太原之战·夜守孤城","25人英雄",火龙摧城,武器,浮云暖,-,
"198","太原之战·夜守孤城","25人英雄",火龙摧城,武器,身后名,-,
"198","太原之战·夜守孤城","25人英雄",火龙摧城,武器,碎明苍,-,
"198","太原之战·夜守孤城","25人英雄",火龙摧城,武器,无誉,-,
"198","太原之战·夜守孤城","25人英雄",火龙摧城,武器,离缘,-,
"198","太原之战·夜守孤城","25人英雄",火龙摧城,武器,灯花扇,-,
"198","太原之战·夜守孤城","25人英雄",火龙摧城,武器,玲珑钿,-,
"198","太原之战·夜守孤城","25人英雄",火龙摧城,装备,缘鹄饰玉,-,
"198","太原之战·夜守孤城","25人英雄",火龙摧城,武器,缀玉,-,
"198","太原之战·夜守孤城","25人英雄",火龙摧城,装备,昏徽不宁,-,
"198","太原之战·夜守孤城","25人英雄",火龙摧城,装备,乌萃棘,-,
"198","太原之战·夜守孤城","25人英雄",火龙摧城,装备,归何忧,-,
"198","太原之战·夜守孤城","25人英雄",火龙摧城,装备,弥彰,-,
"198","太原之战·夜守孤城","25人英雄",火龙摧城,武器,紫蔓生,-,
"198","太原之战·夜守孤城","25人英雄",火龙摧城,武器,柳燕惊,-,
"198","太原之战·夜守孤城","25人英雄",火龙摧城,武器,无情,-,
"198","太原之战·夜守孤城","25人英雄",火龙摧城,饰品,元戎,-,
"198","太原之战·夜守孤城","25人英雄",火龙摧城,饰品,寿生九重,-,
"198","太原之战·夜守孤城","25人英雄",火龙摧城,武器,登云栈,-,
"198","太原之战·夜守孤城","25人英雄",火龙摧城,饰品,祈朝夕,-,
"198","太原之战·夜守孤城","25人英雄",火龙摧城,饰品,木蓬天,-,
"198","太原之战·夜守孤城","25人英雄",火龙摧城,装备,楼头吹角,-,
"198","太原之战·夜守孤城","25人英雄",火龙摧城,装备,目分群象,-,
"198","太原之战·夜守孤城","25人英雄",火龙摧城,装备,洞箫声断,-,
"198","太原之战·夜守孤城","25人英雄",火龙摧城,装备,鼓寒宫,-,
"198","太原之战·夜守孤城","25人英雄",火龙摧城,武器,卧龙城,-,
"198","太原之战·夜守孤城","25人英雄",火龙摧城,装备,简狄,-,
"198","太原之战·夜守孤城","25人英雄",火龙摧城,装备,玉符龙节,-,
"198","太原之战·夜守孤城","25人英雄",火龙摧城,装备,悯悲风,-,
"198","太原之战·夜守孤城","25人英雄",火龙摧城,装备,光风霁月,-,
"198","太原之战·夜守孤城","25人英雄",莫遮,武器,不动,-,
"198","太原之战·夜守孤城","25人英雄",莫遮,武器,三昧清净,-,
"198","太原之战·夜守孤城","25人英雄",莫遮,武器,佐千秋,-,
"198","太原之战·夜守孤城","25人英雄",莫遮,武器,良辰万寿,-,
"198","太原之战·夜守孤城","25人英雄",莫遮,武器,照海三千,-,
"198","太原之战·夜守孤城","25人英雄",莫遮,武器,震天,-,
"198","太原之战·夜守孤城","25人英雄",莫遮,武器,妄行,-,
"198","太原之战·夜守孤城","25人英雄",莫遮,武器,云间鸿雁,-,
"198","太原之战·夜守孤城","25人英雄",莫遮,武器,落珠玑,-,
"198","太原之战·夜守孤城","25人英雄",莫遮,武器,凤染云,-,
"198","太原之战·夜守孤城","25人英雄",莫遮,武器,凰尘醉,-,
"198","太原之战·夜守孤城","25人英雄",莫遮,武器,冷光弧,-,
"198","太原之战·夜守孤城","25人英雄",莫遮,武器,寒潭孤月,-,
"198","太原之战·夜守孤城","25人英雄",莫遮,武器,轩翥,-,
"198","太原之战·夜守孤城","25人英雄",莫遮,武器,逶蛇透地,-,
"198","太原之战·夜守孤城","25人英雄",莫遮,武器,世外天,-,
"198","太原之战·夜守孤城","25人英雄",莫遮,武器,火云凝,-,
"198","太原之战·夜守孤城","25人英雄",莫遮,武器,洛之殇,-,
"198","太原之战·夜守孤城","25人英雄",莫遮,武器,舒节驰,-,
"198","太原之战·夜守孤城","25人英雄",莫遮,武器,千倾西风,-,
"198","太原之战·夜守孤城","25人英雄",莫遮,武器,南浦江阔,-,
"198","太原之战·夜守孤城","25人英雄",莫遮,武器,蕤琐娟,-,
"198","太原之战·夜守孤城","25人英雄",莫遮,武器,玄离虫象,-,
"198","太原之战·夜守孤城","25人英雄",莫遮,饰品,意恣睢,-,
"198","太原之战·夜守孤城","25人英雄",莫遮,饰品,玄武肇,-,
"198","太原之战·夜守孤城","25人英雄",莫遮,武器,湘灵鼓瑟,-,
"198","太原之战·夜守孤城","25人英雄",莫遮,饰品,恃功朝,-,
"198","太原之战·夜守孤城","25人英雄",莫遮,饰品,莫遮实验体,-,
"198","太原之战·夜守孤城","25人英雄",莫遮,武器,若海夷,-,
"198","太原之战·夜守孤城","25人英雄",莫遮,装备,早玉,-,
"198","太原之战·夜守孤城","25人英雄",莫遮,装备,侍臣相,-,
"198","太原之战·夜守孤城","25人英雄",莫遮,装备,炎瑞冰清,-,
"198","太原之战·夜守孤城","25人英雄",莫遮,装备,一朝功,-,
"198","太原之战·夜守孤城","25人英雄",莫遮,装备,松乔花堤,-,
"198","太原之战·夜守孤城","25人英雄",莫遮,装备,华裾满坐,-,
"198","太原之战·夜守孤城","25人英雄",莫遮,装备,语妙意融,-,
"198","太原之战·夜守孤城","25人英雄",莫遮,装备,七驳珑璁,-,
"198","太原之战·夜守孤城","25人英雄",莫遮,装备,冠昱南风,-,
"198","太原之战·夜守孤城","25人英雄",莫遮,装备,落瑕欢,-,
"198","太原之战·夜守孤城","25人英雄",莫遮,装备,玉槌犀,-,
"198","太原之战·夜守孤城","25人英雄",莫遮,装备,鸱龟曳衔,-,
"198","太原之战·夜守孤城","25人英雄",莫遮,装备,遏在羽山,-,
"198","太原之战·夜守孤城","25人英雄",莫遮,装备,雄虺九首,-,
"198","太原之战·夜守孤城","25人英雄",莫遮,装备,玄鸟致贻,-,
"198","太原之战·夜守孤城","25人英雄",莫遮,装备,女歧缝裳,-,
"198","太原之战·夜守孤城","25人英雄",莫遮,装备,汤出重泉,-,
"198","太原之战·夜守孤城","25人英雄",莫遮,装备,指外红阳,-,
"198","太原之战·夜守孤城","25人英雄",莫遮,饰品,荔子春,-,
"198","太原之战·夜守孤城","25人英雄",莫遮,装备,圜扉静,-,
"198","太原之战·夜守孤城","25人英雄",莫遮,装备,随天仗,-,
"198","太原之战·夜守孤城","25人英雄",莫遮,装备,祥瑞章,-,
"198","太原之战·夜守孤城","25人英雄",莫遮,装备,岁水殿凉,-,
"198","太原之战·夜守孤城","25人英雄",莫遮,武器,鸿鹄冲霄,-,
"198","太原之战·夜守孤城","25人英雄",莫遮,装备,乾楼汉,-,
"198","太原之战·夜守孤城","25人英雄",莫遮,装备,圣恩长,-,
"198","太原之战·夜守孤城","25人英雄",莫遮,武器,知愚,-,
"973","太原之战·夜守孤城","25人挑战",莫遮,饰品,莫遮实验体,-,
"182","秦皇陵","10人普通",王翦,饰品,林泽游居,-,
"182","秦皇陵","10人普通",王翦,饰品,彭祖寿何,-,
"182","秦皇陵","10人普通",王翦,装备,穷图隙,-,
"182","秦皇陵","10人普通",王翦,饰品,熊经鸟申,-,
"182","秦皇陵","10人普通",王翦,饰品,知邪袭饰坠,-,
"182","秦皇陵","10人普通",王翦,装备,栖木凰摘,-,
"182","秦皇陵","10人普通",王翦,饰品,不梦寝,-,
"182","秦皇陵","10人普通",王翦,装备,魏客争,-,
"182","秦皇陵","10人普通",王翦,装备,方捉离人,-,
"182","秦皇陵","10人普通",王翦,装备,五分命,-,
"182","秦皇陵","10人普通",王翦,饰品,悲月毋宁,-,
"182","秦皇陵","10人普通",王翦,装备,瘦塘拦,-,
"182","秦皇陵","10人普通",王翦,饰品,素经为象,-,
"182","秦皇陵","10人普通",王翦,饰品,通帝名,-,
"182","秦皇陵","10人普通",王翦,饰品,近苍守,-,
"182","秦皇陵","10人普通",王翦,饰品,西厢藏,-,
"182","秦皇陵","10人普通",王翦,饰品,洗粹纯神,-,
"182","秦皇陵","10人普通",王翦,饰品,无忧觉,-,
"182","秦皇陵","10人普通",石麒麟,武器,酬唱成旋,-,
"182","秦皇陵","10人普通",石麒麟,装备,吉邪腰带,-,
"182","秦皇陵","10人普通",石麒麟,武器,八道皆攻,-,
"182","秦皇陵","10人普通",石麒麟,武器,平众生激,-,
"182","秦皇陵","10人普通",石麒麟,装备,不知冬岁,-,
"182","秦皇陵","10人普通",石麒麟,饰品,江海闲闻,-,
"182","秦皇陵","10人普通",石麒麟,武器,念念不忘,-,
"182","秦皇陵","10人普通",石麒麟,装备,百里山盘,-,
"182","秦皇陵","10人普通",石麒麟,武器,一百千万,-,
"182","秦皇陵","10人普通",石麒麟,武器,卷珠帘,-,
"182","秦皇陵","10人普通",石麒麟,武器,解龙尾,-,
"182","秦皇陵","10人普通",石麒麟,装备,水击荷,-,
"182","秦皇陵","10人普通",石麒麟,武器,塞草烟,-,
"182","秦皇陵","10人普通",石麒麟,装备,学鸩怀危,-,
"182","秦皇陵","10人普通",石麒麟,武器,尔罪闻焉,-,
"182","秦皇陵","10人普通",石麒麟,饰品,洗粹纯神,-,
"182","秦皇陵","10人普通",石麒麟,武器,大首领,-,
"182","秦皇陵","10人普通",石麒麟,饰品,悲月毋宁,-,
"182","秦皇陵","10人普通",石麒麟,武器,辗转反侧,-,
"182","秦皇陵","10人普通",石麒麟,武器,不倒寒灰,-,
"182","秦皇陵","10人普通",石麒麟,武器,死节,-,
"182","秦皇陵","10人普通",石麒麟,武器,觅良君意,-,
"182","秦皇陵","10人普通",石麒麟,饰品,通帝名,-,
"182","秦皇陵","10人普通",石麒麟,饰品,西厢藏,-,
"182","秦皇陵","10人普通",石麒麟,饰品,枯槁亢,-,
"182","秦皇陵","10人普通",石麒麟,武器,颠倒佛相,-,
"182","秦皇陵","10人普通",石麒麟,武器,必有回响,-,
"182","秦皇陵","10人普通",石麒麟,饰品,近苍守,-,
"182","秦皇陵","10人普通",石麒麟,武器,尺半天人,-,
"182","秦皇陵","10人普通",石麒麟,饰品,异曲歌,-,
"182","秦皇陵","10人普通",石麒麟,武器,凄凉穷年,-,
"182","秦皇陵","10人普通",石麒麟,武器,西海存珍,-,
"182","秦皇陵","10人普通",石麒麟,饰品,诽空题,-,
"182","秦皇陵","10人普通",石麒麟,武器,南山遗爱,-,
"182","秦皇陵","10人普通",石麒麟,武器,天不弃我,-,
"182","秦皇陵","10人普通",石麒麟,装备,薪火不息,-,
"182","秦皇陵","10人普通",石麒麟,饰品,无道世,-,
"182","秦皇陵","10人普通",石麒麟,饰品,素经为象,-,
"182","秦皇陵","10人普通",石麒麟,饰品,为亢链,-,
"182","秦皇陵","10人普通",探雪,武器,丞七乐,-,
"182","秦皇陵","10人普通",探雪,武器,无思之弦,-,
"182","秦皇陵","10人普通",探雪,武器,元尊来,-,
"182","秦皇陵","10人普通",探雪,武器,天不弃我,-,
"182","秦皇陵","10人普通",探雪,武器,酬唱成旋,-,
"182","秦皇陵","10人普通",探雪,武器,平众生激,-,
"182","秦皇陵","10人普通",探雪,武器,八道皆攻,-,
"182","秦皇陵","10人普通",探雪,武器,念念不忘,-,
"182","秦皇陵","10人普通",探雪,武器,解龙尾,-,
"182","秦皇陵","10人普通",探雪,武器,卷珠帘,-,
"182","秦皇陵","10人普通",探雪,武器,一百千万,-,
"182","秦皇陵","10人普通",探雪,武器,塞草烟,-,
"182","秦皇陵","10人普通",探雪,饰品,洗粹纯神,-,
"182","秦皇陵","10人普通",探雪,武器,尔罪闻焉,-,
"182","秦皇陵","10人普通",探雪,武器,大首领,-,
"182","秦皇陵","10人普通",探雪,武器,辗转反侧,-,
"182","秦皇陵","10人普通",探雪,饰品,素经为象,-,
"182","秦皇陵","10人普通",探雪,武器,天斋味淡,-,
"182","秦皇陵","10人普通",探雪,武器,洁如金谈,-,
"182","秦皇陵","10人普通",探雪,武器,太渺碎鸟,-,
"182","秦皇陵","10人普通",探雪,武器,不倒寒灰,-,
"182","秦皇陵","10人普通",探雪,装备,佐静尘,-,
"182","秦皇陵","10人普通",探雪,饰品,通帝名,-,
"182","秦皇陵","10人普通",探雪,武器,觅良君意,-,
"182","秦皇陵","10人普通",探雪,装备,一国靴,-,
"182","秦皇陵","10人普通",探雪,饰品,西厢藏,-,
"182","秦皇陵","10人普通",探雪,武器,死节,-,
"182","秦皇陵","10人普通",探雪,装备,惊怖踏,-,
"182","秦皇陵","10人普通",探雪,武器,必有回响,-,
"182","秦皇陵","10人普通",探雪,装备,六气犹然,-,
"182","秦皇陵","10人普通",探雪,武器,颠倒佛相,-,
"182","秦皇陵","10人普通",探雪,武器,尺半天人,-,
"182","秦皇陵","10人普通",探雪,装备,乘之正,-,
"182","秦皇陵","10人普通",探雪,武器,西海存珍,-,
"182","秦皇陵","10人普通",探雪,装备,善也足,-,
"182","秦皇陵","10人普通",探雪,饰品,近苍守,-,
"182","秦皇陵","10人普通",探雪,武器,凄凉穷年,-,
"182","秦皇陵","10人普通",探雪,武器,南山遗爱,-,
"182","秦皇陵","10人普通",探雪,饰品,悲月毋宁,-,
"182","秦皇陵","10人普通",令狐伤,装备,镇域冠,-,
"182","秦皇陵","10人普通",令狐伤,武器,一百千万,-,
"182","秦皇陵","10人普通",令狐伤,武器,念念不忘,-,
"182","秦皇陵","10人普通",令狐伤,装备,断发流嗔,-,
"182","秦皇陵","10人普通",令狐伤,武器,卷珠帘,-,
"182","秦皇陵","10人普通",令狐伤,装备,溺求息,-,
"182","秦皇陵","10人普通",令狐伤,武器,解龙尾,-,
"182","秦皇陵","10人普通",令狐伤,武器,尔罪闻焉,-,
"182","秦皇陵","10人普通",令狐伤,武器,塞草烟,-,
"182","秦皇陵","10人普通",令狐伤,装备,诚意正心,-,
"182","秦皇陵","10人普通",令狐伤,武器,大首领,-,
"182","秦皇陵","10人普通",令狐伤,饰品,洗粹纯神,-,
"182","秦皇陵","10人普通",令狐伤,装备,适北冥,-,
"182","秦皇陵","10人普通",令狐伤,武器,辗转反侧,-,
"182","秦皇陵","10人普通",令狐伤,饰品,悲月毋宁,-,
"182","秦皇陵","10人普通",令狐伤,武器,死节,-,
"182","秦皇陵","10人普通",令狐伤,武器,不倒寒灰,-,
"182","秦皇陵","10人普通",令狐伤,装备,小年不夭,-,
"182","秦皇陵","10人普通",令狐伤,饰品,素经为象,-,
"182","秦皇陵","10人普通",令狐伤,武器,觅良君意,-,
"182","秦皇陵","10人普通",令狐伤,武器,颠倒佛相,-,
"182","秦皇陵","10人普通",令狐伤,武器,必有回响,-,
"182","秦皇陵","10人普通",令狐伤,装备,汤祖裤,-,
"182","秦皇陵","10人普通",令狐伤,饰品,西厢藏,-,
"182","秦皇陵","10人普通",令狐伤,武器,凄凉穷年,-,
"182","秦皇陵","10人普通",令狐伤,武器,尺半天人,-,
"182","秦皇陵","10人普通",令狐伤,饰品,近苍守,-,
"182","秦皇陵","10人普通",令狐伤,装备,内圣外静,-,
"182","秦皇陵","10人普通",令狐伤,武器,西海存珍,-,
"182","秦皇陵","10人普通",令狐伤,武器,八道皆攻,-,
"182","秦皇陵","10人普通",令狐伤,武器,天不弃我,-,
"182","秦皇陵","10人普通",令狐伤,武器,南山遗爱,-,
"182","秦皇陵","10人普通",令狐伤,装备,一仞腹,-,
"182","秦皇陵","10人普通",令狐伤,装备,再图西,-,
"182","秦皇陵","10人普通",令狐伤,武器,酬唱成旋,-,
"182","秦皇陵","10人普通",令狐伤,装备,大小之辩,-,
"182","秦皇陵","10人普通",令狐伤,饰品,通帝名,-,
"182","秦皇陵","10人普通",令狐伤,装备,风之积,-,
"182","秦皇陵","10人普通",令狐伤,武器,平众生激,-,
"182","秦皇陵","10人普通",安禄山,武器,蝎心忘情,-,
"182","秦皇陵","10人普通",安禄山,武器,塞草烟,-,
"182","秦皇陵","10人普通",安禄山,饰品,江海闲闻,-,
"182","秦皇陵","10人普通",安禄山,武器,解龙尾,-,
"182","秦皇陵","10人普通",安禄山,武器,斩马刑天,-,
"182","秦皇陵","10人普通",安禄山,武器,死节,-,
"182","秦皇陵","10人普通",安禄山,武器,大首领,-,
"182","秦皇陵","10人普通",安禄山,装备,不受覆,-,
"182","秦皇陵","10人普通",安禄山,武器,辗转反侧,-,
"182","秦皇陵","10人普通",安禄山,武器,雪凤冰王笛,-,
"182","秦皇陵","10人普通",安禄山,装备,适北冥,-,
"182","秦皇陵","10人普通",安禄山,装备,樽倾怀,-,
"182","秦皇陵","10人普通",安禄山,武器,八道皆攻,-,
"182","秦皇陵","10人普通",安禄山,武器,颠倒佛相,-,
"182","秦皇陵","10人普通",安禄山,武器,不倒寒灰,-,
"182","秦皇陵","10人普通",安禄山,武器,血影天宇舞姬,-,
"182","秦皇陵","10人普通",安禄山,武器,炎枪重黎,-,
"182","秦皇陵","10人普通",安禄山,装备,刻意之磨,-,
"182","秦皇陵","10人普通",安禄山,武器,觅良君意,-,
"182","秦皇陵","10人普通",安禄山,装备,小年不夭,-,
"182","秦皇陵","10人普通",安禄山,武器,腾空,-,
"182","秦皇陵","10人普通",安禄山,装备,澹然境衣,-,
"182","秦皇陵","10人普通",安禄山,武器,凄凉穷年,-,
"182","秦皇陵","10人普通",安禄山,武器,画影,-,
"182","秦皇陵","10人普通",安禄山,装备,风之积,-,
"182","秦皇陵","10人普通",安禄山,装备,叙离世裳,-,
"182","秦皇陵","10人普通",安禄山,武器,必有回响,-,
"182","秦皇陵","10人普通",安禄山,武器,天不弃我,-,
"182","秦皇陵","10人普通",安禄山,武器,尺半天人,-,
"182","秦皇陵","10人普通",安禄山,装备,汤祖裤,-,
"182","秦皇陵","10人普通",安禄山,武器,金刚,-,
"182","秦皇陵","10人普通",安禄山,饰品,枯槁亢,-,
"182","秦皇陵","10人普通",安禄山,武器,西海存珍,-,
"182","秦皇陵","10人普通",安禄山,武器,蝎心忘情,-,
"182","秦皇陵","10人普通",安禄山,装备,内圣外静,-,
"182","秦皇陵","10人普通",安禄山,武器,南山遗爱,-,
"182","秦皇陵","10人普通",安禄山,饰品,异曲歌,-,
"182","秦皇陵","10人普通",安禄山,武器,八相连珠,-,
"182","秦皇陵","10人普通",安禄山,装备,一仞腹,-,
"182","秦皇陵","10人普通",安禄山,武器,抱朴狩天,-,
"182","秦皇陵","10人普通",安禄山,饰品,诽空题,-,
"182","秦皇陵","10人普通",安禄山,武器,一百千万,-,
"182","秦皇陵","10人普通",安禄山,武器,酬唱成旋,-,
"182","秦皇陵","10人普通",安禄山,武器,岚尘金蛇,-,
"182","秦皇陵","10人普通",安禄山,武器,平众生激,-,
"182","秦皇陵","10人普通",安禄山,饰品,无道世,-,
"182","秦皇陵","10人普通",安禄山,武器,雪凤冰王笛,-,
"182","秦皇陵","10人普通",安禄山,武器,尔罪闻焉,-,
"182","秦皇陵","10人普通",安禄山,武器,念念不忘,-,
"182","秦皇陵","10人普通",安禄山,武器,血影天宇舞姬,-,
"182","秦皇陵","10人普通",安禄山,饰品,为亢链,-,
"182","秦皇陵","10人普通",安禄山,装备,笑赴渊,-,
"182","秦皇陵","10人普通",安禄山,武器,九龙升景,-,
"182","秦皇陵","10人普通",安禄山,武器,卷珠帘,-,
"182","秦皇陵","10人普通",安禄山,武器,圆月双角,-,
"183","秦皇陵","25人英雄",王翦,装备,地不爱宝,-,
"183","秦皇陵","25人英雄",王翦,装备,朔天明,-,
"183","秦皇陵","25人英雄",王翦,装备,千花绕,-,
"183","秦皇陵","25人英雄",王翦,装备,戎马殷,-,
"183","秦皇陵","25人英雄",王翦,装备,波心月,-,
"183","秦皇陵","25人英雄",王翦,饰品,天保定尔,-,
"183","秦皇陵","25人英雄",王翦,饰品,千禄百福,-,
"183","秦皇陵","25人英雄",王翦,饰品,永屑一心,-,
"183","秦皇陵","25人英雄",王翦,饰品,宜王饰坠,-,
"183","秦皇陵","25人英雄",王翦,饰品,受禄于天,-,
"183","秦皇陵","25人英雄",王翦,饰品,悠悠我思,-,
"183","秦皇陵","25人英雄",王翦,饰品,格人元龟,-,
"183","秦皇陵","25人英雄",王翦,饰品,昭明,-,
"183","秦皇陵","25人英雄",王翦,饰品,静嘉戒,-,
"183","秦皇陵","25人英雄",王翦,饰品,威仪孔时,-,
"183","秦皇陵","25人英雄",王翦,武器,囊括四海,-,
"183","秦皇陵","25人英雄",王翦,饰品,鬼神为徒,-,
"183","秦皇陵","25人英雄",王翦,饰品,五行为质,-,
"183","秦皇陵","25人英雄",王翦,饰品,人情为田,-,
"183","秦皇陵","25人英雄",王翦,武器,并吞八荒,-,
"183","秦皇陵","25人英雄",王翦,饰品,媚子,-,
"183","秦皇陵","25人英雄",王翦,饰品,华旎,-,
"183","秦皇陵","25人英雄",王翦,武器,席卷天下,-,
"183","秦皇陵","25人英雄",王翦,武器,包举宇内,-,
"183","秦皇陵","25人英雄",王翦,武器,偕作囊,-,
"183","秦皇陵","25人英雄",王翦,武器,讲信修睦,-,
"183","秦皇陵","25人英雄",王翦,装备,权制君威,-,
"183","秦皇陵","25人英雄",王翦,装备,法正诸侯,-,
"183","秦皇陵","25人英雄",王翦,装备,缘法而治,-,
"183","秦皇陵","25人英雄",王翦,武器,六世余烈,-,
"183","秦皇陵","25人英雄",王翦,装备,君尊令行,-,
"183","秦皇陵","25人英雄",王翦,装备,条梅护手,-,
"183","秦皇陵","25人英雄",王翦,饰品,山川百灵戒,-,
"183","秦皇陵","25人英雄",王翦,装备,行天之罚,-,
"183","秦皇陵","25人英雄",王翦,饰品,筱径藤花戒,-,
"183","秦皇陵","25人英雄",王翦,饰品,永夜不晓戒,-,
"183","秦皇陵","25人英雄",王翦,武器,履至尊,-,
"183","秦皇陵","25人英雄",王翦,饰品,山川百灵指环,-,
"183","秦皇陵","25人英雄",王翦,饰品,筱径藤花指环,-,
"183","秦皇陵","25人英雄",王翦,饰品,鸣金震鼓指环,-,
"183","秦皇陵","25人英雄",王翦,饰品,永夜不晓指环,-,
"183","秦皇陵","25人英雄",王翦,武器,制六合,-,
"183","秦皇陵","25人英雄",王翦,武器,振长策,-,
"183","秦皇陵","25人英雄",王翦,武器,偕行囊,-,
"183","秦皇陵","25人英雄",王翦,武器,威用六极,-,
"183","秦皇陵","25人英雄",王翦,装备,柔远能迩,-,
"183","秦皇陵","25人英雄",王翦,装备,敬慎威仪,-,
"183","秦皇陵","25人英雄",王翦,装备,国无有残,-,
"183","秦皇陵","25人英雄",王翦,装备,绥四国,-,
"183","秦皇陵","25人英雄",王翦,装备,纪堂护手,-,
"183","秦皇陵","25人英雄",王翦,装备,列于鬼神,-,
"183","秦皇陵","25人英雄",王翦,饰品,鸣金震鼓戒,-,
"183","秦皇陵","25人英雄",王翦,饰品,礼义为器,-,
"183","秦皇陵","25人英雄",王翦,饰品,向用五福,-,
"183","秦皇陵","25人英雄",王翦,饰品,明星荧荧,-,
"183","秦皇陵","25人英雄",王翦,饰品,景福戒,-,
"183","秦皇陵","25人英雄",王翦,饰品,福无疆,-,
"183","秦皇陵","25人英雄",王翦,饰品,宜君,-,
"183","秦皇陵","25人英雄",王翦,饰品,渥丹链,-,
"183","秦皇陵","25人英雄",王翦,饰品,鹿鸣链,-,
"183","秦皇陵","25人英雄",王翦,饰品,燕乐嘉宾,-,
"183","秦皇陵","25人英雄",王翦,装备,大略护手,-,
"183","秦皇陵","25人英雄",王翦,装备,奄息之贤,-,
"183","秦皇陵","25人英雄",王翦,装备,天不爱道,-,
"183","秦皇陵","25人英雄",石麒麟,武器,裂山河,-,
"183","秦皇陵","25人英雄",石麒麟,装备,仲行之贤,-,
"183","秦皇陵","25人英雄",石麒麟,装备,积焉不苑,-,
"183","秦皇陵","25人英雄",石麒麟,装备,明断腰带,-,
"183","秦皇陵","25人英雄",石麒麟,武器,割天下,-,
"183","秦皇陵","25人英雄",石麒麟,装备,并行不缪,-,
"183","秦皇陵","25人英雄",石麒麟,武器,诸侯西来,-,
"183","秦皇陵","25人英雄",石麒麟,武器,裁罪,-,
"183","秦皇陵","25人英雄",石麒麟,装备,落日平嶂,-,
"183","秦皇陵","25人英雄",石麒麟,装备,竹影寒泉,-,
"183","秦皇陵","25人英雄",石麒麟,武器,诏天下,-,
"183","秦皇陵","25人英雄",石麒麟,装备,桂华流瓦,-,
"183","秦皇陵","25人英雄",石麒麟,饰品,燕乐嘉宾,-,
"183","秦皇陵","25人英雄",石麒麟,饰品,鹿鸣链,-,
"183","秦皇陵","25人英雄",石麒麟,饰品,天保定尔,-,
"183","秦皇陵","25人英雄",石麒麟,饰品,渥丹链,-,
"183","秦皇陵","25人英雄",石麒麟,饰品,永屑一心,-,
"183","秦皇陵","25人英雄",石麒麟,饰品,昭明,-,
"183","秦皇陵","25人英雄",石麒麟,饰品,静嘉戒,-,
"183","秦皇陵","25人英雄",石麒麟,饰品,明星荧荧,-,
"183","秦皇陵","25人英雄",石麒麟,饰品,向用五福,-,
"183","秦皇陵","25人英雄",石麒麟,饰品,鬼神为徒,-,
"183","秦皇陵","25人英雄",石麒麟,饰品,礼义为器,-,
"183","秦皇陵","25人英雄",石麒麟,饰品,人情为田,-,
"183","秦皇陵","25人英雄",石麒麟,饰品,媚子,-,
"183","秦皇陵","25人英雄",石麒麟,武器,执圭观峨,-,
"183","秦皇陵","25人英雄",石麒麟,武器,天把丘荣,-,
"183","秦皇陵","25人英雄",石麒麟,饰品,天地为本,-,
"183","秦皇陵","25人英雄",石麒麟,饰品,阴阳为端,-,
"183","秦皇陵","25人英雄",石麒麟,饰品,靡乐戒,-,
"183","秦皇陵","25人英雄",石麒麟,饰品,珪玠,-,
"183","秦皇陵","25人英雄",石麒麟,饰品,极清环,-,
"183","秦皇陵","25人英雄",石麒麟,饰品,极方戒,-,
"183","秦皇陵","25人英雄",石麒麟,武器,六世余烈,-,
"183","秦皇陵","25人英雄",石麒麟,饰品,极流戒,-,
"183","秦皇陵","25人英雄",石麒麟,武器,履至尊,-,
"183","秦皇陵","25人英雄",石麒麟,武器,制六合,-,
"183","秦皇陵","25人英雄",石麒麟,装备,神人以和,-,
"183","秦皇陵","25人英雄",石麒麟,装备,八音克谐,-,
"183","秦皇陵","25人英雄",石麒麟,装备,齐七政,-,
"183","秦皇陵","25人英雄",石麒麟,装备,祀六宗,-,
"183","秦皇陵","25人英雄",石麒麟,武器,振长策,-,
"183","秦皇陵","25人英雄",石麒麟,装备,穆公带,-,
"183","秦皇陵","25人英雄",石麒麟,装备,永敬大恤,-,
"183","秦皇陵","25人英雄",石麒麟,装备,钦若昊天,-,
"183","秦皇陵","25人英雄",石麒麟,装备,克明俊德,-,
"183","秦皇陵","25人英雄",石麒麟,武器,偕行囊,-,
"183","秦皇陵","25人英雄",石麒麟,装备,日宣三德,-,
"183","秦皇陵","25人英雄",石麒麟,武器,威用六极,-,
"183","秦皇陵","25人英雄",石麒麟,装备,川溶裤,-,
"183","秦皇陵","25人英雄",石麒麟,装备,无骨绝远,-,
"183","秦皇陵","25人英雄",石麒麟,武器,霸王之道,-,
"183","秦皇陵","25人英雄",石麒麟,武器,洪范九畴,-,
"183","秦皇陵","25人英雄",石麒麟,武器,光施文惠,-,
"183","秦皇陵","25人英雄",石麒麟,武器,不承权舆,-,
"183","秦皇陵","25人英雄",石麒麟,武器,灭六国,-,
"183","秦皇陵","25人英雄",石麒麟,武器,虎视东方,-,
"183","秦皇陵","25人英雄",石麒麟,装备,辟弱,-,
"183","秦皇陵","25人英雄",石麒麟,武器,道在不可见,-,
"183","秦皇陵","25人英雄",石麒麟,装备,辟疾腰,-,
"183","秦皇陵","25人英雄",石麒麟,装备,辟忧,-,
"183","秦皇陵","25人英雄",石麒麟,装备,辟贫,-,
"183","秦皇陵","25人英雄",石麒麟,装备,未晞带,-,
"183","秦皇陵","25人英雄",石麒麟,武器,经纬天下,-,
"183","秦皇陵","25人英雄",石麒麟,装备,辟恶,-,
"183","秦皇陵","25人英雄",石麒麟,装备,兆寿,-,
"183","秦皇陵","25人英雄",石麒麟,武器,诛戮无道,-,
"183","秦皇陵","25人英雄",石麒麟,装备,康宁裤,-,
"183","秦皇陵","25人英雄",石麒麟,饰品,永夜不晓指环,-,
"183","秦皇陵","25人英雄",石麒麟,饰品,鸣金震鼓指环,-,
"183","秦皇陵","25人英雄",石麒麟,饰品,筱径藤花指环,-,
"183","秦皇陵","25人英雄",石麒麟,装备,攸好德,-,
"183","秦皇陵","25人英雄",石麒麟,武器,交交黄鸟,-,
"183","秦皇陵","25人英雄",石麒麟,饰品,山川百灵指环,-,
"183","秦皇陵","25人英雄",石麒麟,饰品,永夜不晓戒,-,
"183","秦皇陵","25人英雄",石麒麟,饰品,鸣金震鼓戒,-,
"183","秦皇陵","25人英雄",石麒麟,饰品,筱径藤花戒,-,
"183","秦皇陵","25人英雄",石麒麟,饰品,山川百灵戒,-,
"183","秦皇陵","25人英雄",石麒麟,装备,文茵,-,
"183","秦皇陵","25人英雄",石麒麟,饰品,极铸戒,-,
"183","秦皇陵","25人英雄",石麒麟,饰品,极融戒,-,
"183","秦皇陵","25人英雄",石麒麟,饰品,极玉戒,-,
"183","秦皇陵","25人英雄",石麒麟,武器,永偃戎兵,-,
"183","秦皇陵","25人英雄",石麒麟,饰品,日星为纪,-,
"183","秦皇陵","25人英雄",石麒麟,饰品,四时为柄,-,
"183","秦皇陵","25人英雄",石麒麟,饰品,华旎,-,
"183","秦皇陵","25人英雄",石麒麟,饰品,五行为质,-,
"183","秦皇陵","25人英雄",石麒麟,武器,乱我心曲,-,
"183","秦皇陵","25人英雄",石麒麟,饰品,威仪孔时,-,
"183","秦皇陵","25人英雄",石麒麟,饰品,景福戒,-,
"183","秦皇陵","25人英雄",石麒麟,饰品,千禄百福,-,
"183","秦皇陵","25人英雄",石麒麟,武器,临察四方,-,
"183","秦皇陵","25人英雄",石麒麟,装备,腰闲角弓,-,
"183","秦皇陵","25人英雄",石麒麟,武器,存定四极,-,
"183","秦皇陵","25人英雄",石麒麟,装备,兆富,-,
"183","秦皇陵","25人英雄",石麒麟,装备,考终命,-,
"183","秦皇陵","25人英雄",石麒麟,装备,庶明励翼,-,
"183","秦皇陵","25人英雄",探雪,武器,裂山河,-,
"183","秦皇陵","25人英雄",探雪,武器,割天下,-,
"183","秦皇陵","25人英雄",探雪,武器,诸侯西来,-,
"183","秦皇陵","25人英雄",探雪,武器,裁罪,-,
"183","秦皇陵","25人英雄",探雪,武器,诏天下,-,
"183","秦皇陵","25人英雄",探雪,饰品,宜君,-,
"183","秦皇陵","25人英雄",探雪,饰品,福无疆,-,
"183","秦皇陵","25人英雄",探雪,饰品,受禄于天,-,
"183","秦皇陵","25人英雄",探雪,饰品,悠悠我思,-,
"183","秦皇陵","25人英雄",探雪,武器,执圭观峨,-,
"183","秦皇陵","25人英雄",探雪,饰品,地出醴泉,-,
"183","秦皇陵","25人英雄",探雪,饰品,山出器车,-,
"183","秦皇陵","25人英雄",探雪,饰品,河出马图,-,
"183","秦皇陵","25人英雄",探雪,饰品,龟龙在沼,-,
"183","秦皇陵","25人英雄",探雪,饰品,天清戒,-,
"183","秦皇陵","25人英雄",探雪,饰品,神灵戒,-,
"183","秦皇陵","25人英雄",探雪,饰品,非孤戒,-,
"183","秦皇陵","25人英雄",探雪,饰品,生灭戒,-,
"183","秦皇陵","25人英雄",探雪,武器,六世余烈,-,
"183","秦皇陵","25人英雄",探雪,饰品,礼天地壶,-,
"183","秦皇陵","25人英雄",探雪,饰品,山川百灵戒,-,
"183","秦皇陵","25人英雄",探雪,饰品,筱径藤花戒,-,
"183","秦皇陵","25人英雄",探雪,装备,昔我往矣,-,
"183","秦皇陵","25人英雄",探雪,饰品,鸣金震鼓戒,-,
"183","秦皇陵","25人英雄",探雪,武器,履至尊,-,
"183","秦皇陵","25人英雄",探雪,装备,今我来思,-,
"183","秦皇陵","25人英雄",探雪,饰品,永夜不晓戒,-,
"183","秦皇陵","25人英雄",探雪,装备,行道迟,-,
"183","秦皇陵","25人英雄",探雪,饰品,山川百灵指环,-,
"183","秦皇陵","25人英雄",探雪,装备,君道臣行,-,
"183","秦皇陵","25人英雄",探雪,饰品,筱径藤花指环,-,
"183","秦皇陵","25人英雄",探雪,装备,伊人履,-,
"183","秦皇陵","25人英雄",探雪,饰品,鸣金震鼓指环,-,
"183","秦皇陵","25人英雄",探雪,装备,无傲从康,-,
"183","秦皇陵","25人英雄",探雪,饰品,永夜不晓指环,-,
"183","秦皇陵","25人英雄",探雪,武器,制六合,-,
"183","秦皇陵","25人英雄",探雪,武器,振长策,-,
"183","秦皇陵","25人英雄",探雪,装备,钦若昊天,-,
"183","秦皇陵","25人英雄",探雪,装备,克明俊德,-,
"183","秦皇陵","25人英雄",探雪,武器,偕行囊,-,
"183","秦皇陵","25人英雄",探雪,装备,庶明励翼,-,
"183","秦皇陵","25人英雄",探雪,装备,日宣三德,-,
"183","秦皇陵","25人英雄",探雪,武器,威用六极,-,
"183","秦皇陵","25人英雄",探雪,装备,川溶裤,-,
"183","秦皇陵","25人英雄",探雪,装备,无骨绝远,-,
"183","秦皇陵","25人英雄",探雪,武器,霸王之道,-,
"183","秦皇陵","25人英雄",探雪,武器,洪范九畴,-,
"183","秦皇陵","25人英雄",探雪,武器,光施文惠,-,
"183","秦皇陵","25人英雄",探雪,武器,不承权舆,-,
"183","秦皇陵","25人英雄",探雪,武器,灭六国,-,
"183","秦皇陵","25人英雄",探雪,装备,恭作肃,-,
"183","秦皇陵","25人英雄",探雪,装备,明作晰,-,
"183","秦皇陵","25人英雄",探雪,装备,聪作谋,-,
"183","秦皇陵","25人英雄",探雪,装备,睿作圣,-,
"183","秦皇陵","25人英雄",探雪,武器,虎视东方,-,
"183","秦皇陵","25人英雄",探雪,装备,终南履,-,
"183","秦皇陵","25人英雄",探雪,装备,本天肴地,-,
"183","秦皇陵","25人英雄",探雪,武器,道在不可见,-,
"183","秦皇陵","25人英雄",探雪,武器,经纬天下,-,
"183","秦皇陵","25人英雄",探雪,装备,兆寿,-,
"183","秦皇陵","25人英雄",探雪,装备,兆富,-,
"183","秦皇陵","25人英雄",探雪,武器,诛戮无道,-,
"183","秦皇陵","25人英雄",探雪,装备,康宁裤,-,
"183","秦皇陵","25人英雄",探雪,装备,攸好德,-,
"183","秦皇陵","25人英雄",探雪,武器,交交黄鸟,-,
"183","秦皇陵","25人英雄",探雪,装备,文茵,-,
"183","秦皇陵","25人英雄",探雪,装备,考终命,-,
"183","秦皇陵","25人英雄",探雪,武器,永偃戎兵,-,
"183","秦皇陵","25人英雄",探雪,饰品,琼瑰玉佩,-,
"183","秦皇陵","25人英雄",探雪,饰品,天降膏露,-,
"183","秦皇陵","25人英雄",探雪,武器,乱我心曲,-,
"183","秦皇陵","25人英雄",探雪,饰品,格人元龟,-,
"183","秦皇陵","25人英雄",探雪,饰品,宜王饰坠,-,
"183","秦皇陵","25人英雄",探雪,武器,临察四方,-,
"183","秦皇陵","25人英雄",探雪,武器,存定四极,-,
"183","秦皇陵","25人英雄",探雪,武器,天把丘荣,-,
"183","秦皇陵","25人英雄",令狐伤,武器,割天下,-,
"183","秦皇陵","25人英雄",令狐伤,装备,针虎之贤,-,
"183","秦皇陵","25人英雄",令狐伤,装备,子以爱,-,
"183","秦皇陵","25人英雄",令狐伤,武器,诸侯西来,-,
"183","秦皇陵","25人英雄",令狐伤,装备,信以结,-,
"183","秦皇陵","25人英雄",令狐伤,武器,裁罪,-,
"183","秦皇陵","25人英雄",令狐伤,装备,弹铗行觞,-,
"183","秦皇陵","25人英雄",令狐伤,装备,衔杯逸兴,-,
"183","秦皇陵","25人英雄",令狐伤,装备,幽壑风啸,-,
"183","秦皇陵","25人英雄",令狐伤,装备,大荒多霜,-,
"183","秦皇陵","25人英雄",令狐伤,武器,执圭观峨,-,
"183","秦皇陵","25人英雄",令狐伤,饰品,天降膏露,-,
"183","秦皇陵","25人英雄",令狐伤,饰品,地出醴泉,-,
"183","秦皇陵","25人英雄",令狐伤,饰品,山出器车,-,
"183","秦皇陵","25人英雄",令狐伤,武器,天把丘荣,-,
"183","秦皇陵","25人英雄",令狐伤,饰品,龟龙在沼,-,
"183","秦皇陵","25人英雄",令狐伤,饰品,天地为本,-,
"183","秦皇陵","25人英雄",令狐伤,饰品,四时为柄,-,
"183","秦皇陵","25人英雄",令狐伤,饰品,日星为纪,-,
"183","秦皇陵","25人英雄",令狐伤,饰品,靡乐戒,-,
"183","秦皇陵","25人英雄",令狐伤,武器,六世余烈,-,
"183","秦皇陵","25人英雄",令狐伤,饰品,鬼神爵,-,
"183","秦皇陵","25人英雄",令狐伤,武器,履至尊,-,
"183","秦皇陵","25人英雄",令狐伤,武器,制六合,-,
"183","秦皇陵","25人英雄",令狐伤,武器,振长策,-,
"183","秦皇陵","25人英雄",令狐伤,武器,偕行囊,-,
"183","秦皇陵","25人英雄",令狐伤,武器,威用六极,-,
"183","秦皇陵","25人英雄",令狐伤,武器,霸王之道,-,
"183","秦皇陵","25人英雄",令狐伤,装备,敬天之怒,-,
"183","秦皇陵","25人英雄",令狐伤,装备,敬天之渝,-,
"183","秦皇陵","25人英雄",令狐伤,装备,如圭如璋,-,
"183","秦皇陵","25人英雄",令狐伤,装备,君子万年,-,
"183","秦皇陵","25人英雄",令狐伤,武器,洪范九畴,-,
"183","秦皇陵","25人英雄",令狐伤,装备,绿云巾,-,
"183","秦皇陵","25人英雄",令狐伤,装备,罔有定极,-,
"183","秦皇陵","25人英雄",令狐伤,武器,光施文惠,-,
"183","秦皇陵","25人英雄",令狐伤,武器,不承权舆,-,
"183","秦皇陵","25人英雄",令狐伤,武器,灭六国,-,
"183","秦皇陵","25人英雄",令狐伤,武器,虎视东方,-,
"183","秦皇陵","25人英雄",令狐伤,武器,道在不可见,-,
"183","秦皇陵","25人英雄",令狐伤,武器,经纬天下,-,
"183","秦皇陵","25人英雄",令狐伤,武器,诛戮无道,-,
"183","秦皇陵","25人英雄",令狐伤,武器,交交黄鸟,-,
"183","秦皇陵","25人英雄",令狐伤,武器,永偃戎兵,-,
"183","秦皇陵","25人英雄",令狐伤,饰品,珪玠,-,
"183","秦皇陵","25人英雄",令狐伤,饰品,阴阳为端,-,
"183","秦皇陵","25人英雄",令狐伤,装备,天秉阳,-,
"183","秦皇陵","25人英雄",令狐伤,饰品,琼瑰玉佩,-,
"183","秦皇陵","25人英雄",令狐伤,装备,地秉阴,-,
"183","秦皇陵","25人英雄",令狐伤,饰品,河出马图,-,
"183","秦皇陵","25人英雄",令狐伤,武器,乱我心曲,-,
"183","秦皇陵","25人英雄",令狐伤,装备,垂日星冠,-,
"183","秦皇陵","25人英雄",令狐伤,装备,窍于山川,-,
"183","秦皇陵","25人英雄",令狐伤,装备,温如玉冠,-,
"183","秦皇陵","25人英雄",令狐伤,装备,播五行,-,
"183","秦皇陵","25人英雄",令狐伤,武器,临察四方,-,
"183","秦皇陵","25人英雄",令狐伤,装备,天启裳,-,
"183","秦皇陵","25人英雄",令狐伤,武器,存定四极,-,
"183","秦皇陵","25人英雄",令狐伤,武器,诏天下,-,
"183","秦皇陵","25人英雄",令狐伤,武器,裂山河,-,
"183","秦皇陵","25人英雄",安禄山,武器,争溪棍,-,
"183","秦皇陵","25人英雄",安禄山,武器,穷迷景,-,
"183","秦皇陵","25人英雄",安禄山,武器,堆露笔,-,
"183","秦皇陵","25人英雄",安禄山,武器,凝暮笔,-,
"183","秦皇陵","25人英雄",安禄山,武器,关山雁阵枪,-,
"183","秦皇陵","25人英雄",安禄山,武器,报国枪,-,
"183","秦皇陵","25人英雄",安禄山,武器,丹阳剑,-,
"183","秦皇陵","25人英雄",安禄山,武器,化境剑,-,
"183","秦皇陵","25人英雄",安禄山,武器,踏红双剑,-,
"183","秦皇陵","25人英雄",安禄山,武器,隐梅双剑,-,
"183","秦皇陵","25人英雄",安禄山,武器,绰约魂笛,-,
"183","秦皇陵","25人英雄",安禄山,武器,梦圆笛,-,
"183","秦皇陵","25人英雄",安禄山,武器,断梦剪,-,
"183","秦皇陵","25人英雄",安禄山,武器,残归弓,-,
"183","秦皇陵","25人英雄",安禄山,武器,风月轻剑,-,
"183","秦皇陵","25人英雄",安禄山,武器,霜寒重剑,-,
"183","秦皇陵","25人英雄",安禄山,武器,无边飞花棒,-,
"183","秦皇陵","25人英雄",安禄山,武器,烟雨茫,-,
"183","秦皇陵","25人英雄",安禄山,武器,乱云双刀,-,
"183","秦皇陵","25人英雄",安禄山,武器,一昧雌雄,-,
"183","秦皇陵","25人英雄",安禄山,武器,立天道,-,
"183","秦皇陵","25人英雄",安禄山,武器,雪凤冰王笛,-,
"183","秦皇陵","25人英雄",安禄山,武器,炎枪重黎,-,
"183","秦皇陵","25人英雄",安禄山,武器,腾空,-,
"183","秦皇陵","25人英雄",安禄山,武器,画影,-,
"183","秦皇陵","25人英雄",安禄山,武器,圆月双角,-,
"183","秦皇陵","25人英雄",安禄山,武器,金刚,-,
"183","秦皇陵","25人英雄",安禄山,武器,蝎心忘情,-,
"183","秦皇陵","25人英雄",安禄山,武器,八相连珠,-,
"183","秦皇陵","25人英雄",安禄山,武器,抱朴狩天,-,
"183","秦皇陵","25人英雄",安禄山,武器,岚尘金蛇,-,
"183","秦皇陵","25人英雄",安禄山,武器,血影天宇舞姬,-,
"183","秦皇陵","25人英雄",安禄山,饰品,极玉戒,-,
"183","秦皇陵","25人英雄",安禄山,武器,六世余烈,-,
"183","秦皇陵","25人英雄",安禄山,武器,斩马刑天,-,
"183","秦皇陵","25人英雄",安禄山,饰品,极清环,-,
"183","秦皇陵","25人英雄",安禄山,饰品,极流戒,-,
"183","秦皇陵","25人英雄",安禄山,饰品,极融戒,-,
"183","秦皇陵","25人英雄",安禄山,饰品,极铸戒,-,
"183","秦皇陵","25人英雄",安禄山,武器,履至尊,-,
"183","秦皇陵","25人英雄",安禄山,武器,制六合,-,
"183","秦皇陵","25人英雄",安禄山,武器,振长策,-,
"183","秦皇陵","25人英雄",安禄山,装备,钦若昊天,-,
"183","秦皇陵","25人英雄",安禄山,武器,偕行囊,-,
"183","秦皇陵","25人英雄",安禄山,装备,克明俊德,-,
"183","秦皇陵","25人英雄",安禄山,装备,庶明励翼,-,
"183","秦皇陵","25人英雄",安禄山,装备,日宣三德,-,
"183","秦皇陵","25人英雄",安禄山,武器,威用六极,-,
"183","秦皇陵","25人英雄",安禄山,装备,川溶裤,-,
"183","秦皇陵","25人英雄",安禄山,装备,无骨绝远,-,
"183","秦皇陵","25人英雄",安禄山,装备,凤凰于飞,-,
"183","秦皇陵","25人英雄",安禄山,装备,凤凰鸣,-,
"183","秦皇陵","25人英雄",安禄山,装备,九德咸事,-,
"183","秦皇陵","25人英雄",安禄山,装备,锦狐裘,-,
"183","秦皇陵","25人英雄",安禄山,装备,建用皇极,-,
"183","秦皇陵","25人英雄",安禄山,装备,兆寿,-,
"183","秦皇陵","25人英雄",安禄山,装备,兆富,-,
"183","秦皇陵","25人英雄",安禄山,装备,康宁裤,-,
"183","秦皇陵","25人英雄",安禄山,装备,攸好德,-,
"183","秦皇陵","25人英雄",安禄山,装备,文茵,-,
"183","秦皇陵","25人英雄",安禄山,饰品,青耳钟,-,
"183","秦皇陵","25人英雄",安禄山,饰品,极方戒,-,
"183","秦皇陵","25人英雄",安禄山,装备,考终命,-,
"183","秦皇陵","25人英雄",安禄山,装备,天地之德,-,
"183","秦皇陵","25人英雄",安禄山,装备,鬼神之会,-,
"183","秦皇陵","25人英雄",安禄山,装备,五行之秀气,-,
"183","秦皇陵","25人英雄",安禄山,装备,渭阳衫,-,
"183","秦皇陵","25人英雄",安禄山,装备,参于天地,-,
"183","秦皇陵","25人英雄",安禄山,装备,阴阳之交,-,
"183","秦皇陵","25人英雄",安禄山,装备,天秩有礼,-,
"183","秦皇陵","25人英雄",安禄山,武器,九龙升景,-,
"177","风雪稻香村","10人普通",莫寻常,装备,委羽护手,-,
"177","风雪稻香村","10人普通",莫寻常,装备,涉津护手,-,
"177","风雪稻香村","10人普通",莫寻常,饰品,涉津戒,-,
"177","风雪稻香村","10人普通",莫寻常,装备,霜颜袖,-,
"177","风雪稻香村","10人普通",莫寻常,饰品,霜颜戒,-,
"177","风雪稻香村","10人普通",莫寻常,装备,悬明护臂,-,
"177","风雪稻香村","10人普通",莫寻常,饰品,鉴冰坠,-,
"177","风雪稻香村","10人普通",莫寻常,饰品,青心坠,-,
"177","风雪稻香村","10人普通",莫寻常,饰品,委羽坠,-,
"177","风雪稻香村","10人普通",莫寻常,饰品,涉津坠,-,
"177","风雪稻香村","10人普通",莫寻常,饰品,悬明坠,-,
"177","风雪稻香村","10人普通",莫寻常,饰品,鉴冰戒,-,
"177","风雪稻香村","10人普通",莫寻常,装备,鉴冰护腕,-,
"177","风雪稻香村","10人普通",莫寻常,装备,青心护腕,-,
"177","风雪稻香村","10人普通",莫寻常,饰品,青心戒,-,
"177","风雪稻香村","10人普通",莫寻常,饰品,悬明戒,-,
"177","风雪稻香村","10人普通",莫寻常,饰品,委羽戒,-,
"177","风雪稻香村","10人普通",莫寻常,饰品,霜颜坠,-,
"177","风雪稻香村","10人普通",地字一号,武器,青心笔,-,
"177","风雪稻香村","10人普通",地字一号,武器,鉴冰剑,-,
"177","风雪稻香村","10人普通",地字一号,饰品,霜颜链,-,
"177","风雪稻香村","10人普通",地字一号,饰品,涉津戒,-,
"177","风雪稻香村","10人普通",地字一号,武器,涉津盾刀,-,
"177","风雪稻香村","10人普通",地字一号,武器,霜颜笔,-,
"177","风雪稻香村","10人普通",地字一号,武器,委羽棒,-,
"177","风雪稻香村","10人普通",地字一号,饰品,悬明链,-,
"177","风雪稻香村","10人普通",地字一号,武器,委羽弩,-,
"177","风雪稻香村","10人普通",地字一号,饰品,悬明戒,-,
"177","风雪稻香村","10人普通",地字一号,装备,鉴冰腰带,-,
"177","风雪稻香村","10人普通",地字一号,武器,鉴冰双剑,-,
"177","风雪稻香村","10人普通",地字一号,武器,鉴冰笛,-,
"177","风雪稻香村","10人普通",地字一号,装备,青心腰带,-,
"177","风雪稻香村","10人普通",地字一号,装备,委羽腰带,-,
"177","风雪稻香村","10人普通",地字一号,武器,悬明枪,-,
"177","风雪稻香村","10人普通",地字一号,武器,悬明盾刀,-,
"177","风雪稻香村","10人普通",地字一号,装备,涉津腰带,-,
"177","风雪稻香村","10人普通",地字一号,武器,青心双刀,-,
"177","风雪稻香村","10人普通",地字一号,武器,青心棍,-,
"177","风雪稻香村","10人普通",地字一号,武器,涉津轻剑,-,
"177","风雪稻香村","10人普通",地字一号,饰品,鉴冰链,-,
"177","风雪稻香村","10人普通",地字一号,装备,悬明腰带,-,
"177","风雪稻香村","10人普通",地字一号,武器,霜颜笛,-,
"177","风雪稻香村","10人普通",地字一号,饰品,鉴冰戒,-,
"177","风雪稻香村","10人普通",地字一号,武器,涉津剑,-,
"177","风雪稻香村","10人普通",地字一号,饰品,青心链,-,
"177","风雪稻香村","10人普通",地字一号,武器,悬明杖,-,
"177","风雪稻香村","10人普通",地字一号,武器,委羽枪,-,
"177","风雪稻香村","10人普通",地字一号,武器,悬明双刀,-,
"177","风雪稻香村","10人普通",地字一号,饰品,委羽链,-,
"177","风雪稻香村","10人普通",地字一号,饰品,青心戒,-,
"177","风雪稻香村","10人普通",地字一号,武器,涉津重剑,-,
"177","风雪稻香村","10人普通",地字一号,武器,霜颜双剑,-,
"177","风雪稻香村","10人普通",地字一号,武器,青心弩,-,
"177","风雪稻香村","10人普通",地字一号,饰品,涉津链,-,
"177","风雪稻香村","10人普通",地字一号,饰品,霜颜戒,-,
"177","风雪稻香村","10人普通",地字一号,饰品,委羽戒,-,
"177","风雪稻香村","10人普通",地字一号,装备,霜颜腰带,-,
"177","风雪稻香村","10人普通",史朝义,武器,青心囊,-,
"177","风雪稻香村","10人普通",史朝义,武器,涉津囊,-,
"177","风雪稻香村","10人普通",史朝义,武器,悬明囊,-,
"177","风雪稻香村","10人普通",史朝义,武器,青心棍,-,
"177","风雪稻香村","10人普通",史朝义,武器,委羽枪,-,
"177","风雪稻香村","10人普通",史朝义,武器,青心弩,-,
"177","风雪稻香村","10人普通",史朝义,饰品,委羽戒,-,
"177","风雪稻香村","10人普通",史朝义,武器,霜颜双剑,-,
"177","风雪稻香村","10人普通",史朝义,饰品,涉津戒,-,
"177","风雪稻香村","10人普通",史朝义,饰品,霜颜戒,-,
"177","风雪稻香村","10人普通",史朝义,武器,涉津盾刀,-,
"177","风雪稻香村","10人普通",史朝义,武器,悬明杖,-,
"177","风雪稻香村","10人普通",史朝义,武器,鉴冰剑,-,
"177","风雪稻香村","10人普通",史朝义,武器,委羽棒,-,
"177","风雪稻香村","10人普通",史朝义,武器,委羽弩,-,
"177","风雪稻香村","10人普通",史朝义,武器,霜颜笔,-,
"177","风雪稻香村","10人普通",史朝义,武器,鉴冰笛,-,
"177","风雪稻香村","10人普通",史朝义,武器,鉴冰囊,-,
"177","风雪稻香村","10人普通",史朝义,武器,委羽囊,-,
"177","风雪稻香村","10人普通",史朝义,武器,霜颜囊,-,
"177","风雪稻香村","10人普通",史朝义,武器,青心笔,-,
"177","风雪稻香村","10人普通",史朝义,武器,鉴冰双剑,-,
"177","风雪稻香村","10人普通",史朝义,武器,悬明盾刀,-,
"177","风雪稻香村","10人普通",史朝义,武器,青心双刀,-,
"177","风雪稻香村","10人普通",史朝义,装备,鉴冰靴,-,
"177","风雪稻香村","10人普通",史朝义,武器,悬明枪,-,
"177","风雪稻香村","10人普通",史朝义,武器,涉津轻剑,-,
"177","风雪稻香村","10人普通",史朝义,装备,青心靴,-,
"177","风雪稻香村","10人普通",史朝义,武器,霜颜笛,-,
"177","风雪稻香村","10人普通",史朝义,饰品,鉴冰戒,-,
"177","风雪稻香村","10人普通",史朝义,装备,委羽靴,-,
"177","风雪稻香村","10人普通",史朝义,装备,涉津靴,-,
"177","风雪稻香村","10人普通",史朝义,装备,霜颜靴,-,
"177","风雪稻香村","10人普通",史朝义,饰品,青心戒,-,
"177","风雪稻香村","10人普通",史朝义,武器,涉津剑,-,
"177","风雪稻香村","10人普通",史朝义,武器,悬明双刀,-,
"177","风雪稻香村","10人普通",史朝义,饰品,悬明戒,-,
"177","风雪稻香村","10人普通",史朝义,装备,悬明靴,-,
"177","风雪稻香村","10人普通",史朝义,武器,涉津重剑,-,
"177","风雪稻香村","10人普通",黑鹰,武器,悬明杖,-,
"177","风雪稻香村","10人普通",黑鹰,武器,霜颜双剑,-,
"177","风雪稻香村","10人普通",黑鹰,装备,青心裤,-,
"177","风雪稻香村","10人普通",黑鹰,武器,鉴冰剑,-,
"177","风雪稻香村","10人普通",黑鹰,武器,涉津盾刀,-,
"177","风雪稻香村","10人普通",黑鹰,饰品,霜颜戒,-,
"177","风雪稻香村","10人普通",黑鹰,装备,委羽裤,-,
"177","风雪稻香村","10人普通",黑鹰,武器,委羽棒,-,
"177","风雪稻香村","10人普通",黑鹰,饰品,悬明戒,-,
"177","风雪稻香村","10人普通",黑鹰,武器,青心笔,-,
"177","风雪稻香村","10人普通",黑鹰,武器,霜颜笔,-,
"177","风雪稻香村","10人普通",黑鹰,武器,委羽弩,-,
"177","风雪稻香村","10人普通",黑鹰,装备,涉津裤,-,
"177","风雪稻香村","10人普通",黑鹰,武器,鉴冰笛,-,
"177","风雪稻香村","10人普通",黑鹰,装备,霜颜裤,-,
"177","风雪稻香村","10人普通",黑鹰,武器,鉴冰双剑,-,
"177","风雪稻香村","10人普通",黑鹰,武器,悬明盾刀,-,
"177","风雪稻香村","10人普通",黑鹰,装备,悬明裤,-,
"177","风雪稻香村","10人普通",黑鹰,武器,悬明枪,-,
"177","风雪稻香村","10人普通",黑鹰,武器,青心双刀,-,
"177","风雪稻香村","10人普通",黑鹰,装备,鉴冰帽,-,
"177","风雪稻香村","10人普通",黑鹰,武器,涉津轻剑,-,
"177","风雪稻香村","10人普通",黑鹰,装备,青心帽,-,
"177","风雪稻香村","10人普通",黑鹰,武器,霜颜笛,-,
"177","风雪稻香村","10人普通",黑鹰,饰品,鉴冰戒,-,
"177","风雪稻香村","10人普通",黑鹰,装备,委羽帽,-,
"177","风雪稻香村","10人普通",黑鹰,装备,涉津帽,-,
"177","风雪稻香村","10人普通",黑鹰,武器,青心棍,-,
"177","风雪稻香村","10人普通",黑鹰,武器,涉津剑,-,
"177","风雪稻香村","10人普通",黑鹰,装备,霜颜帽,-,
"177","风雪稻香村","10人普通",黑鹰,饰品,青心戒,-,
"177","风雪稻香村","10人普通",黑鹰,武器,悬明双刀,-,
"177","风雪稻香村","10人普通",黑鹰,装备,悬明帽,-,
"177","风雪稻香村","10人普通",黑鹰,武器,委羽枪,-,
"177","风雪稻香村","10人普通",黑鹰,武器,涉津重剑,-,
"177","风雪稻香村","10人普通",黑鹰,饰品,涉津戒,-,
"177","风雪稻香村","10人普通",黑鹰,饰品,委羽戒,-,
"177","风雪稻香村","10人普通",黑鹰,装备,鉴冰裤,-,
"177","风雪稻香村","10人普通",黑鹰,武器,青心弩,-,
"177","风雪稻香村","10人普通",无名,装备,鉴冰衫,-,
"177","风雪稻香村","10人普通",无名,武器,涉津剑,-,
"177","风雪稻香村","10人普通",无名,武器,涉津重剑,-,
"177","风雪稻香村","10人普通",无名,装备,鉴冰裤,-,
"177","风雪稻香村","10人普通",无名,装备,青心衫,-,
"177","风雪稻香村","10人普通",无名,饰品,霜颜链,-,
"177","风雪稻香村","10人普通",无名,武器,青心弩,-,
"177","风雪稻香村","10人普通",无名,装备,青心裤,-,
"177","风雪稻香村","10人普通",无名,武器,委羽枪,-,
"177","风雪稻香村","10人普通",无名,武器,霜颜双剑,-,
"177","风雪稻香村","10人普通",无名,装备,委羽衫,-,
"177","风雪稻香村","10人普通",无名,饰品,悬明链,-,
"177","风雪稻香村","10人普通",无名,装备,委羽裤,-,
"177","风雪稻香村","10人普通",无名,装备,涉津衫,-,
"177","风雪稻香村","10人普通",无名,武器,青心棍,-,
"177","风雪稻香村","10人普通",无名,武器,涉津盾刀,-,
"177","风雪稻香村","10人普通",无名,装备,涉津裤,-,
"177","风雪稻香村","10人普通",无名,武器,委羽棒,-,
"177","风雪稻香村","10人普通",无名,装备,霜颜衫,-,
"177","风雪稻香村","10人普通",无名,武器,鉴冰剑,-,
"177","风雪稻香村","10人普通",无名,武器,委羽弩,-,
"177","风雪稻香村","10人普通",无名,装备,霜颜裤,-,
"177","风雪稻香村","10人普通",无名,装备,悬明衫,-,
"177","风雪稻香村","10人普通",无名,武器,鉴冰笛,-,
"177","风雪稻香村","10人普通",无名,武器,悬明杖,-,
"177","风雪稻香村","10人普通",无名,武器,霜颜笔,-,
"177","风雪稻香村","10人普通",无名,饰品,鉴冰链,-,
"177","风雪稻香村","10人普通",无名,武器,悬明盾刀,-,
"177","风雪稻香村","10人普通",无名,武器,鉴冰双剑,-,
"177","风雪稻香村","10人普通",无名,武器,青心双刀,-,
"177","风雪稻香村","10人普通",无名,饰品,青心链,-,
"177","风雪稻香村","10人普通",无名,武器,涉津轻剑,-,
"177","风雪稻香村","10人普通",无名,武器,青心笔,-,
"177","风雪稻香村","10人普通",无名,武器,悬明枪,-,
"177","风雪稻香村","10人普通",无名,武器,霜颜笛,-,
"177","风雪稻香村","10人普通",无名,饰品,委羽链,-,
"177","风雪稻香村","10人普通",无名,饰品,涉津链,-,
"177","风雪稻香村","10人普通",无名,装备,悬明裤,-,
"177","风雪稻香村","10人普通",无名,武器,悬明双刀,-,
"178","风雪稻香村","25人英雄",莫寻常,饰品,百围通窍,-,
"178","风雪稻香村","25人英雄",莫寻常,饰品,未言而嘘,-,
"178","风雪稻香村","25人英雄",莫寻常,饰品,叱者咤叫,-,
"178","风雪稻香村","25人英雄",莫寻常,饰品,飘风大和,-,
"178","风雪稻香村","25人英雄",莫寻常,饰品,不见调调,-,
"178","风雪稻香村","25人英雄",莫寻常,饰品,桑林之舞,-,
"178","风雪稻香村","25人英雄",莫寻常,饰品,经首解饰坠,-,
"178","风雪稻香村","25人英雄",莫寻常,饰品,无名人家,-,
"178","风雪稻香村","25人英雄",莫寻常,武器,随缘就性,-,
"178","风雪稻香村","25人英雄",莫寻常,饰品,九贞储庆,-,
"178","风雪稻香村","25人英雄",莫寻常,饰品,炫宫垂一,-,
"178","风雪稻香村","25人英雄",莫寻常,武器,玉羹阳燧,-,
"178","风雪稻香村","25人英雄",莫寻常,武器,幽崽沧崖,-,
"178","风雪稻香村","25人英雄",莫寻常,饰品,瑶亭细啖,-,
"178","风雪稻香村","25人英雄",莫寻常,饰品,长回昔日,-,
"178","风雪稻香村","25人英雄",莫寻常,武器,黄柳中空,-,
"178","风雪稻香村","25人英雄",莫寻常,饰品,开运吉日,-,
"178","风雪稻香村","25人英雄",莫寻常,武器,其尊也鄙,-,
"178","风雪稻香村","25人英雄",莫寻常,饰品,越鹿骢枝,-,
"178","风雪稻香村","25人英雄",莫寻常,武器,合乐周张,-,
"178","风雪稻香村","25人英雄",莫寻常,饰品,风移步笙,-,
"178","风雪稻香村","25人英雄",莫寻常,饰品,大圭中龟,-,
"178","风雪稻香村","25人英雄",莫寻常,装备,骈拇歧指,-,
"178","风雪稻香村","25人英雄",莫寻常,装备,性哉手,-,
"178","风雪稻香村","25人英雄",莫寻常,装备,列五藏,-,
"178","风雪稻香村","25人英雄",莫寻常,装备,六律拂心,-,
"178","风雪稻香村","25人英雄",莫寻常,饰品,封禅望,-,
"178","风雪稻香村","25人英雄",莫寻常,装备,大吕扬墨,-,
"178","风雪稻香村","25人英雄",莫寻常,饰品,祭山川,-,
"178","风雪稻香村","25人英雄",莫寻常,装备,间五声,-,
"178","风雪稻香村","25人英雄",莫寻常,饰品,蒹葭白露,-,
"178","风雪稻香村","25人英雄",莫寻常,饰品,冰脂戒,-,
"178","风雪稻香村","25人英雄",莫寻常,饰品,青天岱岳戒,-,
"178","风雪稻香村","25人英雄",莫寻常,饰品,结绮临春戒,-,
"178","风雪稻香村","25人英雄",莫寻常,饰品,霜台柏叶戒,-,
"178","风雪稻香村","25人英雄",莫寻常,饰品,青天岱岳指环,-,
"178","风雪稻香村","25人英雄",莫寻常,饰品,结绮临春指环,-,
"178","风雪稻香村","25人英雄",莫寻常,饰品,霜台柏叶指环,-,
"178","风雪稻香村","25人英雄",莫寻常,装备,东青攥豹喉,-,
"178","风雪稻香村","25人英雄",莫寻常,装备,灵眷如焉,-,
"178","风雪稻香村","25人英雄",莫寻常,装备,醉抖三指,-,
"178","风雪稻香村","25人英雄",莫寻常,装备,良晨悔,-,
"178","风雪稻香村","25人英雄",莫寻常,装备,子所及,-,
"178","风雪稻香村","25人英雄",莫寻常,武器,离经辨志,-,
"178","风雪稻香村","25人英雄",莫寻常,武器,敬业乐群,-,
"178","风雪稻香村","25人英雄",莫寻常,装备,合如真,-,
"178","风雪稻香村","25人英雄",莫寻常,饰品,白狼玄焰指环,-,
"178","风雪稻香村","25人英雄",莫寻常,武器,博习亲师,-,
"178","风雪稻香村","25人英雄",莫寻常,装备,临风叹,-,
"178","风雪稻香村","25人英雄",莫寻常,饰品,白狼玄焰戒,-,
"178","风雪稻香村","25人英雄",莫寻常,装备,重岚翠,-,
"178","风雪稻香村","25人英雄",莫寻常,饰品,承圣志,-,
"178","风雪稻香村","25人英雄",莫寻常,饰品,周览东极,-,
"178","风雪稻香村","25人英雄",莫寻常,武器,论学取友,-,
"178","风雪稻香村","25人英雄",莫寻常,饰品,禁水玄蛟,-,
"178","风雪稻香村","25人英雄",莫寻常,饰品,汉备曼兽,-,
"178","风雪稻香村","25人英雄",莫寻常,饰品,郑佩王玉,-,
"178","风雪稻香村","25人英雄",莫寻常,饰品,步步功亏,-,
"178","风雪稻香村","25人英雄",莫寻常,饰品,戒情断欲,-,
"178","风雪稻香村","25人英雄",莫寻常,武器,同仇,-,
"178","风雪稻香村","25人英雄",莫寻常,饰品,难为圆囤,-,
"178","风雪稻香村","25人英雄",莫寻常,饰品,识随无涯,-,
"178","风雪稻香村","25人英雄",莫寻常,装备,缈沧溟,-,
"178","风雪稻香村","25人英雄",莫寻常,饰品,不亦洁乎,-,
"178","风雪稻香村","25人英雄",莫寻常,装备,漱琼瑶,-,
"178","风雪稻香村","25人英雄",莫寻常,装备,秋风原,-,
"178","风雪稻香村","25人英雄",莫寻常,装备,怖悲帷,-,
"178","风雪稻香村","25人英雄",莫寻常,装备,朝云升,-,
"178","风雪稻香村","25人英雄",莫寻常,装备,暮山横,-,
"178","风雪稻香村","25人英雄",莫寻常,武器,知类通达,-,
"178","风雪稻香村","25人英雄",地字一号,装备,银鸥千川,-,
"178","风雪稻香村","25人英雄",地字一号,饰品,百围通窍,-,
"178","风雪稻香村","25人英雄",地字一号,饰品,不亦洁乎,-,
"178","风雪稻香村","25人英雄",地字一号,饰品,叱者咤叫,-,
"178","风雪稻香村","25人英雄",地字一号,饰品,飘风大和,-,
"178","风雪稻香村","25人英雄",地字一号,饰品,炫宫垂一,-,
"178","风雪稻香村","25人英雄",地字一号,饰品,戒情断欲,-,
"178","风雪稻香村","25人英雄",地字一号,饰品,瑶亭细啖,-,
"178","风雪稻香村","25人英雄",地字一号,饰品,开运吉日,-,
"178","风雪稻香村","25人英雄",地字一号,饰品,步步功亏,-,
"178","风雪稻香村","25人英雄",地字一号,武器,恩泽声,-,
"178","风雪稻香村","25人英雄",地字一号,饰品,越鹿骢枝,-,
"178","风雪稻香村","25人英雄",地字一号,饰品,风移步笙,-,
"178","风雪稻香村","25人英雄",地字一号,武器,攀玉楼,-,
"178","风雪稻香村","25人英雄",地字一号,饰品,汉备曼兽,-,
"178","风雪稻香村","25人英雄",地字一号,武器,法界真言,-,
"178","风雪稻香村","25人英雄",地字一号,饰品,禁水玄蛟,-,
"178","风雪稻香村","25人英雄",地字一号,武器,不如不戒,-,
"178","风雪稻香村","25人英雄",地字一号,饰品,封禅望,-,
"178","风雪稻香村","25人英雄",地字一号,武器,写经换鹤,-,
"178","风雪稻香村","25人英雄",地字一号,饰品,周览东极,-,
"178","风雪稻香村","25人英雄",地字一号,饰品,承圣志,-,
"178","风雪稻香村","25人英雄",地字一号,饰品,蒹葭白露,-,
"178","风雪稻香村","25人英雄",地字一号,武器,凤泊鸾漂,-,
"178","风雪稻香村","25人英雄",地字一号,饰品,青天岱岳戒,-,
"178","风雪稻香村","25人英雄",地字一号,装备,蒲翼子,-,
"178","风雪稻香村","25人英雄",地字一号,饰品,结绮临春戒,-,
"178","风雪稻香村","25人英雄",地字一号,装备,藏仁露虚,-,
"178","风雪稻香村","25人英雄",地字一号,武器,甲子大任,-,
"178","风雪稻香村","25人英雄",地字一号,饰品,白狼玄焰戒,-,
"178","风雪稻香村","25人英雄",地字一号,饰品,霜台柏叶戒,-,
"178","风雪稻香村","25人英雄",地字一号,装备,叔慕汝腰,-,
"178","风雪稻香村","25人英雄",地字一号,饰品,青天岱岳指环,-,
"178","风雪稻香村","25人英雄",地字一号,装备,费知缺,-,
"178","风雪稻香村","25人英雄",地字一号,饰品,结绮临春指环,-,
"178","风雪稻香村","25人英雄",地字一号,装备,上下得始,-,
"178","风雪稻香村","25人英雄",地字一号,武器,青池渡,-,
"178","风雪稻香村","25人英雄",地字一号,饰品,白狼玄焰指环,-,
"178","风雪稻香村","25人英雄",地字一号,装备,神巫壶,-,
"178","风雪稻香村","25人英雄",地字一号,饰品,霜台柏叶指环,-,
"178","风雪稻香村","25人英雄",地字一号,装备,涉海凿河,-,
"178","风雪稻香村","25人英雄",地字一号,武器,清绝霖雨,-,
"178","风雪稻香村","25人英雄",地字一号,装备,超绝尘裤,-,
"178","风雪稻香村","25人英雄",地字一号,武器,已心倾,-,
"178","风雪稻香村","25人英雄",地字一号,装备,细品太昊,-,
"178","风雪稻香村","25人英雄",地字一号,装备,竟悠然裤,-,
"178","风雪稻香村","25人英雄",地字一号,武器,春光桃花,-,
"178","风雪稻香村","25人英雄",地字一号,武器,夜萧萧,-,
"178","风雪稻香村","25人英雄",地字一号,武器,空守病华年,-,
"178","风雪稻香村","25人英雄",地字一号,武器,啼断来鸿,-,
"178","风雪稻香村","25人英雄",地字一号,武器,冰肝补月,-,
"178","风雪稻香村","25人英雄",地字一号,武器,此生勋业,-,
"178","风雪稻香村","25人英雄",地字一号,武器,挂壶觞,-,
"178","风雪稻香村","25人英雄",地字一号,装备,可谅否,-,
"178","风雪稻香村","25人英雄",地字一号,装备,宁鱼嘻,-,
"178","风雪稻香村","25人英雄",地字一号,装备,复夹书事,-,
"178","风雪稻香村","25人英雄",地字一号,武器,聊而知命,-,
"178","风雪稻香村","25人英雄",地字一号,装备,千百万年,-,
"178","风雪稻香村","25人英雄",地字一号,装备,临行莫忘,-,
"178","风雪稻香村","25人英雄",地字一号,装备,冰宵小聚,-,
"178","风雪稻香村","25人英雄",地字一号,武器,南窗寄傲,-,
"178","风雪稻香村","25人英雄",地字一号,装备,此间真情,-,
"178","风雪稻香村","25人英雄",地字一号,武器,蜂蝶休猜,-,
"178","风雪稻香村","25人英雄",地字一号,装备,有战无功,-,
"178","风雪稻香村","25人英雄",地字一号,装备,大圣无求,-,
"178","风雪稻香村","25人英雄",地字一号,武器,清都狂客,-,
"178","风雪稻香村","25人英雄",地字一号,武器,离经辨志,-,
"178","风雪稻香村","25人英雄",地字一号,武器,敬业乐群,-,
"178","风雪稻香村","25人英雄",地字一号,武器,博习亲师,-,
"178","风雪稻香村","25人英雄",地字一号,饰品,冰脂戒,-,
"178","风雪稻香村","25人英雄",地字一号,武器,论学取友,-,
"178","风雪稻香村","25人英雄",地字一号,装备,海畔云山,-,
"178","风雪稻香村","25人英雄",地字一号,饰品,祭山川,-,
"178","风雪稻香村","25人英雄",地字一号,装备,兰庭幽意,-,
"178","风雪稻香村","25人英雄",地字一号,装备,风烟岁晚,-,
"178","风雪稻香村","25人英雄",地字一号,装备,落梅乱雪,-,
"178","风雪稻香村","25人英雄",地字一号,饰品,大圭中龟,-,
"178","风雪稻香村","25人英雄",地字一号,饰品,郑佩王玉,-,
"178","风雪稻香村","25人英雄",地字一号,武器,同仇,-,
"178","风雪稻香村","25人英雄",地字一号,饰品,长回昔日,-,
"178","风雪稻香村","25人英雄",地字一号,饰品,不见调调,-,
"178","风雪稻香村","25人英雄",地字一号,饰品,未言而嘘,-,
"178","风雪稻香村","25人英雄",地字一号,武器,知类通达,-,
"178","风雪稻香村","25人英雄",地字一号,装备,江流秋声,-,
"178","风雪稻香村","25人英雄",地字一号,装备,如何不和,-,
"178","风雪稻香村","25人英雄",地字一号,装备,道将军,-,
"178","风雪稻香村","25人英雄",地字一号,装备,吾深愧之,-,
"178","风雪稻香村","25人英雄",地字一号,装备,菩提自性,-,
"178","风雪稻香村","25人英雄",地字一号,装备,跃渊伏锋,-,
"178","风雪稻香村","25人英雄",地字一号,装备,甚诚甚真,-,
"178","风雪稻香村","25人英雄",地字一号,装备,光华蔓流,-,
"178","风雪稻香村","25人英雄",史朝义,饰品,桑林之舞,-,
"178","风雪稻香村","25人英雄",史朝义,饰品,经首解饰坠,-,
"178","风雪稻香村","25人英雄",史朝义,饰品,难为圆囤,-,
"178","风雪稻香村","25人英雄",史朝义,武器,恩泽声,-,
"178","风雪稻香村","25人英雄",史朝义,武器,攀玉楼,-,
"178","风雪稻香村","25人英雄",史朝义,饰品,玉醴泉,-,
"178","风雪稻香村","25人英雄",史朝义,武器,法界真言,-,
"178","风雪稻香村","25人英雄",史朝义,饰品,虎狼心,-,
"178","风雪稻香村","25人英雄",史朝义,饰品,水德之始,-,
"178","风雪稻香村","25人英雄",史朝义,饰品,寿考不忘,-,
"178","风雪稻香村","25人英雄",史朝义,饰品,朱绒饰坠,-,
"178","风雪稻香村","25人英雄",史朝义,武器,不如不戒,-,
"178","风雪稻香村","25人英雄",史朝义,装备,古闲人,-,
"178","风雪稻香村","25人英雄",史朝义,武器,写经换鹤,-,
"178","风雪稻香村","25人英雄",史朝义,装备,蚊负山,-,
"178","风雪稻香村","25人英雄",史朝义,装备,二虫分,-,
"178","风雪稻香村","25人英雄",史朝义,装备,蓄欲池足,-,
"178","风雪稻香村","25人英雄",史朝义,饰品,困山河,-,
"178","风雪稻香村","25人英雄",史朝义,装备,平万民激,-,
"178","风雪稻香村","25人英雄",史朝义,武器,凤泊鸾漂,-,
"178","风雪稻香村","25人英雄",史朝义,武器,甲子大任,-,
"178","风雪稻香村","25人英雄",史朝义,装备,神巫壶,-,
"178","风雪稻香村","25人英雄",史朝义,武器,青池渡,-,
"178","风雪稻香村","25人英雄",史朝义,饰品,乘槎随流,-,
"178","风雪稻香村","25人英雄",史朝义,装备,涉海凿河,-,
"178","风雪稻香村","25人英雄",史朝义,饰品,勒铭山阿,-,
"178","风雪稻香村","25人英雄",史朝义,装备,跃渊伏锋,-,
"178","风雪稻香村","25人英雄",史朝义,武器,清绝霖雨,-,
"178","风雪稻香村","25人英雄",史朝义,装备,超绝尘裤,-,
"178","风雪稻香村","25人英雄",史朝义,装备,细品太昊,-,
"178","风雪稻香村","25人英雄",史朝义,武器,已心倾,-,
"178","风雪稻香村","25人英雄",史朝义,装备,竟悠然裤,-,
"178","风雪稻香村","25人英雄",史朝义,武器,春光桃花,-,
"178","风雪稻香村","25人英雄",史朝义,武器,夜萧萧,-,
"178","风雪稻香村","25人英雄",史朝义,武器,空守病华年,-,
"178","风雪稻香村","25人英雄",史朝义,武器,啼断来鸿,-,
"178","风雪稻香村","25人英雄",史朝义,武器,冰肝补月,-,
"178","风雪稻香村","25人英雄",史朝义,装备,垂终起,-,
"178","风雪稻香村","25人英雄",史朝义,装备,足下半步,-,
"178","风雪稻香村","25人英雄",史朝义,装备,守且进,-,
"178","风雪稻香村","25人英雄",史朝义,装备,大兴舟师,-,
"178","风雪稻香村","25人英雄",史朝义,武器,此生勋业,-,
"178","风雪稻香村","25人英雄",史朝义,装备,东顾无忧,-,
"178","风雪稻香村","25人英雄",史朝义,装备,霸元帅,-,
"178","风雪稻香村","25人英雄",史朝义,武器,挂壶觞,-,
"178","风雪稻香村","25人英雄",史朝义,武器,聊而知命,-,
"178","风雪稻香村","25人英雄",史朝义,装备,冰宵小聚,-,
"178","风雪稻香村","25人英雄",史朝义,装备,道将军,-,
"178","风雪稻香村","25人英雄",史朝义,武器,南窗寄傲,-,
"178","风雪稻香村","25人英雄",史朝义,装备,此间真情,-,
"178","风雪稻香村","25人英雄",史朝义,装备,有战无功,-,
"178","风雪稻香村","25人英雄",史朝义,武器,蜂蝶休猜,-,
"178","风雪稻香村","25人英雄",史朝义,装备,大圣无求,-,
"178","风雪稻香村","25人英雄",史朝义,装备,如何不和,-,
"178","风雪稻香村","25人英雄",史朝义,武器,清都狂客,-,
"178","风雪稻香村","25人英雄",史朝义,武器,离经辨志,-,
"178","风雪稻香村","25人英雄",史朝义,武器,敬业乐群,-,
"178","风雪稻香村","25人英雄",史朝义,饰品,涧水鸣弦,-,
"178","风雪稻香村","25人英雄",史朝义,饰品,菱歌清唱,-,
"178","风雪稻香村","25人英雄",史朝义,饰品,霜台柏叶指环,-,
"178","风雪稻香村","25人英雄",史朝义,饰品,白狼玄焰指环,-,
"178","风雪稻香村","25人英雄",史朝义,饰品,结绮临春指环,-,
"178","风雪稻香村","25人英雄",史朝义,饰品,青天岱岳指环,-,
"178","风雪稻香村","25人英雄",史朝义,饰品,霜台柏叶戒,-,
"178","风雪稻香村","25人英雄",史朝义,饰品,白狼玄焰戒,-,
"178","风雪稻香村","25人英雄",史朝义,武器,博习亲师,-,
"178","风雪稻香村","25人英雄",史朝义,饰品,结绮临春戒,-,
"178","风雪稻香村","25人英雄",史朝义,饰品,青天岱岳戒,-,
"178","风雪稻香村","25人英雄",史朝义,饰品,天下皆虏,-,
"178","风雪稻香村","25人英雄",史朝义,武器,论学取友,-,
"178","风雪稻香村","25人英雄",史朝义,饰品,九贞储庆,-,
"178","风雪稻香村","25人英雄",史朝义,饰品,无名人家,-,
"178","风雪稻香村","25人英雄",史朝义,饰品,识随无涯,-,
"178","风雪稻香村","25人英雄",史朝义,武器,同仇,-,
"178","风雪稻香村","25人英雄",史朝义,武器,知类通达,-,
"178","风雪稻香村","25人英雄",史朝义,装备,应帝王归,-,
"178","风雪稻香村","25人英雄",黑鹰,装备,蘅若春华,-,
"178","风雪稻香村","25人英雄",黑鹰,装备,落木晴晖,-,
"178","风雪稻香村","25人英雄",黑鹰,饰品,炫宫垂一,-,
"178","风雪稻香村","25人英雄",黑鹰,饰品,戒情断欲,-,
"178","风雪稻香村","25人英雄",黑鹰,饰品,长回昔日,-,
"178","风雪稻香村","25人英雄",黑鹰,饰品,开运吉日,-,
"178","风雪稻香村","25人英雄",黑鹰,饰品,步步功亏,-,
"178","风雪稻香村","25人英雄",黑鹰,武器,恩泽声,-,
"178","风雪稻香村","25人英雄",黑鹰,武器,攀玉楼,-,
"178","风雪稻香村","25人英雄",黑鹰,武器,法界真言,-,
"178","风雪稻香村","25人英雄",黑鹰,饰品,玉醴泉,-,
"178","风雪稻香村","25人英雄",黑鹰,饰品,天下皆虏,-,
"178","风雪稻香村","25人英雄",黑鹰,饰品,水德之始,-,
"178","风雪稻香村","25人英雄",黑鹰,饰品,寿考不忘,-,
"178","风雪稻香村","25人英雄",黑鹰,武器,不如不戒,-,
"178","风雪稻香村","25人英雄",黑鹰,饰品,祭山川,-,
"178","风雪稻香村","25人英雄",黑鹰,武器,写经换鹤,-,
"178","风雪稻香村","25人英雄",黑鹰,饰品,承圣志,-,
"178","风雪稻香村","25人英雄",黑鹰,饰品,冰脂戒,-,
"178","风雪稻香村","25人英雄",黑鹰,武器,凤泊鸾漂,-,
"178","风雪稻香村","25人英雄",黑鹰,武器,甲子大任,-,
"178","风雪稻香村","25人英雄",黑鹰,武器,青池渡,-,
"178","风雪稻香村","25人英雄",黑鹰,武器,清绝霖雨,-,
"178","风雪稻香村","25人英雄",黑鹰,武器,已心倾,-,
"178","风雪稻香村","25人英雄",黑鹰,武器,春光桃花,-,
"178","风雪稻香村","25人英雄",黑鹰,装备,圣化诸燥,-,
"178","风雪稻香村","25人英雄",黑鹰,装备,渺之天下治,-,
"178","风雪稻香村","25人英雄",黑鹰,装备,熏皂清魁巾,-,
"178","风雪稻香村","25人英雄",黑鹰,装备,绕岸殷丝,-,
"178","风雪稻香村","25人英雄",黑鹰,武器,夜萧萧,-,
"178","风雪稻香村","25人英雄",黑鹰,装备,凡缘皆覆,-,
"178","风雪稻香村","25人英雄",黑鹰,武器,空守病华年,-,
"178","风雪稻香村","25人英雄",黑鹰,武器,啼断来鸿,-,
"178","风雪稻香村","25人英雄",黑鹰,武器,冰肝补月,-,
"178","风雪稻香村","25人英雄",黑鹰,武器,此生勋业,-,
"178","风雪稻香村","25人英雄",黑鹰,武器,挂壶觞,-,
"178","风雪稻香村","25人英雄",黑鹰,武器,聊而知命,-,
"178","风雪稻香村","25人英雄",黑鹰,武器,南窗寄傲,-,
"178","风雪稻香村","25人英雄",黑鹰,武器,蜂蝶休猜,-,
"178","风雪稻香村","25人英雄",黑鹰,武器,清都狂客,-,
"178","风雪稻香村","25人英雄",黑鹰,装备,无贵妃,-,
"178","风雪稻香村","25人英雄",黑鹰,装备,太庙浮章,-,
"178","风雪稻香村","25人英雄",黑鹰,武器,离经辨志,-,
"178","风雪稻香村","25人英雄",黑鹰,装备,钧天舞光,-,
"178","风雪稻香村","25人英雄",黑鹰,装备,刑命无压,-,
"178","风雪稻香村","25人英雄",黑鹰,装备,神炜格思,-,
"178","风雪稻香村","25人英雄",黑鹰,装备,凤离龙,-,
"178","风雪稻香村","25人英雄",黑鹰,武器,敬业乐群,-,
"178","风雪稻香村","25人英雄",黑鹰,武器,博习亲师,-,
"178","风雪稻香村","25人英雄",黑鹰,饰品,蒹葭白露,-,
"178","风雪稻香村","25人英雄",黑鹰,饰品,周览东极,-,
"178","风雪稻香村","25人英雄",黑鹰,武器,论学取友,-,
"178","风雪稻香村","25人英雄",黑鹰,饰品,封禅望,-,
"178","风雪稻香村","25人英雄",黑鹰,饰品,朱绒饰坠,-,
"178","风雪稻香村","25人英雄",黑鹰,饰品,虎狼心,-,
"178","风雪稻香村","25人英雄",黑鹰,装备,影镂碎金,-,
"178","风雪稻香村","25人英雄",黑鹰,装备,连沙白鹭,-,
"178","风雪稻香村","25人英雄",黑鹰,饰品,瑶亭细啖,-,
"178","风雪稻香村","25人英雄",黑鹰,武器,同仇,-,
"178","风雪稻香村","25人英雄",黑鹰,装备,秋山琴月,-,
"178","风雪稻香村","25人英雄",黑鹰,装备,皓濯鸿霜,-,
"178","风雪稻香村","25人英雄",黑鹰,装备,燕戟驰锋,-,
"178","风雪稻香村","25人英雄",黑鹰,武器,知类通达,-,
"178","风雪稻香村","25人英雄",黑鹰,装备,焉角脊,-,
"178","风雪稻香村","25人英雄",黑鹰,装备,北望神州,-,
"178","风雪稻香村","25人英雄",无名,武器,盖穹苍,-,
"178","风雪稻香村","25人英雄",无名,武器,奋扬武德,-,
"178","风雪稻香村","25人英雄",无名,武器,天地一苍茫,-,
"178","风雪稻香村","25人英雄",无名,饰品,觅影瓶,-,
"178","风雪稻香村","25人英雄",无名,武器,北林晨风,-,
"178","风雪稻香村","25人英雄",无名,武器,长鲸,-,
"178","风雪稻香村","25人英雄",无名,武器,阐并天下,-,
"178","风雪稻香村","25人英雄",无名,武器,赫怒震神威,-,
"178","风雪稻香村","25人英雄",无名,武器,悲辛千载,-,
"178","风雪稻香村","25人英雄",无名,武器,在水一方,-,
"178","风雪稻香村","25人英雄",无名,武器,喷云雷,-,
"178","风雪稻香村","25人英雄",无名,武器,忧心如醉,-,
"178","风雪稻香村","25人英雄",无名,武器,射海,-,
"178","风雪稻香村","25人英雄",无名,武器,北射天狼,-,
"178","风雪稻香村","25人英雄",无名,饰品,戒情断欲,-,
"178","风雪稻香村","25人英雄",无名,武器,九宇空,-,
"178","风雪稻香村","25人英雄",无名,武器,虎视六合,-,
"178","风雪稻香村","25人英雄",无名,饰品,长回昔日,-,
"178","风雪稻香村","25人英雄",无名,武器,开函谷,-,
"178","风雪稻香村","25人英雄",无名,武器,焚百家,-,
"178","风雪稻香村","25人英雄",无名,饰品,步步功亏,-,
"178","风雪稻香村","25人英雄",无名,武器,立天道,-,
"178","风雪稻香村","25人英雄",无名,饰品,封禅望,-,
"178","风雪稻香村","25人英雄",无名,饰品,祭山川,-,
"178","风雪稻香村","25人英雄",无名,饰品,承圣志,-,
"178","风雪稻香村","25人英雄",无名,饰品,蒹葭白露,-,
"178","风雪稻香村","25人英雄",无名宝箱,饰品,蜀中百变·重葛,-,
"178","风雪稻香村","25人英雄",无名,饰品,凰影赤骥·金络,-,
"178","风雪稻香村","25人英雄",无名,装备,神巫壶,-,
"178","风雪稻香村","25人英雄",无名,装备,涉海凿河,-,
"178","风雪稻香村","25人英雄",无名,装备,跃渊伏锋,-,
"178","风雪稻香村","25人英雄",无名,装备,超绝尘裤,-,
"178","风雪稻香村","25人英雄",无名,装备,细品太昊,-,
"178","风雪稻香村","25人英雄",无名,装备,竟悠然裤,-,
"178","风雪稻香村","25人英雄",无名,装备,凝灵盖,-,
"178","风雪稻香村","25人英雄",无名,装备,油背子裳,-,
"178","风雪稻香村","25人英雄",无名,装备,何不二过,-,
"178","风雪稻香村","25人英雄",无名,装备,迁怒齐人,-,
"178","风雪稻香村","25人英雄",无名,装备,慈名为风,-,
"178","风雪稻香村","25人英雄",无名,装备,冰宵小聚,-,
"178","风雪稻香村","25人英雄",无名,装备,道将军,-,
"178","风雪稻香村","25人英雄",无名,装备,此间真情,-,
"178","风雪稻香村","25人英雄",无名,装备,有战无功,-,
"178","风雪稻香村","25人英雄",无名,装备,大圣无求,-,
"178","风雪稻香村","25人英雄",无名,装备,如何不和,-,
"178","风雪稻香村","25人英雄",无名,武器,离经辨志,-,
"178","风雪稻香村","25人英雄",无名,装备,封秦庐棚,-,
"178","风雪稻香村","25人英雄",无名,装备,大基之舞,-,
"178","风雪稻香村","25人英雄",无名,装备,晋盛卫亏,-,
"178","风雪稻香村","25人英雄",无名,武器,敬业乐群,-,
"178","风雪稻香村","25人英雄",无名,装备,天维地轴,-,
"178","风雪稻香村","25人英雄",无名,装备,旧人新装,-,
"178","风雪稻香村","25人英雄",无名,武器,博习亲师,-,
"178","风雪稻香村","25人英雄",无名,饰品,凰影赤骥·绯影,-,
"178","风雪稻香村","25人英雄",无名,饰品,影傀儡,-,
"178","风雪稻香村","25人英雄",无名,饰品,冰脂戒,-,
"178","风雪稻香村","25人英雄",无名,饰品,周览东极,-,
"178","风雪稻香村","25人英雄",无名,武器,论学取友,-,
"178","风雪稻香村","25人英雄",无名,饰品,开运吉日,-,
"178","风雪稻香村","25人英雄",无名,饰品,瑶亭细啖,-,
"178","风雪稻香村","25人英雄",无名,饰品,炫宫垂一,-,
"178","风雪稻香村","25人英雄",无名,武器,同仇,-,
"178","风雪稻香村","25人英雄",无名,武器,一昧雌雄,-,
"178","风雪稻香村","25人英雄",无名,装备,无常王命,-,
"178","风雪稻香村","25人英雄",无名,装备,若隐玄机衣,-,
"178","风雪稻香村","25人英雄",无名,武器,万人伤,-,
"178","风雪稻香村","25人英雄",无名,武器,决浮云,-,
"178","风雪稻香村","25人英雄",无名,武器,知类通达,-,
"985","血战天策·决战","10人普通",独孤问俗,装备,伏念护手,-,
"985","血战天策·决战","10人普通",独孤问俗,装备,温傅护手,-,
"985","血战天策·决战","10人普通",独孤问俗,装备,颉跌护手,-,
"985","血战天策·决战","10人普通",独孤问俗,饰品,逸湘坠,-,
"985","血战天策·决战","10人普通",独孤问俗,饰品,路辉坠,-,
"985","血战天策·决战","10人普通",独孤问俗,饰品,荷戈坠,-,
"985","血战天策·决战","10人普通",独孤问俗,饰品,飘蓬坠,-,
"985","血战天策·决战","10人普通",独孤问俗,饰品,厚苍坠,-,
"985","血战天策·决战","10人普通",独孤问俗,饰品,讼闲坠,-,
"985","血战天策·决战","10人普通",独孤问俗,饰品,黑沙戒,-,
"985","血战天策·决战","10人普通",独孤问俗,饰品,俄特戒,-,
"985","血战天策·决战","10人普通",独孤问俗,饰品,沙吒戒,-,
"985","血战天策·决战","10人普通",独孤问俗,饰品,莫贺戒,-,
"985","血战天策·决战","10人普通",独孤问俗,饰品,松漠戒,-,
"985","血战天策·决战","10人普通",独孤问俗,饰品,珍寇戒,-,
"985","血战天策·决战","10人普通",独孤问俗,装备,贵霜护手,-,
"985","血战天策·决战","10人普通",独孤问俗,装备,柔然护手,-,
"985","血战天策·决战","10人普通",独孤问俗,装备,康鞘护手,-,
"985","血战天策·决战","10人普通",沙叱博,武器,毗沙棍,-,
"985","血战天策·决战","10人普通",沙叱博,装备,晏平腰带,-,
"985","血战天策·决战","10人普通",沙叱博,装备,承泰腰带,-,
"985","血战天策·决战","10人普通",沙叱博,装备,祯明腰带,-,
"985","血战天策·决战","10人普通",沙叱博,装备,申瑞腰带,-,
"985","血战天策·决战","10人普通",沙叱博,装备,泰常腰带,-,
"985","血战天策·决战","10人普通",沙叱博,武器,三乘杖,-,
"985","血战天策·决战","10人普通",沙叱博,装备,宣乾腰带,-,
"985","血战天策·决战","10人普通",沙叱博,武器,柏梁笔,-,
"985","血战天策·决战","10人普通",沙叱博,武器,兰皋笔,-,
"985","血战天策·决战","10人普通",沙叱博,武器,勒归枪,-,
"985","血战天策·决战","10人普通",沙叱博,武器,无畴枪,-,
"985","血战天策·决战","10人普通",沙叱博,武器,篆烟剑,-,
"985","血战天策·决战","10人普通",沙叱博,武器,浮丘剑,-,
"985","血战天策·决战","10人普通",沙叱博,武器,香绕双剑,-,
"985","血战天策·决战","10人普通",沙叱博,武器,蕙余双剑,-,
"985","血战天策·决战","10人普通",沙叱博,武器,千凝笛,-,
"985","血战天策·决战","10人普通",沙叱博,武器,夕岚笛,-,
"985","血战天策·决战","10人普通",沙叱博,武器,醉眠弩,-,
"985","血战天策·决战","10人普通",沙叱博,武器,游空弩,-,
"985","血战天策·决战","10人普通",沙叱博,饰品,永元链,-,
"985","血战天策·决战","10人普通",沙叱博,饰品,延熹链,-,
"985","血战天策·决战","10人普通",沙叱博,饰品,昭宁链,-,
"985","血战天策·决战","10人普通",沙叱博,武器,荆衡轻剑,-,
"985","血战天策·决战","10人普通",沙叱博,饰品,开耀链,-,
"985","血战天策·决战","10人普通",沙叱博,饰品,鸿嘉链,-,
"985","血战天策·决战","10人普通",沙叱博,饰品,乾封链,-,
"985","血战天策·决战","10人普通",沙叱博,武器,风期重剑,-,
"985","血战天策·决战","10人普通",沙叱博,武器,松醪棒,-,
"985","血战天策·决战","10人普通",沙叱博,饰品,黑沙戒,-,
"985","血战天策·决战","10人普通",沙叱博,饰品,俄特戒,-,
"985","血战天策·决战","10人普通",沙叱博,武器,限意双刀,-,
"985","血战天策·决战","10人普通",沙叱博,饰品,沙吒戒,-,
"985","血战天策·决战","10人普通",沙叱博,饰品,莫贺戒,-,
"985","血战天策·决战","10人普通",沙叱博,武器,猎火双刀,-,
"985","血战天策·决战","10人普通",沙叱博,饰品,松漠戒,-,
"985","血战天策·决战","10人普通",沙叱博,武器,勒归盾刀,-,
"985","血战天策·决战","10人普通",沙叱博,武器,无畴盾刀,-,
"985","血战天策·决战","10人普通",沙叱博,饰品,珍寇戒,-,
"985","血战天策·决战","10人普通",黑齿元佑,武器,沙赫囊,-,
"985","血战天策·决战","10人普通",黑齿元佑,装备,泰定靴,-,
"985","血战天策·决战","10人普通",黑齿元佑,装备,洪熙靴,-,
"985","血战天策·决战","10人普通",黑齿元佑,装备,宣德靴,-,
"985","血战天策·决战","10人普通",黑齿元佑,装备,景泰靴,-,
"985","血战天策·决战","10人普通",黑齿元佑,武器,毗沙棍,-,
"985","血战天策·决战","10人普通",黑齿元佑,装备,弘治靴,-,
"985","血战天策·决战","10人普通",黑齿元佑,装备,天启靴,-,
"985","血战天策·决战","10人普通",黑齿元佑,武器,三乘杖,-,
"985","血战天策·决战","10人普通",黑齿元佑,武器,柏梁笔,-,
"985","血战天策·决战","10人普通",黑齿元佑,武器,兰皋笔,-,
"985","血战天策·决战","10人普通",黑齿元佑,武器,勒归枪,-,
"985","血战天策·决战","10人普通",黑齿元佑,武器,无畴枪,-,
"985","血战天策·决战","10人普通",黑齿元佑,武器,篆烟剑,-,
"985","血战天策·决战","10人普通",黑齿元佑,武器,浮丘剑,-,
"985","血战天策·决战","10人普通",黑齿元佑,武器,香绕双剑,-,
"985","血战天策·决战","10人普通",黑齿元佑,武器,蕙余双剑,-,
"985","血战天策·决战","10人普通",黑齿元佑,武器,千凝笛,-,
"985","血战天策·决战","10人普通",黑齿元佑,武器,夕岚笛,-,
"985","血战天策·决战","10人普通",黑齿元佑,武器,醉眠弩,-,
"985","血战天策·决战","10人普通",黑齿元佑,武器,游空弩,-,
"985","血战天策·决战","10人普通",黑齿元佑,武器,荆衡轻剑,-,
"985","血战天策·决战","10人普通",黑齿元佑,武器,风期重剑,-,
"985","血战天策·决战","10人普通",黑齿元佑,武器,松醪棒,-,
"985","血战天策·决战","10人普通",黑齿元佑,武器,钦化囊,-,
"985","血战天策·决战","10人普通",黑齿元佑,饰品,黑沙戒,-,
"985","血战天策·决战","10人普通",黑齿元佑,武器,限意双刀,-,
"985","血战天策·决战","10人普通",黑齿元佑,饰品,俄特戒,-,
"985","血战天策·决战","10人普通",黑齿元佑,武器,肯特囊,-,
"985","血战天策·决战","10人普通",黑齿元佑,武器,猎火双刀,-,
"985","血战天策·决战","10人普通",黑齿元佑,饰品,莫贺戒,-,
"985","血战天策·决战","10人普通",黑齿元佑,饰品,松漠戒,-,
"985","血战天策·决战","10人普通",黑齿元佑,饰品,珍寇戒,-,
"985","血战天策·决战","10人普通",黑齿元佑,武器,谧楠囊,-,
"985","血战天策·决战","10人普通",黑齿元佑,武器,瑟痕囊,-,
"985","血战天策·决战","10人普通",黑齿元佑,武器,勒归盾刀,-,
"985","血战天策·决战","10人普通",黑齿元佑,武器,无畴盾刀,-,
"985","血战天策·决战","10人普通",黑齿元佑,武器,迦真囊,-,
"985","血战天策·决战","10人普通",黑齿元佑,饰品,沙吒戒,-,
"985","血战天策·决战","10人普通",苏曼莎,武器,毗沙棍,-,
"985","血战天策·决战","10人普通",苏曼莎,武器,三乘杖,-,
"985","血战天策·决战","10人普通",苏曼莎,装备,池台裤,-,
"985","血战天策·决战","10人普通",苏曼莎,装备,都速裤,-,
"985","血战天策·决战","10人普通",苏曼莎,武器,柏梁笔,-,
"985","血战天策·决战","10人普通",苏曼莎,装备,雍虞裤,-,
"985","血战天策·决战","10人普通",苏曼莎,装备,利珍裤,-,
"985","血战天策·决战","10人普通",苏曼莎,装备,韦韧裤,-,
"985","血战天策·决战","10人普通",苏曼莎,装备,飒曼帽,-,
"985","血战天策·决战","10人普通",苏曼莎,武器,兰皋笔,-,
"985","血战天策·决战","10人普通",苏曼莎,装备,那瑰帽,-,
"985","血战天策·决战","10人普通",苏曼莎,装备,拉姆帽,-,
"985","血战天策·决战","10人普通",苏曼莎,装备,登利帽,-,
"985","血战天策·决战","10人普通",苏曼莎,装备,梅麓帽,-,
"985","血战天策·决战","10人普通",苏曼莎,装备,思泰帽,-,
"985","血战天策·决战","10人普通",苏曼莎,武器,勒归枪,-,
"985","血战天策·决战","10人普通",苏曼莎,武器,无畴枪,-,
"985","血战天策·决战","10人普通",苏曼莎,武器,篆烟剑,-,
"985","血战天策·决战","10人普通",苏曼莎,武器,浮丘剑,-,
"985","血战天策·决战","10人普通",苏曼莎,武器,香绕双剑,-,
"985","血战天策·决战","10人普通",苏曼莎,武器,蕙余双剑,-,
"985","血战天策·决战","10人普通",苏曼莎,武器,千凝笛,-,
"985","血战天策·决战","10人普通",苏曼莎,武器,夕岚笛,-,
"985","血战天策·决战","10人普通",苏曼莎,武器,醉眠弩,-,
"985","血战天策·决战","10人普通",苏曼莎,武器,游空弩,-,
"985","血战天策·决战","10人普通",苏曼莎,武器,荆衡轻剑,-,
"985","血战天策·决战","10人普通",苏曼莎,武器,风期重剑,-,
"985","血战天策·决战","10人普通",苏曼莎,武器,松醪棒,-,
"985","血战天策·决战","10人普通",苏曼莎,饰品,黑沙戒,-,
"985","血战天策·决战","10人普通",苏曼莎,饰品,俄特戒,-,
"985","血战天策·决战","10人普通",苏曼莎,武器,限意双刀,-,
"985","血战天策·决战","10人普通",苏曼莎,饰品,沙吒戒,-,
"985","血战天策·决战","10人普通",苏曼莎,饰品,莫贺戒,-,
"985","血战天策·决战","10人普通",苏曼莎,武器,猎火双刀,-,
"985","血战天策·决战","10人普通",苏曼莎,饰品,松漠戒,-,
"985","血战天策·决战","10人普通",苏曼莎,饰品,珍寇戒,-,
"985","血战天策·决战","10人普通",苏曼莎,武器,勒归盾刀,-,
"985","血战天策·决战","10人普通",苏曼莎,武器,无畴盾刀,-,
"985","血战天策·决战","10人普通",苏曼莎,装备,钦羽裤,-,
"985","血战天策·决战","10人普通",令狐伤,武器,毗沙棍,-,
"985","血战天策·决战","10人普通",令狐伤,武器,三乘杖,-,
"985","血战天策·决战","10人普通",令狐伤,装备,钦羽裤,-,
"985","血战天策·决战","10人普通",令狐伤,装备,池台裤,-,
"985","血战天策·决战","10人普通",令狐伤,武器,柏梁笔,-,
"985","血战天策·决战","10人普通",令狐伤,装备,都速裤,-,
"985","血战天策·决战","10人普通",令狐伤,装备,雍虞裤,-,
"985","血战天策·决战","10人普通",令狐伤,装备,利珍裤,-,
"985","血战天策·决战","10人普通",令狐伤,装备,韦韧裤,-,
"985","血战天策·决战","10人普通",令狐伤,武器,兰皋笔,-,
"985","血战天策·决战","10人普通",令狐伤,武器,勒归枪,-,
"985","血战天策·决战","10人普通",令狐伤,装备,凫水衫,-,
"985","血战天策·决战","10人普通",令狐伤,装备,步离衫,-,
"985","血战天策·决战","10人普通",令狐伤,装备,凌烁衫,-,
"985","血战天策·决战","10人普通",令狐伤,武器,无畴枪,-,
"985","血战天策·决战","10人普通",令狐伤,装备,惠临衫,-,
"985","血战天策·决战","10人普通",令狐伤,装备,白鸿衫,-,
"985","血战天策·决战","10人普通",令狐伤,装备,贤涉衫,-,
"985","血战天策·决战","10人普通",令狐伤,武器,篆烟剑,-,
"985","血战天策·决战","10人普通",令狐伤,武器,浮丘剑,-,
"985","血战天策·决战","10人普通",令狐伤,武器,香绕双剑,-,
"985","血战天策·决战","10人普通",令狐伤,武器,蕙余双剑,-,
"985","血战天策·决战","10人普通",令狐伤,武器,千凝笛,-,
"985","血战天策·决战","10人普通",令狐伤,武器,夕岚笛,-,
"985","血战天策·决战","10人普通",令狐伤,武器,醉眠弩,-,
"985","血战天策·决战","10人普通",令狐伤,武器,游空弩,-,
"985","血战天策·决战","10人普通",令狐伤,饰品,永元链,-,
"985","血战天策·决战","10人普通",令狐伤,饰品,延熹链,-,
"985","血战天策·决战","10人普通",令狐伤,武器,荆衡轻剑,-,
"985","血战天策·决战","10人普通",令狐伤,饰品,昭宁链,-,
"985","血战天策·决战","10人普通",令狐伤,饰品,鸿嘉链,-,
"985","血战天策·决战","10人普通",令狐伤,饰品,乾封链,-,
"985","血战天策·决战","10人普通",令狐伤,武器,风期重剑,-,
"985","血战天策·决战","10人普通",令狐伤,武器,松醪棒,-,
"985","血战天策·决战","10人普通",令狐伤,武器,限意双刀,-,
"985","血战天策·决战","10人普通",令狐伤,武器,猎火双刀,-,
"985","血战天策·决战","10人普通",令狐伤,武器,勒归盾刀,-,
"985","血战天策·决战","10人普通",令狐伤,武器,无畴盾刀,-,
"985","血战天策·决战","10人普通",令狐伤,饰品,开耀链,-,
"986","血战天策·决战","25人英雄",独孤问俗,武器,碎曳囊,-,
"986","血战天策·决战","25人英雄",独孤问俗,武器,康缤囊,-,
"986","血战天策·决战","25人英雄",独孤问俗,武器,安穆囊,-,
"986","血战天策·决战","25人英雄",独孤问俗,武器,赭羯囊,-,
"986","血战天策·决战","25人英雄",独孤问俗,武器,笃娑囊,-,
"986","血战天策·决战","25人英雄",独孤问俗,武器,勒伽囊,-,
"986","血战天策·决战","25人英雄",独孤问俗,武器,尤别囊,-,
"986","血战天策·决战","25人英雄",独孤问俗,武器,埃米囊,-,
"986","血战天策·决战","25人英雄",独孤问俗,武器,波伊囊,-,
"986","血战天策·决战","25人英雄",独孤问俗,武器,栎暮囊,-,
"986","血战天策·决战","25人英雄",独孤问俗,武器,弗泽囊,-,
"986","血战天策·决战","25人英雄",独孤问俗,武器,鹤悉囊,-,
"986","血战天策·决战","25人英雄",独孤问俗,装备,索格护手,-,
"986","血战天策·决战","25人英雄",独孤问俗,装备,亚纳护手,-,
"986","血战天策·决战","25人英雄",独孤问俗,装备,羌渠护手,-,
"986","血战天策·决战","25人英雄",独孤问俗,装备,悉万护手,-,
"986","血战天策·决战","25人英雄",独孤问俗,装备,萨末护手,-,
"986","血战天策·决战","25人英雄",独孤问俗,装备,维塔护手,-,
"986","血战天策·决战","25人英雄",独孤问俗,装备,赭时护手,-,
"986","血战天策·决战","25人英雄",独孤问俗,装备,秣贺护手,-,
"986","血战天策·决战","25人英雄",独孤问俗,装备,霜迦护手,-,
"986","血战天策·决战","25人英雄",独孤问俗,装备,夜塞护手,-,
"986","血战天策·决战","25人英雄",独孤问俗,装备,佉沙护手,-,
"986","血战天策·决战","25人英雄",独孤问俗,装备,突力护手,-,
"986","血战天策·决战","25人英雄",独孤问俗,装备,荒烟瞑,-,
"986","血战天策·决战","25人英雄",独孤问俗,装备,凌彦节,-,
"986","血战天策·决战","25人英雄",独孤问俗,装备,燕丹血,-,
"986","血战天策·决战","25人英雄",独孤问俗,装备,朔风言,-,
"986","血战天策·决战","25人英雄",独孤问俗,装备,楚狂歌,-,
"986","血战天策·决战","25人英雄",独孤问俗,装备,北雪晴,-,
"986","血战天策·决战","25人英雄",独孤问俗,装备,峙天嵩,-,
"986","血战天策·决战","25人英雄",独孤问俗,装备,浮金阙,-,
"986","血战天策·决战","25人英雄",独孤问俗,饰品,永光链,-,
"986","血战天策·决战","25人英雄",独孤问俗,饰品,元朔链,-,
"986","血战天策·决战","25人英雄",独孤问俗,饰品,元鼎链,-,
"986","血战天策·决战","25人英雄",独孤问俗,饰品,元封链,-,
"986","血战天策·决战","25人英雄",独孤问俗,饰品,元平链,-,
"986","血战天策·决战","25人英雄",独孤问俗,饰品,永初链,-,
"986","血战天策·决战","25人英雄",独孤问俗,饰品,元延链,-,
"986","血战天策·决战","25人英雄",独孤问俗,饰品,章和链,-,
"986","血战天策·决战","25人英雄",独孤问俗,饰品,延光链,-,
"986","血战天策·决战","25人英雄",独孤问俗,饰品,永嘉链,-,
"986","血战天策·决战","25人英雄",独孤问俗,饰品,莫离戒,-,
"986","血战天策·决战","25人英雄",独孤问俗,饰品,悉颉戒,-,
"986","血战天策·决战","25人英雄",独孤问俗,饰品,空翠沾衣戒,-,
"986","血战天策·决战","25人英雄",独孤问俗,饰品,花落闲庭戒,-,
"986","血战天策·决战","25人英雄",独孤问俗,饰品,玉山偕隐戒,-,
"986","血战天策·决战","25人英雄",独孤问俗,饰品,空翠沾衣指环,-,
"986","血战天策·决战","25人英雄",独孤问俗,饰品,花落闲庭指环,-,
"986","血战天策·决战","25人英雄",独孤问俗,饰品,玉山偕隐指环,-,
"986","血战天策·决战","25人英雄",独孤问俗,饰品,孤帆平明指环,-,
"986","血战天策·决战","25人英雄",独孤问俗,饰品,孤帆平明戒,-,
"986","血战天策·决战","25人英雄",独孤问俗,饰品,元狩链,-,
"986","血战天策·决战","25人英雄",独孤问俗,饰品,毕鄂戒,-,
"986","血战天策·决战","25人英雄",独孤问俗,饰品,思太戒,-,
"986","血战天策·决战","25人英雄",独孤问俗,饰品,元康链,-,
"986","血战天策·决战","25人英雄",独孤问俗,饰品,道奴戒,-,
"986","血战天策·决战","25人英雄",独孤问俗,饰品,拓西戒,-,
"986","血战天策·决战","25人英雄",沙叱博,武器,碎曳囊,-,
"986","血战天策·决战","25人英雄",沙叱博,武器,康缤囊,-,
"986","血战天策·决战","25人英雄",沙叱博,武器,安穆囊,-,
"986","血战天策·决战","25人英雄",沙叱博,武器,赭羯囊,-,
"986","血战天策·决战","25人英雄",沙叱博,武器,笃娑囊,-,
"986","血战天策·决战","25人英雄",沙叱博,武器,勒伽囊,-,
"986","血战天策·决战","25人英雄",沙叱博,武器,杳冥棍,-,
"986","血战天策·决战","25人英雄",沙叱博,武器,成若杖,-,
"986","血战天策·决战","25人英雄",沙叱博,武器,炳凝笔,-,
"986","血战天策·决战","25人英雄",沙叱博,武器,贲华笔,-,
"986","血战天策·决战","25人英雄",沙叱博,武器,峻鸿枪,-,
"986","血战天策·决战","25人英雄",沙叱博,武器,符隐枪,-,
"986","血战天策·决战","25人英雄",沙叱博,武器,哲惟剑,-,
"986","血战天策·决战","25人英雄",沙叱博,武器,辞晦剑,-,
"986","血战天策·决战","25人英雄",沙叱博,武器,绮鸾双剑,-,
"986","血战天策·决战","25人英雄",沙叱博,武器,书迟双剑,-,
"986","血战天策·决战","25人英雄",沙叱博,武器,清湛笛,-,
"986","血战天策·决战","25人英雄",沙叱博,武器,归愁笛,-,
"986","血战天策·决战","25人英雄",沙叱博,武器,骊渊弩,-,
"986","血战天策·决战","25人英雄",沙叱博,武器,温洛弩,-,
"986","血战天策·决战","25人英雄",沙叱博,武器,驱俨轻剑,-,
"986","血战天策·决战","25人英雄",沙叱博,武器,俘尘重剑,-,
"986","血战天策·决战","25人英雄",沙叱博,武器,菀蒙棒,-,
"986","血战天策·决战","25人英雄",沙叱博,武器,澄殊双刀,-,
"986","血战天策·决战","25人英雄",沙叱博,武器,千沧盾刀,-,
"986","血战天策·决战","25人英雄",沙叱博,武器,天坤盾刀,-,
"986","血战天策·决战","25人英雄",沙叱博,装备,景初腰带,-,
"986","血战天策·决战","25人英雄",沙叱博,装备,嘉平腰带,-,
"986","血战天策·决战","25人英雄",沙叱博,装备,嘉禾腰带,-,
"986","血战天策·决战","25人英雄",沙叱博,装备,宝鼎腰带,-,
"986","血战天策·决战","25人英雄",沙叱博,装备,建衡腰带,-,
"986","血战天策·决战","25人英雄",沙叱博,装备,天玺腰带,-,
"986","血战天策·决战","25人英雄",沙叱博,装备,泰始腰带,-,
"986","血战天策·决战","25人英雄",沙叱博,装备,隆安腰带,-,
"986","血战天策·决战","25人英雄",沙叱博,装备,麟嘉腰带,-,
"986","血战天策·决战","25人英雄",沙叱博,装备,赫瑞腰带,-,
"986","血战天策·决战","25人英雄",沙叱博,装备,青晏腰带,-,
"986","血战天策·决战","25人英雄",沙叱博,装备,道川裤,-,
"986","血战天策·决战","25人英雄",沙叱博,装备,戎夷裤,-,
"986","血战天策·决战","25人英雄",沙叱博,装备,戎狄裤,-,
"986","血战天策·决战","25人英雄",沙叱博,装备,淳枫裤,-,
"986","血战天策·决战","25人英雄",沙叱博,装备,都蓝裤,-,
"986","血战天策·决战","25人英雄",沙叱博,装备,勃布裤,-,
"986","血战天策·决战","25人英雄",沙叱博,装备,智圆行方,-,
"986","血战天策·决战","25人英雄",沙叱博,装备,空留枯忆,-,
"986","血战天策·决战","25人英雄",沙叱博,装备,十丈愁城,-,
"986","血战天策·决战","25人英雄",沙叱博,装备,花落劫空,-,
"986","血战天策·决战","25人英雄",沙叱博,装备,残雪春泥,-,
"986","血战天策·决战","25人英雄",沙叱博,装备,胡笳愁绝,-,
"986","血战天策·决战","25人英雄",沙叱博,装备,鳞罗布烈,-,
"986","血战天策·决战","25人英雄",沙叱博,装备,流庭结草,-,
"986","血战天策·决战","25人英雄",沙叱博,饰品,固邺戒,-,
"986","血战天策·决战","25人英雄",沙叱博,饰品,思结戒,-,
"986","血战天策·决战","25人英雄",沙叱博,饰品,道奴戒,-,
"986","血战天策·决战","25人英雄",沙叱博,饰品,思太戒,-,
"986","血战天策·决战","25人英雄",沙叱博,饰品,拓西戒,-,
"986","血战天策·决战","25人英雄",沙叱博,饰品,空翠沾衣戒,-,
"986","血战天策·决战","25人英雄",沙叱博,饰品,花落闲庭戒,-,
"986","血战天策·决战","25人英雄",沙叱博,饰品,玉山偕隐戒,-,
"986","血战天策·决战","25人英雄",沙叱博,饰品,孤帆平明戒,-,
"986","血战天策·决战","25人英雄",沙叱博,饰品,空翠沾衣指环,-,
"986","血战天策·决战","25人英雄",沙叱博,饰品,花落闲庭指环,-,
"986","血战天策·决战","25人英雄",沙叱博,饰品,孤帆平明指环,-,
"986","血战天策·决战","25人英雄",沙叱博,饰品,玉山偕隐指环,-,
"986","血战天策·决战","25人英雄",沙叱博,饰品,灵荃戒,-,
"986","血战天策·决战","25人英雄",沙叱博,饰品,暾谷戒,-,
"986","血战天策·决战","25人英雄",沙叱博,饰品,云湛重楼,-,
"986","血战天策·决战","25人英雄",沙叱博,饰品,郁射戒,-,
"986","血战天策·决战","25人英雄",沙叱博,饰品,毕鄂戒,-,
"986","血战天策·决战","25人英雄",沙叱博,饰品,莫离戒,-,
"986","血战天策·决战","25人英雄",沙叱博,饰品,拔曳戒,-,
"986","血战天策·决战","25人英雄",沙叱博,饰品,悉颉戒,-,
"986","血战天策·决战","25人英雄",沙叱博,装备,赤乌腰带,-,
"986","血战天策·决战","25人英雄",沙叱博,武器,志吟双刀,-,
"986","血战天策·决战","25人英雄",黑齿元佑,武器,碎曳囊,-,
"986","血战天策·决战","25人英雄",黑齿元佑,武器,康缤囊,-,
"986","血战天策·决战","25人英雄",黑齿元佑,武器,安穆囊,-,
"986","血战天策·决战","25人英雄",黑齿元佑,武器,赭羯囊,-,
"986","血战天策·决战","25人英雄",黑齿元佑,武器,笃娑囊,-,
"986","血战天策·决战","25人英雄",黑齿元佑,武器,勒伽囊,-,
"986","血战天策·决战","25人英雄",黑齿元佑,武器,杳冥棍,-,
"986","血战天策·决战","25人英雄",黑齿元佑,武器,成若杖,-,
"986","血战天策·决战","25人英雄",黑齿元佑,武器,炳凝笔,-,
"986","血战天策·决战","25人英雄",黑齿元佑,武器,贲华笔,-,
"986","血战天策·决战","25人英雄",黑齿元佑,武器,峻鸿枪,-,
"986","血战天策·决战","25人英雄",黑齿元佑,武器,符隐枪,-,
"986","血战天策·决战","25人英雄",黑齿元佑,武器,哲惟剑,-,
"986","血战天策·决战","25人英雄",黑齿元佑,武器,辞晦剑,-,
"986","血战天策·决战","25人英雄",黑齿元佑,武器,绮鸾双剑,-,
"986","血战天策·决战","25人英雄",黑齿元佑,武器,书迟双剑,-,
"986","血战天策·决战","25人英雄",黑齿元佑,武器,清湛笛,-,
"986","血战天策·决战","25人英雄",黑齿元佑,武器,归愁笛,-,
"986","血战天策·决战","25人英雄",黑齿元佑,武器,骊渊弩,-,
"986","血战天策·决战","25人英雄",黑齿元佑,武器,温洛弩,-,
"986","血战天策·决战","25人英雄",黑齿元佑,武器,驱俨轻剑,-,
"986","血战天策·决战","25人英雄",黑齿元佑,武器,俘尘重剑,-,
"986","血战天策·决战","25人英雄",黑齿元佑,武器,菀蒙棒,-,
"986","血战天策·决战","25人英雄",黑齿元佑,武器,志吟双刀,-,
"986","血战天策·决战","25人英雄",黑齿元佑,武器,澄殊双刀,-,
"986","血战天策·决战","25人英雄",黑齿元佑,武器,千沧盾刀,-,
"986","血战天策·决战","25人英雄",黑齿元佑,武器,天坤盾刀,-,
"986","血战天策·决战","25人英雄",黑齿元佑,装备,宝元靴,-,
"986","血战天策·决战","25人英雄",黑齿元佑,装备,乾兴靴,-,
"986","血战天策·决战","25人英雄",黑齿元佑,装备,嘉佑靴,-,
"986","血战天策·决战","25人英雄",黑齿元佑,装备,熙宁靴,-,
"986","血战天策·决战","25人英雄",黑齿元佑,装备,元佑靴,-,
"986","血战天策·决战","25人英雄",黑齿元佑,装备,崇宁靴,-,
"986","血战天策·决战","25人英雄",黑齿元佑,装备,昆季裤,-,
"986","血战天策·决战","25人英雄",黑齿元佑,装备,沙略裤,-,
"986","血战天策·决战","25人英雄",黑齿元佑,装备,俱卢裤,-,
"986","血战天策·决战","25人英雄",黑齿元佑,装备,设莫裤,-,
"986","血战天策·决战","25人英雄",黑齿元佑,装备,度漠裤,-,
"986","血战天策·决战","25人英雄",黑齿元佑,装备,白道裤,-,
"986","血战天策·决战","25人英雄",黑齿元佑,装备,宣和靴,-,
"986","血战天策·决战","25人英雄",黑齿元佑,装备,隆兴靴,-,
"986","血战天策·决战","25人英雄",黑齿元佑,装备,淳熙靴,-,
"986","血战天策·决战","25人英雄",黑齿元佑,装备,嘉泰靴,-,
"986","血战天策·决战","25人英雄",黑齿元佑,装备,咸淳靴,-,
"986","血战天策·决战","25人英雄",黑齿元佑,装备,延佑靴,-,
"986","血战天策·决战","25人英雄",黑齿元佑,饰品,暮宿栖,-,
"986","血战天策·决战","25人英雄",黑齿元佑,饰品,关音断,-,
"986","血战天策·决战","25人英雄",黑齿元佑,饰品,南浦云珠,-,
"986","血战天策·决战","25人英雄",黑齿元佑,饰品,御归坠,-,
"986","血战天策·决战","25人英雄",黑齿元佑,饰品,元和坠,-,
"986","血战天策·决战","25人英雄",黑齿元佑,饰品,丹陛坠,-,
"986","血战天策·决战","25人英雄",黑齿元佑,饰品,天遂坠,-,
"986","血战天策·决战","25人英雄",黑齿元佑,饰品,清野坠,-,
"986","血战天策·决战","25人英雄",黑齿元佑,饰品,蚀骨雪霜,-,
"986","血战天策·决战","25人英雄",黑齿元佑,饰品,烟锁武陵,-,
"986","血战天策·决战","25人英雄",黑齿元佑,饰品,秋水寒风,-,
"986","血战天策·决战","25人英雄",黑齿元佑,饰品,孤帆平明指环,-,
"986","血战天策·决战","25人英雄",黑齿元佑,饰品,玉山偕隐指环,-,
"986","血战天策·决战","25人英雄",黑齿元佑,饰品,花落闲庭指环,-,
"986","血战天策·决战","25人英雄",黑齿元佑,饰品,空翠沾衣指环,-,
"986","血战天策·决战","25人英雄",黑齿元佑,饰品,孤帆平明戒,-,
"986","血战天策·决战","25人英雄",黑齿元佑,饰品,玉山偕隐戒,-,
"986","血战天策·决战","25人英雄",黑齿元佑,饰品,花落闲庭戒,-,
"986","血战天策·决战","25人英雄",黑齿元佑,饰品,空翠沾衣戒,-,
"986","血战天策·决战","25人英雄",黑齿元佑,饰品,邑明略,-,
"986","血战天策·决战","25人英雄",黑齿元佑,饰品,游仙路杳,-,
"986","血战天策·决战","25人英雄",黑齿元佑,饰品,净古坠,-,
"986","血战天策·决战","25人英雄",黑齿元佑,饰品,森径寒,-,
"986","血战天策·决战","25人英雄",黑齿元佑,饰品,尘以遐,-,
"986","血战天策·决战","25人英雄",黑齿元佑,饰品,千人屠双鳄,-,
"986","血战天策·决战","25人英雄",苏曼莎,武器,碎曳囊,-,
"986","血战天策·决战","25人英雄",苏曼莎,武器,康缤囊,-,
"986","血战天策·决战","25人英雄",苏曼莎,武器,安穆囊,-,
"986","血战天策·决战","25人英雄",苏曼莎,武器,赭羯囊,-,
"986","血战天策·决战","25人英雄",苏曼莎,武器,笃娑囊,-,
"986","血战天策·决战","25人英雄",苏曼莎,武器,勒伽囊,-,
"986","血战天策·决战","25人英雄",苏曼莎,装备,慕萨帽,-,
"986","血战天策·决战","25人英雄",苏曼莎,装备,葛腊帽,-,
"986","血战天策·决战","25人英雄",苏曼莎,装备,德支帽,-,
"986","血战天策·决战","25人英雄",苏曼莎,装备,伊施帽,-,
"986","血战天策·决战","25人英雄",苏曼莎,装备,乌施帽,-,
"986","血战天策·决战","25人英雄",苏曼莎,装备,录啜帽,-,
"986","血战天策·决战","25人英雄",苏曼莎,装备,克腾帽,-,
"986","血战天策·决战","25人英雄",苏曼莎,装备,斐纳帽,-,
"986","血战天策·决战","25人英雄",苏曼莎,装备,师都帽,-,
"986","血战天策·决战","25人英雄",苏曼莎,装备,伊质帽,-,
"986","血战天策·决战","25人英雄",苏曼莎,装备,摄图帽,-,
"986","血战天策·决战","25人英雄",苏曼莎,装备,稽落帽,-,
"986","血战天策·决战","25人英雄",苏曼莎,装备,岘山云影,-,
"986","血战天策·决战","25人英雄",苏曼莎,装备,锦瑟无心,-,
"986","血战天策·决战","25人英雄",苏曼莎,装备,腾踏龙象,-,
"986","血战天策·决战","25人英雄",苏曼莎,装备,云霄冠世,-,
"986","血战天策·决战","25人英雄",苏曼莎,装备,丹青照心,-,
"986","血战天策·决战","25人英雄",苏曼莎,装备,三叠琴思,-,
"986","血战天策·决战","25人英雄",苏曼莎,装备,烽烟戍楼,-,
"986","血战天策·决战","25人英雄",苏曼莎,装备,羽檄边亭,-,
"986","血战天策·决战","25人英雄",苏曼莎,饰品,森径寒,-,
"986","血战天策·决战","25人英雄",苏曼莎,饰品,邑明略,-,
"986","血战天策·决战","25人英雄",苏曼莎,饰品,尘以遐,-,
"986","血战天策·决战","25人英雄",苏曼莎,饰品,灵荃戒,-,
"986","血战天策·决战","25人英雄",苏曼莎,饰品,拔曳戒,-,
"986","血战天策·决战","25人英雄",苏曼莎,饰品,郁射戒,-,
"986","血战天策·决战","25人英雄",苏曼莎,饰品,独乐咏,-,
"986","血战天策·决战","25人英雄",苏曼莎,饰品,暮宿栖,-,
"986","血战天策·决战","25人英雄",苏曼莎,饰品,南浦云珠,-,
"986","血战天策·决战","25人英雄",苏曼莎,饰品,暾谷戒,-,
"986","血战天策·决战","25人英雄",苏曼莎,饰品,关音断,-,
"986","血战天策·决战","25人英雄",苏曼莎,饰品,固邺戒,-,
"986","血战天策·决战","25人英雄",苏曼莎,饰品,思结戒,-,
"986","血战天策·决战","25人英雄",令狐伤,武器,碎曳囊,-,
"986","血战天策·决战","25人英雄",令狐伤,武器,康缤囊,-,
"986","血战天策·决战","25人英雄",令狐伤,武器,安穆囊,-,
"986","血战天策·决战","25人英雄",令狐伤,武器,赭羯囊,-,
"986","血战天策·决战","25人英雄",令狐伤,武器,笃娑囊,-,
"986","血战天策·决战","25人英雄",令狐伤,武器,勒伽囊,-,
"986","血战天策·决战","25人英雄",令狐伤,武器,妙行无量,-,
"986","血战天策·决战","25人英雄",令狐伤,武器,燃灯庄净,-,
"986","血战天策·决战","25人英雄",令狐伤,武器,北苍霜月,-,
"986","血战天策·决战","25人英雄",令狐伤,武器,岫青晓白,-,
"986","血战天策·决战","25人英雄",令狐伤,武器,朝云升,-,
"986","血战天策·决战","25人英雄",令狐伤,武器,天地化均,-,
"986","血战天策·决战","25人英雄",令狐伤,武器,天道惑颜,-,
"986","血战天策·决战","25人英雄",令狐伤,武器,悲临觞,-,
"986","血战天策·决战","25人英雄",令狐伤,武器,缀烟晚,-,
"986","血战天策·决战","25人英雄",令狐伤,武器,初晴新霭,-,
"986","血战天策·决战","25人英雄",令狐伤,武器,幽江蓠,-,
"986","血战天策·决战","25人英雄",令狐伤,武器,昭晰,-,
"986","血战天策·决战","25人英雄",令狐伤,武器,秋霏清,-,
"986","血战天策·决战","25人英雄",令狐伤,武器,润雅振扬,-,
"986","血战天策·决战","25人英雄",令狐伤,武器,寂亭寒,-,
"986","血战天策·决战","25人英雄",令狐伤,武器,颓岳崩,-,
"986","血战天策·决战","25人英雄",令狐伤,武器,别燕,-,
"986","血战天策·决战","25人英雄",令狐伤,武器,月重轮,-,
"986","血战天策·决战","25人英雄",令狐伤,武器,成契,-,
"986","血战天策·决战","25人英雄",令狐伤,武器,黛色参天,-,
"986","血战天策·决战","25人英雄",令狐伤,武器,润江石,-,
"986","血战天策·决战","25人英雄",令狐伤,装备,昆季裤,-,
"986","血战天策·决战","25人英雄",令狐伤,装备,沙略裤,-,
"986","血战天策·决战","25人英雄",令狐伤,装备,俱卢裤,-,
"986","血战天策·决战","25人英雄",令狐伤,装备,设莫裤,-,
"986","血战天策·决战","25人英雄",令狐伤,装备,度漠裤,-,
"986","血战天策·决战","25人英雄",令狐伤,装备,白道裤,-,
"986","血战天策·决战","25人英雄",令狐伤,装备,剑水衫,-,
"986","血战天策·决战","25人英雄",令狐伤,装备,契骨衫,-,
"986","血战天策·决战","25人英雄",令狐伤,装备,泥师衫,-,
"986","血战天策·决战","25人英雄",令狐伤,装备,安诺衫,-,
"986","血战天策·决战","25人英雄",令狐伤,装备,盘陀衫,-,
"986","血战天策·决战","25人英雄",令狐伤,装备,罗辰衫,-,
"986","血战天策·决战","25人英雄",令狐伤,装备,蛰水衫,-,
"986","血战天策·决战","25人英雄",令狐伤,装备,贺敦衫,-,
"986","血战天策·决战","25人英雄",令狐伤,装备,北赖衫,-,
"986","血战天策·决战","25人英雄",令狐伤,装备,科罗衫,-,
"986","血战天策·决战","25人英雄",令狐伤,装备,余烬衫,-,
"986","血战天策·决战","25人英雄",令狐伤,装备,拓钵衫,-,
"986","血战天策·决战","25人英雄",令狐伤,饰品,白蛟腹,-,
"175","血战天策·驰援","10人普通",席庶云,饰品,哈飒戒,-,
"175","血战天策·驰援","10人普通",席庶云,饰品,犍陀戒,-,
"175","血战天策·驰援","10人普通",席庶云,装备,索格护腕,-,
"175","血战天策·驰援","10人普通",席庶云,装备,斯结护腕,-,
"175","血战天策·驰援","10人普通",席庶云,装备,赭羯护手,-,
"175","血战天策·驰援","10人普通",席庶云,装备,哈飒护手,-,
"175","血战天策·驰援","10人普通",席庶云,装备,覆罗袖,-,
"175","血战天策·驰援","10人普通",席庶云,装备,犍陀护臂,-,
"175","血战天策·驰援","10人普通",席庶云,饰品,索格坠,-,
"175","血战天策·驰援","10人普通",席庶云,饰品,斯结坠,-,
"175","血战天策·驰援","10人普通",席庶云,饰品,赭羯坠,-,
"175","血战天策·驰援","10人普通",席庶云,饰品,哈飒坠,-,
"175","血战天策·驰援","10人普通",席庶云,饰品,覆罗坠,-,
"175","血战天策·驰援","10人普通",席庶云,饰品,犍陀坠,-,
"175","血战天策·驰援","10人普通",席庶云,饰品,索格戒,-,
"175","血战天策·驰援","10人普通",席庶云,饰品,覆罗戒,-,
"175","血战天策·驰援","10人普通",席庶云,饰品,斯结戒,-,
"175","血战天策·驰援","10人普通",席庶云,饰品,赭羯戒,-,
"175","血战天策·驰援","10人普通",关卡：固守天策府,武器,斯结双刀,-,
"175","血战天策·驰援","10人普通",关卡：固守天策府,饰品,哈飒戒,-,
"175","血战天策·驰援","10人普通",关卡：固守天策府,饰品,覆罗戒,-,
"175","血战天策·驰援","10人普通",关卡：固守天策府,武器,犍陀双刀,-,
"175","血战天策·驰援","10人普通",关卡：固守天策府,武器,犍陀枪,-,
"175","血战天策·驰援","10人普通",关卡：固守天策府,武器,索格剑,-,
"175","血战天策·驰援","10人普通",关卡：固守天策府,武器,哈飒剑,-,
"175","血战天策·驰援","10人普通",关卡：固守天策府,武器,索格双剑,-,
"175","血战天策·驰援","10人普通",关卡：固守天策府,装备,索格腰带,-,
"175","血战天策·驰援","10人普通",关卡：固守天策府,装备,斯结腰带,-,
"175","血战天策·驰援","10人普通",关卡：固守天策府,武器,斯结棍,-,
"175","血战天策·驰援","10人普通",关卡：固守天策府,装备,赭羯腰带,-,
"175","血战天策·驰援","10人普通",关卡：固守天策府,装备,哈飒腰带,-,
"175","血战天策·驰援","10人普通",关卡：固守天策府,装备,覆罗腰带,-,
"175","血战天策·驰援","10人普通",关卡：固守天策府,装备,犍陀腰带,-,
"175","血战天策·驰援","10人普通",关卡：固守天策府,武器,覆罗双剑,-,
"175","血战天策·驰援","10人普通",关卡：固守天策府,武器,索格笛,-,
"175","血战天策·驰援","10人普通",关卡：固守天策府,武器,犍陀杖,-,
"175","血战天策·驰援","10人普通",关卡：固守天策府,武器,覆罗笛,-,
"175","血战天策·驰援","10人普通",关卡：固守天策府,武器,斯结弩,-,
"175","血战天策·驰援","10人普通",关卡：固守天策府,武器,斯结笔,-,
"175","血战天策·驰援","10人普通",关卡：固守天策府,武器,赭羯弩,-,
"175","血战天策·驰援","10人普通",关卡：固守天策府,武器,哈飒轻剑,-,
"175","血战天策·驰援","10人普通",关卡：固守天策府,武器,覆罗笔,-,
"175","血战天策·驰援","10人普通",关卡：固守天策府,武器,赭羯盾刀,-,
"175","血战天策·驰援","10人普通",关卡：固守天策府,饰品,索格链,-,
"175","血战天策·驰援","10人普通",关卡：固守天策府,饰品,斯结链,-,
"175","血战天策·驰援","10人普通",关卡：固守天策府,武器,哈飒重剑,-,
"175","血战天策·驰援","10人普通",关卡：固守天策府,饰品,赭羯链,-,
"175","血战天策·驰援","10人普通",关卡：固守天策府,武器,犍陀盾刀,-,
"175","血战天策·驰援","10人普通",关卡：固守天策府,饰品,哈飒链,-,
"175","血战天策·驰援","10人普通",关卡：固守天策府,饰品,犍陀链,-,
"175","血战天策·驰援","10人普通",关卡：固守天策府,武器,赭羯棒,-,
"175","血战天策·驰援","10人普通",关卡：固守天策府,饰品,索格戒,-,
"175","血战天策·驰援","10人普通",关卡：固守天策府,饰品,犍陀戒,-,
"175","血战天策·驰援","10人普通",关卡：固守天策府,饰品,斯结戒,-,
"175","血战天策·驰援","10人普通",关卡：固守天策府,武器,赭羯枪,-,
"175","血战天策·驰援","10人普通",关卡：固守天策府,饰品,覆罗链,-,
"175","血战天策·驰援","10人普通",关卡：固守天策府,饰品,赭羯戒,-,
"175","血战天策·驰援","10人普通",曹炎烈,饰品,覆罗戒,-,
"175","血战天策·驰援","10人普通",曹炎烈,饰品,犍陀戒,-,
"175","血战天策·驰援","10人普通",曹炎烈,武器,犍陀双刀,-,
"175","血战天策·驰援","10人普通",曹炎烈,武器,索格囊,-,
"175","血战天策·驰援","10人普通",曹炎烈,武器,犍陀枪,-,
"175","血战天策·驰援","10人普通",曹炎烈,武器,斯结囊,-,
"175","血战天策·驰援","10人普通",曹炎烈,武器,赭羯囊,-,
"175","血战天策·驰援","10人普通",曹炎烈,武器,索格剑,-,
"175","血战天策·驰援","10人普通",曹炎烈,武器,哈飒囊,-,
"175","血战天策·驰援","10人普通",曹炎烈,武器,覆罗囊,-,
"175","血战天策·驰援","10人普通",曹炎烈,武器,犍陀囊,-,
"175","血战天策·驰援","10人普通",曹炎烈,武器,哈飒剑,-,
"175","血战天策·驰援","10人普通",曹炎烈,武器,索格双剑,-,
"175","血战天策·驰援","10人普通",曹炎烈,武器,斯结棍,-,
"175","血战天策·驰援","10人普通",曹炎烈,武器,覆罗双剑,-,
"175","血战天策·驰援","10人普通",曹炎烈,装备,索格靴,-,
"175","血战天策·驰援","10人普通",曹炎烈,装备,斯结靴,-,
"175","血战天策·驰援","10人普通",曹炎烈,装备,赭羯靴,-,
"175","血战天策·驰援","10人普通",曹炎烈,装备,哈飒靴,-,
"175","血战天策·驰援","10人普通",曹炎烈,装备,覆罗靴,-,
"175","血战天策·驰援","10人普通",曹炎烈,装备,犍陀靴,-,
"175","血战天策·驰援","10人普通",曹炎烈,武器,索格笛,-,
"175","血战天策·驰援","10人普通",曹炎烈,武器,犍陀杖,-,
"175","血战天策·驰援","10人普通",曹炎烈,武器,覆罗笛,-,
"175","血战天策·驰援","10人普通",曹炎烈,武器,斯结弩,-,
"175","血战天策·驰援","10人普通",曹炎烈,武器,斯结笔,-,
"175","血战天策·驰援","10人普通",曹炎烈,武器,赭羯弩,-,
"175","血战天策·驰援","10人普通",曹炎烈,武器,哈飒轻剑,-,
"175","血战天策·驰援","10人普通",曹炎烈,武器,覆罗笔,-,
"175","血战天策·驰援","10人普通",曹炎烈,武器,赭羯盾刀,-,
"175","血战天策·驰援","10人普通",曹炎烈,武器,哈飒重剑,-,
"175","血战天策·驰援","10人普通",曹炎烈,武器,犍陀盾刀,-,
"175","血战天策·驰援","10人普通",曹炎烈,武器,赭羯棒,-,
"175","血战天策·驰援","10人普通",曹炎烈,武器,赭羯枪,-,
"175","血战天策·驰援","10人普通",曹炎烈,饰品,索格戒,-,
"175","血战天策·驰援","10人普通",曹炎烈,饰品,斯结戒,-,
"175","血战天策·驰援","10人普通",曹炎烈,饰品,哈飒戒,-,
"175","血战天策·驰援","10人普通",曹炎烈,武器,斯结双刀,-,
"175","血战天策·驰援","10人普通",曹炎烈,饰品,赭羯戒,-,
"175","血战天策·驰援","10人普通",关卡：保护青骓牧场,饰品,哈飒戒,-,
"175","血战天策·驰援","10人普通",关卡：保护青骓牧场,饰品,覆罗戒,-,
"175","血战天策·驰援","10人普通",关卡：保护青骓牧场,饰品,犍陀戒,-,
"175","血战天策·驰援","10人普通",关卡：保护青骓牧场,武器,犍陀双刀,-,
"175","血战天策·驰援","10人普通",关卡：保护青骓牧场,武器,犍陀枪,-,
"175","血战天策·驰援","10人普通",关卡：保护青骓牧场,武器,索格剑,-,
"175","血战天策·驰援","10人普通",关卡：保护青骓牧场,武器,哈飒剑,-,
"175","血战天策·驰援","10人普通",关卡：保护青骓牧场,武器,索格双剑,-,
"175","血战天策·驰援","10人普通",关卡：保护青骓牧场,武器,斯结棍,-,
"175","血战天策·驰援","10人普通",关卡：保护青骓牧场,武器,覆罗双剑,-,
"175","血战天策·驰援","10人普通",关卡：保护青骓牧场,装备,索格裤,-,
"175","血战天策·驰援","10人普通",关卡：保护青骓牧场,武器,索格笛,-,
"175","血战天策·驰援","10人普通",关卡：保护青骓牧场,装备,斯结裤,-,
"175","血战天策·驰援","10人普通",关卡：保护青骓牧场,装备,赭羯裤,-,
"175","血战天策·驰援","10人普通",关卡：保护青骓牧场,装备,哈飒裤,-,
"175","血战天策·驰援","10人普通",关卡：保护青骓牧场,武器,犍陀杖,-,
"175","血战天策·驰援","10人普通",关卡：保护青骓牧场,装备,覆罗裤,-,
"175","血战天策·驰援","10人普通",关卡：保护青骓牧场,装备,犍陀裤,-,
"175","血战天策·驰援","10人普通",关卡：保护青骓牧场,装备,索格帽,-,
"175","血战天策·驰援","10人普通",关卡：保护青骓牧场,装备,斯结帽,-,
"175","血战天策·驰援","10人普通",关卡：保护青骓牧场,装备,赭羯帽,-,
"175","血战天策·驰援","10人普通",关卡：保护青骓牧场,武器,覆罗笛,-,
"175","血战天策·驰援","10人普通",关卡：保护青骓牧场,装备,哈飒帽,-,
"175","血战天策·驰援","10人普通",关卡：保护青骓牧场,装备,覆罗帽,-,
"175","血战天策·驰援","10人普通",关卡：保护青骓牧场,装备,犍陀帽,-,
"175","血战天策·驰援","10人普通",关卡：保护青骓牧场,武器,斯结弩,-,
"175","血战天策·驰援","10人普通",关卡：保护青骓牧场,武器,斯结笔,-,
"175","血战天策·驰援","10人普通",关卡：保护青骓牧场,武器,赭羯弩,-,
"175","血战天策·驰援","10人普通",关卡：保护青骓牧场,武器,哈飒轻剑,-,
"175","血战天策·驰援","10人普通",关卡：保护青骓牧场,武器,覆罗笔,-,
"175","血战天策·驰援","10人普通",关卡：保护青骓牧场,武器,赭羯盾刀,-,
"175","血战天策·驰援","10人普通",关卡：保护青骓牧场,武器,哈飒重剑,-,
"175","血战天策·驰援","10人普通",关卡：保护青骓牧场,武器,犍陀盾刀,-,
"175","血战天策·驰援","10人普通",关卡：保护青骓牧场,武器,赭羯棒,-,
"175","血战天策·驰援","10人普通",关卡：保护青骓牧场,武器,赭羯枪,-,
"175","血战天策·驰援","10人普通",关卡：保护青骓牧场,饰品,索格戒,-,
"175","血战天策·驰援","10人普通",关卡：保护青骓牧场,饰品,斯结戒,-,
"175","血战天策·驰援","10人普通",关卡：保护青骓牧场,饰品,赭羯戒,-,
"175","血战天策·驰援","10人普通",关卡：保护青骓牧场,武器,斯结双刀,-,
"175","血战天策·驰援","10人普通",阿史那从礼,武器,犍陀枪,-,
"175","血战天策·驰援","10人普通",阿史那从礼,武器,犍陀双刀,-,
"175","血战天策·驰援","10人普通",阿史那从礼,武器,索格剑,-,
"175","血战天策·驰援","10人普通",阿史那从礼,武器,哈飒剑,-,
"175","血战天策·驰援","10人普通",阿史那从礼,武器,斯结棍,-,
"175","血战天策·驰援","10人普通",阿史那从礼,武器,索格双剑,-,
"175","血战天策·驰援","10人普通",阿史那从礼,武器,覆罗双剑,-,
"175","血战天策·驰援","10人普通",阿史那从礼,武器,犍陀杖,-,
"175","血战天策·驰援","10人普通",阿史那从礼,武器,索格笛,-,
"175","血战天策·驰援","10人普通",阿史那从礼,装备,索格裤,-,
"175","血战天策·驰援","10人普通",阿史那从礼,装备,斯结裤,-,
"175","血战天策·驰援","10人普通",阿史那从礼,装备,赭羯裤,-,
"175","血战天策·驰援","10人普通",阿史那从礼,装备,哈飒裤,-,
"175","血战天策·驰援","10人普通",阿史那从礼,装备,覆罗裤,-,
"175","血战天策·驰援","10人普通",阿史那从礼,武器,覆罗笛,-,
"175","血战天策·驰援","10人普通",阿史那从礼,装备,犍陀裤,-,
"175","血战天策·驰援","10人普通",阿史那从礼,武器,斯结笔,-,
"175","血战天策·驰援","10人普通",阿史那从礼,装备,索格衫,-,
"175","血战天策·驰援","10人普通",阿史那从礼,装备,斯结衫,-,
"175","血战天策·驰援","10人普通",阿史那从礼,武器,斯结弩,-,
"175","血战天策·驰援","10人普通",阿史那从礼,装备,赭羯衫,-,
"175","血战天策·驰援","10人普通",阿史那从礼,装备,覆罗衫,-,
"175","血战天策·驰援","10人普通",阿史那从礼,装备,犍陀衫,-,
"175","血战天策·驰援","10人普通",阿史那从礼,武器,赭羯弩,-,
"175","血战天策·驰援","10人普通",阿史那从礼,武器,覆罗笔,-,
"175","血战天策·驰援","10人普通",阿史那从礼,武器,哈飒轻剑,-,
"175","血战天策·驰援","10人普通",阿史那从礼,武器,哈飒重剑,-,
"175","血战天策·驰援","10人普通",阿史那从礼,武器,赭羯盾刀,-,
"175","血战天策·驰援","10人普通",阿史那从礼,饰品,索格链,-,
"175","血战天策·驰援","10人普通",阿史那从礼,武器,犍陀盾刀,-,
"175","血战天策·驰援","10人普通",阿史那从礼,饰品,斯结链,-,
"175","血战天策·驰援","10人普通",阿史那从礼,饰品,赭羯链,-,
"175","血战天策·驰援","10人普通",阿史那从礼,武器,赭羯枪,-,
"175","血战天策·驰援","10人普通",阿史那从礼,饰品,哈飒链,-,
"175","血战天策·驰援","10人普通",阿史那从礼,武器,赭羯棒,-,
"175","血战天策·驰援","10人普通",阿史那从礼,饰品,覆罗链,-,
"175","血战天策·驰援","10人普通",阿史那从礼,饰品,犍陀链,-,
"175","血战天策·驰援","10人普通",阿史那从礼,武器,斯结双刀,-,
"175","血战天策·驰援","10人普通",阿史那从礼,装备,哈飒衫,-,
"176","血战天策·驰援","25人英雄",席庶云,装备,巴坤护腕,-,
"176","血战天策·驰援","25人英雄",席庶云,装备,善恒护腕,-,
"176","血战天策·驰援","25人英雄",席庶云,装备,巍须护手,-,
"176","血战天策·驰援","25人英雄",席庶云,装备,高阊护手,-,
"176","血战天策·驰援","25人英雄",席庶云,装备,伊薰袖,-,
"176","血战天策·驰援","25人英雄",席庶云,装备,孤战护臂,-,
"176","血战天策·驰援","25人英雄",席庶云,装备,疏虞护腕,-,
"176","血战天策·驰援","25人英雄",席庶云,装备,贝陆护腕,-,
"176","血战天策·驰援","25人英雄",席庶云,装备,临戎护手,-,
"176","血战天策·驰援","25人英雄",席庶云,装备,羯矢护手,-,
"176","血战天策·驰援","25人英雄",席庶云,装备,杼弥袖,-,
"176","血战天策·驰援","25人英雄",席庶云,装备,无会期,-,
"176","血战天策·驰援","25人英雄",席庶云,装备,映寒苇,-,
"176","血战天策·驰援","25人英雄",席庶云,装备,倚江孤,-,
"176","血战天策·驰援","25人英雄",席庶云,装备,荣枯辩,-,
"176","血战天策·驰援","25人英雄",席庶云,装备,月照霜,-,
"176","血战天策·驰援","25人英雄",席庶云,装备,玄云结,-,
"176","血战天策·驰援","25人英雄",席庶云,饰品,承宗链,-,
"176","血战天策·驰援","25人英雄",席庶云,饰品,朔雄链,-,
"176","血战天策·驰援","25人英雄",席庶云,饰品,狄卡坠,-,
"176","血战天策·驰援","25人英雄",席庶云,饰品,辛拉坠,-,
"176","血战天策·驰援","25人英雄",席庶云,饰品,缇鞑坠,-,
"176","血战天策·驰援","25人英雄",席庶云,饰品,骨咄链,-,
"176","血战天策·驰援","25人英雄",席庶云,饰品,金河链,-,
"176","血战天策·驰援","25人英雄",席庶云,饰品,徕曼坠,-,
"176","血战天策·驰援","25人英雄",席庶云,饰品,奥玛坠,-,
"176","血战天策·驰援","25人英雄",席庶云,饰品,漠顿戒,-,
"176","血战天策·驰援","25人英雄",席庶云,饰品,尼雅戒,-,
"176","血战天策·驰援","25人英雄",席庶云,饰品,绛宾戒,-,
"176","血战天策·驰援","25人英雄",席庶云,饰品,塔克戒,-,
"176","血战天策·驰援","25人英雄",席庶云,饰品,妲沁戒,-,
"176","血战天策·驰援","25人英雄",席庶云,饰品,博格戒,-,
"176","血战天策·驰援","25人英雄",席庶云,饰品,宝应链,-,
"176","血战天策·驰援","25人英雄",席庶云,饰品,宁硕链,-,
"176","血战天策·驰援","25人英雄",席庶云,饰品,苏定链,-,
"176","血战天策·驰援","25人英雄",席庶云,饰品,牟禹链,-,
"176","血战天策·驰援","25人英雄",席庶云,饰品,古亚坠,-,
"176","血战天策·驰援","25人英雄",席庶云,饰品,静漠链,-,
"176","血战天策·驰援","25人英雄",席庶云,饰品,怀仁链,-,
"176","血战天策·驰援","25人英雄",席庶云,武器,兮弥囊,-,
"176","血战天策·驰援","25人英雄",席庶云,武器,乌离囊,-,
"176","血战天策·驰援","25人英雄",席庶云,武器,疏勒囊,-,
"176","血战天策·驰援","25人英雄",席庶云,武器,尉黎囊,-,
"176","血战天策·驰援","25人英雄",席庶云,武器,依奈囊,-,
"176","血战天策·驰援","25人英雄",席庶云,武器,若羌囊,-,
"176","血战天策·驰援","25人英雄",席庶云,武器,安熹囊,-,
"176","血战天策·驰援","25人英雄",席庶云,武器,昊瀚囊,-,
"176","血战天策·驰援","25人英雄",席庶云,武器,戎卢囊,-,
"176","血战天策·驰援","25人英雄",席庶云,武器,瀑漓囊,-,
"176","血战天策·驰援","25人英雄",席庶云,武器,裟澈囊,-,
"176","血战天策·驰援","25人英雄",席庶云,饰品,叶护链,-,
"176","血战天策·驰援","25人英雄",席庶云,武器,且墨囊,-,
"176","血战天策·驰援","25人英雄",席庶云,饰品,颇晏链,-,
"176","血战天策·驰援","25人英雄",席庶云,装备,登龙台,-,
"176","血战天策·驰援","25人英雄",席庶云,装备,聚寒沙,-,
"176","血战天策·驰援","25人英雄",席庶云,装备,止弋护臂,-,
"176","血战天策·驰援","25人英雄",关卡：固守天策府,武器,蔚秀轻剑,-,
"176","血战天策·驰援","25人英雄",关卡：固守天策府,武器,云归重剑,-,
"176","血战天策·驰援","25人英雄",关卡：固守天策府,武器,锵翼棒,-,
"176","血战天策·驰援","25人英雄",关卡：固守天策府,武器,蹲循双刀,-,
"176","血战天策·驰援","25人英雄",关卡：固守天策府,武器,乐誉双刀,-,
"176","血战天策·驰援","25人英雄",关卡：固守天策府,武器,西邻盾刀,-,
"176","血战天策·驰援","25人英雄",关卡：固守天策府,武器,柝夕盾刀,-,
"176","血战天策·驰援","25人英雄",关卡：固守天策府,装备,雅苏腰带,-,
"176","血战天策·驰援","25人英雄",关卡：固守天策府,装备,穆克腰带,-,
"176","血战天策·驰援","25人英雄",关卡：固守天策府,装备,裟图腰带,-,
"176","血战天策·驰援","25人英雄",关卡：固守天策府,装备,姝曼腰带,-,
"176","血战天策·驰援","25人英雄",关卡：固守天策府,装备,洛纥腰带,-,
"176","血战天策·驰援","25人英雄",关卡：固守天策府,装备,景琼腰带,-,
"176","血战天策·驰援","25人英雄",关卡：固守天策府,装备,缨义腰带,-,
"176","血战天策·驰援","25人英雄",关卡：固守天策府,装备,昭礼腰带,-,
"176","血战天策·驰援","25人英雄",关卡：固守天策府,装备,赫达腰带,-,
"176","血战天策·驰援","25人英雄",关卡：固守天策府,装备,顿狢腰带,-,
"176","血战天策·驰援","25人英雄",关卡：固守天策府,装备,章信裤,-,
"176","血战天策·驰援","25人英雄",关卡：固守天策府,装备,悉密裤,-,
"176","血战天策·驰援","25人英雄",关卡：固守天策府,装备,布拉裤,-,
"176","血战天策·驰援","25人英雄",关卡：固守天策府,装备,依克裤,-,
"176","血战天策·驰援","25人英雄",关卡：固守天策府,装备,别狮裤,-,
"176","血战天策·驰援","25人英雄",关卡：固守天策府,装备,纥尓裤,-,
"176","血战天策·驰援","25人英雄",关卡：固守天策府,装备,扁舟重烟,-,
"176","血战天策·驰援","25人英雄",关卡：固守天策府,装备,鹭停江天,-,
"176","血战天策·驰援","25人英雄",关卡：固守天策府,装备,山崖表里,-,
"176","血战天策·驰援","25人英雄",关卡：固守天策府,装备,榆关断音,-,
"176","血战天策·驰援","25人英雄",关卡：固守天策府,装备,诸行难常,-,
"176","血战天策·驰援","25人英雄",关卡：固守天策府,装备,三江水静,-,
"176","血战天策·驰援","25人英雄",关卡：固守天策府,装备,夜涛聆雨,-,
"176","血战天策·驰援","25人英雄",关卡：固守天策府,装备,鸣鞘断云,-,
"176","血战天策·驰援","25人英雄",关卡：固守天策府,饰品,苏定链,-,
"176","血战天策·驰援","25人英雄",关卡：固守天策府,饰品,颇晏链,-,
"176","血战天策·驰援","25人英雄",关卡：固守天策府,饰品,牟禹链,-,
"176","血战天策·驰援","25人英雄",关卡：固守天策府,饰品,漠顿戒,-,
"176","血战天策·驰援","25人英雄",关卡：固守天策府,饰品,尼雅戒,-,
"176","血战天策·驰援","25人英雄",关卡：固守天策府,饰品,塔克戒,-,
"176","血战天策·驰援","25人英雄",关卡：固守天策府,饰品,妲沁戒,-,
"176","血战天策·驰援","25人英雄",关卡：固守天策府,饰品,博格戒,-,
"176","血战天策·驰援","25人英雄",关卡：固守天策府,饰品,静漠链,-,
"176","血战天策·驰援","25人英雄",关卡：固守天策府,饰品,宁硕链,-,
"176","血战天策·驰援","25人英雄",关卡：固守天策府,饰品,怀仁链,-,
"176","血战天策·驰援","25人英雄",关卡：固守天策府,饰品,绛宾戒,-,
"176","血战天策·驰援","25人英雄",关卡：固守天策府,饰品,骨咄链,-,
"176","血战天策·驰援","25人英雄",关卡：固守天策府,饰品,解忧戒,-,
"176","血战天策·驰援","25人英雄",关卡：固守天策府,饰品,温昆戒,-,
"176","血战天策·驰援","25人英雄",关卡：固守天策府,饰品,沙陀戒,-,
"176","血战天策·驰援","25人英雄",关卡：固守天策府,饰品,黠斯戒,-,
"176","血战天策·驰援","25人英雄",关卡：固守天策府,饰品,祁濂戒,-,
"176","血战天策·驰援","25人英雄",关卡：固守天策府,饰品,承宗链,-,
"176","血战天策·驰援","25人英雄",关卡：固守天策府,饰品,叶护链,-,
"176","血战天策·驰援","25人英雄",关卡：固守天策府,饰品,宝应链,-,
"176","血战天策·驰援","25人英雄",关卡：固守天策府,饰品,金河链,-,
"176","血战天策·驰援","25人英雄",关卡：固守天策府,武器,兮弥囊,-,
"176","血战天策·驰援","25人英雄",关卡：固守天策府,武器,乌离囊,-,
"176","血战天策·驰援","25人英雄",关卡：固守天策府,武器,疏勒囊,-,
"176","血战天策·驰援","25人英雄",关卡：固守天策府,武器,尉黎囊,-,
"176","血战天策·驰援","25人英雄",关卡：固守天策府,武器,依奈囊,-,
"176","血战天策·驰援","25人英雄",关卡：固守天策府,武器,若羌囊,-,
"176","血战天策·驰援","25人英雄",关卡：固守天策府,饰品,朔雄链,-,
"176","血战天策·驰援","25人英雄",关卡：固守天策府,武器,殷武棍,-,
"176","血战天策·驰援","25人英雄",关卡：固守天策府,饰品,卢尼戒,-,
"176","血战天策·驰援","25人英雄",关卡：固守天策府,武器,成汤杖,-,
"176","血战天策·驰援","25人英雄",关卡：固守天策府,武器,商邑笔,-,
"176","血战天策·驰援","25人英雄",关卡：固守天策府,武器,赫灵笔,-,
"176","血战天策·驰援","25人英雄",关卡：固守天策府,武器,韦顾枪,-,
"176","血战天策·驰援","25人英雄",关卡：固守天策府,武器,淡寂枪,-,
"176","血战天策·驰援","25人英雄",关卡：固守天策府,武器,则伦剑,-,
"176","血战天策·驰援","25人英雄",关卡：固守天策府,武器,则得剑,-,
"176","血战天策·驰援","25人英雄",关卡：固守天策府,武器,渚崖双剑,-,
"176","血战天策·驰援","25人英雄",关卡：固守天策府,武器,向若双剑,-,
"176","血战天策·驰援","25人英雄",关卡：固守天策府,装备,顺化腰带,-,
"176","血战天策·驰援","25人英雄",关卡：固守天策府,武器,语海笛,-,
"176","血战天策·驰援","25人英雄",关卡：固守天策府,武器,语道笛,-,
"176","血战天策·驰援","25人英雄",关卡：固守天策府,装备,芭兹腰带,-,
"176","血战天策·驰援","25人英雄",关卡：固守天策府,武器,无故弩,-,
"176","血战天策·驰援","25人英雄",关卡：固守天策府,武器,至围弩,-,
"176","血战天策·驰援","25人英雄",曹炎烈,武器,蔚秀轻剑,-,
"176","血战天策·驰援","25人英雄",曹炎烈,武器,云归重剑,-,
"176","血战天策·驰援","25人英雄",曹炎烈,武器,锵翼棒,-,
"176","血战天策·驰援","25人英雄",曹炎烈,武器,蹲循双刀,-,
"176","血战天策·驰援","25人英雄",曹炎烈,武器,乐誉双刀,-,
"176","血战天策·驰援","25人英雄",曹炎烈,武器,西邻盾刀,-,
"176","血战天策·驰援","25人英雄",曹炎烈,武器,柝夕盾刀,-,
"176","血战天策·驰援","25人英雄",曹炎烈,装备,棘涟靴,-,
"176","血战天策·驰援","25人英雄",曹炎烈,装备,默延靴,-,
"176","血战天策·驰援","25人英雄",曹炎烈,装备,咄噜靴,-,
"176","血战天策·驰援","25人英雄",曹炎烈,装备,弘舜靴,-,
"176","血战天策·驰援","25人英雄",曹炎烈,装备,夕绰靴,-,
"176","血战天策·驰援","25人英雄",曹炎烈,装备,乌介裤,-,
"176","血战天策·驰援","25人英雄",曹炎烈,装备,雎鹿裤,-,
"176","血战天策·驰援","25人英雄",曹炎烈,装备,珂孜裤,-,
"176","血战天策·驰援","25人英雄",曹炎烈,装备,耶瑟裤,-,
"176","血战天策·驰援","25人英雄",曹炎烈,装备,曲先裤,-,
"176","血战天策·驰援","25人英雄",曹炎烈,装备,庞特裤,-,
"176","血战天策·驰援","25人英雄",曹炎烈,装备,曺摩靴,-,
"176","血战天策·驰援","25人英雄",曹炎烈,装备,谧捷靴,-,
"176","血战天策·驰援","25人英雄",曹炎烈,装备,敦凝靴,-,
"176","血战天策·驰援","25人英雄",曹炎烈,装备,具褶靴,-,
"176","血战天策·驰援","25人英雄",曹炎烈,装备,游浣靴,-,
"176","血战天策·驰援","25人英雄",曹炎烈,装备,仲武靴,-,
"176","血战天策·驰援","25人英雄",曹炎烈,饰品,徕曼坠,-,
"176","血战天策·驰援","25人英雄",曹炎烈,饰品,古亚坠,-,
"176","血战天策·驰援","25人英雄",曹炎烈,饰品,奥玛坠,-,
"176","血战天策·驰援","25人英雄",曹炎烈,饰品,纳伦坠,-,
"176","血战天策·驰援","25人英雄",曹炎烈,饰品,步哈坠,-,
"176","血战天策·驰援","25人英雄",曹炎烈,饰品,秋桂遣风戒,-,
"176","血战天策·驰援","25人英雄",曹炎烈,饰品,朝寒昼雨戒,-,
"176","血战天策·驰援","25人英雄",曹炎烈,饰品,秋桂遣风指环,-,
"176","血战天策·驰援","25人英雄",曹炎烈,饰品,朝寒昼雨指环,-,
"176","血战天策·驰援","25人英雄",曹炎烈,饰品,狄卡坠,-,
"176","血战天策·驰援","25人英雄",曹炎烈,饰品,缇鞑坠,-,
"176","血战天策·驰援","25人英雄",曹炎烈,饰品,晴峰疏丛,-,
"176","血战天策·驰援","25人英雄",曹炎烈,饰品,绛宾戒,-,
"176","血战天策·驰援","25人英雄",曹炎烈,饰品,霜洲枫落,-,
"176","血战天策·驰援","25人英雄",曹炎烈,饰品,春萝罢月指环,-,
"176","血战天策·驰援","25人英雄",曹炎烈,饰品,春萝罢月戒,-,
"176","血战天策·驰援","25人英雄",曹炎烈,饰品,纵贯线,-,
"176","血战天策·驰援","25人英雄",曹炎烈,饰品,玛嘉坠,-,
"176","血战天策·驰援","25人英雄",曹炎烈,饰品,尼昴坠,-,
"176","血战天策·驰援","25人英雄",曹炎烈,饰品,伊犸坠,-,
"176","血战天策·驰援","25人英雄",曹炎烈,饰品,黠斯戒,-,
"176","血战天策·驰援","25人英雄",曹炎烈,饰品,卢尼戒,-,
"176","血战天策·驰援","25人英雄",曹炎烈,饰品,辛拉坠,-,
"176","血战天策·驰援","25人英雄",曹炎烈,饰品,漠顿戒,-,
"176","血战天策·驰援","25人英雄",曹炎烈,饰品,尼雅戒,-,
"176","血战天策·驰援","25人英雄",曹炎烈,饰品,塔克戒,-,
"176","血战天策·驰援","25人英雄",曹炎烈,饰品,妲沁戒,-,
"176","血战天策·驰援","25人英雄",曹炎烈,饰品,博格戒,-,
"176","血战天策·驰援","25人英雄",曹炎烈,饰品,斯兰坠,-,
"176","血战天策·驰援","25人英雄",曹炎烈,饰品,解忧戒,-,
"176","血战天策·驰援","25人英雄",曹炎烈,饰品,温昆戒,-,
"176","血战天策·驰援","25人英雄",曹炎烈,饰品,沙陀戒,-,
"176","血战天策·驰援","25人英雄",曹炎烈,饰品,祁濂戒,-,
"176","血战天策·驰援","25人英雄",曹炎烈,武器,兮弥囊,-,
"176","血战天策·驰援","25人英雄",曹炎烈,武器,乌离囊,-,
"176","血战天策·驰援","25人英雄",曹炎烈,武器,疏勒囊,-,
"176","血战天策·驰援","25人英雄",曹炎烈,武器,尉黎囊,-,
"176","血战天策·驰援","25人英雄",曹炎烈,武器,依奈囊,-,
"176","血战天策·驰援","25人英雄",曹炎烈,饰品,晓色西林戒,-,
"176","血战天策·驰援","25人英雄",曹炎烈,武器,若羌囊,-,
"176","血战天策·驰援","25人英雄",曹炎烈,饰品,晓色西林指环,-,
"176","血战天策·驰援","25人英雄",曹炎烈,饰品,月馆竹寒,-,
"176","血战天策·驰援","25人英雄",曹炎烈,饰品,暮霞南山,-,
"176","血战天策·驰援","25人英雄",曹炎烈,武器,殷武棍,-,
"176","血战天策·驰援","25人英雄",曹炎烈,武器,成汤杖,-,
"176","血战天策·驰援","25人英雄",曹炎烈,武器,商邑笔,-,
"176","血战天策·驰援","25人英雄",曹炎烈,武器,赫灵笔,-,
"176","血战天策·驰援","25人英雄",曹炎烈,武器,韦顾枪,-,
"176","血战天策·驰援","25人英雄",曹炎烈,武器,淡寂枪,-,
"176","血战天策·驰援","25人英雄",曹炎烈,武器,则伦剑,-,
"176","血战天策·驰援","25人英雄",曹炎烈,武器,则得剑,-,
"176","血战天策·驰援","25人英雄",曹炎烈,武器,渚崖双剑,-,
"176","血战天策·驰援","25人英雄",曹炎烈,武器,向若双剑,-,
"176","血战天策·驰援","25人英雄",曹炎烈,武器,语海笛,-,
"176","血战天策·驰援","25人英雄",曹炎烈,武器,语道笛,-,
"176","血战天策·驰援","25人英雄",曹炎烈,武器,无故弩,-,
"176","血战天策·驰援","25人英雄",曹炎烈,装备,哔迦靴,-,
"176","血战天策·驰援","25人英雄",曹炎烈,武器,至围弩,-,
"176","血战天策·驰援","25人英雄",关卡：保护青骓牧场,装备,乌介裤,-,
"176","血战天策·驰援","25人英雄",关卡：保护青骓牧场,装备,雎鹿裤,-,
"176","血战天策·驰援","25人英雄",关卡：保护青骓牧场,装备,耶瑟裤,-,
"176","血战天策·驰援","25人英雄",关卡：保护青骓牧场,装备,曲先裤,-,
"176","血战天策·驰援","25人英雄",关卡：保护青骓牧场,装备,庞特裤,-,
"176","血战天策·驰援","25人英雄",关卡：保护青骓牧场,装备,古楞帽,-,
"176","血战天策·驰援","25人英雄",关卡：保护青骓牧场,装备,喀拉帽,-,
"176","血战天策·驰援","25人英雄",关卡：保护青骓牧场,装备,延陀帽,-,
"176","血战天策·驰援","25人英雄",关卡：保护青骓牧场,装备,畏兀帽,-,
"176","血战天策·驰援","25人英雄",关卡：保护青骓牧场,装备,葛逻帽,-,
"176","血战天策·驰援","25人英雄",关卡：保护青骓牧场,装备,章信裤,-,
"176","血战天策·驰援","25人英雄",关卡：保护青骓牧场,装备,悉密裤,-,
"176","血战天策·驰援","25人英雄",关卡：保护青骓牧场,装备,依克裤,-,
"176","血战天策·驰援","25人英雄",关卡：保护青骓牧场,装备,别狮裤,-,
"176","血战天策·驰援","25人英雄",关卡：保护青骓牧场,装备,纥尓裤,-,
"176","血战天策·驰援","25人英雄",关卡：保护青骓牧场,装备,娑翎帽,-,
"176","血战天策·驰援","25人英雄",关卡：保护青骓牧场,装备,依赛帽,-,
"176","血战天策·驰援","25人英雄",关卡：保护青骓牧场,装备,裴螺帽,-,
"176","血战天策·驰援","25人英雄",关卡：保护青骓牧场,装备,谷纳帽,-,
"176","血战天策·驰援","25人英雄",关卡：保护青骓牧场,装备,鄂鲲帽,-,
"176","血战天策·驰援","25人英雄",关卡：保护青骓牧场,装备,清境无尘,-,
"176","血战天策·驰援","25人英雄",关卡：保护青骓牧场,装备,桐间落露,-,
"176","血战天策·驰援","25人英雄",关卡：保护青骓牧场,装备,垂虹映垒,-,
"176","血战天策·驰援","25人英雄",关卡：保护青骓牧场,装备,长夜无荒,-,
"176","血战天策·驰援","25人英雄",关卡：保护青骓牧场,装备,梦阑尘里,-,
"176","血战天策·驰援","25人英雄",关卡：保护青骓牧场,装备,钓渚青凫,-,
"176","血战天策·驰援","25人英雄",关卡：保护青骓牧场,装备,幽亭唳鹤,-,
"176","血战天策·驰援","25人英雄",关卡：保护青骓牧场,饰品,玛嘉坠,-,
"176","血战天策·驰援","25人英雄",关卡：保护青骓牧场,饰品,斯兰坠,-,
"176","血战天策·驰援","25人英雄",关卡：保护青骓牧场,饰品,尼昴坠,-,
"176","血战天策·驰援","25人英雄",关卡：保护青骓牧场,饰品,解忧戒,-,
"176","血战天策·驰援","25人英雄",关卡：保护青骓牧场,饰品,温昆戒,-,
"176","血战天策·驰援","25人英雄",关卡：保护青骓牧场,饰品,沙陀戒,-,
"176","血战天策·驰援","25人英雄",关卡：保护青骓牧场,饰品,祁濂戒,-,
"176","血战天策·驰援","25人英雄",关卡：保护青骓牧场,饰品,纳伦坠,-,
"176","血战天策·驰援","25人英雄",关卡：保护青骓牧场,饰品,伊犸坠,-,
"176","血战天策·驰援","25人英雄",关卡：保护青骓牧场,饰品,黠斯戒,-,
"176","血战天策·驰援","25人英雄",关卡：保护青骓牧场,饰品,步哈坠,-,
"176","血战天策·驰援","25人英雄",关卡：保护青骓牧场,武器,兮弥囊,-,
"176","血战天策·驰援","25人英雄",关卡：保护青骓牧场,武器,乌离囊,-,
"176","血战天策·驰援","25人英雄",关卡：保护青骓牧场,武器,疏勒囊,-,
"176","血战天策·驰援","25人英雄",关卡：保护青骓牧场,武器,尉黎囊,-,
"176","血战天策·驰援","25人英雄",关卡：保护青骓牧场,武器,依奈囊,-,
"176","血战天策·驰援","25人英雄",关卡：保护青骓牧场,武器,若羌囊,-,
"176","血战天策·驰援","25人英雄",关卡：保护青骓牧场,饰品,卢尼戒,-,
"176","血战天策·驰援","25人英雄",关卡：保护青骓牧场,装备,夕棹逐流,-,
"176","血战天策·驰援","25人英雄",关卡：保护青骓牧场,装备,粟特帽,-,
"176","血战天策·驰援","25人英雄",关卡：保护青骓牧场,装备,布拉裤,-,
"176","血战天策·驰援","25人英雄",关卡：保护青骓牧场,装备,室韦帽,-,
"176","血战天策·驰援","25人英雄",关卡：保护青骓牧场,装备,珂孜裤,-,
"176","血战天策·驰援","25人英雄",阿史那从礼,武器,碎微尘,-,
"176","血战天策·驰援","25人英雄",阿史那从礼,武器,离相寂灭,-,
"176","血战天策·驰援","25人英雄",阿史那从礼,武器,云潭影,-,
"176","血战天策·驰援","25人英雄",阿史那从礼,武器,兰韵松声,-,
"176","血战天策·驰援","25人英雄",阿史那从礼,武器,辍采,-,
"176","血战天策·驰援","25人英雄",阿史那从礼,武器,定渊静,-,
"176","血战天策·驰援","25人英雄",阿史那从礼,武器,叠璧垂象,-,
"176","血战天策·驰援","25人英雄",阿史那从礼,武器,临风叹,-,
"176","血战天策·驰援","25人英雄",阿史那从礼,武器,列韵,-,
"176","血战天策·驰援","25人英雄",阿史那从礼,武器,绝隐,-,
"176","血战天策·驰援","25人英雄",阿史那从礼,武器,仓庚雎,-,
"176","血战天策·驰援","25人英雄",阿史那从礼,武器,蹑尘冥,-,
"176","血战天策·驰援","25人英雄",阿史那从礼,武器,朔漠雪,-,
"176","血战天策·驰援","25人英雄",阿史那从礼,武器,云沉鲨,-,
"176","血战天策·驰援","25人英雄",阿史那从礼,武器,曜望舒,-,
"176","血战天策·驰援","25人英雄",阿史那从礼,武器,挥翰陈皇,-,
"176","血战天策·驰援","25人英雄",阿史那从礼,武器,腾跃思玄,-,
"176","血战天策·驰援","25人英雄",阿史那从礼,武器,绝远袂,-,
"176","血战天策·驰援","25人英雄",阿史那从礼,武器,夙华消,-,
"176","血战天策·驰援","25人英雄",阿史那从礼,武器,星散自聚,-,
"176","血战天策·驰援","25人英雄",阿史那从礼,武器,日晓晴,-,
"176","血战天策·驰援","25人英雄",阿史那从礼,装备,乌介裤,-,
"176","血战天策·驰援","25人英雄",阿史那从礼,装备,雎鹿裤,-,
"176","血战天策·驰援","25人英雄",阿史那从礼,装备,珂孜裤,-,
"176","血战天策·驰援","25人英雄",阿史那从礼,装备,耶瑟裤,-,
"176","血战天策·驰援","25人英雄",阿史那从礼,装备,曲先裤,-,
"176","血战天策·驰援","25人英雄",阿史那从礼,装备,庞特裤,-,
"176","血战天策·驰援","25人英雄",阿史那从礼,装备,仆固衫,-,
"176","血战天策·驰援","25人英雄",阿史那从礼,装备,剌沙衫,-,
"176","血战天策·驰援","25人英雄",阿史那从礼,装备,野古衫,-,
"176","血战天策·驰援","25人英雄",阿史那从礼,装备,鹄然衫,-,
"176","血战天策·驰援","25人英雄",阿史那从礼,装备,萨蓝衫,-,
"176","血战天策·驰援","25人英雄",阿史那从礼,装备,狄戾衫,-,
"176","血战天策·驰援","25人英雄",阿史那从礼,装备,源纥衫,-,
"176","血战天策·驰援","25人英雄",阿史那从礼,装备,喀什衫,-,
"176","血战天策·驰援","25人英雄",阿史那从礼,装备,浑鄂衫,-,
"176","血战天策·驰援","25人英雄",阿史那从礼,装备,察赫衫,-,
"176","血战天策·驰援","25人英雄",阿史那从礼,装备,呼珊衫,-,
"176","血战天策·驰援","25人英雄",阿史那从礼,装备,贝加衫,-,
"176","血战天策·驰援","25人英雄",阿史那从礼,装备,无会期,-,
"176","血战天策·驰援","25人英雄",阿史那从礼,装备,映寒苇,-,
"176","血战天策·驰援","25人英雄",阿史那从礼,装备,倚江孤,-,
"176","血战天策·驰援","25人英雄",阿史那从礼,装备,聚寒沙,-,
"176","血战天策·驰援","25人英雄",阿史那从礼,装备,扁舟重烟,-,
"176","血战天策·驰援","25人英雄",阿史那从礼,装备,鹭停江天,-,
"176","血战天策·驰援","25人英雄",阿史那从礼,装备,山崖表里,-,
"176","血战天策·驰援","25人英雄",阿史那从礼,装备,榆关断音,-,
"176","血战天策·驰援","25人英雄",阿史那从礼,装备,清境无尘,-,
"176","血战天策·驰援","25人英雄",阿史那从礼,装备,垂虹映垒,-,
"176","血战天策·驰援","25人英雄",阿史那从礼,装备,长夜无荒,-,
"176","血战天策·驰援","25人英雄",阿史那从礼,饰品,秋桂遣风戒,-,
"176","血战天策·驰援","25人英雄",阿史那从礼,饰品,朝寒昼雨戒,-,
"176","血战天策·驰援","25人英雄",阿史那从礼,饰品,朝寒昼雨指环,-,
"176","血战天策·驰援","25人英雄",阿史那从礼,饰品,晓色西林指环,-,
"176","血战天策·驰援","25人英雄",阿史那从礼,饰品,秋桂遣风指环,-,
"176","血战天策·驰援","25人英雄",阿史那从礼,饰品,晓色西林戒,-,
"176","血战天策·驰援","25人英雄",阿史那从礼,饰品,赤狼破刃,-,
"176","血战天策·驰援","25人英雄",阿史那从礼,武器,兮弥囊,-,
"176","血战天策·驰援","25人英雄",阿史那从礼,武器,乌离囊,-,
"176","血战天策·驰援","25人英雄",阿史那从礼,武器,疏勒囊,-,
"176","血战天策·驰援","25人英雄",阿史那从礼,武器,尉黎囊,-,
"176","血战天策·驰援","25人英雄",阿史那从礼,武器,依奈囊,-,
"176","血战天策·驰援","25人英雄",阿史那从礼,饰品,春萝罢月戒,-,
"176","血战天策·驰援","25人英雄",阿史那从礼,武器,若羌囊,-,
"176","血战天策·驰援","25人英雄",阿史那从礼,饰品,春萝罢月指环,-,
"176","血战天策·驰援","25人英雄",阿史那从礼,装备,桐间落露,-,
"164","大明宫","10人普通",何莘涯,装备,应浑腕甲,-,
"164","大明宫","10人普通",何莘涯,装备,宵灭束腕,-,
"164","大明宫","10人普通",何莘涯,装备,锋清护腕,-,
"164","大明宫","10人普通",何莘涯,装备,取容护手,-,
"164","大明宫","10人普通",何莘涯,装备,依栖云袖,-,
"164","大明宫","10人普通",何莘涯,装备,流音,-,
"164","大明宫","10人普通",何莘涯,装备,土玄护手,-,
"164","大明宫","10人普通",何莘涯,装备,宫罗云袖,-,
"164","大明宫","10人普通",何莘涯,饰品,四灵晶,-,
"164","大明宫","10人普通",何莘涯,装备,重翔腕甲,-,
"164","大明宫","10人普通",何莘涯,饰品,万英,-,
"164","大明宫","10人普通",何莘涯,饰品,简睿腰佩,-,
"164","大明宫","10人普通",何莘涯,饰品,查良,-,
"164","大明宫","10人普通",何莘涯,饰品,晶白,-,
"164","大明宫","10人普通",何莘涯,饰品,气坎,-,
"164","大明宫","10人普通",何莘涯,饰品,冽光,-,
"164","大明宫","10人普通",何莘涯,饰品,银驹,-,
"164","大明宫","10人普通",何莘涯,饰品,虹雪,-,
"164","大明宫","10人普通",何莘涯,饰品,危瀚,-,
"164","大明宫","10人普通",何莘涯,饰品,芒形,-,
"164","大明宫","10人普通",何莘涯,饰品,彭祖玉坠,-,
"164","大明宫","10人普通",何莘涯,装备,执项护手,-,
"164","大明宫","10人普通",何莘涯,装备,山鸦鸣,-,
"164","大明宫","10人普通",何莘涯,装备,紫史束腕,-,
"164","大明宫","10人普通",耶律燕、独孤问俗,装备,窦融束腰,-,
"164","大明宫","10人普通",耶律燕、独孤问俗,装备,石潭裹腰,-,
"164","大明宫","10人普通",耶律燕、独孤问俗,装备,定永束腰,-,
"164","大明宫","10人普通",耶律燕、独孤问俗,装备,山礼腰带,-,
"164","大明宫","10人普通",耶律燕、独孤问俗,装备,水貘束腰,-,
"164","大明宫","10人普通",耶律燕、独孤问俗,饰品,讷言扳指,-,
"164","大明宫","10人普通",耶律燕、独孤问俗,饰品,痕璃戒,-,
"164","大明宫","10人普通",耶律燕、独孤问俗,饰品,醉茫指环,-,
"164","大明宫","10人普通",耶律燕、独孤问俗,饰品,昭艋指环,-,
"164","大明宫","10人普通",耶律燕、独孤问俗,饰品,阙岄戒,-,
"164","大明宫","10人普通",耶律燕、独孤问俗,饰品,珏姿戒,-,
"164","大明宫","10人普通",耶律燕、独孤问俗,装备,年甸护腰,-,
"164","大明宫","10人普通",耶律燕、独孤问俗,饰品,初婺腰坠,-,
"164","大明宫","10人普通",耶律燕、独孤问俗,装备,树伊之缠,-,
"164","大明宫","10人普通",耶律燕、独孤问俗,饰品,天恸挂佩,-,
"164","大明宫","10人普通",耶律燕、独孤问俗,饰品,晔海挂佩,-,
"164","大明宫","10人普通",耶律燕、独孤问俗,饰品,焉波腰坠,-,
"164","大明宫","10人普通",耶律燕、独孤问俗,装备,朔开护腰,-,
"164","大明宫","10人普通",耶律燕、独孤问俗,饰品,婳净挂佩,-,
"164","大明宫","10人普通",耶律燕、独孤问俗,装备,北息护腰,-,
"164","大明宫","10人普通",耶律燕、独孤问俗,装备,承志腰带,-,
"164","大明宫","10人普通",耶律燕、独孤问俗,装备,宜秦腰带,-,
"164","大明宫","10人普通",耶律燕、独孤问俗,饰品,雪涅腰坠,-,
"164","大明宫","10人普通",耶律燕、独孤问俗,装备,龙参护腰,-,
"164","大明宫","10人普通",六道傀儡,武器,随波流明,-,
"164","大明宫","10人普通",六道傀儡,武器,丰泽衍,-,
"164","大明宫","10人普通",六道傀儡,装备,摄宝者之步,-,
"164","大明宫","10人普通",六道傀儡,武器,翠柳妍,-,
"164","大明宫","10人普通",六道傀儡,武器,冷晖凝,-,
"164","大明宫","10人普通",六道傀儡,装备,秘度护足,-,
"164","大明宫","10人普通",六道傀儡,武器,夜渔,-,
"164","大明宫","10人普通",六道傀儡,武器,独悟空山,-,
"164","大明宫","10人普通",六道傀儡,武器,秦焕恩,-,
"164","大明宫","10人普通",六道傀儡,装备,祸丛胫甲,-,
"164","大明宫","10人普通",六道傀儡,饰品,涛锡,-,
"164","大明宫","10人普通",六道傀儡,装备,妙传裹足,-,
"164","大明宫","10人普通",六道傀儡,武器,金雁,-,
"164","大明宫","10人普通",六道傀儡,武器,彩阳,-,
"164","大明宫","10人普通",六道傀儡,武器,凌辽,-,
"164","大明宫","10人普通",六道傀儡,武器,青鼬,-,
"164","大明宫","10人普通",六道傀儡,武器,承光转,-,
"164","大明宫","10人普通",六道傀儡,饰品,曜水,-,
"164","大明宫","10人普通",六道傀儡,装备,花隐长靴,-,
"164","大明宫","10人普通",六道傀儡,武器,云漠深,-,
"164","大明宫","10人普通",六道傀儡,饰品,良平项链,-,
"164","大明宫","10人普通",六道傀儡,装备,沦谪胫甲,-,
"164","大明宫","10人普通",六道傀儡,武器,万古尘,-,
"164","大明宫","10人普通",六道傀儡,武器,花颜轻,-,
"164","大明宫","10人普通",六道傀儡,武器,钧灵品,-,
"164","大明宫","10人普通",六道傀儡,装备,丹炼长靴,-,
"164","大明宫","10人普通",六道傀儡,装备,灵庄裹足,-,
"164","大明宫","10人普通",六道傀儡,武器,高澹寥,-,
"164","大明宫","10人普通",六道傀儡,装备,连灯护足,-,
"164","大明宫","10人普通",六道傀儡,武器,离铁,-,
"164","大明宫","10人普通",六道傀儡,武器,齐云功,-,
"164","大明宫","10人普通",六道傀儡,武器,永嘉道,-,
"164","大明宫","10人普通",六道傀儡,武器,眺川原,-,
"164","大明宫","10人普通",六道傀儡,武器,凤典曲,-,
"164","大明宫","10人普通",六道傀儡,装备,湖宇长靴,-,
"164","大明宫","10人普通",六道傀儡,武器,旷望逝水,-,
"164","大明宫","10人普通",六道傀儡,武器,异轸翼,-,
"164","大明宫","10人普通",六道傀儡,武器,临高虑,-,
"164","大明宫","10人普通",六道傀儡,饰品,飞蝉,-,
"164","大明宫","10人普通",六道傀儡,饰品,鲸力血链,-,
"164","大明宫","10人普通",六道傀儡,饰品,鳞蜂,-,
"164","大明宫","10人普通",六道傀儡,武器,凌冥思,-,
"164","大明宫","10人普通",六道傀儡,装备,钦司胫甲,-,
"164","大明宫","10人普通",六道傀儡,装备,淮麟长靴,-,
"164","大明宫","10人普通",六道傀儡,武器,千嶂锁,-,
"164","大明宫","10人普通",无名,武器,凌冥思,-,
"164","大明宫","10人普通",无名,装备,荷诉,-,
"164","大明宫","10人普通",无名,武器,千嶂锁,-,
"164","大明宫","10人普通",无名,武器,丰泽衍,-,
"164","大明宫","10人普通",无名,装备,猗牢腿铠,-,
"164","大明宫","10人普通",无名,武器,随波流明,-,
"164","大明宫","10人普通",无名,武器,翠柳妍,-,
"164","大明宫","10人普通",无名,武器,冷晖凝,-,
"164","大明宫","10人普通",无名,装备,苹际玉冠,-,
"164","大明宫","10人普通",无名,武器,秦焕恩,-,
"164","大明宫","10人普通",无名,武器,烽火囊,-,
"164","大明宫","10人普通",无名,装备,睛蝎顶戴,-,
"164","大明宫","10人普通",无名,武器,独悟空山,-,
"164","大明宫","10人普通",无名,武器,空春悲,-,
"164","大明宫","10人普通",无名,装备,维幻头饰,-,
"164","大明宫","10人普通",无名,武器,承光转,-,
"164","大明宫","10人普通",无名,武器,韶华囊,-,
"164","大明宫","10人普通",无名,装备,管秋护目,-,
"164","大明宫","10人普通",无名,武器,云漠深,-,
"164","大明宫","10人普通",无名,武器,青石囊,-,
"164","大明宫","10人普通",无名,装备,琴心三叠,-,
"164","大明宫","10人普通",无名,武器,花颜轻,-,
"164","大明宫","10人普通",无名,武器,银蛇囊,-,
"164","大明宫","10人普通",无名,装备,暮雨,-,
"164","大明宫","10人普通",无名,武器,万古尘,-,
"164","大明宫","10人普通",无名,武器,钧灵品,-,
"164","大明宫","10人普通",无名,武器,问灵犀,-,
"164","大明宫","10人普通",无名,装备,玑明,-,
"164","大明宫","10人普通",无名,武器,高澹寥,-,
"164","大明宫","10人普通",无名,武器,眺川原,-,
"164","大明宫","10人普通",无名,武器,永嘉道,-,
"164","大明宫","10人普通",无名,装备,寂乡长裤,-,
"164","大明宫","10人普通",无名,饰品,芒形,-,
"164","大明宫","10人普通",无名,武器,齐云功,-,
"164","大明宫","10人普通",无名,武器,凤典曲,-,
"164","大明宫","10人普通",无名,饰品,气坎,-,
"164","大明宫","10人普通",无名,饰品,虹雪,-,
"164","大明宫","10人普通",无名,饰品,银驹,-,
"164","大明宫","10人普通",无名,饰品,冽光,-,
"164","大明宫","10人普通",无名,饰品,晶白,-,
"164","大明宫","10人普通",无名,武器,异轸翼,-,
"164","大明宫","10人普通",无名,武器,临高虑,-,
"164","大明宫","10人普通",无名,装备,平林腿甲,-,
"164","大明宫","10人普通",无名,装备,远蒲古冠,-,
"164","大明宫","10人普通",无名,装备,化睢护额,-,
"164","大明宫","10人普通",无名,装备,曲孙顶戴,-,
"164","大明宫","10人普通",无名,装备,象偃顶戴,-,
"164","大明宫","10人普通",无名,装备,金伦头饰,-,
"164","大明宫","10人普通",无名,武器,旷望逝水,-,
"164","大明宫","10人普通",无名,装备,岩兖头饰,-,
"164","大明宫","10人普通",无名,装备,黑岩战盔,-,
"164","大明宫","10人普通",伊玛目,饰品,珏姿戒,-,
"164","大明宫","10人普通",伊玛目,武器,旷望逝水,-,
"164","大明宫","10人普通",伊玛目,武器,凌冥思,-,
"164","大明宫","10人普通",伊玛目,饰品,阙岄戒,-,
"164","大明宫","10人普通",伊玛目,装备,蛾衣长袍,-,
"164","大明宫","10人普通",伊玛目,武器,千嶂锁,-,
"164","大明宫","10人普通",伊玛目,饰品,昭艋指环,-,
"164","大明宫","10人普通",伊玛目,装备,焰狐胸甲,-,
"164","大明宫","10人普通",伊玛目,装备,猗牢腿铠,-,
"164","大明宫","10人普通",伊玛目,武器,丰泽衍,-,
"164","大明宫","10人普通",伊玛目,饰品,醉茫指环,-,
"164","大明宫","10人普通",伊玛目,装备,铁翼护胸,-,
"164","大明宫","10人普通",伊玛目,武器,冷晖凝,-,
"164","大明宫","10人普通",伊玛目,武器,翠柳妍,-,
"164","大明宫","10人普通",伊玛目,饰品,痕璃戒,-,
"164","大明宫","10人普通",伊玛目,武器,烽火囊,-,
"164","大明宫","10人普通",伊玛目,武器,随波流明,-,
"164","大明宫","10人普通",伊玛目,武器,秦焕恩,-,
"164","大明宫","10人普通",伊玛目,饰品,讷言扳指,-,
"164","大明宫","10人普通",伊玛目,武器,空春悲,-,
"164","大明宫","10人普通",伊玛目,武器,韶华囊,-,
"164","大明宫","10人普通",伊玛目,武器,独悟空山,-,
"164","大明宫","10人普通",伊玛目,武器,承光转,-,
"164","大明宫","10人普通",伊玛目,武器,青石囊,-,
"164","大明宫","10人普通",伊玛目,武器,云漠深,-,
"164","大明宫","10人普通",伊玛目,武器,花颜轻,-,
"164","大明宫","10人普通",伊玛目,武器,问灵犀,-,
"164","大明宫","10人普通",伊玛目,装备,柳共长衫,-,
"164","大明宫","10人普通",伊玛目,武器,钧灵品,-,
"164","大明宫","10人普通",伊玛目,装备,玑明,-,
"164","大明宫","10人普通",伊玛目,装备,横桥长袍,-,
"164","大明宫","10人普通",伊玛目,武器,万古尘,-,
"164","大明宫","10人普通",伊玛目,装备,甘绍护胸,-,
"164","大明宫","10人普通",伊玛目,武器,高澹寥,-,
"164","大明宫","10人普通",伊玛目,武器,眺川原,-,
"164","大明宫","10人普通",伊玛目,装备,赤骨劲装,-,
"164","大明宫","10人普通",伊玛目,装备,寂乡长裤,-,
"164","大明宫","10人普通",伊玛目,装备,青猿胸甲,-,
"164","大明宫","10人普通",伊玛目,武器,永嘉道,-,
"164","大明宫","10人普通",伊玛目,装备,延皓长袍,-,
"164","大明宫","10人普通",伊玛目,装备,含极长袍,-,
"164","大明宫","10人普通",伊玛目,武器,凤典曲,-,
"164","大明宫","10人普通",伊玛目,装备,龙邑长衫,-,
"164","大明宫","10人普通",伊玛目,武器,临高虑,-,
"164","大明宫","10人普通",伊玛目,装备,平林腿甲,-,
"164","大明宫","10人普通",伊玛目,装备,康辛胸甲,-,
"164","大明宫","10人普通",伊玛目,武器,齐云功,-,
"164","大明宫","10人普通",伊玛目,武器,异轸翼,-,
"164","大明宫","10人普通",伊玛目,装备,荷诉,-,
"164","大明宫","10人普通",伊玛目,装备,暮雨,-,
"164","大明宫","10人普通",伊玛目,武器,银蛇囊,-,
"164","大明宫","10人普通",安禄山,武器,秦焕恩,-,
"164","大明宫","10人普通",安禄山,装备,猗牢腿铠,-,
"164","大明宫","10人普通",安禄山,武器,冷晖凝,-,
"164","大明宫","10人普通",安禄山,武器,万古尘,-,
"164","大明宫","10人普通",安禄山,武器,承光转,-,
"164","大明宫","10人普通",安禄山,饰品,鳞蜂,-,
"164","大明宫","10人普通",安禄山,武器,云漠深,-,
"164","大明宫","10人普通",安禄山,饰品,涛锡,-,
"164","大明宫","10人普通",安禄山,武器,花颜轻,-,
"164","大明宫","10人普通",安禄山,饰品,曜水,-,
"164","大明宫","10人普通",安禄山,饰品,飞蝉,-,
"164","大明宫","10人普通",安禄山,武器,钧灵品,-,
"164","大明宫","10人普通",安禄山,饰品,良平项链,-,
"164","大明宫","10人普通",安禄山,武器,离铁,-,
"164","大明宫","10人普通",安禄山,武器,齐云功,-,
"164","大明宫","10人普通",安禄山,装备,暮雨,-,
"164","大明宫","10人普通",安禄山,武器,高澹寥,-,
"164","大明宫","10人普通",安禄山,武器,金雁,-,
"164","大明宫","10人普通",安禄山,武器,旷望逝水,-,
"164","大明宫","10人普通",安禄山,武器,永嘉道,-,
"164","大明宫","10人普通",安禄山,装备,玑明,-,
"164","大明宫","10人普通",安禄山,武器,凤典曲,-,
"164","大明宫","10人普通",安禄山,武器,眺川原,-,
"164","大明宫","10人普通",安禄山,装备,雪貂裹腿,-,
"164","大明宫","10人普通",安禄山,武器,异轸翼,-,
"164","大明宫","10人普通",安禄山,装备,寂乡长裤,-,
"164","大明宫","10人普通",安禄山,装备,羽戎裹腿,-,
"164","大明宫","10人普通",安禄山,装备,毗倚腿甲,-,
"164","大明宫","10人普通",安禄山,装备,仙降腿甲,-,
"164","大明宫","10人普通",安禄山,武器,临高虑,-,
"164","大明宫","10人普通",安禄山,武器,彩阳,-,
"164","大明宫","10人普通",安禄山,武器,凌辽,-,
"164","大明宫","10人普通",安禄山,武器,青鼬,-,
"164","大明宫","10人普通",安禄山,武器,夜渔,-,
"164","大明宫","10人普通",安禄山,武器,随波流明,-,
"164","大明宫","10人普通",安禄山,武器,凌冥思,-,
"164","大明宫","10人普通",安禄山,装备,平林腿甲,-,
"164","大明宫","10人普通",安禄山,装备,丹昌护腿,-,
"164","大明宫","10人普通",安禄山,饰品,鲸力血链,-,
"164","大明宫","10人普通",安禄山,武器,千嶂锁,-,
"164","大明宫","10人普通",安禄山,装备,附顺护腿,-,
"164","大明宫","10人普通",安禄山,武器,独悟空山,-,
"164","大明宫","10人普通",安禄山,武器,丰泽衍,-,
"164","大明宫","10人普通",安禄山,装备,荷诉,-,
"164","大明宫","10人普通",安禄山,武器,翠柳妍,-,
"165","大明宫","25人英雄",何莘涯,武器,廷中,-,
"165","大明宫","25人英雄",何莘涯,武器,光纶,-,
"165","大明宫","25人英雄",何莘涯,武器,反旆言归,-,
"165","大明宫","25人英雄",何莘涯,武器,陆恩囊,-,
"165","大明宫","25人英雄",何莘涯,武器,残枫,-,
"165","大明宫","25人英雄",何莘涯,武器,安锦囊,-,
"165","大明宫","25人英雄",何莘涯,饰品,燕灵项链,-,
"165","大明宫","25人英雄",何莘涯,饰品,尸栈项链,-,
"165","大明宫","25人英雄",何莘涯,武器,金城柳,-,
"165","大明宫","25人英雄",何莘涯,饰品,肃青项链,-,
"165","大明宫","25人英雄",何莘涯,饰品,冲蔡坠,-,
"165","大明宫","25人英雄",何莘涯,饰品,蚕玉坠,-,
"165","大明宫","25人英雄",何莘涯,武器,勋庸,-,
"165","大明宫","25人英雄",何莘涯,饰品,玉年坠,-,
"165","大明宫","25人英雄",何莘涯,饰品,诏盈戒,-,
"165","大明宫","25人英雄",何莘涯,武器,鹤昆囊,-,
"165","大明宫","25人英雄",何莘涯,饰品,尚白戒,-,
"165","大明宫","25人英雄",何莘涯,饰品,铁宁戒,-,
"165","大明宫","25人英雄",何莘涯,饰品,瑞城戒,-,
"165","大明宫","25人英雄",何莘涯,武器,高义囊,-,
"165","大明宫","25人英雄",何莘涯,武器,潜封囊,-,
"165","大明宫","25人英雄",何莘涯,饰品,深城戒,-,
"165","大明宫","25人英雄",何莘涯,饰品,曲留戒,-,
"165","大明宫","25人英雄",何莘涯,饰品,源定戒,-,
"165","大明宫","25人英雄",何莘涯,饰品,卢陀戒,-,
"165","大明宫","25人英雄",何莘涯,装备,仙肇,-,
"165","大明宫","25人英雄",何莘涯,装备,石照,-,
"165","大明宫","25人英雄",何莘涯,装备,雪目,-,
"165","大明宫","25人英雄",何莘涯,装备,鹤莲,-,
"165","大明宫","25人英雄",何莘涯,装备,魔沙,-,
"165","大明宫","25人英雄",何莘涯,饰品,郸武戒,-,
"165","大明宫","25人英雄",何莘涯,饰品,灵昆戒,-,
"165","大明宫","25人英雄",何莘涯,饰品,汪流戒,-,
"165","大明宫","25人英雄",何莘涯,饰品,扬冠戒,-,
"165","大明宫","25人英雄",何莘涯,饰品,烛布坠,-,
"165","大明宫","25人英雄",何莘涯,饰品,川辽坠,-,
"165","大明宫","25人英雄",何莘涯,饰品,浦星坠,-,
"165","大明宫","25人英雄",何莘涯,饰品,庆乌项链,-,
"165","大明宫","25人英雄",何莘涯,饰品,豹门项链,-,
"165","大明宫","25人英雄",何莘涯,饰品,雾白项链,-,
"165","大明宫","25人英雄",何莘涯,武器,阳璧囊,-,
"165","大明宫","25人英雄",何莘涯,装备,海牟,-,
"165","大明宫","25人英雄",耶律燕、独孤问俗,武器,日馋弩,-,
"165","大明宫","25人英雄",耶律燕、独孤问俗,装备,浮华护腕,-,
"165","大明宫","25人英雄",耶律燕、独孤问俗,武器,雨墨香,-,
"165","大明宫","25人英雄",耶律燕、独孤问俗,装备,寂影护腕,-,
"165","大明宫","25人英雄",耶律燕、独孤问俗,装备,拭垣腕甲,-,
"165","大明宫","25人英雄",耶律燕、独孤问俗,武器,伫萝重剑,-,
"165","大明宫","25人英雄",耶律燕、独孤问俗,武器,笑龙吟,-,
"165","大明宫","25人英雄",耶律燕、独孤问俗,装备,魄山护手,-,
"165","大明宫","25人英雄",耶律燕、独孤问俗,武器,黄泉刀,-,
"165","大明宫","25人英雄",耶律燕、独孤问俗,装备,阳横护手,-,
"165","大明宫","25人英雄",耶律燕、独孤问俗,装备,归露护手,-,
"165","大明宫","25人英雄",耶律燕、独孤问俗,武器,弯月轮,-,
"165","大明宫","25人英雄",耶律燕、独孤问俗,武器,陆恩囊,-,
"165","大明宫","25人英雄",耶律燕、独孤问俗,武器,安锦囊,-,
"165","大明宫","25人英雄",耶律燕、独孤问俗,武器,阳璧囊,-,
"165","大明宫","25人英雄",耶律燕、独孤问俗,武器,鹤昆囊,-,
"165","大明宫","25人英雄",耶律燕、独孤问俗,武器,高义囊,-,
"165","大明宫","25人英雄",耶律燕、独孤问俗,武器,潜封囊,-,
"165","大明宫","25人英雄",耶律燕、独孤问俗,饰品,灵昆戒,-,
"165","大明宫","25人英雄",耶律燕、独孤问俗,饰品,源定戒,-,
"165","大明宫","25人英雄",耶律燕、独孤问俗,饰品,郸武戒,-,
"165","大明宫","25人英雄",耶律燕、独孤问俗,武器,百雁行,-,
"165","大明宫","25人英雄",耶律燕、独孤问俗,武器,京兆盾刀,-,
"165","大明宫","25人英雄",耶律燕、独孤问俗,武器,禅机棍,-,
"165","大明宫","25人英雄",耶律燕、独孤问俗,装备,豫若束腕,-,
"165","大明宫","25人英雄",耶律燕、独孤问俗,装备,治术腕甲,-,
"165","大明宫","25人英雄",耶律燕、独孤问俗,装备,遂谷护腕,-,
"165","大明宫","25人英雄",耶律燕、独孤问俗,装备,斗罗腕甲,-,
"165","大明宫","25人英雄",耶律燕、独孤问俗,武器,问佛缘,-,
"165","大明宫","25人英雄",耶律燕、独孤问俗,装备,鱼运云袖,-,
"165","大明宫","25人英雄",耶律燕、独孤问俗,装备,王昂护手,-,
"165","大明宫","25人英雄",耶律燕、独孤问俗,武器,拭忧笔,-,
"165","大明宫","25人英雄",耶律燕、独孤问俗,武器,梦里花落,-,
"165","大明宫","25人英雄",耶律燕、独孤问俗,武器,百战苍鹰,-,
"165","大明宫","25人英雄",耶律燕、独孤问俗,武器,画角寒秋枪,-,
"165","大明宫","25人英雄",耶律燕、独孤问俗,武器,含元剑,-,
"165","大明宫","25人英雄",耶律燕、独孤问俗,武器,娇红萼,-,
"165","大明宫","25人英雄",耶律燕、独孤问俗,武器,绣红罗,-,
"165","大明宫","25人英雄",耶律燕、独孤问俗,武器,含恩双剑,-,
"165","大明宫","25人英雄",耶律燕、独孤问俗,饰品,碧玉金玲牙梳,-,
"165","大明宫","25人英雄",耶律燕、独孤问俗,武器,巫山云雨,-,
"165","大明宫","25人英雄",耶律燕、独孤问俗,饰品,卢陀戒,-,
"165","大明宫","25人英雄",耶律燕、独孤问俗,饰品,曲留戒,-,
"165","大明宫","25人英雄",耶律燕、独孤问俗,饰品,深城戒,-,
"165","大明宫","25人英雄",耶律燕、独孤问俗,装备,涂鄂护手,-,
"165","大明宫","25人英雄",耶律燕、独孤问俗,装备,辰统护手,-,
"165","大明宫","25人英雄",耶律燕、独孤问俗,武器,清霄扬浮烟,-,
"165","大明宫","25人英雄",耶律燕、独孤问俗,装备,滨侯护手,-,
"165","大明宫","25人英雄",耶律燕、独孤问俗,装备,义湖护手,-,
"165","大明宫","25人英雄",耶律燕、独孤问俗,装备,云秋护手,-,
"165","大明宫","25人英雄",耶律燕、独孤问俗,武器,射凰弩,-,
"165","大明宫","25人英雄",耶律燕、独孤问俗,装备,晖星水袖,-,
"165","大明宫","25人英雄",耶律燕、独孤问俗,装备,修宸束腕,-,
"165","大明宫","25人英雄",耶律燕、独孤问俗,装备,质洁护腕,-,
"165","大明宫","25人英雄",六道傀儡,武器,雨墨香,-,
"165","大明宫","25人英雄",六道傀儡,武器,伫萝重剑,-,
"165","大明宫","25人英雄",六道傀儡,装备,道晟腰带,-,
"165","大明宫","25人英雄",六道傀儡,装备,缕冰缠腰,-,
"165","大明宫","25人英雄",六道傀儡,装备,洛燃腰铠,-,
"165","大明宫","25人英雄",六道傀儡,武器,笑龙吟,-,
"165","大明宫","25人英雄",六道傀儡,武器,黄泉刀,-,
"165","大明宫","25人英雄",六道傀儡,武器,弯月轮,-,
"165","大明宫","25人英雄",六道傀儡,装备,魄山腰带,-,
"165","大明宫","25人英雄",六道傀儡,装备,归露腰带,-,
"165","大明宫","25人英雄",六道傀儡,武器,陆恩囊,-,
"165","大明宫","25人英雄",六道傀儡,武器,安锦囊,-,
"165","大明宫","25人英雄",六道傀儡,武器,阳璧囊,-,
"165","大明宫","25人英雄",六道傀儡,饰品,扬冠戒,-,
"165","大明宫","25人英雄",六道傀儡,武器,鹤昆囊,-,
"165","大明宫","25人英雄",六道傀儡,饰品,铁宁戒,-,
"165","大明宫","25人英雄",六道傀儡,饰品,汪流戒,-,
"165","大明宫","25人英雄",六道傀儡,武器,潜封囊,-,
"165","大明宫","25人英雄",六道傀儡,武器,百雁行,-,
"165","大明宫","25人英雄",六道傀儡,饰品,不见万物,-,
"165","大明宫","25人英雄",六道傀儡,武器,禅机棍,-,
"165","大明宫","25人英雄",六道傀儡,武器,京兆盾刀,-,
"165","大明宫","25人英雄",六道傀儡,武器,问佛缘,-,
"165","大明宫","25人英雄",六道傀儡,装备,暮赐裹腰,-,
"165","大明宫","25人英雄",六道傀儡,武器,拭忧笔,-,
"165","大明宫","25人英雄",六道傀儡,装备,索奕束腰,-,
"165","大明宫","25人英雄",六道傀儡,装备,火吾骑腰铠,-,
"165","大明宫","25人英雄",六道傀儡,装备,圣习,-,
"165","大明宫","25人英雄",六道傀儡,装备,郜飞,-,
"165","大明宫","25人英雄",六道傀儡,武器,梦里花落,-,
"165","大明宫","25人英雄",六道傀儡,武器,百战苍鹰,-,
"165","大明宫","25人英雄",六道傀儡,武器,画角寒秋枪,-,
"165","大明宫","25人英雄",六道傀儡,武器,含元剑,-,
"165","大明宫","25人英雄",六道傀儡,武器,娇红萼,-,
"165","大明宫","25人英雄",六道傀儡,武器,绣红罗,-,
"165","大明宫","25人英雄",六道傀儡,武器,含恩双剑,-,
"165","大明宫","25人英雄",六道傀儡,武器,巫山云雨,-,
"165","大明宫","25人英雄",六道傀儡,武器,清霄扬浮烟,-,
"165","大明宫","25人英雄",六道傀儡,饰品,瑞城戒,-,
"165","大明宫","25人英雄",六道傀儡,饰品,尚白戒,-,
"165","大明宫","25人英雄",六道傀儡,饰品,诏盈戒,-,
"165","大明宫","25人英雄",六道傀儡,装备,阳横腰带,-,
"165","大明宫","25人英雄",六道傀儡,装备,云秋腰带,-,
"165","大明宫","25人英雄",六道傀儡,武器,射凰弩,-,
"165","大明宫","25人英雄",六道傀儡,装备,山娄腰带,-,
"165","大明宫","25人英雄",六道傀儡,装备,青瑛腰带,-,
"165","大明宫","25人英雄",六道傀儡,装备,辰锋束腰,-,
"165","大明宫","25人英雄",六道傀儡,装备,珲虞腰带,-,
"165","大明宫","25人英雄",六道傀儡,装备,纯靖玉带,-,
"165","大明宫","25人英雄",六道傀儡,装备,源仙腰带,-,
"165","大明宫","25人英雄",六道傀儡,装备,辰华腰带,-,
"165","大明宫","25人英雄",六道傀儡,装备,牟磊,-,
"165","大明宫","25人英雄",六道傀儡,武器,日馋弩,-,
"165","大明宫","25人英雄",六道傀儡,武器,高义囊,-,
"165","大明宫","25人英雄",剑圣,武器,雨墨香,-,
"165","大明宫","25人英雄",剑圣,武器,伫萝重剑,-,
"165","大明宫","25人英雄",剑圣,武器,黄泉刀,-,
"165","大明宫","25人英雄",剑圣,武器,弯月轮,-,
"165","大明宫","25人英雄",剑圣,武器,陆恩囊,-,
"165","大明宫","25人英雄",剑圣,武器,安锦囊,-,
"165","大明宫","25人英雄",剑圣,武器,阳璧囊,-,
"165","大明宫","25人英雄",剑圣,武器,鹤昆囊,-,
"165","大明宫","25人英雄",剑圣,武器,高义囊,-,
"165","大明宫","25人英雄",剑圣,饰品,灵南坠,-,
"165","大明宫","25人英雄",剑圣,饰品,犹关坠,-,
"165","大明宫","25人英雄",剑圣,武器,潜封囊,-,
"165","大明宫","25人英雄",剑圣,饰品,裕义坠,-,
"165","大明宫","25人英雄",剑圣,饰品,杞昌坠,-,
"165","大明宫","25人英雄",剑圣,饰品,肇磐坠,-,
"165","大明宫","25人英雄",剑圣,饰品,淮扬戒,-,
"165","大明宫","25人英雄",剑圣,武器,百雁行,-,
"165","大明宫","25人英雄",剑圣,饰品,安郑戒,-,
"165","大明宫","25人英雄",剑圣,饰品,榆昌戒,-,
"165","大明宫","25人英雄",剑圣,武器,禅机棍,-,
"165","大明宫","25人英雄",剑圣,饰品,黑龙斩铁,-,
"165","大明宫","25人英雄",剑圣,武器,问佛缘,-,
"165","大明宫","25人英雄",剑圣,饰品,云秋戒,-,
"165","大明宫","25人英雄",剑圣,饰品,阳横戒,-,
"165","大明宫","25人英雄",剑圣,饰品,归露戒,-,
"165","大明宫","25人英雄",剑圣,武器,拭忧笔,-,
"165","大明宫","25人英雄",剑圣,饰品,云秋指环,-,
"165","大明宫","25人英雄",剑圣,饰品,阳横指环,-,
"165","大明宫","25人英雄",剑圣,饰品,归露指环,-,
"165","大明宫","25人英雄",剑圣,武器,梦里花落,-,
"165","大明宫","25人英雄",剑圣,武器,百战苍鹰,-,
"165","大明宫","25人英雄",剑圣,武器,画角寒秋枪,-,
"165","大明宫","25人英雄",剑圣,武器,含元剑,-,
"165","大明宫","25人英雄",剑圣,武器,娇红萼,-,
"165","大明宫","25人英雄",剑圣,装备,真霖,-,
"165","大明宫","25人英雄",剑圣,装备,沉碑,-,
"165","大明宫","25人英雄",剑圣,装备,归奏,-,
"165","大明宫","25人英雄",剑圣,装备,长出将,-,
"165","大明宫","25人英雄",剑圣,装备,孤约长袍,-,
"165","大明宫","25人英雄",剑圣,装备,谒承,-,
"165","大明宫","25人英雄",剑圣,武器,绣红罗,-,
"165","大明宫","25人英雄",剑圣,武器,含恩双剑,-,
"165","大明宫","25人英雄",剑圣,饰品,魄山指环,-,
"165","大明宫","25人英雄",剑圣,饰品,魄山戒,-,
"165","大明宫","25人英雄",剑圣,武器,巫山云雨,-,
"165","大明宫","25人英雄",剑圣,装备,戈绍衫,-,
"165","大明宫","25人英雄",剑圣,装备,沙雨衫,-,
"165","大明宫","25人英雄",剑圣,装备,拜石衫,-,
"165","大明宫","25人英雄",剑圣,饰品,静岱戒,-,
"165","大明宫","25人英雄",剑圣,装备,骆温衫,-,
"165","大明宫","25人英雄",剑圣,饰品,鼓宜坠,-,
"165","大明宫","25人英雄",剑圣,装备,余柏衫,-,
"165","大明宫","25人英雄",剑圣,武器,清霄扬浮烟,-,
"165","大明宫","25人英雄",剑圣,武器,射凰弩,-,
"165","大明宫","25人英雄",剑圣,装备,天双衫,-,
"165","大明宫","25人英雄",剑圣,武器,日馋弩,-,
"165","大明宫","25人英雄",剑圣,武器,京兆盾刀,-,
"165","大明宫","25人英雄",剑圣,武器,笑龙吟,-,
"165","大明宫","25人英雄",无名,武器,雨墨香,-,
"165","大明宫","25人英雄",无名,武器,伫萝重剑,-,
"165","大明宫","25人英雄",无名,武器,笑龙吟,-,
"165","大明宫","25人英雄",无名,武器,黄泉刀,-,
"165","大明宫","25人英雄",无名,武器,弯月轮,-,
"165","大明宫","25人英雄",无名,武器,陆恩囊,-,
"165","大明宫","25人英雄",无名,武器,安锦囊,-,
"165","大明宫","25人英雄",无名,武器,阳璧囊,-,
"165","大明宫","25人英雄",无名,武器,鹤昆囊,-,
"165","大明宫","25人英雄",无名,武器,高义囊,-,
"165","大明宫","25人英雄",无名,武器,潜封囊,-,
"165","大明宫","25人英雄",无名,武器,百雁行,-,
"165","大明宫","25人英雄",无名,饰品,龙夺瑞,-,
"165","大明宫","25人英雄",无名,饰品,姮灭戒,-,
"165","大明宫","25人英雄",无名,武器,京兆盾刀,-,
"165","大明宫","25人英雄",无名,武器,禅机棍,-,
"165","大明宫","25人英雄",无名,饰品,殒森指环,-,
"165","大明宫","25人英雄",无名,饰品,弦歆戒,-,
"165","大明宫","25人英雄",无名,饰品,毅拭扳指,-,
"165","大明宫","25人英雄",无名,武器,问佛缘,-,
"165","大明宫","25人英雄",无名,武器,拭忧笔,-,
"165","大明宫","25人英雄",无名,武器,梦里花落,-,
"165","大明宫","25人英雄",无名,武器,百战苍鹰,-,
"165","大明宫","25人英雄",无名,武器,画角寒秋枪,-,
"165","大明宫","25人英雄",无名,装备,墨霜,-,
"165","大明宫","25人英雄",无名,装备,罪目,-,
"165","大明宫","25人英雄",无名,武器,含元剑,-,
"165","大明宫","25人英雄",无名,装备,辕迟,-,
"165","大明宫","25人英雄",无名,装备,庙剑,-,
"165","大明宫","25人英雄",无名,装备,歧龙,-,
"165","大明宫","25人英雄",无名,武器,娇红萼,-,
"165","大明宫","25人英雄",无名,武器,绣红罗,-,
"165","大明宫","25人英雄",无名,装备,芜武冠,-,
"165","大明宫","25人英雄",无名,装备,原横冠,-,
"165","大明宫","25人英雄",无名,武器,含恩双剑,-,
"165","大明宫","25人英雄",无名,饰品,归露指环,-,
"165","大明宫","25人英雄",无名,饰品,阳横指环,-,
"165","大明宫","25人英雄",无名,饰品,云秋指环,-,
"165","大明宫","25人英雄",无名,装备,甘瑞冠,-,
"165","大明宫","25人英雄",无名,饰品,魄山指环,-,
"165","大明宫","25人英雄",无名,饰品,归露戒,-,
"165","大明宫","25人英雄",无名,饰品,阳横戒,-,
"165","大明宫","25人英雄",无名,饰品,云秋戒,-,
"165","大明宫","25人英雄",无名,装备,荫舒冠,-,
"165","大明宫","25人英雄",无名,饰品,魄山戒,-,
"165","大明宫","25人英雄",无名,装备,靖泰冠,-,
"165","大明宫","25人英雄",无名,饰品,雾锋指环,-,
"165","大明宫","25人英雄",无名,饰品,涟仙戒,-,
"165","大明宫","25人英雄",无名,武器,巫山云雨,-,
"165","大明宫","25人英雄",无名,饰品,榆昌戒,-,
"165","大明宫","25人英雄",无名,饰品,安郑戒,-,
"165","大明宫","25人英雄",无名,饰品,静岱戒,-,
"165","大明宫","25人英雄",无名,饰品,淮扬戒,-,
"165","大明宫","25人英雄",无名,武器,清霄扬浮烟,-,
"165","大明宫","25人英雄",无名,武器,射凰弩,-,
"165","大明宫","25人英雄",无名,装备,伊法冠,-,
"165","大明宫","25人英雄",无名,装备,缤羽,-,
"165","大明宫","25人英雄",无名,武器,日馋弩,-,
"165","大明宫","25人英雄",伊玛目,武器,日馋弩,-,
"165","大明宫","25人英雄",伊玛目,装备,兴邹裤,-,
"165","大明宫","25人英雄",伊玛目,装备,贤奎裤,-,
"165","大明宫","25人英雄",伊玛目,武器,雨墨香,-,
"165","大明宫","25人英雄",伊玛目,武器,伫萝重剑,-,
"165","大明宫","25人英雄",伊玛目,武器,笑龙吟,-,
"165","大明宫","25人英雄",伊玛目,武器,黄泉刀,-,
"165","大明宫","25人英雄",伊玛目,装备,魄山裤,-,
"165","大明宫","25人英雄",伊玛目,装备,阳横裤,-,
"165","大明宫","25人英雄",伊玛目,武器,陆恩囊,-,
"165","大明宫","25人英雄",伊玛目,装备,归露裤,-,
"165","大明宫","25人英雄",伊玛目,武器,安锦囊,-,
"165","大明宫","25人英雄",伊玛目,武器,阳璧囊,-,
"165","大明宫","25人英雄",伊玛目,武器,鹤昆囊,-,
"165","大明宫","25人英雄",伊玛目,饰品,鹿张项链,-,
"165","大明宫","25人英雄",伊玛目,饰品,桐信项链,-,
"165","大明宫","25人英雄",伊玛目,武器,高义囊,-,
"165","大明宫","25人英雄",伊玛目,武器,潜封囊,-,
"165","大明宫","25人英雄",伊玛目,饰品,白牡丹花篮绿瓷瓶,-,
"165","大明宫","25人英雄",伊玛目,武器,百雁行,-,
"165","大明宫","25人英雄",伊玛目,武器,京兆盾刀,-,
"165","大明宫","25人英雄",伊玛目,武器,禅机棍,-,
"165","大明宫","25人英雄",伊玛目,武器,问佛缘,-,
"165","大明宫","25人英雄",伊玛目,武器,拭忧笔,-,
"165","大明宫","25人英雄",伊玛目,装备,穆奇,-,
"165","大明宫","25人英雄",伊玛目,装备,空璞,-,
"165","大明宫","25人英雄",伊玛目,装备,晚睨,-,
"165","大明宫","25人英雄",伊玛目,装备,丰曜,-,
"165","大明宫","25人英雄",伊玛目,武器,梦里花落,-,
"165","大明宫","25人英雄",伊玛目,装备,翠繁裹足,-,
"165","大明宫","25人英雄",伊玛目,装备,泉宇长靴,-,
"165","大明宫","25人英雄",伊玛目,武器,百战苍鹰,-,
"165","大明宫","25人英雄",伊玛目,武器,画角寒秋枪,-,
"165","大明宫","25人英雄",伊玛目,武器,含元剑,-,
"165","大明宫","25人英雄",伊玛目,武器,娇红萼,-,
"165","大明宫","25人英雄",伊玛目,装备,沭盘靴,-,
"165","大明宫","25人英雄",伊玛目,装备,溪肇靴,-,
"165","大明宫","25人英雄",伊玛目,装备,渑霍靴,-,
"165","大明宫","25人英雄",伊玛目,武器,绣红罗,-,
"165","大明宫","25人英雄",伊玛目,装备,璧丰靴,-,
"165","大明宫","25人英雄",伊玛目,装备,丹蒲靴,-,
"165","大明宫","25人英雄",伊玛目,武器,含恩双剑,-,
"165","大明宫","25人英雄",伊玛目,武器,巫山云雨,-,
"165","大明宫","25人英雄",伊玛目,饰品,东名项链,-,
"165","大明宫","25人英雄",伊玛目,饰品,姚沛项链,-,
"165","大明宫","25人英雄",伊玛目,饰品,隆岩项链,-,
"165","大明宫","25人英雄",伊玛目,饰品,力国项链,-,
"165","大明宫","25人英雄",伊玛目,武器,清霄扬浮烟,-,
"165","大明宫","25人英雄",伊玛目,装备,云秋裤,-,
"165","大明宫","25人英雄",伊玛目,武器,射凰弩,-,
"165","大明宫","25人英雄",伊玛目,装备,义海裤,-,
"165","大明宫","25人英雄",伊玛目,装备,莱周靴,-,
"165","大明宫","25人英雄",伊玛目,装备,桃川裤,-,
"165","大明宫","25人英雄",伊玛目,武器,弯月轮,-,
"165","大明宫","25人英雄",安禄山,装备,兴邹裤,-,
"165","大明宫","25人英雄",安禄山,装备,忆臻护腿,-,
"165","大明宫","25人英雄",安禄山,装备,赫贤腿甲,-,
"165","大明宫","25人英雄",安禄山,装备,悭缘劲装,-,
"165","大明宫","25人英雄",安禄山,装备,姝姀长裤,-,
"165","大明宫","25人英雄",安禄山,装备,仲昇腿甲,-,
"165","大明宫","25人英雄",安禄山,装备,魄山护手,-,
"165","大明宫","25人英雄",安禄山,装备,云秋护手,-,
"165","大明宫","25人英雄",安禄山,装备,阳横护手,-,
"165","大明宫","25人英雄",安禄山,装备,魄山腰带,-,
"165","大明宫","25人英雄",安禄山,装备,云秋腰带,-,
"165","大明宫","25人英雄",安禄山,装备,阳横腰带,-,
"165","大明宫","25人英雄",安禄山,武器,陆恩囊,-,
"165","大明宫","25人英雄",安禄山,装备,魄山裤,-,
"165","大明宫","25人英雄",安禄山,装备,云秋裤,-,
"165","大明宫","25人英雄",安禄山,装备,阳横裤,-,
"165","大明宫","25人英雄",安禄山,武器,安锦囊,-,
"165","大明宫","25人英雄",安禄山,武器,阳璧囊,-,
"165","大明宫","25人英雄",安禄山,武器,鹤昆囊,-,
"165","大明宫","25人英雄",安禄山,武器,寂净谛观,-,
"165","大明宫","25人英雄",安禄山,武器,法界宝焰,-,
"165","大明宫","25人英雄",安禄山,武器,朱明承夜,-,
"165","大明宫","25人英雄",安禄山,武器,紫玉歌,-,
"165","大明宫","25人英雄",安禄山,武器,高义囊,-,
"165","大明宫","25人英雄",安禄山,武器,千载名,-,
"165","大明宫","25人英雄",安禄山,武器,天威,-,
"165","大明宫","25人英雄",安禄山,武器,水玉长生剑,-,
"165","大明宫","25人英雄",安禄山,饰品,灵南坠,-,
"165","大明宫","25人英雄",安禄山,武器,潜封囊,-,
"165","大明宫","25人英雄",安禄山,武器,青崖白鹿剑,-,
"165","大明宫","25人英雄",安禄山,饰品,裕义坠,-,
"165","大明宫","25人英雄",安禄山,武器,寿阳梅花,-,
"165","大明宫","25人英雄",安禄山,饰品,鼓宜坠,-,
"165","大明宫","25人英雄",安禄山,武器,无梦,-,
"165","大明宫","25人英雄",安禄山,饰品,杞昌坠,-,
"165","大明宫","25人英雄",安禄山,武器,骨容,-,
"165","大明宫","25人英雄",安禄山,武器,若尘囊,-,
"165","大明宫","25人英雄",安禄山,武器,幽蝶舞,-,
"165","大明宫","25人英雄",安禄山,武器,无定囊,-,
"165","大明宫","25人英雄",安禄山,武器,蛟搏,-,
"165","大明宫","25人英雄",安禄山,武器,荡决囊,-,
"165","大明宫","25人英雄",安禄山,武器,碧云点霜,-,
"165","大明宫","25人英雄",安禄山,武器,吟枫囊,-,
"165","大明宫","25人英雄",安禄山,武器,云影涛声,-,
"165","大明宫","25人英雄",安禄山,武器,晚离囊,-,
"165","大明宫","25人英雄",安禄山,武器,商风秦鹰,-,
"165","大明宫","25人英雄",安禄山,武器,勇烈囊,-,
"165","大明宫","25人英雄",安禄山,饰品,淮扬戒,-,
"165","大明宫","25人英雄",安禄山,武器,蒿里行,-,
"165","大明宫","25人英雄",安禄山,武器,红藤步月,-,
"165","大明宫","25人英雄",安禄山,饰品,静岱戒,-,
"165","大明宫","25人英雄",安禄山,武器,霜染鬓,-,
"165","大明宫","25人英雄",安禄山,武器,清风断川,-,
"165","大明宫","25人英雄",安禄山,饰品,安郑戒,-,
"165","大明宫","25人英雄",安禄山,武器,泣血金蛇,-,
"165","大明宫","25人英雄",安禄山,饰品,榆昌戒,-,
"165","大明宫","25人英雄",安禄山,饰品,伽归挂佩,-,
"165","大明宫","25人英雄",安禄山,饰品,散瀚腰坠,-,
"165","大明宫","25人英雄",安禄山,饰品,平勒腰坠,-,
"165","大明宫","25人英雄",安禄山,饰品,魄山戒,-,
"165","大明宫","25人英雄",安禄山,饰品,云秋戒,-,
"165","大明宫","25人英雄",安禄山,饰品,阳横戒,-,
"165","大明宫","25人英雄",安禄山,饰品,归露戒,-,
"165","大明宫","25人英雄",安禄山,饰品,魄山指环,-,
"165","大明宫","25人英雄",安禄山,饰品,云秋指环,-,
"165","大明宫","25人英雄",安禄山,饰品,阳横指环,-,
"165","大明宫","25人英雄",安禄山,饰品,归露指环,-,
"165","大明宫","25人英雄",安禄山,装备,弥妖,-,
"165","大明宫","25人英雄",安禄山,装备,摩血,-,
"165","大明宫","25人英雄",安禄山,装备,雾殒,-,
"165","大明宫","25人英雄",安禄山,装备,元骨,-,
"165","大明宫","25人英雄",安禄山,装备,泫雨,-,
"165","大明宫","25人英雄",安禄山,装备,武狱,-,
"165","大明宫","25人英雄",安禄山,饰品,狼烽夜宴,-,
"165","大明宫","25人英雄",安禄山,饰品,央微挂佩,-,
"165","大明宫","25人英雄",安禄山,饰品,烬蛰腰坠,-,
"165","大明宫","25人英雄",安禄山,饰品,弛豫挂佩,-,
"165","大明宫","25人英雄",安禄山,饰品,肇磐坠,-,
"165","大明宫","25人英雄",安禄山,饰品,犹关坠,-,
"165","大明宫","25人英雄",安禄山,装备,涂鄂护手,-,
"165","大明宫","25人英雄",安禄山,装备,辰统护手,-,
"165","大明宫","25人英雄",安禄山,装备,滨侯护手,-,
"165","大明宫","25人英雄",安禄山,装备,归露裤,-,
"165","大明宫","25人英雄",安禄山,装备,义湖护手,-,
"165","大明宫","25人英雄",安禄山,装备,归露腰带,-,
"165","大明宫","25人英雄",安禄山,装备,山娄腰带,-,
"165","大明宫","25人英雄",安禄山,装备,归露护手,-,
"165","大明宫","25人英雄",安禄山,装备,珲虞腰带,-,
"165","大明宫","25人英雄",安禄山,装备,菀绮护腿,-,
"165","大明宫","25人英雄",安禄山,装备,源仙腰带,-,
"165","大明宫","25人英雄",安禄山,装备,贤奎裤,-,
"165","大明宫","25人英雄",安禄山,装备,辰华腰带,-,
"165","大明宫","25人英雄",安禄山,装备,桃川裤,-,
"165","大明宫","25人英雄",安禄山,装备,义海裤,-,
"160","战宝军械库","10人普通",闻人彦范,装备,师吉束腕,-,
"160","战宝军械库","10人普通",闻人彦范,装备,彼靖护手,-,
"160","战宝军械库","10人普通",闻人彦范,装备,息璃长裤,-,
"160","战宝军械库","10人普通",闻人彦范,装备,袁安护腕,-,
"160","战宝军械库","10人普通",闻人彦范,装备,酆舒裹腿,-,
"160","战宝军械库","10人普通",闻人彦范,装备,明喆腿铠,-,
"160","战宝军械库","10人普通",闻人彦范,装备,孰贤长裤,-,
"160","战宝军械库","10人普通",闻人彦范,装备,陆耳护腿,-,
"160","战宝军械库","10人普通",闻人彦范,装备,遥西长裤,-,
"160","战宝军械库","10人普通",闻人彦范,装备,蒿园云袖,-,
"160","战宝军械库","10人普通",闻人彦范,装备,延枚腕甲,-,
"160","战宝军械库","10人普通",闻人彦范,装备,饶毅护手,-,
"160","战宝军械库","10人普通",岳承志,装备,丰和护腿,-,
"160","战宝军械库","10人普通",岳承志,装备,齐谐腰甲,-,
"160","战宝军械库","10人普通",岳承志,装备,篡月裹腿,-,
"160","战宝军械库","10人普通",岳承志,装备,度莹束腰,-,
"160","战宝军械库","10人普通",岳承志,装备,仿泽腰带,-,
"160","战宝军械库","10人普通",岳承志,装备,冀嘉腿甲,-,
"160","战宝军械库","10人普通",岳承志,装备,松安裹腿,-,
"160","战宝军械库","10人普通",岳承志,装备,苑博腿铠,-,
"160","战宝军械库","10人普通",岳承志,装备,畏风护腿,-,
"160","战宝军械库","10人普通",岳承志,装备,煦物护腰,-,
"160","战宝军械库","10人普通",岳承志,装备,惶山裹腰,-,
"160","战宝军械库","10人普通",岳承志,装备,河鼓腰带,-,
"160","战宝军械库","10人普通",卓力格图,装备,畏风护腿,-,
"160","战宝军械库","10人普通",卓力格图,装备,嗟号玄履,-,
"160","战宝军械库","10人普通",卓力格图,装备,循黄胫甲,-,
"160","战宝军械库","10人普通",卓力格图,装备,松安裹腿,-,
"160","战宝军械库","10人普通",卓力格图,装备,篡月裹腿,-,
"160","战宝军械库","10人普通",卓力格图,装备,丰和护腿,-,
"160","战宝军械库","10人普通",卓力格图,装备,战酣护足,-,
"160","战宝军械库","10人普通",卓力格图,装备,苑博腿铠,-,
"160","战宝军械库","10人普通",卓力格图,装备,冀嘉腿甲,-,
"160","战宝军械库","10人普通",卓力格图,装备,终始裹足,-,
"160","战宝军械库","10人普通",卓力格图,装备,犹惧长靴,-,
"160","战宝军械库","10人普通",卓力格图,装备,轻霜裹足,-,
"160","战宝军械库","10人普通",澹台枯火,武器,计雅寂,-,
"160","战宝军械库","10人普通",澹台枯火,武器,涵山雪,-,
"160","战宝军械库","10人普通",澹台枯火,武器,冰烟浮,-,
"160","战宝军械库","10人普通",澹台枯火,武器,雨信情,-,
"160","战宝军械库","10人普通",澹台枯火,武器,沈煦令,-,
"160","战宝军械库","10人普通",澹台枯火,装备,光远头饰,-,
"160","战宝军械库","10人普通",澹台枯火,装备,韶宜顶戴,-,
"160","战宝军械库","10人普通",澹台枯火,武器,鸿沙印,-,
"160","战宝军械库","10人普通",澹台枯火,武器,班远怒,-,
"160","战宝军械库","10人普通",澹台枯火,武器,辛良伤,-,
"160","战宝军械库","10人普通",澹台枯火,武器,惮劳歌,-,
"160","战宝军械库","10人普通",澹台枯火,武器,灵山行,-,
"160","战宝军械库","10人普通",澹台枯火,武器,翰海雨,-,
"160","战宝军械库","10人普通",澹台枯火,武器,霓云封,-,
"160","战宝军械库","10人普通",澹台枯火,武器,影情寄,-,
"160","战宝军械库","10人普通",澹台枯火,武器,苍永觞,-,
"160","战宝军械库","10人普通",澹台枯火,武器,清川澹,-,
"160","战宝军械库","10人普通",澹台枯火,装备,桂衍护额,-,
"160","战宝军械库","10人普通",澹台枯火,装备,廖羽古冠,-,
"160","战宝军械库","10人普通",澹台枯火,装备,项明头饰,-,
"160","战宝军械库","10人普通",澹台枯火,装备,卫英顶戴,-,
"160","战宝军械库","10人普通",澹台枯火,武器,承颜心,-,
"160","战宝军械库","10人普通",澹台枯火,武器,相睿照,-,
"160","战宝军械库","10人普通",澹台枯火,武器,玉泉净,-,
"160","战宝军械库","10人普通",澹台枯火,武器,泽屠蛰,-,
"160","战宝军械库","10人普通",澹台枯火,武器,心素贤,-,
"160","战宝军械库","10人普通",澹台枯火,武器,珉瑶望,-,
"160","战宝军械库","10人普通",萧沙、韦柔丝,武器,承颜心,-,
"160","战宝军械库","10人普通",萧沙、韦柔丝,武器,相睿照,-,
"160","战宝军械库","10人普通",萧沙、韦柔丝,武器,玉泉净,-,
"160","战宝军械库","10人普通",萧沙、韦柔丝,武器,泽屠蛰,-,
"160","战宝军械库","10人普通",萧沙、韦柔丝,武器,心素贤,-,
"160","战宝军械库","10人普通",萧沙、韦柔丝,装备,壤驷劲装,-,
"160","战宝军械库","10人普通",萧沙、韦柔丝,武器,计雅寂,-,
"160","战宝军械库","10人普通",萧沙、韦柔丝,武器,涵山雪,-,
"160","战宝军械库","10人普通",萧沙、韦柔丝,武器,冰烟浮,-,
"160","战宝军械库","10人普通",萧沙、韦柔丝,武器,沈煦令,-,
"160","战宝军械库","10人普通",萧沙、韦柔丝,武器,鸿沙印,-,
"160","战宝军械库","10人普通",萧沙、韦柔丝,武器,班远怒,-,
"160","战宝军械库","10人普通",萧沙、韦柔丝,武器,珉瑶望,-,
"160","战宝军械库","10人普通",萧沙、韦柔丝,武器,辛良伤,-,
"160","战宝军械库","10人普通",萧沙、韦柔丝,武器,惮劳歌,-,
"160","战宝军械库","10人普通",萧沙、韦柔丝,装备,温瑜护胸,-,
"160","战宝军械库","10人普通",萧沙、韦柔丝,装备,康盛胸甲,-,
"160","战宝军械库","10人普通",萧沙、韦柔丝,装备,巩明长袍,-,
"160","战宝军械库","10人普通",萧沙、韦柔丝,武器,清川澹,-,
"160","战宝军械库","10人普通",萧沙、韦柔丝,装备,屠泽劲装,-,
"160","战宝军械库","10人普通",萧沙、韦柔丝,装备,齐朗长袍,-,
"160","战宝军械库","10人普通",萧沙、韦柔丝,武器,灵山行,-,
"160","战宝军械库","10人普通",萧沙、韦柔丝,武器,翰海雨,-,
"160","战宝军械库","10人普通",萧沙、韦柔丝,武器,霓云封,-,
"160","战宝军械库","10人普通",萧沙、韦柔丝,武器,影情寄,-,
"160","战宝军械库","10人普通",萧沙、韦柔丝,武器,苍永觞,-,
"160","战宝军械库","10人普通",萧沙、韦柔丝,武器,雨信情,-,
"171","战宝军械库","25人英雄",闻人彦范,武器,棠瓶囊,-,
"171","战宝军械库","25人英雄",闻人彦范,武器,坚壁囊,-,
"171","战宝军械库","25人英雄",闻人彦范,饰品,仇合,-,
"171","战宝军械库","25人英雄",闻人彦范,饰品,胡马,-,
"171","战宝军械库","25人英雄",闻人彦范,装备,博远束腕,-,
"171","战宝军械库","25人英雄",闻人彦范,饰品,渡隋,-,
"171","战宝军械库","25人英雄",闻人彦范,装备,居明护手,-,
"171","战宝军械库","25人英雄",闻人彦范,饰品,本师,-,
"171","战宝军械库","25人英雄",闻人彦范,装备,翰音腕甲,-,
"171","战宝军械库","25人英雄",闻人彦范,装备,绍钧云袖,-,
"171","战宝军械库","25人英雄",闻人彦范,装备,芜新护手,-,
"171","战宝军械库","25人英雄",闻人彦范,饰品,太平,-,
"171","战宝军械库","25人英雄",闻人彦范,饰品,永叹,-,
"171","战宝军械库","25人英雄",闻人彦范,饰品,寰海,-,
"171","战宝军械库","25人英雄",闻人彦范,饰品,成戎,-,
"171","战宝军械库","25人英雄",闻人彦范,饰品,年秩,-,
"171","战宝军械库","25人英雄",闻人彦范,饰品,雪侵,-,
"171","战宝军械库","25人英雄",闻人彦范,饰品,槁形,-,
"171","战宝军械库","25人英雄",闻人彦范,饰品,夜沈,-,
"171","战宝军械库","25人英雄",闻人彦范,武器,容朗囊,-,
"171","战宝军械库","25人英雄",闻人彦范,饰品,惟器,-,
"171","战宝军械库","25人英雄",闻人彦范,饰品,赠卷,-,
"171","战宝军械库","25人英雄",闻人彦范,饰品,藏矛,-,
"171","战宝军械库","25人英雄",闻人彦范,武器,锐藻囊,-,
"171","战宝军械库","25人英雄",闻人彦范,武器,宫弘囊,-,
"171","战宝军械库","25人英雄",闻人彦范,饰品,听著寒蓬,-,
"171","战宝军械库","25人英雄",闻人彦范,饰品,螂首,-,
"171","战宝军械库","25人英雄",闻人彦范,装备,文轩护腕,-,
"171","战宝军械库","25人英雄",闻人彦范,武器,震炎囊,-,
"171","战宝军械库","25人英雄",闻人彦范,饰品,半瀛,-,
"171","战宝军械库","25人英雄",岳承志,武器,凯风永至,-,
"171","战宝军械库","25人英雄",岳承志,饰品,厉恺,-,
"171","战宝军械库","25人英雄",岳承志,饰品,成漳,-,
"171","战宝军械库","25人英雄",岳承志,武器,盛安风来,-,
"171","战宝军械库","25人英雄",岳承志,饰品,戎平,-,
"171","战宝军械库","25人英雄",岳承志,武器,幽人嗟,-,
"171","战宝军械库","25人英雄",岳承志,饰品,仇合,-,
"171","战宝军械库","25人英雄",岳承志,武器,志齐青云,-,
"171","战宝军械库","25人英雄",岳承志,饰品,惟器,-,
"171","战宝军械库","25人英雄",岳承志,武器,香叶终,-,
"171","战宝军械库","25人英雄",岳承志,武器,白塔思,-,
"171","战宝军械库","25人英雄",岳承志,武器,狄来穿叶,-,
"171","战宝军械库","25人英雄",岳承志,武器,鸿飞万里,-,
"171","战宝军械库","25人英雄",岳承志,饰品,本师,-,
"171","战宝军械库","25人英雄",岳承志,武器,惟默浮,-,
"171","战宝军械库","25人英雄",岳承志,饰品,藏矛,-,
"171","战宝军械库","25人英雄",岳承志,武器,青枫落,-,
"171","战宝军械库","25人英雄",岳承志,装备,禹修裹腰,-,
"171","战宝军械库","25人英雄",岳承志,武器,徐竹韵,-,
"171","战宝军械库","25人英雄",岳承志,装备,彰田束腰,-,
"171","战宝军械库","25人英雄",岳承志,装备,唐淳腰带,-,
"171","战宝军械库","25人英雄",岳承志,武器,赤叶旋,-,
"171","战宝军械库","25人英雄",岳承志,装备,青靖裹腰,-,
"171","战宝军械库","25人英雄",岳承志,装备,陵易护腰,-,
"171","战宝军械库","25人英雄",岳承志,饰品,世路言,-,
"171","战宝军械库","25人英雄",岳承志,武器,清容妙,-,
"171","战宝军械库","25人英雄",岳承志,饰品,南皋月,-,
"171","战宝军械库","25人英雄",岳承志,饰品,渡隋,-,
"171","战宝军械库","25人英雄",岳承志,饰品,雪鬓,-,
"171","战宝军械库","25人英雄",岳承志,武器,敬贤念,-,
"171","战宝军械库","25人英雄",岳承志,饰品,情海,-,
"171","战宝军械库","25人英雄",岳承志,饰品,胡马,-,
"171","战宝军械库","25人英雄",岳承志,武器,浦朝游,-,
"171","战宝军械库","25人英雄",岳承志,饰品,散易,-,
"171","战宝军械库","25人英雄",岳承志,饰品,裴察,-,
"171","战宝军械库","25人英雄",岳承志,饰品,茅忧,-,
"171","战宝军械库","25人英雄",岳承志,武器,空俞音,-,
"171","战宝军械库","25人英雄",岳承志,武器,靖夷宇泰,-,
"171","战宝军械库","25人英雄",岳承志,武器,霍致殇,-,
"171","战宝军械库","25人英雄",岳承志,武器,奚城辉,-,
"171","战宝军械库","25人英雄",岳承志,武器,顾曼唤,-,
"171","战宝军械库","25人英雄",岳承志,饰品,嘉纳,-,
"171","战宝军械库","25人英雄",岳承志,装备,弥子腰甲,-,
"171","战宝军械库","25人英雄",岳承志,饰品,浦鸥,-,
"171","战宝军械库","25人英雄",岳承志,武器,无诗,-,
"171","战宝军械库","25人英雄",卓力格图,武器,奚城辉,-,
"171","战宝军械库","25人英雄",卓力格图,饰品,獠面,-,
"171","战宝军械库","25人英雄",卓力格图,武器,盛安风来,-,
"171","战宝军械库","25人英雄",卓力格图,武器,幽人嗟,-,
"171","战宝军械库","25人英雄",卓力格图,装备,宵衣护腿,-,
"171","战宝军械库","25人英雄",卓力格图,武器,志齐青云,-,
"171","战宝军械库","25人英雄",卓力格图,装备,慨烈腿甲,-,
"171","战宝军械库","25人英雄",卓力格图,武器,香叶终,-,
"171","战宝军械库","25人英雄",卓力格图,武器,白塔思,-,
"171","战宝军械库","25人英雄",卓力格图,装备,遵道裹腿,-,
"171","战宝军械库","25人英雄",卓力格图,武器,狄来穿叶,-,
"171","战宝军械库","25人英雄",卓力格图,武器,鸿飞万里,-,
"171","战宝军械库","25人英雄",卓力格图,装备,封坝腿铠,-,
"171","战宝军械库","25人英雄",卓力格图,武器,惟默浮,-,
"171","战宝军械库","25人英雄",卓力格图,武器,青枫落,-,
"171","战宝军械库","25人英雄",卓力格图,武器,徐竹韵,-,
"171","战宝军械库","25人英雄",卓力格图,饰品,年秩,-,
"171","战宝军械库","25人英雄",卓力格图,饰品,半瀛,-,
"171","战宝军械库","25人英雄",卓力格图,武器,无诗,-,
"171","战宝军械库","25人英雄",卓力格图,装备,获观长靴,-,
"171","战宝军械库","25人英雄",卓力格图,武器,赤叶旋,-,
"171","战宝军械库","25人英雄",卓力格图,饰品,夜沈,-,
"171","战宝军械库","25人英雄",卓力格图,装备,当牧裹腿,-,
"171","战宝军械库","25人英雄",卓力格图,装备,岚族长靴,-,
"171","战宝军械库","25人英雄",卓力格图,武器,清容妙,-,
"171","战宝军械库","25人英雄",卓力格图,装备,杞乾裹足,-,
"171","战宝军械库","25人英雄",卓力格图,装备,源潭护足,-,
"171","战宝军械库","25人英雄",卓力格图,武器,敬贤念,-,
"171","战宝军械库","25人英雄",卓力格图,装备,图洮胫甲,-,
"171","战宝军械库","25人英雄",卓力格图,武器,浦朝游,-,
"171","战宝军械库","25人英雄",卓力格图,装备,昌春长靴,-,
"171","战宝军械库","25人英雄",卓力格图,饰品,容逸,-,
"171","战宝军械库","25人英雄",卓力格图,武器,空俞音,-,
"171","战宝军械库","25人英雄",卓力格图,饰品,炎彬,-,
"171","战宝军械库","25人英雄",卓力格图,饰品,仲孙,-,
"171","战宝军械库","25人英雄",卓力格图,饰品,羊舌,-,
"171","战宝军械库","25人英雄",卓力格图,饰品,听著寒蓬,-,
"171","战宝军械库","25人英雄",卓力格图,装备,玉侍护腿,-,
"171","战宝军械库","25人英雄",卓力格图,武器,靖夷宇泰,-,
"171","战宝军械库","25人英雄",卓力格图,饰品,狐喆,-,
"171","战宝军械库","25人英雄",卓力格图,饰品,螂首,-,
"171","战宝军械库","25人英雄",卓力格图,武器,霍致殇,-,
"171","战宝军械库","25人英雄",卓力格图,饰品,越筠,-,
"171","战宝军械库","25人英雄",卓力格图,饰品,槁形,-,
"171","战宝军械库","25人英雄",卓力格图,武器,顾曼唤,-,
"171","战宝军械库","25人英雄",卓力格图,武器,凯风永至,-,
"171","战宝军械库","25人英雄",澹台枯火,装备,献酬裹腿,-,
"171","战宝军械库","25人英雄",澹台枯火,武器,坚壁囊,-,
"171","战宝军械库","25人英雄",澹台枯火,饰品,屠朽,-,
"171","战宝军械库","25人英雄",澹台枯火,武器,志齐青云,-,
"171","战宝军械库","25人英雄",澹台枯火,武器,幽人嗟,-,
"171","战宝军械库","25人英雄",澹台枯火,武器,白塔思,-,
"171","战宝军械库","25人英雄",澹台枯火,武器,狄来穿叶,-,
"171","战宝军械库","25人英雄",澹台枯火,武器,轩喜囊,-,
"171","战宝军械库","25人英雄",澹台枯火,武器,鸿飞万里,-,
"171","战宝军械库","25人英雄",澹台枯火,武器,麦酌囊,-,
"171","战宝军械库","25人英雄",澹台枯火,武器,惟默浮,-,
"171","战宝军械库","25人英雄",澹台枯火,武器,恶之血典,-,
"171","战宝军械库","25人英雄",澹台枯火,武器,青枫落,-,
"171","战宝军械库","25人英雄",澹台枯火,装备,松乡古冠,-,
"171","战宝军械库","25人英雄",澹台枯火,武器,冀沥囊,-,
"171","战宝军械库","25人英雄",澹台枯火,武器,徐竹韵,-,
"171","战宝军械库","25人英雄",澹台枯火,装备,泊怀遗思,-,
"171","战宝军械库","25人英雄",澹台枯火,装备,愆衅顶戴,-,
"171","战宝军械库","25人英雄",澹台枯火,武器,及嘉囊,-,
"171","战宝军械库","25人英雄",澹台枯火,武器,无诗,-,
"171","战宝军械库","25人英雄",澹台枯火,装备,享祀者之冠,-,
"171","战宝军械库","25人英雄",澹台枯火,武器,赤叶旋,-,
"171","战宝军械库","25人英雄",澹台枯火,装备,江春伯劳之饰,-,
"171","战宝军械库","25人英雄",澹台枯火,武器,香叶终,-,
"171","战宝军械库","25人英雄",澹台枯火,武器,清容妙,-,
"171","战宝军械库","25人英雄",澹台枯火,装备,寒水腿甲,-,
"171","战宝军械库","25人英雄",澹台枯火,武器,容朗囊,-,
"171","战宝军械库","25人英雄",澹台枯火,武器,敬贤念,-,
"171","战宝军械库","25人英雄",澹台枯火,武器,浦朝游,-,
"171","战宝军械库","25人英雄",澹台枯火,武器,锐藻囊,-,
"171","战宝军械库","25人英雄",澹台枯火,武器,空俞音,-,
"171","战宝军械库","25人英雄",澹台枯火,武器,宫弘囊,-,
"171","战宝军械库","25人英雄",澹台枯火,武器,靖夷宇泰,-,
"171","战宝军械库","25人英雄",澹台枯火,武器,霍致殇,-,
"171","战宝军械库","25人英雄",澹台枯火,装备,潼修护腿,-,
"171","战宝军械库","25人英雄",澹台枯火,装备,宠屡护额,-,
"171","战宝军械库","25人英雄",澹台枯火,武器,震炎囊,-,
"171","战宝军械库","25人英雄",澹台枯火,武器,顾曼唤,-,
"171","战宝军械库","25人英雄",澹台枯火,装备,克洛护腿,-,
"171","战宝军械库","25人英雄",澹台枯火,装备,诺轩腿甲,-,
"171","战宝军械库","25人英雄",澹台枯火,武器,凯风永至,-,
"171","战宝军械库","25人英雄",澹台枯火,装备,亚人裹腿,-,
"171","战宝军械库","25人英雄",澹台枯火,武器,棠瓶囊,-,
"171","战宝军械库","25人英雄",澹台枯火,武器,奚城辉,-,
"171","战宝军械库","25人英雄",澹台枯火,武器,盛安风来,-,
"171","战宝军械库","25人英雄",澹台枯火,武器,庆彰囊,-,
"171","战宝军械库","25人英雄",萧沙、韦柔丝,武器,盛安风来,-,
"171","战宝军械库","25人英雄",萧沙、韦柔丝,装备,寒水腿甲,-,
"171","战宝军械库","25人英雄",萧沙、韦柔丝,装备,当牧裹腿,-,
"171","战宝军械库","25人英雄",萧沙、韦柔丝,武器,志齐青云,-,
"171","战宝军械库","25人英雄",萧沙、韦柔丝,装备,宵衣护腿,-,
"171","战宝军械库","25人英雄",萧沙、韦柔丝,武器,白塔思,-,
"171","战宝军械库","25人英雄",萧沙、韦柔丝,武器,香叶终,-,
"171","战宝军械库","25人英雄",萧沙、韦柔丝,装备,慨烈腿甲,-,
"171","战宝军械库","25人英雄",萧沙、韦柔丝,武器,狄来穿叶,-,
"171","战宝军械库","25人英雄",萧沙、韦柔丝,武器,鸿飞万里,-,
"171","战宝军械库","25人英雄",萧沙、韦柔丝,装备,封坝腿铠,-,
"171","战宝军械库","25人英雄",萧沙、韦柔丝,武器,惟默浮,-,
"171","战宝军械库","25人英雄",萧沙、韦柔丝,武器,青枫落,-,
"171","战宝军械库","25人英雄",萧沙、韦柔丝,武器,徐竹韵,-,
"171","战宝军械库","25人英雄",萧沙、韦柔丝,饰品,守贞匕,-,
"171","战宝军械库","25人英雄",萧沙、韦柔丝,武器,无诗,-,
"171","战宝军械库","25人英雄",萧沙、韦柔丝,武器,赤叶旋,-,
"171","战宝军械库","25人英雄",萧沙、韦柔丝,装备,逡巡胸甲,-,
"171","战宝军械库","25人英雄",萧沙、韦柔丝,装备,诺轩腿甲,-,
"171","战宝军械库","25人英雄",萧沙、韦柔丝,武器,清容妙,-,
"171","战宝军械库","25人英雄",萧沙、韦柔丝,装备,遐川长衫,-,
"171","战宝军械库","25人英雄",萧沙、韦柔丝,装备,枯肠胸甲,-,
"171","战宝军械库","25人英雄",萧沙、韦柔丝,武器,奚城辉,-,
"171","战宝军械库","25人英雄",萧沙、韦柔丝,武器,敬贤念,-,
"171","战宝军械库","25人英雄",萧沙、韦柔丝,装备,受报劲装,-,
"171","战宝军械库","25人英雄",萧沙、韦柔丝,武器,浦朝游,-,
"171","战宝军械库","25人英雄",萧沙、韦柔丝,装备,酿秫长袍,-,
"171","战宝军械库","25人英雄",萧沙、韦柔丝,装备,峰变护胸,-,
"171","战宝军械库","25人英雄",萧沙、韦柔丝,武器,空俞音,-,
"171","战宝军械库","25人英雄",萧沙、韦柔丝,武器,靖夷宇泰,-,
"171","战宝军械库","25人英雄",萧沙、韦柔丝,装备,潼修护腿,-,
"171","战宝军械库","25人英雄",萧沙、韦柔丝,武器,霍致殇,-,
"171","战宝军械库","25人英雄",萧沙、韦柔丝,装备,玉侍护腿,-,
"171","战宝军械库","25人英雄",萧沙、韦柔丝,装备,遵道裹腿,-,
"171","战宝军械库","25人英雄",萧沙、韦柔丝,装备,克洛护腿,-,
"171","战宝军械库","25人英雄",萧沙、韦柔丝,装备,献酬裹腿,-,
"171","战宝军械库","25人英雄",萧沙、韦柔丝,武器,顾曼唤,-,
"171","战宝军械库","25人英雄",萧沙、韦柔丝,武器,幽人嗟,-,
"171","战宝军械库","25人英雄",萧沙、韦柔丝,武器,凯风永至,-,
"171","战宝军械库","25人英雄",萧沙、韦柔丝,装备,亚人裹腿,-,
"169","流离岛","5人普通",詹素,武器,欢言,-,
"169","流离岛","5人普通",詹素,装备,潮声护手,-,
"169","流离岛","5人普通",詹素,饰品,碧波晓,-,
"169","流离岛","5人普通",第五雍容,装备,风悬铃,-,
"169","流离岛","5人普通",第五雍容,武器,欢言,-,
"169","流离岛","5人普通",第五雍容,饰品,怒涛坠,-,
"169","流离岛","5人普通",詹毅,装备,空翠衣,-,
"169","流离岛","5人普通",詹毅,装备,朱铃抹额,-,
"169","流离岛","5人普通",詹毅,武器,洄风囊,-,
"169","流离岛","5人普通",詹毅,装备,白夜腰带,-,
"170","流离岛","5人英雄",詹素,武器,苍沭古剑,-,
"170","流离岛","5人英雄",詹素,武器,素月,-,
"170","流离岛","5人英雄",詹素,武器,新雨,-,
"170","流离岛","5人英雄",詹素,武器,勾振骨笛,-,
"170","流离岛","5人英雄",詹素,武器,月出寒雪,-,
"170","流离岛","5人英雄",詹素,武器,万罪血柱,-,
"170","流离岛","5人英雄",詹素,武器,涵意玉笛,-,
"170","流离岛","5人英雄",詹素,装备,孟青腕甲,-,
"170","流离岛","5人英雄",詹素,装备,禹治护腕,-,
"170","流离岛","5人英雄",詹素,装备,卞主腰带,-,
"170","流离岛","5人英雄",詹素,装备,席纤腰带,-,
"170","流离岛","5人英雄",詹素,武器,颜泊劲弩,-,
"170","流离岛","5人英雄",詹素,武器,风心轻剑,-,
"170","流离岛","5人英雄",詹素,装备,辛审裹足,-,
"170","流离岛","5人英雄",詹素,装备,雍治长裤,-,
"170","流离岛","5人英雄",詹素,武器,勇智禅杖,-,
"170","流离岛","5人英雄",詹素,武器,越凌重剑,-,
"170","流离岛","5人英雄",詹素,装备,萧南护腿,-,
"170","流离岛","5人英雄",詹素,装备,卓毅腿甲,-,
"170","流离岛","5人英雄",詹素,武器,风夜,-,
"170","流离岛","5人英雄",詹素,武器,光济双刃,-,
"170","流离岛","5人英雄",詹素,武器,戮显威扬,-,
"170","流离岛","5人英雄",詹素,武器,至哲,-,
"170","流离岛","5人英雄",詹素,武器,云接东亭,-,
"170","流离岛","5人英雄",詹素,装备,荆河护手,-,
"170","流离岛","5人英雄",詹素,装备,关雅束腕,-,
"170","流离岛","5人英雄",詹素,装备,黎迎束腕,-,
"170","流离岛","5人英雄",詹素,装备,扶菱云袖,-,
"170","流离岛","5人英雄",詹素,武器,尚行玉笔,-,
"170","流离岛","5人英雄",詹素,装备,周琰束腰,-,
"170","流离岛","5人英雄",詹素,装备,翁山腰甲,-,
"170","流离岛","5人英雄",詹素,装备,顾寻护腰,-,
"170","流离岛","5人英雄",詹素,装备,胥安腰甲,-,
"170","流离岛","5人英雄",詹素,装备,符满长靴,-,
"170","流离岛","5人英雄",詹素,装备,伏通胫甲,-,
"170","流离岛","5人英雄",詹素,装备,暨守护足,-,
"170","流离岛","5人英雄",詹素,装备,薄若玄履,-,
"170","流离岛","5人英雄",詹素,装备,巩海之踏,-,
"170","流离岛","5人英雄",詹素,武器,郑渊古戟,-,
"170","流离岛","5人英雄",詹素,装备,翼秘裹腿,-,
"170","流离岛","5人英雄",詹素,装备,裴乌腿铠,-,
"170","流离岛","5人英雄",詹素,装备,惠绍护腿,-,
"170","流离岛","5人英雄",詹素,武器,伏台连星枪,-,
"170","流离岛","5人英雄",詹素,武器,守逸玄剑,-,
"170","流离岛","5人英雄",詹素,武器,鹏赋强弩,-,
"170","流离岛","5人英雄",第五雍容,武器,苍沭古剑,-,
"170","流离岛","5人英雄",第五雍容,武器,素月,-,
"170","流离岛","5人英雄",第五雍容,武器,新雨,-,
"170","流离岛","5人英雄",第五雍容,武器,万罪血柱,-,
"170","流离岛","5人英雄",第五雍容,武器,勾振骨笛,-,
"170","流离岛","5人英雄",第五雍容,饰品,郭灵,-,
"170","流离岛","5人英雄",第五雍容,武器,云接东亭,-,
"170","流离岛","5人英雄",第五雍容,武器,涵意玉笛,-,
"170","流离岛","5人英雄",第五雍容,饰品,柴稷,-,
"170","流离岛","5人英雄",第五雍容,武器,鹏赋强弩,-,
"170","流离岛","5人英雄",第五雍容,武器,颜泊劲弩,-,
"170","流离岛","5人英雄",第五雍容,饰品,王究,-,
"170","流离岛","5人英雄",第五雍容,武器,勇智禅杖,-,
"170","流离岛","5人英雄",第五雍容,武器,风心轻剑,-,
"170","流离岛","5人英雄",第五雍容,饰品,掣毒,-,
"170","流离岛","5人英雄",第五雍容,武器,越凌重剑,-,
"170","流离岛","5人英雄",第五雍容,装备,奇致长袍,-,
"170","流离岛","5人英雄",第五雍容,武器,风夜,-,
"170","流离岛","5人英雄",第五雍容,装备,廉浮护额,-,
"170","流离岛","5人英雄",第五雍容,武器,光济双刃,-,
"170","流离岛","5人英雄",第五雍容,装备,荣轩长衫,-,
"170","流离岛","5人英雄",第五雍容,武器,至哲,-,
"170","流离岛","5人英雄",第五雍容,武器,戮显威扬,-,
"170","流离岛","5人英雄",第五雍容,武器,月出寒雪,-,
"170","流离岛","5人英雄",第五雍容,武器,尚行玉笔,-,
"170","流离岛","5人英雄",第五雍容,武器,郑渊古戟,-,
"170","流离岛","5人英雄",第五雍容,装备,柯清顶戴,-,
"170","流离岛","5人英雄",第五雍容,装备,贝沈头饰,-,
"170","流离岛","5人英雄",第五雍容,武器,伏台连星枪,-,
"170","流离岛","5人英雄",第五雍容,装备,卢穆头饰,-,
"170","流离岛","5人英雄",第五雍容,装备,彭薄顶戴,-,
"170","流离岛","5人英雄",第五雍容,装备,刚捷古冠,-,
"170","流离岛","5人英雄",第五雍容,装备,然拂长袍,-,
"170","流离岛","5人英雄",第五雍容,装备,盈雄劲装,-,
"170","流离岛","5人英雄",第五雍容,装备,翔夺护胸,-,
"170","流离岛","5人英雄",第五雍容,装备,伟宸胸甲,-,
"170","流离岛","5人英雄",第五雍容,饰品,幽航,-,
"170","流离岛","5人英雄",第五雍容,武器,守逸玄剑,-,
"170","流离岛","5人英雄",第五雍容,饰品,陆石,-,
"170","流离岛","5人英雄",第五雍容,饰品,阮宝,-,
"170","流离岛","5人英雄",第五雍容,饰品,姬镇,-,
"170","流离岛","5人英雄",第五雍容,饰品,邬沁,-,
"170","流离岛","5人英雄",第五雍容,饰品,苏万,-,
"170","流离岛","5人英雄",第五雍容,饰品,广柳,-,
"170","流离岛","5人英雄",第五雍容,饰品,应厚,-,
"170","流离岛","5人英雄",詹毅,饰品,幸新,-,
"170","流离岛","5人英雄",詹毅,饰品,聂天,-,
"170","流离岛","5人英雄",詹毅,饰品,屈南,-,
"170","流离岛","5人英雄",詹毅,武器,天韵,-,
"170","流离岛","5人英雄",詹毅,武器,苍沭古剑,-,
"170","流离岛","5人英雄",詹毅,饰品,柯象,-,
"170","流离岛","5人英雄",詹毅,武器,业兴,-,
"170","流离岛","5人英雄",詹毅,武器,素月,-,
"170","流离岛","5人英雄",詹毅,饰品,蓬都,-,
"170","流离岛","5人英雄",詹毅,饰品,敖武,-,
"170","流离岛","5人英雄",詹毅,武器,光济双刃,-,
"170","流离岛","5人英雄",詹毅,武器,新雨,-,
"170","流离岛","5人英雄",詹毅,武器,勾振骨笛,-,
"170","流离岛","5人英雄",詹毅,武器,涵意玉笛,-,
"170","流离岛","5人英雄",詹毅,武器,万罪血柱,-,
"170","流离岛","5人英雄",詹毅,武器,鹏赋强弩,-,
"170","流离岛","5人英雄",詹毅,武器,颜泊劲弩,-,
"170","流离岛","5人英雄",詹毅,武器,风心轻剑,-,
"170","流离岛","5人英雄",詹毅,武器,越凌重剑,-,
"170","流离岛","5人英雄",詹毅,武器,勇智禅杖,-,
"170","流离岛","5人英雄",詹毅,武器,风夜,-,
"170","流离岛","5人英雄",詹毅,武器,光赫,-,
"170","流离岛","5人英雄",詹毅,武器,戮显威扬,-,
"170","流离岛","5人英雄",詹毅,武器,云接东亭,-,
"170","流离岛","5人英雄",詹毅,武器,至哲,-,
"170","流离岛","5人英雄",詹毅,武器,月出寒雪,-,
"170","流离岛","5人英雄",詹毅,武器,俊德,-,
"170","流离岛","5人英雄",詹毅,武器,尚行玉笔,-,
"170","流离岛","5人英雄",詹毅,武器,成济,-,
"170","流离岛","5人英雄",詹毅,武器,郑渊古戟,-,
"170","流离岛","5人英雄",詹毅,武器,伏台连星枪,-,
"170","流离岛","5人英雄",詹毅,武器,擎宇,-,
"170","流离岛","5人英雄",詹毅,武器,守逸玄剑,-,
"163","华清宫回忆录","5人英雄",英怀珠,武器,苍沭古剑,-,
"163","华清宫回忆录","5人英雄",英怀珠,武器,素月,-,
"163","华清宫回忆录","5人英雄",英怀珠,武器,新雨,-,
"163","华清宫回忆录","5人英雄",英怀珠,武器,万罪血柱,-,
"163","华清宫回忆录","5人英雄",英怀珠,武器,勾振骨笛,-,
"163","华清宫回忆录","5人英雄",英怀珠,武器,云接东亭,-,
"163","华清宫回忆录","5人英雄",英怀珠,装备,荆河护手,-,
"163","华清宫回忆录","5人英雄",英怀珠,武器,涵意玉笛,-,
"163","华清宫回忆录","5人英雄",英怀珠,装备,扶菱云袖,-,
"163","华清宫回忆录","5人英雄",英怀珠,武器,鹏赋强弩,-,
"163","华清宫回忆录","5人英雄",英怀珠,装备,周琰束腰,-,
"163","华清宫回忆录","5人英雄",英怀珠,装备,翁山腰甲,-,
"163","华清宫回忆录","5人英雄",英怀珠,武器,颜泊劲弩,-,
"163","华清宫回忆录","5人英雄",英怀珠,装备,符满长靴,-,
"163","华清宫回忆录","5人英雄",英怀珠,武器,勇智禅杖,-,
"163","华清宫回忆录","5人英雄",英怀珠,武器,风心轻剑,-,
"163","华清宫回忆录","5人英雄",英怀珠,装备,薄若玄履,-,
"163","华清宫回忆录","5人英雄",英怀珠,装备,裴乌腿铠,-,
"163","华清宫回忆录","5人英雄",英怀珠,武器,越凌重剑,-,
"163","华清宫回忆录","5人英雄",英怀珠,装备,惠绍护腿,-,
"163","华清宫回忆录","5人英雄",英怀珠,武器,风夜,-,
"163","华清宫回忆录","5人英雄",英怀珠,武器,光济双刃,-,
"163","华清宫回忆录","5人英雄",英怀珠,武器,至哲,-,
"163","华清宫回忆录","5人英雄",英怀珠,武器,戮显威扬,-,
"163","华清宫回忆录","5人英雄",英怀珠,武器,月出寒雪,-,
"163","华清宫回忆录","5人英雄",英怀珠,装备,关雅束腕,-,
"163","华清宫回忆录","5人英雄",英怀珠,装备,孟青腕甲,-,
"163","华清宫回忆录","5人英雄",英怀珠,装备,黎迎束腕,-,
"163","华清宫回忆录","5人英雄",英怀珠,武器,尚行玉笔,-,
"163","华清宫回忆录","5人英雄",英怀珠,装备,禹治护腕,-,
"163","华清宫回忆录","5人英雄",英怀珠,装备,卞主腰带,-,
"163","华清宫回忆录","5人英雄",英怀珠,装备,顾寻护腰,-,
"163","华清宫回忆录","5人英雄",英怀珠,装备,席纤腰带,-,
"163","华清宫回忆录","5人英雄",英怀珠,装备,胥安腰甲,-,
"163","华清宫回忆录","5人英雄",英怀珠,装备,伏通胫甲,-,
"163","华清宫回忆录","5人英雄",英怀珠,装备,辛审裹足,-,
"163","华清宫回忆录","5人英雄",英怀珠,装备,暨守护足,-,
"163","华清宫回忆录","5人英雄",英怀珠,武器,郑渊古戟,-,
"163","华清宫回忆录","5人英雄",英怀珠,装备,巩海之踏,-,
"163","华清宫回忆录","5人英雄",英怀珠,装备,雍治长裤,-,
"163","华清宫回忆录","5人英雄",英怀珠,装备,翼秘裹腿,-,
"163","华清宫回忆录","5人英雄",英怀珠,装备,萧南护腿,-,
"163","华清宫回忆录","5人英雄",英怀珠,装备,卓毅腿甲,-,
"163","华清宫回忆录","5人英雄",英怀珠,武器,伏台连星枪,-,
"163","华清宫回忆录","5人英雄",英怀珠,武器,守逸玄剑,-,
"163","华清宫回忆录","5人英雄",高力士,武器,素月,-,
"163","华清宫回忆录","5人英雄",高力士,武器,万罪血柱,-,
"163","华清宫回忆录","5人英雄",高力士,武器,新雨,-,
"163","华清宫回忆录","5人英雄",高力士,武器,戮显威扬,-,
"163","华清宫回忆录","5人英雄",高力士,武器,勾振骨笛,-,
"163","华清宫回忆录","5人英雄",高力士,武器,涵意玉笛,-,
"163","华清宫回忆录","5人英雄",高力士,武器,鹏赋强弩,-,
"163","华清宫回忆录","5人英雄",高力士,饰品,苏万,-,
"163","华清宫回忆录","5人英雄",高力士,武器,勇智禅杖,-,
"163","华清宫回忆录","5人英雄",高力士,武器,颜泊劲弩,-,
"163","华清宫回忆录","5人英雄",高力士,饰品,阮宝,-,
"163","华清宫回忆录","5人英雄",高力士,武器,风心轻剑,-,
"163","华清宫回忆录","5人英雄",高力士,饰品,陆石,-,
"163","华清宫回忆录","5人英雄",高力士,武器,越凌重剑,-,
"163","华清宫回忆录","5人英雄",高力士,饰品,幽航,-,
"163","华清宫回忆录","5人英雄",高力士,武器,风夜,-,
"163","华清宫回忆录","5人英雄",高力士,装备,柯清顶戴,-,
"163","华清宫回忆录","5人英雄",高力士,武器,至哲,-,
"163","华清宫回忆录","5人英雄",高力士,武器,光济双刃,-,
"163","华清宫回忆录","5人英雄",高力士,装备,彭薄顶戴,-,
"163","华清宫回忆录","5人英雄",高力士,装备,盈雄劲装,-,
"163","华清宫回忆录","5人英雄",高力士,武器,云接东亭,-,
"163","华清宫回忆录","5人英雄",高力士,武器,月出寒雪,-,
"163","华清宫回忆录","5人英雄",高力士,武器,尚行玉笔,-,
"163","华清宫回忆录","5人英雄",高力士,武器,郑渊古戟,-,
"163","华清宫回忆录","5人英雄",高力士,武器,伏台连星枪,-,
"163","华清宫回忆录","5人英雄",高力士,装备,贝沈头饰,-,
"163","华清宫回忆录","5人英雄",高力士,装备,廉浮护额,-,
"163","华清宫回忆录","5人英雄",高力士,装备,卢穆头饰,-,
"163","华清宫回忆录","5人英雄",高力士,装备,刚捷古冠,-,
"163","华清宫回忆录","5人英雄",高力士,装备,荣轩长衫,-,
"163","华清宫回忆录","5人英雄",高力士,装备,然拂长袍,-,
"163","华清宫回忆录","5人英雄",高力士,装备,翔夺护胸,-,
"163","华清宫回忆录","5人英雄",高力士,装备,奇致长袍,-,
"163","华清宫回忆录","5人英雄",高力士,装备,伟宸胸甲,-,
"163","华清宫回忆录","5人英雄",高力士,武器,守逸玄剑,-,
"163","华清宫回忆录","5人英雄",高力士,饰品,掣毒,-,
"163","华清宫回忆录","5人英雄",高力士,饰品,王究,-,
"163","华清宫回忆录","5人英雄",高力士,饰品,姬镇,-,
"163","华清宫回忆录","5人英雄",高力士,饰品,柴稷,-,
"163","华清宫回忆录","5人英雄",高力士,饰品,邬沁,-,
"163","华清宫回忆录","5人英雄",高力士,饰品,广柳,-,
"163","华清宫回忆录","5人英雄",高力士,饰品,郭灵,-,
"163","华清宫回忆录","5人英雄",高力士,饰品,应厚,-,
"163","华清宫回忆录","5人英雄",高力士,武器,苍沭古剑,-,
"163","华清宫回忆录","5人英雄",安禄山,饰品,敖武,-,
"163","华清宫回忆录","5人英雄",安禄山,饰品,屈南,-,
"163","华清宫回忆录","5人英雄",安禄山,饰品,柯象,-,
"163","华清宫回忆录","5人英雄",安禄山,武器,光赫,-,
"163","华清宫回忆录","5人英雄",安禄山,武器,万罪血柱,-,
"163","华清宫回忆录","5人英雄",安禄山,武器,素月,-,
"163","华清宫回忆录","5人英雄",安禄山,武器,新雨,-,
"163","华清宫回忆录","5人英雄",安禄山,饰品,蓬都,-,
"163","华清宫回忆录","5人英雄",安禄山,武器,勾振骨笛,-,
"163","华清宫回忆录","5人英雄",安禄山,饰品,幸新,-,
"163","华清宫回忆录","5人英雄",安禄山,武器,涵意玉笛,-,
"163","华清宫回忆录","5人英雄",安禄山,武器,勇智禅杖,-,
"163","华清宫回忆录","5人英雄",安禄山,武器,鹏赋强弩,-,
"163","华清宫回忆录","5人英雄",安禄山,武器,俊德,-,
"163","华清宫回忆录","5人英雄",安禄山,武器,风心轻剑,-,
"163","华清宫回忆录","5人英雄",安禄山,武器,越凌重剑,-,
"163","华清宫回忆录","5人英雄",安禄山,武器,至哲,-,
"163","华清宫回忆录","5人英雄",安禄山,武器,风夜,-,
"163","华清宫回忆录","5人英雄",安禄山,武器,光济双刃,-,
"163","华清宫回忆录","5人英雄",安禄山,武器,戮显威扬,-,
"163","华清宫回忆录","5人英雄",安禄山,武器,成济,-,
"163","华清宫回忆录","5人英雄",安禄山,武器,云接东亭,-,
"163","华清宫回忆录","5人英雄",安禄山,武器,尚行玉笔,-,
"163","华清宫回忆录","5人英雄",安禄山,武器,月出寒雪,-,
"163","华清宫回忆录","5人英雄",安禄山,武器,擎宇,-,
"163","华清宫回忆录","5人英雄",安禄山,武器,郑渊古戟,-,
"163","华清宫回忆录","5人英雄",安禄山,武器,伏台连星枪,-,
"163","华清宫回忆录","5人英雄",安禄山,武器,天韵,-,
"163","华清宫回忆录","5人英雄",安禄山,武器,守逸玄剑,-,
"163","华清宫回忆录","5人英雄",安禄山,武器,业兴,-,
"163","华清宫回忆录","5人英雄",安禄山,武器,苍沭古剑,-,
"163","华清宫回忆录","5人英雄",安禄山,饰品,聂天,-,
"163","华清宫回忆录","5人英雄",安禄山,武器,颜泊劲弩,-,
"161","华清宫","5人普通",尹素颜,装备,定波束腕,-,
"161","华清宫","5人普通",尹素颜,装备,毋毅护腕,-,
"161","华清宫","5人普通",尹素颜,装备,寇弘护手,-,
"161","华清宫","5人普通",尹素颜,装备,卢宁束腰,-,
"161","华清宫","5人普通",尹素颜,装备,郁沂腰甲,-,
"161","华清宫","5人普通",尹素颜,装备,夏林腰带,-,
"161","华清宫","5人普通",尹素颜,装备,蔺治长靴,-,
"161","华清宫","5人普通",尹素颜,装备,慕抚玄履,-,
"161","华清宫","5人普通",尹素颜,装备,穆林腿铠,-,
"161","华清宫","5人普通",尹素颜,装备,秦桓顶戴,-,
"161","华清宫","5人普通",尹素颜,装备,侯南顶戴,-,
"161","华清宫","5人普通",尹素颜,装备,戈光劲装,-,
"161","华清宫","5人普通",尹素颜,装备,满康长袍,-,
"161","华清宫","5人普通",尹素颜,武器,阑宇,-,
"161","华清宫","5人普通",尹素颜,武器,仲涉,-,
"161","华清宫","5人普通",尹素颜,武器,钟定战囊,-,
"161","华清宫","5人普通",尹素颜,武器,仲贝,-,
"161","华清宫","5人普通",尹素颜,装备,满灵护足,-,
"161","华清宫","5人普通",尹素颜,武器,蓬岚,-,
"161","华清宫","5人普通",尹素颜,装备,宫源裹腿,-,
"161","华清宫","5人普通",尹素颜,武器,费海囊,-,
"161","华清宫","5人普通",尹素颜,装备,慎鸣护腿,-,
"161","华清宫","5人普通",尹素颜,装备,邵信长袍,-,
"161","华清宫","5人普通",尹素颜,装备,若飞护腕,-,
"161","华清宫","5人普通",尹素颜,装备,那稷腕甲,-,
"161","华清宫","5人普通",尹素颜,装备,甄宁云袖,-,
"161","华清宫","5人普通",尹素颜,装备,仲谷腰带,-,
"161","华清宫","5人普通",尹素颜,装备,支进裹腰,-,
"161","华清宫","5人普通",尹素颜,装备,蔚湖护腰,-,
"161","华清宫","5人普通",尹素颜,装备,鱼陀胫甲,-,
"161","华清宫","5人普通",尹素颜,装备,杭池长裤,-,
"161","华清宫","5人普通",尹素颜,装备,夔游腿甲,-,
"161","华清宫","5人普通",尹素颜,装备,雷远护额,-,
"161","华清宫","5人普通",尹素颜,装备,乐胜长衫,-,
"161","华清宫","5人普通",尹素颜,装备,华武护胸,-,
"161","华清宫","5人普通",尹素颜,装备,禹苏裹足,-,
"161","华清宫","5人普通",尹素颜,装备,祝庆之踏,-,
"161","华清宫","5人普通",尹素颜,装备,任辽护腿,-,
"161","华清宫","5人普通",尹素颜,装备,经饶头饰,-,
"161","华清宫","5人普通",尹素颜,装备,荆克古冠,-,
"161","华清宫","5人普通",尹素颜,装备,鄂夏胸甲,-,
"161","华清宫","5人普通",尹素颜,装备,永思头饰,-,
"161","华清宫","5人普通",阿依努尔,装备,毋毅护腕,-,
"161","华清宫","5人普通",阿依努尔,装备,寇弘护手,-,
"161","华清宫","5人普通",阿依努尔,装备,卢宁束腰,-,
"161","华清宫","5人普通",阿依努尔,装备,郁沂腰甲,-,
"161","华清宫","5人普通",阿依努尔,装备,夏林腰带,-,
"161","华清宫","5人普通",阿依努尔,装备,鱼陀胫甲,-,
"161","华清宫","5人普通",阿依努尔,装备,杭池长裤,-,
"161","华清宫","5人普通",阿依努尔,装备,夔游腿甲,-,
"161","华清宫","5人普通",阿依努尔,装备,雷远护额,-,
"161","华清宫","5人普通",阿依努尔,装备,乐胜长衫,-,
"161","华清宫","5人普通",阿依努尔,装备,鄂夏胸甲,-,
"161","华清宫","5人普通",阿依努尔,装备,禹苏裹足,-,
"161","华清宫","5人普通",阿依努尔,装备,任辽护腿,-,
"161","华清宫","5人普通",阿依努尔,装备,经饶头饰,-,
"161","华清宫","5人普通",阿依努尔,装备,荆克古冠,-,
"161","华清宫","5人普通",阿依努尔,装备,若飞护腕,-,
"161","华清宫","5人普通",阿依努尔,装备,定波束腕,-,
"161","华清宫","5人普通",阿依努尔,装备,那稷腕甲,-,
"161","华清宫","5人普通",阿依努尔,装备,甄宁云袖,-,
"161","华清宫","5人普通",阿依努尔,装备,仲谷腰带,-,
"161","华清宫","5人普通",阿依努尔,装备,支进裹腰,-,
"161","华清宫","5人普通",阿依努尔,装备,蔚湖护腰,-,
"161","华清宫","5人普通",阿依努尔,装备,蔺治长靴,-,
"161","华清宫","5人普通",阿依努尔,装备,慕抚玄履,-,
"161","华清宫","5人普通",阿依努尔,装备,穆林腿铠,-,
"161","华清宫","5人普通",阿依努尔,装备,秦桓顶戴,-,
"161","华清宫","5人普通",阿依努尔,装备,侯南顶戴,-,
"161","华清宫","5人普通",阿依努尔,装备,戈光劲装,-,
"161","华清宫","5人普通",阿依努尔,装备,满灵护足,-,
"161","华清宫","5人普通",阿依努尔,装备,宫源裹腿,-,
"161","华清宫","5人普通",阿依努尔,装备,慎鸣护腿,-,
"161","华清宫","5人普通",阿依努尔,装备,永思头饰,-,
"161","华清宫","5人普通",阿依努尔,装备,邵信长袍,-,
"161","华清宫","5人普通",阿依努尔,装备,满康长袍,-,
"161","华清宫","5人普通",阿依努尔,装备,华武护胸,-,
"161","华清宫","5人普通",阿依努尔,装备,祝庆之踏,-,
"161","华清宫","5人普通",葛尔东赞,装备,那稷腕甲,-,
"161","华清宫","5人普通",葛尔东赞,装备,甄宁云袖,-,
"161","华清宫","5人普通",葛尔东赞,装备,仲谷腰带,-,
"161","华清宫","5人普通",葛尔东赞,装备,支进裹腰,-,
"161","华清宫","5人普通",葛尔东赞,装备,蔚湖护腰,-,
"161","华清宫","5人普通",葛尔东赞,装备,满灵护足,-,
"161","华清宫","5人普通",葛尔东赞,装备,宫源裹腿,-,
"161","华清宫","5人普通",葛尔东赞,装备,慎鸣护腿,-,
"161","华清宫","5人普通",葛尔东赞,装备,永思头饰,-,
"161","华清宫","5人普通",葛尔东赞,装备,邵信长袍,-,
"161","华清宫","5人普通",葛尔东赞,装备,鱼陀胫甲,-,
"161","华清宫","5人普通",葛尔东赞,装备,杭池长裤,-,
"161","华清宫","5人普通",葛尔东赞,装备,雷远护额,-,
"161","华清宫","5人普通",葛尔东赞,武器,修玄,-,
"161","华清宫","5人普通",葛尔东赞,装备,乐胜长衫,-,
"161","华清宫","5人普通",葛尔东赞,武器,萨赞,-,
"161","华清宫","5人普通",葛尔东赞,装备,鄂夏胸甲,-,
"161","华清宫","5人普通",葛尔东赞,武器,句远,-,
"161","华清宫","5人普通",葛尔东赞,武器,穆松,-,
"161","华清宫","5人普通",葛尔东赞,武器,义图,-,
"161","华清宫","5人普通",葛尔东赞,武器,燕山云,-,
"161","华清宫","5人普通",葛尔东赞,武器,虚结烟岚,-,
"161","华清宫","5人普通",葛尔东赞,武器,真幻尘凝,-,
"161","华清宫","5人普通",葛尔东赞,武器,萱妍,-,
"161","华清宫","5人普通",葛尔东赞,武器,秀越,-,
"161","华清宫","5人普通",葛尔东赞,武器,春寒,-,
"161","华清宫","5人普通",葛尔东赞,武器,萍飘,-,
"161","华清宫","5人普通",葛尔东赞,武器,天鹤,-,
"161","华清宫","5人普通",葛尔东赞,武器,齐思,-,
"161","华清宫","5人普通",葛尔东赞,武器,周月,-,
"161","华清宫","5人普通",葛尔东赞,武器,舞岚,-,
"161","华清宫","5人普通",葛尔东赞,武器,龙彦,-,
"161","华清宫","5人普通",葛尔东赞,武器,穹庐月水,-,
"161","华清宫","5人普通",葛尔东赞,武器,漠宁,-,
"161","华清宫","5人普通",葛尔东赞,武器,焦原古,-,
"161","华清宫","5人普通",葛尔东赞,武器,户雍空,-,
"161","华清宫","5人普通",葛尔东赞,装备,若飞护腕,-,
"161","华清宫","5人普通",葛尔东赞,装备,定波束腕,-,
"161","华清宫","5人普通",葛尔东赞,装备,毋毅护腕,-,
"161","华清宫","5人普通",葛尔东赞,装备,寇弘护手,-,
"161","华清宫","5人普通",葛尔东赞,装备,卢宁束腰,-,
"161","华清宫","5人普通",葛尔东赞,装备,郁沂腰甲,-,
"161","华清宫","5人普通",葛尔东赞,装备,夏林腰带,-,
"161","华清宫","5人普通",葛尔东赞,装备,禹苏裹足,-,
"161","华清宫","5人普通",葛尔东赞,装备,祝庆之踏,-,
"161","华清宫","5人普通",葛尔东赞,装备,任辽护腿,-,
"161","华清宫","5人普通",葛尔东赞,装备,经饶头饰,-,
"161","华清宫","5人普通",葛尔东赞,装备,荆克古冠,-,
"161","华清宫","5人普通",葛尔东赞,装备,华武护胸,-,
"161","华清宫","5人普通",葛尔东赞,装备,蔺治长靴,-,
"161","华清宫","5人普通",葛尔东赞,装备,慕抚玄履,-,
"161","华清宫","5人普通",葛尔东赞,装备,穆林腿铠,-,
"161","华清宫","5人普通",葛尔东赞,装备,秦桓顶戴,-,
"161","华清宫","5人普通",葛尔东赞,装备,侯南顶戴,-,
"161","华清宫","5人普通",葛尔东赞,装备,戈光劲装,-,
"161","华清宫","5人普通",葛尔东赞,装备,满康长袍,-,
"161","华清宫","5人普通",葛尔东赞,装备,夔游腿甲,-,
"162","华清宫","5人英雄",尹素颜,武器,苍沭古剑,-,
"162","华清宫","5人英雄",尹素颜,武器,素月,-,
"162","华清宫","5人英雄",尹素颜,武器,新雨,-,
"162","华清宫","5人英雄",尹素颜,武器,万罪血柱,-,
"162","华清宫","5人英雄",尹素颜,武器,勾振骨笛,-,
"162","华清宫","5人英雄",尹素颜,武器,云接东亭,-,
"162","华清宫","5人英雄",尹素颜,装备,荆河护手,-,
"162","华清宫","5人英雄",尹素颜,武器,涵意玉笛,-,
"162","华清宫","5人英雄",尹素颜,装备,扶菱云袖,-,
"162","华清宫","5人英雄",尹素颜,武器,鹏赋强弩,-,
"162","华清宫","5人英雄",尹素颜,装备,周琰束腰,-,
"162","华清宫","5人英雄",尹素颜,装备,翁山腰甲,-,
"162","华清宫","5人英雄",尹素颜,武器,颜泊劲弩,-,
"162","华清宫","5人英雄",尹素颜,装备,符满长靴,-,
"162","华清宫","5人英雄",尹素颜,武器,勇智禅杖,-,
"162","华清宫","5人英雄",尹素颜,武器,风心轻剑,-,
"162","华清宫","5人英雄",尹素颜,装备,薄若玄履,-,
"162","华清宫","5人英雄",尹素颜,装备,裴乌腿铠,-,
"162","华清宫","5人英雄",尹素颜,武器,越凌重剑,-,
"162","华清宫","5人英雄",尹素颜,装备,惠绍护腿,-,
"162","华清宫","5人英雄",尹素颜,武器,风夜,-,
"162","华清宫","5人英雄",尹素颜,武器,光济双刃,-,
"162","华清宫","5人英雄",尹素颜,武器,至哲,-,
"162","华清宫","5人英雄",尹素颜,武器,戮显威扬,-,
"162","华清宫","5人英雄",尹素颜,武器,月出寒雪,-,
"162","华清宫","5人英雄",尹素颜,装备,关雅束腕,-,
"162","华清宫","5人英雄",尹素颜,装备,孟青腕甲,-,
"162","华清宫","5人英雄",尹素颜,装备,黎迎束腕,-,
"162","华清宫","5人英雄",尹素颜,武器,尚行玉笔,-,
"162","华清宫","5人英雄",尹素颜,装备,禹治护腕,-,
"162","华清宫","5人英雄",尹素颜,装备,卞主腰带,-,
"162","华清宫","5人英雄",尹素颜,装备,顾寻护腰,-,
"162","华清宫","5人英雄",尹素颜,装备,席纤腰带,-,
"162","华清宫","5人英雄",尹素颜,装备,胥安腰甲,-,
"162","华清宫","5人英雄",尹素颜,装备,伏通胫甲,-,
"162","华清宫","5人英雄",尹素颜,装备,辛审裹足,-,
"162","华清宫","5人英雄",尹素颜,装备,暨守护足,-,
"162","华清宫","5人英雄",尹素颜,武器,郑渊古戟,-,
"162","华清宫","5人英雄",尹素颜,装备,巩海之踏,-,
"162","华清宫","5人英雄",尹素颜,装备,雍治长裤,-,
"162","华清宫","5人英雄",尹素颜,装备,翼秘裹腿,-,
"162","华清宫","5人英雄",尹素颜,装备,萧南护腿,-,
"162","华清宫","5人英雄",尹素颜,装备,卓毅腿甲,-,
"162","华清宫","5人英雄",尹素颜,武器,伏台连星枪,-,
"162","华清宫","5人英雄",尹素颜,武器,守逸玄剑,-,
"162","华清宫","5人英雄",阿依努尔,武器,万罪血柱,-,
"162","华清宫","5人英雄",阿依努尔,武器,素月,-,
"162","华清宫","5人英雄",阿依努尔,武器,新雨,-,
"162","华清宫","5人英雄",阿依努尔,武器,勾振骨笛,-,
"162","华清宫","5人英雄",阿依努尔,武器,涵意玉笛,-,
"162","华清宫","5人英雄",阿依努尔,武器,勇智禅杖,-,
"162","华清宫","5人英雄",阿依努尔,武器,鹏赋强弩,-,
"162","华清宫","5人英雄",阿依努尔,饰品,苏万,-,
"162","华清宫","5人英雄",阿依努尔,武器,风心轻剑,-,
"162","华清宫","5人英雄",阿依努尔,饰品,阮宝,-,
"162","华清宫","5人英雄",阿依努尔,饰品,陆石,-,
"162","华清宫","5人英雄",阿依努尔,武器,越凌重剑,-,
"162","华清宫","5人英雄",阿依努尔,武器,至哲,-,
"162","华清宫","5人英雄",阿依努尔,武器,风夜,-,
"162","华清宫","5人英雄",阿依努尔,饰品,幽航,-,
"162","华清宫","5人英雄",阿依努尔,装备,柯清顶戴,-,
"162","华清宫","5人英雄",阿依努尔,武器,光济双刃,-,
"162","华清宫","5人英雄",阿依努尔,装备,彭薄顶戴,-,
"162","华清宫","5人英雄",阿依努尔,装备,盈雄劲装,-,
"162","华清宫","5人英雄",阿依努尔,武器,戮显威扬,-,
"162","华清宫","5人英雄",阿依努尔,武器,云接东亭,-,
"162","华清宫","5人英雄",阿依努尔,武器,尚行玉笔,-,
"162","华清宫","5人英雄",阿依努尔,武器,月出寒雪,-,
"162","华清宫","5人英雄",阿依努尔,武器,郑渊古戟,-,
"162","华清宫","5人英雄",阿依努尔,武器,伏台连星枪,-,
"162","华清宫","5人英雄",阿依努尔,装备,贝沈头饰,-,
"162","华清宫","5人英雄",阿依努尔,装备,廉浮护额,-,
"162","华清宫","5人英雄",阿依努尔,装备,卢穆头饰,-,
"162","华清宫","5人英雄",阿依努尔,装备,刚捷古冠,-,
"162","华清宫","5人英雄",阿依努尔,装备,荣轩长衫,-,
"162","华清宫","5人英雄",阿依努尔,装备,然拂长袍,-,
"162","华清宫","5人英雄",阿依努尔,武器,守逸玄剑,-,
"162","华清宫","5人英雄",阿依努尔,装备,翔夺护胸,-,
"162","华清宫","5人英雄",阿依努尔,装备,奇致长袍,-,
"162","华清宫","5人英雄",阿依努尔,装备,伟宸胸甲,-,
"162","华清宫","5人英雄",阿依努尔,饰品,掣毒,-,
"162","华清宫","5人英雄",阿依努尔,饰品,王究,-,
"162","华清宫","5人英雄",阿依努尔,饰品,姬镇,-,
"162","华清宫","5人英雄",阿依努尔,饰品,柴稷,-,
"162","华清宫","5人英雄",阿依努尔,饰品,邬沁,-,
"162","华清宫","5人英雄",阿依努尔,武器,苍沭古剑,-,
"162","华清宫","5人英雄",阿依努尔,饰品,广柳,-,
"162","华清宫","5人英雄",阿依努尔,饰品,郭灵,-,
"162","华清宫","5人英雄",阿依努尔,饰品,应厚,-,
"162","华清宫","5人英雄",阿依努尔,武器,颜泊劲弩,-,
"162","华清宫","5人英雄",葛尔东赞,饰品,敖武,-,
"162","华清宫","5人英雄",葛尔东赞,饰品,屈南,-,
"162","华清宫","5人英雄",葛尔东赞,饰品,柯象,-,
"162","华清宫","5人英雄",葛尔东赞,武器,光赫,-,
"162","华清宫","5人英雄",葛尔东赞,武器,素月,-,
"162","华清宫","5人英雄",葛尔东赞,武器,万罪血柱,-,
"162","华清宫","5人英雄",葛尔东赞,武器,新雨,-,
"162","华清宫","5人英雄",葛尔东赞,饰品,蓬都,-,
"162","华清宫","5人英雄",葛尔东赞,武器,戮显威扬,-,
"162","华清宫","5人英雄",葛尔东赞,武器,勾振骨笛,-,
"162","华清宫","5人英雄",葛尔东赞,饰品,幸新,-,
"162","华清宫","5人英雄",葛尔东赞,武器,涵意玉笛,-,
"162","华清宫","5人英雄",葛尔东赞,武器,鹏赋强弩,-,
"162","华清宫","5人英雄",葛尔东赞,武器,俊德,-,
"162","华清宫","5人英雄",葛尔东赞,武器,勇智禅杖,-,
"162","华清宫","5人英雄",葛尔东赞,武器,颜泊劲弩,-,
"162","华清宫","5人英雄",葛尔东赞,武器,风心轻剑,-,
"162","华清宫","5人英雄",葛尔东赞,武器,越凌重剑,-,
"162","华清宫","5人英雄",葛尔东赞,武器,风夜,-,
"162","华清宫","5人英雄",葛尔东赞,武器,至哲,-,
"162","华清宫","5人英雄",葛尔东赞,武器,光济双刃,-,
"162","华清宫","5人英雄",葛尔东赞,武器,成济,-,
"162","华清宫","5人英雄",葛尔东赞,武器,云接东亭,-,
"162","华清宫","5人英雄",葛尔东赞,武器,月出寒雪,-,
"162","华清宫","5人英雄",葛尔东赞,武器,尚行玉笔,-,
"162","华清宫","5人英雄",葛尔东赞,武器,擎宇,-,
"162","华清宫","5人英雄",葛尔东赞,武器,郑渊古戟,-,
"162","华清宫","5人英雄",葛尔东赞,武器,天韵,-,
"162","华清宫","5人英雄",葛尔东赞,武器,伏台连星枪,-,
"162","华清宫","5人英雄",葛尔东赞,武器,守逸玄剑,-,
"162","华清宫","5人英雄",葛尔东赞,武器,业兴,-,
"162","华清宫","5人英雄",葛尔东赞,武器,苍沭古剑,-,
"162","华清宫","5人英雄",葛尔东赞,饰品,聂天,-,
"167","一线天","5人普通",苏清,装备,贲旗腕甲,-,
"167","一线天","5人普通",苏清,装备,霞魄云袖,-,
"167","一线天","5人普通",苏清,装备,颜太腰带,-,
"167","一线天","5人普通",苏清,装备,洪曲裹腰,-,
"167","一线天","5人普通",苏清,装备,茅沁护腰,-,
"167","一线天","5人普通",苏清,装备,祁望裹足,-,
"167","一线天","5人普通",苏清,装备,宰峻之踏,-,
"167","一线天","5人普通",苏清,装备,庞沧护腿,-,
"167","一线天","5人普通",苏清,装备,厉佐头饰,-,
"167","一线天","5人普通",苏清,装备,虞尤古冠,-,
"167","一线天","5人普通",苏清,武器,嵇珲,-,
"167","一线天","5人普通",苏清,装备,明辰长袍,-,
"167","一线天","5人普通",苏清,武器,苍遥,-,
"167","一线天","5人普通",苏清,武器,臧沛战囊,-,
"167","一线天","5人普通",苏清,装备,裴亨长靴,-,
"167","一线天","5人普通",苏清,武器,牧遂,-,
"167","一线天","5人普通",苏清,装备,吉穆腿铠,-,
"167","一线天","5人普通",苏清,武器,仙霖,-,
"167","一线天","5人普通",苏清,装备,时岱顶戴,-,
"167","一线天","5人普通",苏清,武器,倪舜之悔,-,
"167","一线天","5人普通",苏清,装备,冷卢顶戴,-,
"167","一线天","5人普通",苏清,装备,忧彦护手,-,
"167","一线天","5人普通",苏清,装备,宁恬束腕,-,
"167","一线天","5人普通",苏清,装备,癸水护腕,-,
"167","一线天","5人普通",苏清,装备,沈石护手,-,
"167","一线天","5人普通",苏清,装备,莹静束腰,-,
"167","一线天","5人普通",苏清,装备,谈仁腰甲,-,
"167","一线天","5人普通",苏清,装备,廉朔腰带,-,
"167","一线天","5人普通",苏清,装备,胡林护足,-,
"167","一线天","5人普通",苏清,装备,元平裹腿,-,
"167","一线天","5人普通",苏清,装备,印含护腿,-,
"167","一线天","5人普通",苏清,装备,卫俊头饰,-,
"167","一线天","5人普通",苏清,装备,凤尔长袍,-,
"167","一线天","5人普通",苏清,装备,殷河胸甲,-,
"167","一线天","5人普通",苏清,装备,计诚胫甲,-,
"167","一线天","5人普通",苏清,装备,梅成长裤,-,
"167","一线天","5人普通",苏清,装备,管腾腿甲,-,
"167","一线天","5人普通",苏清,装备,时苛护额,-,
"167","一线天","5人普通",苏清,装备,魏巡长衫,-,
"167","一线天","5人普通",苏清,装备,游琛护胸,-,
"167","一线天","5人普通",苏清,装备,韶浮劲装,-,
"167","一线天","5人普通",苏清,装备,凤涉玄履,-,
"167","一线天","5人普通",宁毅,装备,宁恬束腕,-,
"167","一线天","5人普通",宁毅,装备,癸水护腕,-,
"167","一线天","5人普通",宁毅,装备,沈石护手,-,
"167","一线天","5人普通",宁毅,装备,莹静束腰,-,
"167","一线天","5人普通",宁毅,装备,谈仁腰甲,-,
"167","一线天","5人普通",宁毅,装备,廉朔腰带,-,
"167","一线天","5人普通",宁毅,装备,裴亨长靴,-,
"167","一线天","5人普通",宁毅,装备,凤涉玄履,-,
"167","一线天","5人普通",宁毅,装备,吉穆腿铠,-,
"167","一线天","5人普通",宁毅,装备,时岱顶戴,-,
"167","一线天","5人普通",宁毅,装备,冷卢顶戴,-,
"167","一线天","5人普通",宁毅,装备,韶浮劲装,-,
"167","一线天","5人普通",宁毅,装备,明辰长袍,-,
"167","一线天","5人普通",宁毅,装备,胡林护足,-,
"167","一线天","5人普通",宁毅,装备,元平裹腿,-,
"167","一线天","5人普通",宁毅,装备,印含护腿,-,
"167","一线天","5人普通",宁毅,装备,凤尔长袍,-,
"167","一线天","5人普通",宁毅,装备,忧彦护手,-,
"167","一线天","5人普通",宁毅,装备,贲旗腕甲,-,
"167","一线天","5人普通",宁毅,装备,霞魄云袖,-,
"167","一线天","5人普通",宁毅,装备,颜太腰带,-,
"167","一线天","5人普通",宁毅,装备,洪曲裹腰,-,
"167","一线天","5人普通",宁毅,装备,茅沁护腰,-,
"167","一线天","5人普通",宁毅,装备,计诚胫甲,-,
"167","一线天","5人普通",宁毅,装备,梅成长裤,-,
"167","一线天","5人普通",宁毅,装备,管腾腿甲,-,
"167","一线天","5人普通",宁毅,装备,时苛护额,-,
"167","一线天","5人普通",宁毅,装备,魏巡长衫,-,
"167","一线天","5人普通",宁毅,装备,游琛护胸,-,
"167","一线天","5人普通",宁毅,装备,祁望裹足,-,
"167","一线天","5人普通",宁毅,装备,宰峻之踏,-,
"167","一线天","5人普通",宁毅,装备,庞沧护腿,-,
"167","一线天","5人普通",宁毅,装备,厉佐头饰,-,
"167","一线天","5人普通",宁毅,装备,虞尤古冠,-,
"167","一线天","5人普通",宁毅,装备,殷河胸甲,-,
"167","一线天","5人普通",宁毅,装备,卫俊头饰,-,
"167","一线天","5人普通",列缺、霹雳,装备,贲旗腕甲,-,
"167","一线天","5人普通",列缺、霹雳,装备,霞魄云袖,-,
"167","一线天","5人普通",列缺、霹雳,装备,颜太腰带,-,
"167","一线天","5人普通",列缺、霹雳,装备,洪曲裹腰,-,
"167","一线天","5人普通",列缺、霹雳,装备,茅沁护腰,-,
"167","一线天","5人普通",列缺、霹雳,装备,胡林护足,-,
"167","一线天","5人普通",列缺、霹雳,装备,元平裹腿,-,
"167","一线天","5人普通",列缺、霹雳,装备,印含护腿,-,
"167","一线天","5人普通",列缺、霹雳,装备,卫俊头饰,-,
"167","一线天","5人普通",列缺、霹雳,装备,凤尔长袍,-,
"167","一线天","5人普通",列缺、霹雳,装备,计诚胫甲,-,
"167","一线天","5人普通",列缺、霹雳,装备,梅成长裤,-,
"167","一线天","5人普通",列缺、霹雳,装备,时苛护额,-,
"167","一线天","5人普通",列缺、霹雳,装备,魏巡长衫,-,
"167","一线天","5人普通",列缺、霹雳,武器,息夏,-,
"167","一线天","5人普通",列缺、霹雳,装备,殷河胸甲,-,
"167","一线天","5人普通",列缺、霹雳,武器,隆荫,-,
"167","一线天","5人普通",列缺、霹雳,武器,荀峻,-,
"167","一线天","5人普通",列缺、霹雳,武器,无逸,-,
"167","一线天","5人普通",列缺、霹雳,武器,将奋,-,
"167","一线天","5人普通",列缺、霹雳,武器,金郑,-,
"167","一线天","5人普通",列缺、霹雳,武器,鲲,-,
"167","一线天","5人普通",列缺、霹雳,武器,鹏,-,
"167","一线天","5人普通",列缺、霹雳,武器,玉卢,-,
"167","一线天","5人普通",列缺、霹雳,武器,鹿盈,-,
"167","一线天","5人普通",列缺、霹雳,武器,通暨,-,
"167","一线天","5人普通",列缺、霹雳,武器,讷灵,-,
"167","一线天","5人普通",列缺、霹雳,武器,云岱,-,
"167","一线天","5人普通",列缺、霹雳,武器,奎山,-,
"167","一线天","5人普通",列缺、霹雳,武器,屠旭,-,
"167","一线天","5人普通",列缺、霹雳,武器,汾岷,-,
"167","一线天","5人普通",列缺、霹雳,武器,登玉,-,
"167","一线天","5人普通",列缺、霹雳,武器,淳原,-,
"167","一线天","5人普通",列缺、霹雳,武器,神牟,-,
"167","一线天","5人普通",列缺、霹雳,武器,三石梁,-,
"167","一线天","5人普通",列缺、霹雳,武器,宿鸾凤,-,
"167","一线天","5人普通",列缺、霹雳,装备,忧彦护手,-,
"167","一线天","5人普通",列缺、霹雳,装备,宁恬束腕,-,
"167","一线天","5人普通",列缺、霹雳,装备,癸水护腕,-,
"167","一线天","5人普通",列缺、霹雳,装备,沈石护手,-,
"167","一线天","5人普通",列缺、霹雳,装备,莹静束腰,-,
"167","一线天","5人普通",列缺、霹雳,装备,谈仁腰甲,-,
"167","一线天","5人普通",列缺、霹雳,装备,廉朔腰带,-,
"167","一线天","5人普通",列缺、霹雳,装备,祁望裹足,-,
"167","一线天","5人普通",列缺、霹雳,装备,宰峻之踏,-,
"167","一线天","5人普通",列缺、霹雳,装备,庞沧护腿,-,
"167","一线天","5人普通",列缺、霹雳,装备,厉佐头饰,-,
"167","一线天","5人普通",列缺、霹雳,装备,虞尤古冠,-,
"167","一线天","5人普通",列缺、霹雳,装备,游琛护胸,-,
"167","一线天","5人普通",列缺、霹雳,装备,裴亨长靴,-,
"167","一线天","5人普通",列缺、霹雳,装备,凤涉玄履,-,
"167","一线天","5人普通",列缺、霹雳,装备,吉穆腿铠,-,
"167","一线天","5人普通",列缺、霹雳,装备,时岱顶戴,-,
"167","一线天","5人普通",列缺、霹雳,装备,冷卢顶戴,-,
"167","一线天","5人普通",列缺、霹雳,装备,韶浮劲装,-,
"167","一线天","5人普通",列缺、霹雳,装备,明辰长袍,-,
"167","一线天","5人普通",列缺、霹雳,装备,管腾腿甲,-,
"157","一线天","5人英雄",苏清,武器,苍沭古剑,-,
"157","一线天","5人英雄",苏清,武器,素月,-,
"157","一线天","5人英雄",苏清,武器,新雨,-,
"157","一线天","5人英雄",苏清,武器,勾振骨笛,-,
"157","一线天","5人英雄",苏清,武器,月出寒雪,-,
"157","一线天","5人英雄",苏清,武器,万罪血柱,-,
"157","一线天","5人英雄",苏清,武器,涵意玉笛,-,
"157","一线天","5人英雄",苏清,装备,黎迎束腕,-,
"157","一线天","5人英雄",苏清,装备,卞主腰带,-,
"157","一线天","5人英雄",苏清,装备,周琰束腰,-,
"157","一线天","5人英雄",苏清,装备,胥安腰甲,-,
"157","一线天","5人英雄",苏清,武器,颜泊劲弩,-,
"157","一线天","5人英雄",苏清,武器,风心轻剑,-,
"157","一线天","5人英雄",苏清,装备,暨守护足,-,
"157","一线天","5人英雄",苏清,装备,翼秘裹腿,-,
"157","一线天","5人英雄",苏清,武器,勇智禅杖,-,
"157","一线天","5人英雄",苏清,武器,越凌重剑,-,
"157","一线天","5人英雄",苏清,装备,卓毅腿甲,-,
"157","一线天","5人英雄",苏清,装备,惠绍护腿,-,
"157","一线天","5人英雄",苏清,武器,风夜,-,
"157","一线天","5人英雄",苏清,武器,光济双刃,-,
"157","一线天","5人英雄",苏清,武器,戮显威扬,-,
"157","一线天","5人英雄",苏清,武器,至哲,-,
"157","一线天","5人英雄",苏清,武器,云接东亭,-,
"157","一线天","5人英雄",苏清,装备,荆河护手,-,
"157","一线天","5人英雄",苏清,装备,关雅束腕,-,
"157","一线天","5人英雄",苏清,装备,孟青腕甲,-,
"157","一线天","5人英雄",苏清,装备,扶菱云袖,-,
"157","一线天","5人英雄",苏清,装备,禹治护腕,-,
"157","一线天","5人英雄",苏清,武器,尚行玉笔,-,
"157","一线天","5人英雄",苏清,装备,翁山腰甲,-,
"157","一线天","5人英雄",苏清,装备,顾寻护腰,-,
"157","一线天","5人英雄",苏清,装备,席纤腰带,-,
"157","一线天","5人英雄",苏清,装备,符满长靴,-,
"157","一线天","5人英雄",苏清,装备,伏通胫甲,-,
"157","一线天","5人英雄",苏清,装备,辛审裹足,-,
"157","一线天","5人英雄",苏清,装备,薄若玄履,-,
"157","一线天","5人英雄",苏清,装备,巩海之踏,-,
"157","一线天","5人英雄",苏清,装备,雍治长裤,-,
"157","一线天","5人英雄",苏清,武器,郑渊古戟,-,
"157","一线天","5人英雄",苏清,装备,裴乌腿铠,-,
"157","一线天","5人英雄",苏清,装备,萧南护腿,-,
"157","一线天","5人英雄",苏清,武器,伏台连星枪,-,
"157","一线天","5人英雄",苏清,武器,守逸玄剑,-,
"157","一线天","5人英雄",苏清,武器,鹏赋强弩,-,
"157","一线天","5人英雄",宁毅,武器,苍沭古剑,-,
"157","一线天","5人英雄",宁毅,武器,素月,-,
"157","一线天","5人英雄",宁毅,武器,新雨,-,
"157","一线天","5人英雄",宁毅,武器,万罪血柱,-,
"157","一线天","5人英雄",宁毅,武器,勾振骨笛,-,
"157","一线天","5人英雄",宁毅,饰品,应厚,-,
"157","一线天","5人英雄",宁毅,武器,云接东亭,-,
"157","一线天","5人英雄",宁毅,武器,涵意玉笛,-,
"157","一线天","5人英雄",宁毅,饰品,邬沁,-,
"157","一线天","5人英雄",宁毅,武器,鹏赋强弩,-,
"157","一线天","5人英雄",宁毅,武器,颜泊劲弩,-,
"157","一线天","5人英雄",宁毅,饰品,陆石,-,
"157","一线天","5人英雄",宁毅,武器,勇智禅杖,-,
"157","一线天","5人英雄",宁毅,武器,风心轻剑,-,
"157","一线天","5人英雄",宁毅,饰品,王究,-,
"157","一线天","5人英雄",宁毅,武器,越凌重剑,-,
"157","一线天","5人英雄",宁毅,装备,伟宸胸甲,-,
"157","一线天","5人英雄",宁毅,武器,风夜,-,
"157","一线天","5人英雄",宁毅,装备,卢穆头饰,-,
"157","一线天","5人英雄",宁毅,武器,光济双刃,-,
"157","一线天","5人英雄",宁毅,装备,然拂长袍,-,
"157","一线天","5人英雄",宁毅,武器,至哲,-,
"157","一线天","5人英雄",宁毅,武器,戮显威扬,-,
"157","一线天","5人英雄",宁毅,武器,月出寒雪,-,
"157","一线天","5人英雄",宁毅,武器,尚行玉笔,-,
"157","一线天","5人英雄",宁毅,武器,郑渊古戟,-,
"157","一线天","5人英雄",宁毅,装备,柯清顶戴,-,
"157","一线天","5人英雄",宁毅,装备,贝沈头饰,-,
"157","一线天","5人英雄",宁毅,装备,廉浮护额,-,
"157","一线天","5人英雄",宁毅,武器,伏台连星枪,-,
"157","一线天","5人英雄",宁毅,装备,彭薄顶戴,-,
"157","一线天","5人英雄",宁毅,装备,刚捷古冠,-,
"157","一线天","5人英雄",宁毅,装备,荣轩长衫,-,
"157","一线天","5人英雄",宁毅,装备,盈雄劲装,-,
"157","一线天","5人英雄",宁毅,装备,翔夺护胸,-,
"157","一线天","5人英雄",宁毅,装备,奇致长袍,-,
"157","一线天","5人英雄",宁毅,饰品,幽航,-,
"157","一线天","5人英雄",宁毅,饰品,掣毒,-,
"157","一线天","5人英雄",宁毅,武器,守逸玄剑,-,
"157","一线天","5人英雄",宁毅,饰品,阮宝,-,
"157","一线天","5人英雄",宁毅,饰品,姬镇,-,
"157","一线天","5人英雄",宁毅,饰品,柴稷,-,
"157","一线天","5人英雄",宁毅,饰品,苏万,-,
"157","一线天","5人英雄",宁毅,饰品,广柳,-,
"157","一线天","5人英雄",宁毅,饰品,郭灵,-,
"157","一线天","5人英雄",列缺、霹雳,饰品,聂天,-,
"157","一线天","5人英雄",列缺、霹雳,饰品,敖武,-,
"157","一线天","5人英雄",列缺、霹雳,饰品,蓬都,-,
"157","一线天","5人英雄",列缺、霹雳,武器,业兴,-,
"157","一线天","5人英雄",列缺、霹雳,武器,素月,-,
"157","一线天","5人英雄",列缺、霹雳,武器,万罪血柱,-,
"157","一线天","5人英雄",列缺、霹雳,武器,新雨,-,
"157","一线天","5人英雄",列缺、霹雳,饰品,柯象,-,
"157","一线天","5人英雄",列缺、霹雳,饰品,屈南,-,
"157","一线天","5人英雄",列缺、霹雳,武器,戮显威扬,-,
"157","一线天","5人英雄",列缺、霹雳,武器,勾振骨笛,-,
"157","一线天","5人英雄",列缺、霹雳,武器,涵意玉笛,-,
"157","一线天","5人英雄",列缺、霹雳,武器,鹏赋强弩,-,
"157","一线天","5人英雄",列缺、霹雳,武器,光赫,-,
"157","一线天","5人英雄",列缺、霹雳,武器,勇智禅杖,-,
"157","一线天","5人英雄",列缺、霹雳,武器,颜泊劲弩,-,
"157","一线天","5人英雄",列缺、霹雳,武器,风心轻剑,-,
"157","一线天","5人英雄",列缺、霹雳,武器,越凌重剑,-,
"157","一线天","5人英雄",列缺、霹雳,武器,风夜,-,
"157","一线天","5人英雄",列缺、霹雳,武器,至哲,-,
"157","一线天","5人英雄",列缺、霹雳,武器,光济双刃,-,
"157","一线天","5人英雄",列缺、霹雳,武器,俊德,-,
"157","一线天","5人英雄",列缺、霹雳,武器,云接东亭,-,
"157","一线天","5人英雄",列缺、霹雳,武器,月出寒雪,-,
"157","一线天","5人英雄",列缺、霹雳,武器,尚行玉笔,-,
"157","一线天","5人英雄",列缺、霹雳,武器,成济,-,
"157","一线天","5人英雄",列缺、霹雳,武器,郑渊古戟,-,
"157","一线天","5人英雄",列缺、霹雳,武器,擎宇,-,
"157","一线天","5人英雄",列缺、霹雳,武器,伏台连星枪,-,
"157","一线天","5人英雄",列缺、霹雳,武器,守逸玄剑,-,
"157","一线天","5人英雄",列缺、霹雳,武器,天韵,-,
"157","一线天","5人英雄",列缺、霹雳,武器,苍沭古剑,-,
"157","一线天","5人英雄",列缺、霹雳,饰品,幸新,-,
"179","直城门","5人英雄",牛介平,装备,温傅护手,-,
"179","直城门","5人英雄",牛介平,装备,颉跌护手,-,
"179","直城门","5人英雄",牛介平,饰品,逸湘坠,-,
"179","直城门","5人英雄",牛介平,饰品,路辉坠,-,
"179","直城门","5人英雄",牛介平,饰品,飘蓬坠,-,
"179","直城门","5人英雄",牛介平,饰品,厚苍坠,-,
"179","直城门","5人英雄",牛介平,饰品,讼闲坠,-,
"179","直城门","5人英雄",牛介平,饰品,黑沙戒,-,
"179","直城门","5人英雄",牛介平,饰品,沙吒戒,-,
"179","直城门","5人英雄",牛介平,饰品,莫贺戒,-,
"179","直城门","5人英雄",牛介平,饰品,松漠戒,-,
"179","直城门","5人英雄",牛介平,饰品,珍寇戒,-,
"179","直城门","5人英雄",牛介平,装备,贵霜护手,-,
"179","直城门","5人英雄",牛介平,装备,柔然护手,-,
"179","直城门","5人英雄",牛介平,饰品,俄特戒,-,
"179","直城门","5人英雄",牛介平,装备,康鞘护手,-,
"179","直城门","5人英雄",牛介平,饰品,荷戈坠,-,
"179","直城门","5人英雄",牛介平,装备,伏念护手,-,
"179","直城门","5人英雄",安守忠,装备,晏平腰带,-,
"179","直城门","5人英雄",安守忠,装备,承泰腰带,-,
"179","直城门","5人英雄",安守忠,装备,祯明腰带,-,
"179","直城门","5人英雄",安守忠,装备,申瑞腰带,-,
"179","直城门","5人英雄",安守忠,装备,泰常腰带,-,
"179","直城门","5人英雄",安守忠,装备,宣乾腰带,-,
"179","直城门","5人英雄",安守忠,饰品,延熹链,-,
"179","直城门","5人英雄",安守忠,饰品,昭宁链,-,
"179","直城门","5人英雄",安守忠,饰品,开耀链,-,
"179","直城门","5人英雄",安守忠,饰品,乾封链,-,
"179","直城门","5人英雄",安守忠,饰品,俄特戒,-,
"179","直城门","5人英雄",安守忠,饰品,莫贺戒,-,
"179","直城门","5人英雄",安守忠,饰品,珍寇戒,-,
"179","直城门","5人英雄",安守忠,饰品,松漠戒,-,
"179","直城门","5人英雄",安守忠,饰品,沙吒戒,-,
"179","直城门","5人英雄",安守忠,饰品,黑沙戒,-,
"179","直城门","5人英雄",安守忠,饰品,鸿嘉链,-,
"179","直城门","5人英雄",安守忠,饰品,永元链,-,
"179","直城门","5人英雄",阿史那承庆,武器,钦化囊,-,
"179","直城门","5人英雄",阿史那承庆,装备,泰定靴,-,
"179","直城门","5人英雄",阿史那承庆,装备,洪熙靴,-,
"179","直城门","5人英雄",阿史那承庆,装备,宣德靴,-,
"179","直城门","5人英雄",阿史那承庆,装备,景泰靴,-,
"179","直城门","5人英雄",阿史那承庆,装备,弘治靴,-,
"179","直城门","5人英雄",阿史那承庆,装备,天启靴,-,
"179","直城门","5人英雄",阿史那承庆,装备,钦羽裤,-,
"179","直城门","5人英雄",阿史那承庆,装备,池台裤,-,
"179","直城门","5人英雄",阿史那承庆,武器,肯特囊,-,
"179","直城门","5人英雄",阿史那承庆,装备,雍虞裤,-,
"179","直城门","5人英雄",阿史那承庆,装备,利珍裤,-,
"179","直城门","5人英雄",阿史那承庆,装备,韦韧裤,-,
"179","直城门","5人英雄",阿史那承庆,武器,谧楠囊,-,
"179","直城门","5人英雄",阿史那承庆,武器,瑟痕囊,-,
"179","直城门","5人英雄",阿史那承庆,武器,迦真囊,-,
"179","直城门","5人英雄",阿史那承庆,饰品,阿史那汗旗,-,
"179","直城门","5人英雄",阿史那承庆,武器,沙赫囊,-,
"179","直城门","5人英雄",阿史那承庆,装备,都速裤,-,
"179","直城门","5人英雄",恶狼,武器,毗沙棍,-,
"179","直城门","5人英雄",恶狼,武器,三乘杖,-,
"179","直城门","5人英雄",恶狼,武器,柏梁笔,-,
"179","直城门","5人英雄",恶狼,武器,兰皋笔,-,
"179","直城门","5人英雄",恶狼,武器,勒归枪,-,
"179","直城门","5人英雄",恶狼,装备,飒曼帽,-,
"179","直城门","5人英雄",恶狼,武器,无畴枪,-,
"179","直城门","5人英雄",恶狼,装备,那瑰帽,-,
"179","直城门","5人英雄",恶狼,装备,拉姆帽,-,
"179","直城门","5人英雄",恶狼,装备,登利帽,-,
"179","直城门","5人英雄",恶狼,装备,梅麓帽,-,
"179","直城门","5人英雄",恶狼,武器,篆烟剑,-,
"179","直城门","5人英雄",恶狼,装备,思泰帽,-,
"179","直城门","5人英雄",恶狼,装备,凫水衫,-,
"179","直城门","5人英雄",恶狼,装备,步离衫,-,
"179","直城门","5人英雄",恶狼,装备,凌烁衫,-,
"179","直城门","5人英雄",恶狼,武器,浮丘剑,-,
"179","直城门","5人英雄",恶狼,装备,惠临衫,-,
"179","直城门","5人英雄",恶狼,装备,白鸿衫,-,
"179","直城门","5人英雄",恶狼,装备,贤涉衫,-,
"179","直城门","5人英雄",恶狼,武器,香绕双剑,-,
"179","直城门","5人英雄",恶狼,武器,蕙余双剑,-,
"179","直城门","5人英雄",恶狼,武器,千凝笛,-,
"179","直城门","5人英雄",恶狼,武器,夕岚笛,-,
"179","直城门","5人英雄",恶狼,武器,醉眠弩,-,
"179","直城门","5人英雄",恶狼,武器,游空弩,-,
"179","直城门","5人英雄",恶狼,武器,荆衡轻剑,-,
"179","直城门","5人英雄",恶狼,武器,风期重剑,-,
"179","直城门","5人英雄",恶狼,武器,松醪棒,-,
"179","直城门","5人英雄",恶狼,武器,限意双刀,-,
"179","直城门","5人英雄",恶狼,武器,猎火双刀,-,
"195","雁门关之役","5人英雄",中田海,武器,苍沭古剑,-,
"195","雁门关之役","5人英雄",中田海,武器,素月,-,
"195","雁门关之役","5人英雄",中田海,武器,光济双刃,-,
"195","雁门关之役","5人英雄",中田海,武器,新雨,-,
"195","雁门关之役","5人英雄",中田海,武器,勾振骨笛,-,
"195","雁门关之役","5人英雄",中田海,装备,孟青腕甲,-,
"195","雁门关之役","5人英雄",中田海,武器,涵意玉笛,-,
"195","雁门关之役","5人英雄",中田海,装备,禹治护腕,-,
"195","雁门关之役","5人英雄",中田海,武器,万罪血柱,-,
"195","雁门关之役","5人英雄",中田海,武器,鹏赋强弩,-,
"195","雁门关之役","5人英雄",中田海,装备,卞主腰带,-,
"195","雁门关之役","5人英雄",中田海,装备,席纤腰带,-,
"195","雁门关之役","5人英雄",中田海,武器,颜泊劲弩,-,
"195","雁门关之役","5人英雄",中田海,装备,辛审裹足,-,
"195","雁门关之役","5人英雄",中田海,武器,风心轻剑,-,
"195","雁门关之役","5人英雄",中田海,装备,雍治长裤,-,
"195","雁门关之役","5人英雄",中田海,武器,越凌重剑,-,
"195","雁门关之役","5人英雄",中田海,装备,萧南护腿,-,
"195","雁门关之役","5人英雄",中田海,装备,卓毅腿甲,-,
"195","雁门关之役","5人英雄",中田海,武器,勇智禅杖,-,
"195","雁门关之役","5人英雄",中田海,武器,风夜,-,
"195","雁门关之役","5人英雄",中田海,武器,戮显威扬,-,
"195","雁门关之役","5人英雄",中田海,武器,云接东亭,-,
"195","雁门关之役","5人英雄",中田海,武器,至哲,-,
"195","雁门关之役","5人英雄",中田海,武器,月出寒雪,-,
"195","雁门关之役","5人英雄",中田海,装备,荆河护手,-,
"195","雁门关之役","5人英雄",中田海,装备,关雅束腕,-,
"195","雁门关之役","5人英雄",中田海,装备,黎迎束腕,-,
"195","雁门关之役","5人英雄",中田海,装备,扶菱云袖,-,
"195","雁门关之役","5人英雄",中田海,装备,周琰束腰,-,
"195","雁门关之役","5人英雄",中田海,装备,翁山腰甲,-,
"195","雁门关之役","5人英雄",中田海,装备,顾寻护腰,-,
"195","雁门关之役","5人英雄",中田海,武器,尚行玉笔,-,
"195","雁门关之役","5人英雄",中田海,装备,胥安腰甲,-,
"195","雁门关之役","5人英雄",中田海,装备,符满长靴,-,
"195","雁门关之役","5人英雄",中田海,装备,伏通胫甲,-,
"195","雁门关之役","5人英雄",中田海,装备,暨守护足,-,
"195","雁门关之役","5人英雄",中田海,装备,薄若玄履,-,
"195","雁门关之役","5人英雄",中田海,装备,巩海之踏,-,
"195","雁门关之役","5人英雄",中田海,装备,翼秘裹腿,-,
"195","雁门关之役","5人英雄",中田海,装备,裴乌腿铠,-,
"195","雁门关之役","5人英雄",中田海,武器,郑渊古戟,-,
"195","雁门关之役","5人英雄",中田海,装备,惠绍护腿,-,
"195","雁门关之役","5人英雄",中田海,武器,伏台连星枪,-,
"195","雁门关之役","5人英雄",中田海,武器,守逸玄剑,-,
"195","雁门关之役","5人英雄",拓跋离,武器,苍沭古剑,-,
"195","雁门关之役","5人英雄",拓跋离,武器,素月,-,
"195","雁门关之役","5人英雄",拓跋离,武器,新雨,-,
"195","雁门关之役","5人英雄",拓跋离,饰品,郭灵,-,
"195","雁门关之役","5人英雄",拓跋离,武器,勾振骨笛,-,
"195","雁门关之役","5人英雄",拓跋离,武器,月出寒雪,-,
"195","雁门关之役","5人英雄",拓跋离,武器,万罪血柱,-,
"195","雁门关之役","5人英雄",拓跋离,武器,涵意玉笛,-,
"195","雁门关之役","5人英雄",拓跋离,饰品,柴稷,-,
"195","雁门关之役","5人英雄",拓跋离,武器,颜泊劲弩,-,
"195","雁门关之役","5人英雄",拓跋离,饰品,王究,-,
"195","雁门关之役","5人英雄",拓跋离,饰品,掣毒,-,
"195","雁门关之役","5人英雄",拓跋离,武器,风心轻剑,-,
"195","雁门关之役","5人英雄",拓跋离,武器,勇智禅杖,-,
"195","雁门关之役","5人英雄",拓跋离,武器,越凌重剑,-,
"195","雁门关之役","5人英雄",拓跋离,装备,奇致长袍,-,
"195","雁门关之役","5人英雄",拓跋离,武器,风夜,-,
"195","雁门关之役","5人英雄",拓跋离,装备,廉浮护额,-,
"195","雁门关之役","5人英雄",拓跋离,装备,荣轩长衫,-,
"195","雁门关之役","5人英雄",拓跋离,武器,光济双刃,-,
"195","雁门关之役","5人英雄",拓跋离,武器,戮显威扬,-,
"195","雁门关之役","5人英雄",拓跋离,武器,至哲,-,
"195","雁门关之役","5人英雄",拓跋离,武器,云接东亭,-,
"195","雁门关之役","5人英雄",拓跋离,武器,尚行玉笔,-,
"195","雁门关之役","5人英雄",拓跋离,武器,郑渊古戟,-,
"195","雁门关之役","5人英雄",拓跋离,装备,柯清顶戴,-,
"195","雁门关之役","5人英雄",拓跋离,装备,贝沈头饰,-,
"195","雁门关之役","5人英雄",拓跋离,装备,卢穆头饰,-,
"195","雁门关之役","5人英雄",拓跋离,装备,彭薄顶戴,-,
"195","雁门关之役","5人英雄",拓跋离,装备,刚捷古冠,-,
"195","雁门关之役","5人英雄",拓跋离,武器,伏台连星枪,-,
"195","雁门关之役","5人英雄",拓跋离,装备,然拂长袍,-,
"195","雁门关之役","5人英雄",拓跋离,装备,盈雄劲装,-,
"195","雁门关之役","5人英雄",拓跋离,装备,翔夺护胸,-,
"195","雁门关之役","5人英雄",拓跋离,装备,伟宸胸甲,-,
"195","雁门关之役","5人英雄",拓跋离,饰品,幽航,-,
"195","雁门关之役","5人英雄",拓跋离,饰品,陆石,-,
"195","雁门关之役","5人英雄",拓跋离,饰品,阮宝,-,
"195","雁门关之役","5人英雄",拓跋离,饰品,姬镇,-,
"195","雁门关之役","5人英雄",拓跋离,武器,守逸玄剑,-,
"195","雁门关之役","5人英雄",拓跋离,饰品,邬沁,-,
"195","雁门关之役","5人英雄",拓跋离,饰品,苏万,-,
"195","雁门关之役","5人英雄",拓跋离,饰品,广柳,-,
"195","雁门关之役","5人英雄",拓跋离,饰品,应厚,-,
"195","雁门关之役","5人英雄",拓跋离,武器,鹏赋强弩,-,
"195","雁门关之役","5人英雄",独孤问俗,饰品,幸新,-,
"195","雁门关之役","5人英雄",独孤问俗,饰品,聂天,-,
"195","雁门关之役","5人英雄",独孤问俗,武器,苍沭古剑,-,
"195","雁门关之役","5人英雄",独孤问俗,饰品,屈南,-,
"195","雁门关之役","5人英雄",独孤问俗,武器,天韵,-,
"195","雁门关之役","5人英雄",独孤问俗,武器,素月,-,
"195","雁门关之役","5人英雄",独孤问俗,饰品,柯象,-,
"195","雁门关之役","5人英雄",独孤问俗,武器,业兴,-,
"195","雁门关之役","5人英雄",独孤问俗,饰品,蓬都,-,
"195","雁门关之役","5人英雄",独孤问俗,武器,新雨,-,
"195","雁门关之役","5人英雄",独孤问俗,饰品,敖武,-,
"195","雁门关之役","5人英雄",独孤问俗,武器,万罪血柱,-,
"195","雁门关之役","5人英雄",独孤问俗,武器,勾振骨笛,-,
"195","雁门关之役","5人英雄",独孤问俗,武器,云接东亭,-,
"195","雁门关之役","5人英雄",独孤问俗,武器,涵意玉笛,-,
"195","雁门关之役","5人英雄",独孤问俗,武器,鹏赋强弩,-,
"195","雁门关之役","5人英雄",独孤问俗,武器,颜泊劲弩,-,
"195","雁门关之役","5人英雄",独孤问俗,武器,勇智禅杖,-,
"195","雁门关之役","5人英雄",独孤问俗,武器,风心轻剑,-,
"195","雁门关之役","5人英雄",独孤问俗,武器,越凌重剑,-,
"195","雁门关之役","5人英雄",独孤问俗,武器,风夜,-,
"195","雁门关之役","5人英雄",独孤问俗,武器,光济双刃,-,
"195","雁门关之役","5人英雄",独孤问俗,武器,光赫,-,
"195","雁门关之役","5人英雄",独孤问俗,武器,至哲,-,
"195","雁门关之役","5人英雄",独孤问俗,武器,戮显威扬,-,
"195","雁门关之役","5人英雄",独孤问俗,武器,月出寒雪,-,
"195","雁门关之役","5人英雄",独孤问俗,武器,尚行玉笔,-,
"195","雁门关之役","5人英雄",独孤问俗,武器,俊德,-,
"195","雁门关之役","5人英雄",独孤问俗,武器,郑渊古戟,-,
"195","雁门关之役","5人英雄",独孤问俗,武器,成济,-,
"195","雁门关之役","5人英雄",独孤问俗,武器,伏台连星枪,-,
"195","雁门关之役","5人英雄",独孤问俗,武器,擎宇,-,
"195","雁门关之役","5人英雄",独孤问俗,武器,守逸玄剑,-,
"196","雁门关之役","5人普通",中田海,武器,断夜,-,
"196","雁门关之役","5人普通",中田海,装备,晓光手甲,-,
"196","雁门关之役","5人普通",中田海,武器,扬绫,-,
"196","雁门关之役","5人普通",中田海,饰品,华疏坠,-,
"196","雁门关之役","5人普通",中田海,装备,浮野手甲,-,
"196","雁门关之役","5人普通",中田海,武器,极浦,-,
"196","雁门关之役","5人普通",中田海,装备,渡雪战靴,-,
"196","雁门关之役","5人普通",拓跋离,装备,霁痕,-,
"196","雁门关之役","5人普通",拓跋离,装备,落霞护腰,-,
"196","雁门关之役","5人普通",拓跋离,装备,早霜护腰,-,
"196","雁门关之役","5人普通",拓跋离,装备,迅风绑腿,-,
"196","雁门关之役","5人普通",拓跋离,装备,伴秋绑腿,-,
"196","雁门关之役","5人普通",拓跋离,装备,熙焰,-,
"196","雁门关之役","5人普通",独孤问俗,武器,暗天沉渊,-,
"196","雁门关之役","5人普通",独孤问俗,装备,炎锋甲,-,
"196","雁门关之役","5人普通",独孤问俗,饰品,晞露戒,-,
"196","雁门关之役","5人普通",独孤问俗,饰品,慕絮环,-,
"196","雁门关之役","5人普通",独孤问俗,武器,矢棘,-,
"196","雁门关之役","5人普通",独孤问俗,饰品,叠云链,-,
"196","雁门关之役","5人普通",独孤问俗,装备,寒天甲,-,
"138","会战唐门","10人挑战",汪莽,装备,钧威裤,-,
"138","会战唐门","10人挑战",汪莽,装备,魄祈腰带,-,
"138","会战唐门","10人挑战",汪莽,饰品,绛丹指环,-,
"138","会战唐门","10人挑战",汪莽,装备,欣崇护手,-,
"138","会战唐门","10人挑战",汪莽,装备,兆临护手,-,
"138","会战唐门","10人挑战",汪莽,装备,蔷瑕腰带,-,
"138","会战唐门","10人挑战",汪莽,装备,欣崇裤,-,
"138","会战唐门","10人挑战",汪莽,装备,兆临裤,-,
"138","会战唐门","10人挑战",汪莽,装备,思翡腰带,-,
"138","会战唐门","10人挑战",汪莽,装备,琦时裤,-,
"138","会战唐门","10人挑战",汪莽,饰品,谪磊指环,-,
"138","会战唐门","10人挑战",汪莽,饰品,琦时指环,-,
"138","会战唐门","10人挑战",汪莽,饰品,霜凋指环,-,
"138","会战唐门","10人挑战",汪莽,饰品,思翡指环,-,
"138","会战唐门","10人挑战",汪莽,装备,挚洪护手,-,
"138","会战唐门","10人挑战",汪莽,装备,霜凋腰带,-,
"138","会战唐门","10人挑战",汪莽,装备,霜凋护手,-,
"138","会战唐门","10人挑战",汪莽,饰品,兆临指环,-,
"138","会战唐门","10人挑战",汪莽,装备,绛丹护手,-,
"138","会战唐门","10人挑战",汪莽,装备,钧威腰带,-,
"138","会战唐门","10人挑战",汪莽,装备,谪磊腰带,-,
"138","会战唐门","10人挑战",汪莽,装备,绛丹裤,-,
"138","会战唐门","10人挑战",汪莽,装备,魄祈护手,-,
"138","会战唐门","10人挑战",汪莽,装备,琦时腰带,-,
"138","会战唐门","10人挑战",汪莽,装备,琦时护手,-,
"138","会战唐门","10人挑战",汪莽,饰品,挚洪指环,-,
"138","会战唐门","10人挑战",汪莽,饰品,夜话·白鹭,-,
"138","会战唐门","10人挑战",汪莽,饰品,魄祈指环,-,
"138","会战唐门","10人挑战",汪莽,饰品,蔷瑕指环,-,
"138","会战唐门","10人挑战",汪莽,装备,楚天护手,-,
"138","会战唐门","10人挑战",汪莽,装备,钧威护腕,-,
"138","会战唐门","10人挑战",汪莽,装备,蔷瑕护手,-,
"138","会战唐门","10人挑战",汪莽,装备,欣崇腰带,-,
"138","会战唐门","10人挑战",汪莽,装备,兆临腰带,-,
"138","会战唐门","10人挑战",汪莽,装备,蔷瑕裤,-,
"138","会战唐门","10人挑战",汪莽,装备,思翡护手,-,
"138","会战唐门","10人挑战",汪莽,装备,魄祈裤,-,
"138","会战唐门","10人挑战",汪莽,饰品,钧威指环,-,
"138","会战唐门","10人挑战",汪莽,饰品,楚天指环,-,
"138","会战唐门","10人挑战",汪莽,装备,霜凋裤,-,
"138","会战唐门","10人挑战",汪莽,装备,思翡裤,-,
"138","会战唐门","10人挑战",汪莽,装备,楚天腰带,-,
"138","会战唐门","10人挑战",汪莽,装备,挚洪裤,-,
"138","会战唐门","10人挑战",汪莽,装备,挚洪腰带,-,
"138","会战唐门","10人挑战",汪莽,装备,楚天裤,-,
"138","会战唐门","10人挑战",汪莽,饰品,欣崇指环,-,
"138","会战唐门","10人挑战",汪莽,装备,谪磊护手,-,
"138","会战唐门","10人挑战",汪莽,装备,绛丹腰带,-,
"138","会战唐门","10人挑战",汪莽,装备,谪磊裤,-,
"140","南诏皇宫","10人普通",枯荣大师,饰品,碧印坠,-,
"140","南诏皇宫","10人普通",枯荣大师,装备,崩殂护手,-,
"140","南诏皇宫","10人普通",枯荣大师,饰品,修弑坠,-,
"140","南诏皇宫","10人普通",枯荣大师,饰品,逻棘坠,-,
"140","南诏皇宫","10人普通",枯荣大师,饰品,霞明坠,-,
"140","南诏皇宫","10人普通",枯荣大师,饰品,崩殂坠,-,
"140","南诏皇宫","10人普通",枯荣大师,武器,杜林囊,-,
"140","南诏皇宫","10人普通",枯荣大师,武器,崩殂囊,-,
"140","南诏皇宫","10人普通",枯荣大师,武器,修弑囊,-,
"140","南诏皇宫","10人普通",枯荣大师,装备,月树袖,-,
"140","南诏皇宫","10人普通",枯荣大师,装备,彻悬袖,-,
"140","南诏皇宫","10人普通",枯荣大师,装备,碧印护手,-,
"140","南诏皇宫","10人普通",枯荣大师,装备,元敬袖,-,
"140","南诏皇宫","10人普通",枯荣大师,装备,珣梦袖,-,
"140","南诏皇宫","10人普通",枯荣大师,装备,挚道袖,-,
"140","南诏皇宫","10人普通",枯荣大师,武器,逻棘囊,-,
"140","南诏皇宫","10人普通",枯荣大师,装备,杜林护手,-,
"140","南诏皇宫","10人普通",枯荣大师,饰品,杜林坠,-,
"140","南诏皇宫","10人普通",枯荣大师,装备,修弑护手,-,
"140","南诏皇宫","10人普通",枯荣大师,装备,逻棘护手,-,
"140","南诏皇宫","10人普通",枯荣大师,武器,碧印囊,-,
"140","南诏皇宫","10人普通",枯荣大师,武器,霞明囊,-,
"140","南诏皇宫","10人普通",枯荣大师,装备,君明袖,-,
"140","南诏皇宫","10人普通",枯荣大师,装备,霞明护手,-,
"140","南诏皇宫","10人普通",段宗公、泰崇傣、阁逻鸿,装备,碧印腰带,-,
"140","南诏皇宫","10人普通",段宗公、泰崇傣、阁逻鸿,装备,杜林腰带,-,
"140","南诏皇宫","10人普通",段宗公、泰崇傣、阁逻鸿,装备,修弑腰带,-,
"140","南诏皇宫","10人普通",段宗公、泰崇傣、阁逻鸿,装备,逻棘腰带,-,
"140","南诏皇宫","10人普通",段宗公、泰崇傣、阁逻鸿,装备,元敬束带,-,
"140","南诏皇宫","10人普通",段宗公、泰崇傣、阁逻鸿,饰品,珣梦佩,-,
"140","南诏皇宫","10人普通",段宗公、泰崇傣、阁逻鸿,装备,崩殂腰带,-,
"140","南诏皇宫","10人普通",段宗公、泰崇傣、阁逻鸿,饰品,月树佩,-,
"140","南诏皇宫","10人普通",段宗公、泰崇傣、阁逻鸿,装备,月树束带,-,
"140","南诏皇宫","10人普通",段宗公、泰崇傣、阁逻鸿,饰品,君明佩,-,
"140","南诏皇宫","10人普通",段宗公、泰崇傣、阁逻鸿,装备,君明束带,-,
"140","南诏皇宫","10人普通",段宗公、泰崇傣、阁逻鸿,饰品,彻悬佩,-,
"140","南诏皇宫","10人普通",段宗公、泰崇傣、阁逻鸿,装备,彻悬束带,-,
"140","南诏皇宫","10人普通",段宗公、泰崇傣、阁逻鸿,饰品,元敬佩,-,
"140","南诏皇宫","10人普通",段宗公、泰崇傣、阁逻鸿,饰品,霞明链,-,
"140","南诏皇宫","10人普通",段宗公、泰崇傣、阁逻鸿,装备,珣梦束带,-,
"140","南诏皇宫","10人普通",段宗公、泰崇傣、阁逻鸿,饰品,挚道佩,-,
"140","南诏皇宫","10人普通",段宗公、泰崇傣、阁逻鸿,饰品,杜林链,-,
"140","南诏皇宫","10人普通",段宗公、泰崇傣、阁逻鸿,饰品,碧印链,-,
"140","南诏皇宫","10人普通",段宗公、泰崇傣、阁逻鸿,饰品,修弑链,-,
"140","南诏皇宫","10人普通",段宗公、泰崇傣、阁逻鸿,装备,挚道束带,-,
"140","南诏皇宫","10人普通",段宗公、泰崇傣、阁逻鸿,饰品,逻棘链,-,
"140","南诏皇宫","10人普通",段宗公、泰崇傣、阁逻鸿,饰品,崩殂链,-,
"140","南诏皇宫","10人普通",段宗公、泰崇傣、阁逻鸿,装备,霞明腰带,-,
"140","南诏皇宫","10人普通",萧沙,装备,逻棘靴,-,
"140","南诏皇宫","10人普通",萧沙,装备,珣梦履,-,
"140","南诏皇宫","10人普通",萧沙,装备,霞明靴,-,
"140","南诏皇宫","10人普通",萧沙,装备,崩殂靴,-,
"140","南诏皇宫","10人普通",萧沙,武器,月树囊,-,
"140","南诏皇宫","10人普通",萧沙,武器,君明囊,-,
"140","南诏皇宫","10人普通",萧沙,饰品,月树护颈,-,
"140","南诏皇宫","10人普通",萧沙,饰品,君明护颈,-,
"140","南诏皇宫","10人普通",萧沙,武器,彻悬囊,-,
"140","南诏皇宫","10人普通",萧沙,饰品,元敬护颈,-,
"140","南诏皇宫","10人普通",萧沙,饰品,珣梦护颈,-,
"140","南诏皇宫","10人普通",萧沙,饰品,挚道护颈,-,
"140","南诏皇宫","10人普通",萧沙,武器,元敬囊,-,
"140","南诏皇宫","10人普通",萧沙,饰品,彻悬护颈,-,
"140","南诏皇宫","10人普通",萧沙,装备,碧印靴,-,
"140","南诏皇宫","10人普通",萧沙,武器,珣梦囊,-,
"140","南诏皇宫","10人普通",萧沙,装备,杜林靴,-,
"140","南诏皇宫","10人普通",萧沙,装备,月树履,-,
"140","南诏皇宫","10人普通",萧沙,装备,挚道履,-,
"140","南诏皇宫","10人普通",萧沙,装备,修弑靴,-,
"140","南诏皇宫","10人普通",萧沙,装备,君明履,-,
"140","南诏皇宫","10人普通",萧沙,武器,挚道囊,-,
"140","南诏皇宫","10人普通",萧沙,装备,彻悬履,-,
"140","南诏皇宫","10人普通",萧沙,装备,元敬履,-,
"140","南诏皇宫","10人普通",摩提耶罗,武器,销骨毒弩,-,
"140","南诏皇宫","10人普通",摩提耶罗,饰品,元敬指环,-,
"140","南诏皇宫","10人普通",摩提耶罗,武器,凌击强弩,-,
"140","南诏皇宫","10人普通",摩提耶罗,武器,照国浪剑,-,
"140","南诏皇宫","10人普通",摩提耶罗,装备,逻棘帽,-,
"140","南诏皇宫","10人普通",摩提耶罗,饰品,挚道指环,-,
"140","南诏皇宫","10人普通",摩提耶罗,武器,麟泽青芒,-,
"140","南诏皇宫","10人普通",摩提耶罗,装备,霞明帽,-,
"140","南诏皇宫","10人普通",摩提耶罗,武器,分宵影刃,-,
"140","南诏皇宫","10人普通",摩提耶罗,武器,枭心之戮,-,
"140","南诏皇宫","10人普通",摩提耶罗,装备,崩殂帽,-,
"140","南诏皇宫","10人普通",摩提耶罗,饰品,碧印戒,-,
"140","南诏皇宫","10人普通",摩提耶罗,武器,禅心伏明,-,
"140","南诏皇宫","10人普通",摩提耶罗,饰品,杜林戒,-,
"140","南诏皇宫","10人普通",摩提耶罗,装备,碧印裤,-,
"140","南诏皇宫","10人普通",摩提耶罗,武器,跋陀罗尊者之杖,-,
"140","南诏皇宫","10人普通",摩提耶罗,装备,月树冠,-,
"140","南诏皇宫","10人普通",摩提耶罗,饰品,逻棘戒,-,
"140","南诏皇宫","10人普通",摩提耶罗,武器,鬼柳妙墨,-,
"140","南诏皇宫","10人普通",摩提耶罗,装备,杜林裤,-,
"140","南诏皇宫","10人普通",摩提耶罗,装备,君明冠,-,
"140","南诏皇宫","10人普通",摩提耶罗,饰品,霞明戒,-,
"140","南诏皇宫","10人普通",摩提耶罗,装备,彻悬冠,-,
"140","南诏皇宫","10人普通",摩提耶罗,武器,珣梦椽笔,-,
"140","南诏皇宫","10人普通",摩提耶罗,装备,元敬冠,-,
"140","南诏皇宫","10人普通",摩提耶罗,饰品,崩殂戒,-,
"140","南诏皇宫","10人普通",摩提耶罗,装备,修弑裤,-,
"140","南诏皇宫","10人普通",摩提耶罗,装备,珣梦冠,-,
"140","南诏皇宫","10人普通",摩提耶罗,饰品,珣梦指环,-,
"140","南诏皇宫","10人普通",摩提耶罗,武器,龙毁战戟,-,
"140","南诏皇宫","10人普通",摩提耶罗,装备,挚道冠,-,
"140","南诏皇宫","10人普通",摩提耶罗,武器,延世王枪,-,
"140","南诏皇宫","10人普通",摩提耶罗,装备,逻棘裤,-,
"140","南诏皇宫","10人普通",摩提耶罗,饰品,月树指环,-,
"140","南诏皇宫","10人普通",摩提耶罗,武器,施镇五岳,-,
"140","南诏皇宫","10人普通",摩提耶罗,装备,霞明裤,-,
"140","南诏皇宫","10人普通",摩提耶罗,武器,灵辖古剑,-,
"140","南诏皇宫","10人普通",摩提耶罗,饰品,修弑戒,-,
"140","南诏皇宫","10人普通",摩提耶罗,武器,拂素起龙漪,-,
"140","南诏皇宫","10人普通",摩提耶罗,装备,崩殂裤,-,
"140","南诏皇宫","10人普通",摩提耶罗,武器,落花依夏草,-,
"140","南诏皇宫","10人普通",摩提耶罗,装备,碧印帽,-,
"140","南诏皇宫","10人普通",摩提耶罗,武器,冬无愆阳,-,
"140","南诏皇宫","10人普通",摩提耶罗,装备,修弑帽,-,
"140","南诏皇宫","10人普通",摩提耶罗,饰品,君明指环,-,
"140","南诏皇宫","10人普通",摩提耶罗,武器,秋无苦雨,-,
"140","南诏皇宫","10人普通",摩提耶罗,装备,杜林帽,-,
"140","南诏皇宫","10人普通",摩提耶罗,饰品,彻悬指环,-,
"140","南诏皇宫","10人普通",陈和尚、康雪烛、柳公子、阁逻凤,武器,次第梵天,-,
"140","南诏皇宫","10人普通",陈和尚、康雪烛、柳公子、阁逻凤,武器,岁月相疏,-,
"140","南诏皇宫","10人普通",陈和尚、康雪烛、柳公子、阁逻凤,装备,月树护腿,-,
"140","南诏皇宫","10人普通",陈和尚、康雪烛、柳公子、阁逻凤,饰品,挚道指环,-,
"140","南诏皇宫","10人普通",陈和尚、康雪烛、柳公子、阁逻凤,武器,扫阖射星,-,
"140","南诏皇宫","10人普通",陈和尚、康雪烛、柳公子、阁逻凤,武器,冰壶自真,-,
"140","南诏皇宫","10人普通",陈和尚、康雪烛、柳公子、阁逻凤,装备,君明护腿,-,
"140","南诏皇宫","10人普通",陈和尚、康雪烛、柳公子、阁逻凤,武器,何复来游,-,
"140","南诏皇宫","10人普通",陈和尚、康雪烛、柳公子、阁逻凤,武器,终归无形,-,
"140","南诏皇宫","10人普通",陈和尚、康雪烛、柳公子、阁逻凤,饰品,碧印戒,-,
"140","南诏皇宫","10人普通",陈和尚、康雪烛、柳公子、阁逻凤,武器,淡烟横月,-,
"140","南诏皇宫","10人普通",陈和尚、康雪烛、柳公子、阁逻凤,装备,元敬护腿,-,
"140","南诏皇宫","10人普通",陈和尚、康雪烛、柳公子、阁逻凤,武器,春塘霞影,-,
"140","南诏皇宫","10人普通",陈和尚、康雪烛、柳公子、阁逻凤,装备,珣梦护腿,-,
"140","南诏皇宫","10人普通",陈和尚、康雪烛、柳公子、阁逻凤,武器,曲阁临波,-,
"140","南诏皇宫","10人普通",陈和尚、康雪烛、柳公子、阁逻凤,武器,白水香墨,-,
"140","南诏皇宫","10人普通",陈和尚、康雪烛、柳公子、阁逻凤,装备,挚道护腿,-,
"140","南诏皇宫","10人普通",陈和尚、康雪烛、柳公子、阁逻凤,装备,修弑衣,-,
"140","南诏皇宫","10人普通",陈和尚、康雪烛、柳公子、阁逻凤,饰品,逻棘戒,-,
"140","南诏皇宫","10人普通",陈和尚、康雪烛、柳公子、阁逻凤,武器,玄云夕煞,-,
"140","南诏皇宫","10人普通",陈和尚、康雪烛、柳公子、阁逻凤,武器,无因淇水,-,
"140","南诏皇宫","10人普通",陈和尚、康雪烛、柳公子、阁逻凤,装备,逻棘衣,-,
"140","南诏皇宫","10人普通",陈和尚、康雪烛、柳公子、阁逻凤,饰品,霞明戒,-,
"140","南诏皇宫","10人普通",陈和尚、康雪烛、柳公子、阁逻凤,武器,清川华薄,-,
"140","南诏皇宫","10人普通",陈和尚、康雪烛、柳公子、阁逻凤,武器,景行高松,-,
"140","南诏皇宫","10人普通",陈和尚、康雪烛、柳公子、阁逻凤,武器,魑魅啸风,-,
"140","南诏皇宫","10人普通",陈和尚、康雪烛、柳公子、阁逻凤,装备,崩殂衣,-,
"140","南诏皇宫","10人普通",陈和尚、康雪烛、柳公子、阁逻凤,武器,漠暗积恒,-,
"140","南诏皇宫","10人普通",陈和尚、康雪烛、柳公子、阁逻凤,饰品,珣梦指环,-,
"140","南诏皇宫","10人普通",陈和尚、康雪烛、柳公子、阁逻凤,饰品,元敬指环,-,
"140","南诏皇宫","10人普通",陈和尚、康雪烛、柳公子、阁逻凤,装备,君明袍,-,
"140","南诏皇宫","10人普通",陈和尚、康雪烛、柳公子、阁逻凤,装备,彻悬袍,-,
"140","南诏皇宫","10人普通",陈和尚、康雪烛、柳公子、阁逻凤,装备,元敬袍,-,
"140","南诏皇宫","10人普通",陈和尚、康雪烛、柳公子、阁逻凤,饰品,修弑戒,-,
"140","南诏皇宫","10人普通",陈和尚、康雪烛、柳公子、阁逻凤,装备,珣梦袍,-,
"140","南诏皇宫","10人普通",陈和尚、康雪烛、柳公子、阁逻凤,装备,挚道袍,-,
"140","南诏皇宫","10人普通",陈和尚、康雪烛、柳公子、阁逻凤,饰品,崩殂戒,-,
"140","南诏皇宫","10人普通",陈和尚、康雪烛、柳公子、阁逻凤,饰品,杜林戒,-,
"140","南诏皇宫","10人普通",陈和尚、康雪烛、柳公子、阁逻凤,装备,碧印衣,-,
"140","南诏皇宫","10人普通",陈和尚、康雪烛、柳公子、阁逻凤,装备,月树袍,-,
"140","南诏皇宫","10人普通",陈和尚、康雪烛、柳公子、阁逻凤,饰品,月树指环,-,
"140","南诏皇宫","10人普通",陈和尚、康雪烛、柳公子、阁逻凤,装备,彻悬护腿,-,
"140","南诏皇宫","10人普通",陈和尚、康雪烛、柳公子、阁逻凤,装备,杜林衣,-,
"140","南诏皇宫","10人普通",陈和尚、康雪烛、柳公子、阁逻凤,饰品,君明指环,-,
"140","南诏皇宫","10人普通",陈和尚、康雪烛、柳公子、阁逻凤,饰品,彻悬指环,-,
"140","南诏皇宫","10人普通",陈和尚、康雪烛、柳公子、阁逻凤,装备,霞明衣,-,
"140","南诏皇宫","10人普通",陈和尚、康雪烛、柳公子、阁逻凤,武器,阎浮檀金,-,
"140","南诏皇宫","10人普通",陈和尚、康雪烛、柳公子、阁逻凤,武器,山川无改,-,
"155","南诏皇宫","25人英雄",枯荣大师,武器,天道九势剑,-,
"155","南诏皇宫","25人英雄",枯荣大师宝箱2,武器,天道九势剑,-,
"155","南诏皇宫","25人英雄",枯荣大师宝箱3,武器,天道九势剑,-,
"155","南诏皇宫","25人英雄",枯荣大师宝箱4,武器,天道九势剑,-,
"155","南诏皇宫","25人英雄",枯荣大师宝箱5,武器,天道九势剑,-,
"155","南诏皇宫","25人英雄",枯荣大师,武器,鸾惊游雾疏,-,
"155","南诏皇宫","25人英雄",枯荣大师宝箱2,武器,鸾惊游雾疏,-,
"155","南诏皇宫","25人英雄",枯荣大师宝箱3,武器,鸾惊游雾疏,-,
"155","南诏皇宫","25人英雄",枯荣大师宝箱4,武器,鸾惊游雾疏,-,
"155","南诏皇宫","25人英雄",枯荣大师宝箱5,武器,鸾惊游雾疏,-,
"155","南诏皇宫","25人英雄",枯荣大师,武器,凤举崩云绝,-,
"155","南诏皇宫","25人英雄",枯荣大师宝箱2,武器,凤举崩云绝,-,
"155","南诏皇宫","25人英雄",枯荣大师宝箱3,武器,凤举崩云绝,-,
"155","南诏皇宫","25人英雄",枯荣大师宝箱4,武器,凤举崩云绝,-,
"155","南诏皇宫","25人英雄",枯荣大师宝箱5,武器,凤举崩云绝,-,
"155","南诏皇宫","25人英雄",枯荣大师,武器,夏无伏阴,-,
"155","南诏皇宫","25人英雄",枯荣大师宝箱2,武器,夏无伏阴,-,
"155","南诏皇宫","25人英雄",枯荣大师宝箱3,武器,夏无伏阴,-,
"155","南诏皇宫","25人英雄",枯荣大师宝箱4,武器,夏无伏阴,-,
"155","南诏皇宫","25人英雄",枯荣大师宝箱5,武器,夏无伏阴,-,
"155","南诏皇宫","25人英雄",枯荣大师,武器,春无凄风,-,
"155","南诏皇宫","25人英雄",枯荣大师宝箱2,武器,春无凄风,-,
"155","南诏皇宫","25人英雄",枯荣大师宝箱3,武器,春无凄风,-,
"155","南诏皇宫","25人英雄",枯荣大师宝箱4,武器,春无凄风,-,
"155","南诏皇宫","25人英雄",枯荣大师宝箱5,武器,春无凄风,-,
"155","南诏皇宫","25人英雄",枯荣大师,武器,肃物威刑,-,
"155","南诏皇宫","25人英雄",枯荣大师宝箱2,武器,肃物威刑,-,
"155","南诏皇宫","25人英雄",枯荣大师宝箱3,武器,肃物威刑,-,
"155","南诏皇宫","25人英雄",枯荣大师宝箱4,武器,肃物威刑,-,
"155","南诏皇宫","25人英雄",枯荣大师宝箱5,武器,肃物威刑,-,
"155","南诏皇宫","25人英雄",枯荣大师,武器,破惧风雷,-,
"155","南诏皇宫","25人英雄",枯荣大师宝箱2,武器,破惧风雷,-,
"155","南诏皇宫","25人英雄",枯荣大师宝箱3,武器,破惧风雷,-,
"155","南诏皇宫","25人英雄",枯荣大师宝箱4,武器,破惧风雷,-,
"155","南诏皇宫","25人英雄",枯荣大师宝箱5,武器,破惧风雷,-,
"155","南诏皇宫","25人英雄",枯荣大师,武器,启空铎鞘,-,
"155","南诏皇宫","25人英雄",枯荣大师宝箱2,武器,启空铎鞘,-,
"155","南诏皇宫","25人英雄",枯荣大师宝箱4,武器,启空铎鞘,-,
"155","南诏皇宫","25人英雄",枯荣大师宝箱5,武器,启空铎鞘,-,
"155","南诏皇宫","25人英雄",枯荣大师,武器,雷夜风牙剑,-,
"155","南诏皇宫","25人英雄",枯荣大师宝箱2,武器,雷夜风牙剑,-,
"155","南诏皇宫","25人英雄",枯荣大师宝箱3,武器,雷夜风牙剑,-,
"155","南诏皇宫","25人英雄",枯荣大师宝箱4,武器,雷夜风牙剑,-,
"155","南诏皇宫","25人英雄",枯荣大师宝箱5,武器,雷夜风牙剑,-,
"155","南诏皇宫","25人英雄",枯荣大师,武器,破曙之光,-,
"155","南诏皇宫","25人英雄",枯荣大师宝箱2,武器,破曙之光,-,
"155","南诏皇宫","25人英雄",枯荣大师宝箱3,武器,破曙之光,-,
"155","南诏皇宫","25人英雄",枯荣大师宝箱4,武器,破曙之光,-,
"155","南诏皇宫","25人英雄",枯荣大师宝箱5,武器,破曙之光,-,
"155","南诏皇宫","25人英雄",枯荣大师,武器,炎图皇兵,-,
"155","南诏皇宫","25人英雄",枯荣大师宝箱2,武器,炎图皇兵,-,
"155","南诏皇宫","25人英雄",枯荣大师宝箱3,武器,炎图皇兵,-,
"155","南诏皇宫","25人英雄",枯荣大师宝箱4,武器,炎图皇兵,-,
"155","南诏皇宫","25人英雄",枯荣大师宝箱5,武器,炎图皇兵,-,
"155","南诏皇宫","25人英雄",枯荣大师,装备,浮卢,-,
"155","南诏皇宫","25人英雄",枯荣大师宝箱1,装备,浮卢,-,
"155","南诏皇宫","25人英雄",枯荣大师宝箱2,装备,浮卢,-,
"155","南诏皇宫","25人英雄",枯荣大师宝箱3,装备,浮卢,-,
"155","南诏皇宫","25人英雄",枯荣大师宝箱4,装备,浮卢,-,
"155","南诏皇宫","25人英雄",枯荣大师宝箱5,装备,浮卢,-,
"155","南诏皇宫","25人英雄",枯荣大师宝箱1,装备,霍合,-,
"155","南诏皇宫","25人英雄",枯荣大师宝箱2,装备,霍合,-,
"155","南诏皇宫","25人英雄",枯荣大师宝箱3,装备,霍合,-,
"155","南诏皇宫","25人英雄",枯荣大师宝箱4,装备,霍合,-,
"155","南诏皇宫","25人英雄",枯荣大师宝箱5,装备,霍合,-,
"155","南诏皇宫","25人英雄",枯荣大师,装备,权柳,-,
"155","南诏皇宫","25人英雄",枯荣大师宝箱1,装备,权柳,-,
"155","南诏皇宫","25人英雄",枯荣大师宝箱2,装备,权柳,-,
"155","南诏皇宫","25人英雄",枯荣大师宝箱3,装备,权柳,-,
"155","南诏皇宫","25人英雄",枯荣大师宝箱4,装备,权柳,-,
"155","南诏皇宫","25人英雄",枯荣大师宝箱5,装备,权柳,-,
"155","南诏皇宫","25人英雄",枯荣大师,装备,舆波,-,
"155","南诏皇宫","25人英雄",枯荣大师宝箱1,装备,舆波,-,
"155","南诏皇宫","25人英雄",枯荣大师宝箱2,装备,舆波,-,
"155","南诏皇宫","25人英雄",枯荣大师宝箱3,装备,舆波,-,
"155","南诏皇宫","25人英雄",枯荣大师宝箱5,装备,舆波,-,
"155","南诏皇宫","25人英雄",枯荣大师,装备,山凌,-,
"155","南诏皇宫","25人英雄",枯荣大师宝箱1,装备,山凌,-,
"155","南诏皇宫","25人英雄",枯荣大师宝箱2,装备,山凌,-,
"155","南诏皇宫","25人英雄",枯荣大师宝箱3,装备,山凌,-,
"155","南诏皇宫","25人英雄",枯荣大师宝箱4,装备,山凌,-,
"155","南诏皇宫","25人英雄",枯荣大师宝箱5,装备,山凌,-,
"155","南诏皇宫","25人英雄",枯荣大师,装备,德沧,-,
"155","南诏皇宫","25人英雄",枯荣大师宝箱1,装备,德沧,-,
"155","南诏皇宫","25人英雄",枯荣大师宝箱2,装备,德沧,-,
"155","南诏皇宫","25人英雄",枯荣大师宝箱3,装备,德沧,-,
"155","南诏皇宫","25人英雄",枯荣大师宝箱4,装备,德沧,-,
"155","南诏皇宫","25人英雄",枯荣大师宝箱5,装备,德沧,-,
"155","南诏皇宫","25人英雄",枯荣大师,装备,平仪,-,
"155","南诏皇宫","25人英雄",枯荣大师宝箱3,装备,平仪,-,
"155","南诏皇宫","25人英雄",枯荣大师宝箱4,装备,平仪,-,
"155","南诏皇宫","25人英雄",枯荣大师宝箱5,装备,平仪,-,
"155","南诏皇宫","25人英雄",枯荣大师,装备,横河,-,
"155","南诏皇宫","25人英雄",枯荣大师宝箱3,装备,横河,-,
"155","南诏皇宫","25人英雄",枯荣大师宝箱5,装备,横河,-,
"155","南诏皇宫","25人英雄",枯荣大师,装备,凤平,-,
"155","南诏皇宫","25人英雄",枯荣大师宝箱3,装备,凤平,-,
"155","南诏皇宫","25人英雄",枯荣大师宝箱4,装备,凤平,-,
"155","南诏皇宫","25人英雄",枯荣大师宝箱5,装备,凤平,-,
"155","南诏皇宫","25人英雄",枯荣大师,装备,玉葛,-,
"155","南诏皇宫","25人英雄",枯荣大师宝箱3,装备,玉葛,-,
"155","南诏皇宫","25人英雄",枯荣大师宝箱4,装备,玉葛,-,
"155","南诏皇宫","25人英雄",枯荣大师宝箱5,装备,玉葛,-,
"155","南诏皇宫","25人英雄",枯荣大师,装备,保瑞,-,
"155","南诏皇宫","25人英雄",枯荣大师宝箱3,装备,保瑞,-,
"155","南诏皇宫","25人英雄",枯荣大师宝箱4,装备,保瑞,-,
"155","南诏皇宫","25人英雄",枯荣大师宝箱5,装备,保瑞,-,
"155","南诏皇宫","25人英雄",枯荣大师,装备,山靖,-,
"155","南诏皇宫","25人英雄",枯荣大师宝箱3,装备,山靖,-,
"155","南诏皇宫","25人英雄",枯荣大师宝箱5,装备,山靖,-,
"155","南诏皇宫","25人英雄",枯荣大师宝箱3,装备,钧威护腕,-,
"155","南诏皇宫","25人英雄",枯荣大师宝箱5,装备,钧威护腕,-,
"155","南诏皇宫","25人英雄",枯荣大师宝箱3,装备,欣崇护手,-,
"155","南诏皇宫","25人英雄",枯荣大师宝箱5,装备,欣崇护手,-,
"155","南诏皇宫","25人英雄",枯荣大师宝箱3,装备,绛丹护手,-,
"155","南诏皇宫","25人英雄",枯荣大师宝箱5,装备,绛丹护手,-,
"155","南诏皇宫","25人英雄",枯荣大师宝箱3,装备,蔷瑕护手,-,
"155","南诏皇宫","25人英雄",枯荣大师宝箱5,装备,蔷瑕护手,-,
"155","南诏皇宫","25人英雄",枯荣大师宝箱3,装备,谪磊护手,-,
"155","南诏皇宫","25人英雄",枯荣大师宝箱5,装备,谪磊护手,-,
"155","南诏皇宫","25人英雄",枯荣大师宝箱3,装备,兆临护手,-,
"155","南诏皇宫","25人英雄",枯荣大师宝箱5,装备,兆临护手,-,
"155","南诏皇宫","25人英雄",枯荣大师宝箱3,装备,挚洪护手,-,
"155","南诏皇宫","25人英雄",枯荣大师宝箱5,装备,挚洪护手,-,
"155","南诏皇宫","25人英雄",枯荣大师宝箱3,装备,魄祈护手,-,
"155","南诏皇宫","25人英雄",枯荣大师宝箱5,装备,魄祈护手,-,
"155","南诏皇宫","25人英雄",枯荣大师宝箱3,装备,楚天护手,-,
"155","南诏皇宫","25人英雄",枯荣大师宝箱5,装备,楚天护手,-,
"155","南诏皇宫","25人英雄",枯荣大师宝箱3,装备,思翡护手,-,
"155","南诏皇宫","25人英雄",枯荣大师宝箱3,装备,霜凋护手,-,
"155","南诏皇宫","25人英雄",枯荣大师宝箱5,装备,霜凋护手,-,
"155","南诏皇宫","25人英雄",枯荣大师宝箱3,装备,琦时护手,-,
"155","南诏皇宫","25人英雄",枯荣大师宝箱5,装备,琦时护手,-,
"155","南诏皇宫","25人英雄",枯荣大师,饰品,觉了法性,-,
"155","南诏皇宫","25人英雄",枯荣大师,饰品,恋南巢,-,
"155","南诏皇宫","25人英雄",枯荣大师宝箱2,饰品,恋南巢,-,
"155","南诏皇宫","25人英雄",枯荣大师宝箱4,饰品,恋南巢,-,
"155","南诏皇宫","25人英雄",枯荣大师宝箱1,饰品,轻折露葵,-,
"155","南诏皇宫","25人英雄",枯荣大师宝箱3,饰品,轻折露葵,-,
"155","南诏皇宫","25人英雄",枯荣大师宝箱5,饰品,轻折露葵,-,
"155","南诏皇宫","25人英雄",枯荣大师,饰品,矫制之罪,-,
"155","南诏皇宫","25人英雄",枯荣大师宝箱4,饰品,矫制之罪,-,
"155","南诏皇宫","25人英雄",枯荣大师宝箱1,饰品,鸿慈影石,-,
"155","南诏皇宫","25人英雄",枯荣大师宝箱3,饰品,鸿慈影石,-,
"155","南诏皇宫","25人英雄",枯荣大师宝箱5,饰品,鸿慈影石,-,
"155","南诏皇宫","25人英雄",枯荣大师,饰品,惠连清赏,-,
"155","南诏皇宫","25人英雄",枯荣大师宝箱2,饰品,惠连清赏,-,
"155","南诏皇宫","25人英雄",枯荣大师宝箱4,饰品,惠连清赏,-,
"155","南诏皇宫","25人英雄",枯荣大师宝箱3,饰品,镂月骨链,-,
"155","南诏皇宫","25人英雄",枯荣大师宝箱5,饰品,镂月骨链,-,
"155","南诏皇宫","25人英雄",枯荣大师宝箱2,饰品,珠络玲珑,-,
"155","南诏皇宫","25人英雄",枯荣大师宝箱4,饰品,珠络玲珑,-,
"155","南诏皇宫","25人英雄",枯荣大师,饰品,借壁光,-,
"155","南诏皇宫","25人英雄",枯荣大师宝箱3,饰品,借壁光,-,
"155","南诏皇宫","25人英雄",枯荣大师宝箱5,饰品,借壁光,-,
"155","南诏皇宫","25人英雄",枯荣大师宝箱4,饰品,奢泰肆情,-,
"155","南诏皇宫","25人英雄",枯荣大师,饰品,霜晴海气,-,
"155","南诏皇宫","25人英雄",枯荣大师宝箱3,饰品,霜晴海气,-,
"155","南诏皇宫","25人英雄",枯荣大师宝箱5,饰品,霜晴海气,-,
"155","南诏皇宫","25人英雄",枯荣大师宝箱2,饰品,玉虚新霁,-,
"155","南诏皇宫","25人英雄",枯荣大师宝箱4,饰品,玉虚新霁,-,
"155","南诏皇宫","25人英雄",枯荣大师宝箱3,饰品,云铮腰坠,-,
"155","南诏皇宫","25人英雄",枯荣大师宝箱5,饰品,云铮腰坠,-,
"155","南诏皇宫","25人英雄",枯荣大师宝箱3,武器,启空铎鞘,-,
"155","南诏皇宫","25人英雄",枯荣大师宝箱2,饰品,云铮腰坠,-,
"155","南诏皇宫","25人英雄",枯荣大师,饰品,云铮腰坠,-,
"155","南诏皇宫","25人英雄",枯荣大师宝箱5,饰品,玉虚新霁,-,
"155","南诏皇宫","25人英雄",枯荣大师,饰品,玉虚新霁,-,
"155","南诏皇宫","25人英雄",枯荣大师宝箱4,饰品,霜晴海气,-,
"155","南诏皇宫","25人英雄",枯荣大师宝箱3,饰品,奢泰肆情,-,
"155","南诏皇宫","25人英雄",枯荣大师宝箱2,饰品,奢泰肆情,-,
"155","南诏皇宫","25人英雄",枯荣大师,装备,霍合,-,
"155","南诏皇宫","25人英雄",枯荣大师宝箱4,装备,舆波,-,
"155","南诏皇宫","25人英雄",枯荣大师宝箱2,饰品,借壁光,-,
"155","南诏皇宫","25人英雄",枯荣大师宝箱5,饰品,珠络玲珑,-,
"155","南诏皇宫","25人英雄",枯荣大师,饰品,珠络玲珑,-,
"155","南诏皇宫","25人英雄",枯荣大师宝箱2,饰品,镂月骨链,-,
"155","南诏皇宫","25人英雄",枯荣大师宝箱1,饰品,镂月骨链,-,
"155","南诏皇宫","25人英雄",枯荣大师宝箱5,饰品,惠连清赏,-,
"155","南诏皇宫","25人英雄",枯荣大师宝箱1,饰品,惠连清赏,-,
"155","南诏皇宫","25人英雄",枯荣大师宝箱4,饰品,鸿慈影石,-,
"155","南诏皇宫","25人英雄",枯荣大师,饰品,鸿慈影石,-,
"155","南诏皇宫","25人英雄",枯荣大师宝箱3,饰品,矫制之罪,-,
"155","南诏皇宫","25人英雄",枯荣大师宝箱2,饰品,矫制之罪,-,
"155","南诏皇宫","25人英雄",枯荣大师宝箱4,装备,横河,-,
"155","南诏皇宫","25人英雄",枯荣大师宝箱4,装备,山靖,-,
"155","南诏皇宫","25人英雄",枯荣大师宝箱2,饰品,轻折露葵,-,
"155","南诏皇宫","25人英雄",枯荣大师宝箱5,饰品,恋南巢,-,
"155","南诏皇宫","25人英雄",枯荣大师宝箱1,饰品,恋南巢,-,
"155","南诏皇宫","25人英雄",枯荣大师宝箱4,装备,琦时护手,-,
"155","南诏皇宫","25人英雄",枯荣大师宝箱4,装备,霜凋护手,-,
"155","南诏皇宫","25人英雄",枯荣大师宝箱5,装备,思翡护手,-,
"155","南诏皇宫","25人英雄",枯荣大师宝箱4,装备,思翡护手,-,
"155","南诏皇宫","25人英雄",枯荣大师宝箱4,装备,钧威护腕,-,
"155","南诏皇宫","25人英雄",枯荣大师宝箱4,装备,楚天护手,-,
"155","南诏皇宫","25人英雄",枯荣大师宝箱4,装备,欣崇护手,-,
"155","南诏皇宫","25人英雄",枯荣大师宝箱4,装备,魄祈护手,-,
"155","南诏皇宫","25人英雄",枯荣大师宝箱4,装备,绛丹护手,-,
"155","南诏皇宫","25人英雄",枯荣大师宝箱4,装备,挚洪护手,-,
"155","南诏皇宫","25人英雄",枯荣大师宝箱4,装备,蔷瑕护手,-,
"155","南诏皇宫","25人英雄",枯荣大师宝箱4,装备,谪磊护手,-,
"155","南诏皇宫","25人英雄",枯荣大师,武器,断煞血佛柱,-,
"155","南诏皇宫","25人英雄",枯荣大师宝箱2,武器,断煞血佛柱,-,
"155","南诏皇宫","25人英雄",枯荣大师宝箱4,装备,兆临护手,-,
"155","南诏皇宫","25人英雄",枯荣大师宝箱3,武器,断煞血佛柱,-,
"155","南诏皇宫","25人英雄",枯荣大师宝箱4,武器,断煞血佛柱,-,
"155","南诏皇宫","25人英雄",枯荣大师宝箱5,武器,断煞血佛柱,-,
"155","南诏皇宫","25人英雄",枯荣大师,武器,捍魔城主节杖,-,
"155","南诏皇宫","25人英雄",枯荣大师宝箱2,武器,捍魔城主节杖,-,
"155","南诏皇宫","25人英雄",枯荣大师宝箱3,武器,捍魔城主节杖,-,
"155","南诏皇宫","25人英雄",枯荣大师宝箱4,武器,捍魔城主节杖,-,
"155","南诏皇宫","25人英雄",枯荣大师宝箱5,武器,捍魔城主节杖,-,
"155","南诏皇宫","25人英雄",枯荣大师,装备,钧威护腕,-,
"155","南诏皇宫","25人英雄",枯荣大师,装备,欣崇护手,-,
"155","南诏皇宫","25人英雄",枯荣大师,装备,绛丹护手,-,
"155","南诏皇宫","25人英雄",枯荣大师,装备,蔷瑕护手,-,
"155","南诏皇宫","25人英雄",枯荣大师,装备,谪磊护手,-,
"155","南诏皇宫","25人英雄",枯荣大师,武器,君伐,-,
"155","南诏皇宫","25人英雄",枯荣大师宝箱2,武器,君伐,-,
"155","南诏皇宫","25人英雄",枯荣大师,装备,兆临护手,-,
"155","南诏皇宫","25人英雄",枯荣大师宝箱3,武器,君伐,-,
"155","南诏皇宫","25人英雄",枯荣大师宝箱4,武器,君伐,-,
"155","南诏皇宫","25人英雄",枯荣大师宝箱5,武器,君伐,-,
"155","南诏皇宫","25人英雄",枯荣大师,武器,万变,-,
"155","南诏皇宫","25人英雄",枯荣大师宝箱2,武器,万变,-,
"155","南诏皇宫","25人英雄",枯荣大师宝箱3,武器,万变,-,
"155","南诏皇宫","25人英雄",枯荣大师宝箱4,武器,万变,-,
"155","南诏皇宫","25人英雄",枯荣大师宝箱5,武器,万变,-,
"155","南诏皇宫","25人英雄",枯荣大师,装备,挚洪护手,-,
"155","南诏皇宫","25人英雄",枯荣大师,装备,魄祈护手,-,
"155","南诏皇宫","25人英雄",枯荣大师,装备,楚天护手,-,
"155","南诏皇宫","25人英雄",枯荣大师,装备,思翡护手,-,
"155","南诏皇宫","25人英雄",枯荣大师,武器,交翼虎戟,-,
"155","南诏皇宫","25人英雄",枯荣大师宝箱2,武器,交翼虎戟,-,
"155","南诏皇宫","25人英雄",枯荣大师宝箱3,武器,交翼虎戟,-,
"155","南诏皇宫","25人英雄",枯荣大师宝箱4,武器,交翼虎戟,-,
"155","南诏皇宫","25人英雄",枯荣大师宝箱5,武器,交翼虎戟,-,
"155","南诏皇宫","25人英雄",枯荣大师,装备,霜凋护手,-,
"155","南诏皇宫","25人英雄",枯荣大师,武器,湛金古铩,-,
"155","南诏皇宫","25人英雄",枯荣大师宝箱2,武器,湛金古铩,-,
"155","南诏皇宫","25人英雄",枯荣大师,装备,琦时护手,-,
"155","南诏皇宫","25人英雄",枯荣大师宝箱3,武器,湛金古铩,-,
"155","南诏皇宫","25人英雄",枯荣大师宝箱4,武器,湛金古铩,-,
"155","南诏皇宫","25人英雄",枯荣大师宝箱5,武器,湛金古铩,-,
"155","南诏皇宫","25人英雄",枯荣大师宝箱3,饰品,恋南巢,-,
"155","南诏皇宫","25人英雄",枯荣大师,饰品,轻折露葵,-,
"155","南诏皇宫","25人英雄",枯荣大师宝箱4,饰品,轻折露葵,-,
"155","南诏皇宫","25人英雄",枯荣大师宝箱1,饰品,矫制之罪,-,
"155","南诏皇宫","25人英雄",枯荣大师宝箱5,饰品,矫制之罪,-,
"155","南诏皇宫","25人英雄",枯荣大师宝箱2,饰品,鸿慈影石,-,
"155","南诏皇宫","25人英雄",枯荣大师宝箱3,饰品,惠连清赏,-,
"155","南诏皇宫","25人英雄",枯荣大师,饰品,镂月骨链,-,
"155","南诏皇宫","25人英雄",枯荣大师宝箱4,饰品,镂月骨链,-,
"155","南诏皇宫","25人英雄",枯荣大师,武器,轩龙按日剑,-,
"155","南诏皇宫","25人英雄",枯荣大师宝箱2,武器,轩龙按日剑,-,
"155","南诏皇宫","25人英雄",枯荣大师宝箱3,饰品,珠络玲珑,-,
"155","南诏皇宫","25人英雄",枯荣大师宝箱3,武器,轩龙按日剑,-,
"155","南诏皇宫","25人英雄",枯荣大师宝箱4,武器,轩龙按日剑,-,
"155","南诏皇宫","25人英雄",枯荣大师宝箱5,武器,轩龙按日剑,-,
"155","南诏皇宫","25人英雄",枯荣大师宝箱4,饰品,借壁光,-,
"155","南诏皇宫","25人英雄",枯荣大师,饰品,奢泰肆情,-,
"155","南诏皇宫","25人英雄",枯荣大师宝箱5,饰品,奢泰肆情,-,
"155","南诏皇宫","25人英雄",枯荣大师宝箱2,饰品,霜晴海气,-,
"155","南诏皇宫","25人英雄",枯荣大师宝箱3,饰品,玉虚新霁,-,
"155","南诏皇宫","25人英雄",枯荣大师宝箱4,饰品,云铮腰坠,-,
"155","南诏皇宫","25人英雄",段宗公、泰崇傣、阁逻鸿,武器,天道九势剑,-,
"155","南诏皇宫","25人英雄",段宗公、泰崇傣、阁逻鸿,饰品,灵霄飘雪链·云,-,
"155","南诏皇宫","25人英雄",段宗公、泰崇傣、阁逻鸿,武器,鸾惊游雾疏,-,
"155","南诏皇宫","25人英雄",段宗公、泰崇傣、阁逻鸿,饰品,幽幻天命链,-,
"155","南诏皇宫","25人英雄",段宗公、泰崇傣、阁逻鸿,武器,凤举崩云绝,-,
"155","南诏皇宫","25人英雄",段宗公、泰崇傣、阁逻鸿,武器,夏无伏阴,-,
"155","南诏皇宫","25人英雄",段宗公、泰崇傣、阁逻鸿,武器,春无凄风,-,
"155","南诏皇宫","25人英雄",段宗公、泰崇傣、阁逻鸿,武器,肃物威刑,-,
"155","南诏皇宫","25人英雄",段宗公、泰崇傣、阁逻鸿,武器,破惧风雷,-,
"155","南诏皇宫","25人英雄",段宗公、泰崇傣、阁逻鸿,武器,启空铎鞘,-,
"155","南诏皇宫","25人英雄",段宗公、泰崇傣、阁逻鸿,武器,雷夜风牙剑,-,
"155","南诏皇宫","25人英雄",段宗公、泰崇傣、阁逻鸿,武器,破曙之光,-,
"155","南诏皇宫","25人英雄",段宗公、泰崇傣、阁逻鸿,武器,炎图皇兵,-,
"155","南诏皇宫","25人英雄",段宗公、泰崇傣、阁逻鸿,装备,碎簇蝶锦,-,
"155","南诏皇宫","25人英雄",段宗公、泰崇傣、阁逻鸿,装备,延平盛礼,-,
"155","南诏皇宫","25人英雄",段宗公、泰崇傣、阁逻鸿,装备,潜师之袭,-,
"155","南诏皇宫","25人英雄",段宗公、泰崇傣、阁逻鸿,装备,心弥万里,-,
"155","南诏皇宫","25人英雄",段宗公、泰崇傣、阁逻鸿,装备,惶怖血带,-,
"155","南诏皇宫","25人英雄",段宗公、泰崇傣、阁逻鸿,装备,潜澜眠幽,-,
"155","南诏皇宫","25人英雄",段宗公、泰崇傣、阁逻鸿,装备,覆莲束带,-,
"155","南诏皇宫","25人英雄",段宗公、泰崇傣、阁逻鸿,装备,千战束带,-,
"155","南诏皇宫","25人英雄",段宗公、泰崇傣、阁逻鸿,装备,羽炫深晷,-,
"155","南诏皇宫","25人英雄",段宗公、泰崇傣、阁逻鸿,装备,青蒿之束,-,
"155","南诏皇宫","25人英雄",段宗公、泰崇傣、阁逻鸿,装备,金错束带,-,
"155","南诏皇宫","25人英雄",段宗公、泰崇傣、阁逻鸿,饰品,轻折露葵,-,
"155","南诏皇宫","25人英雄",段宗公、泰崇傣、阁逻鸿,饰品,鸿慈影石,-,
"155","南诏皇宫","25人英雄",段宗公、泰崇傣、阁逻鸿,饰品,镂月骨链,-,
"155","南诏皇宫","25人英雄",段宗公、泰崇傣、阁逻鸿,饰品,瑞康,-,
"155","南诏皇宫","25人英雄",段宗公、泰崇傣、阁逻鸿,饰品,海浦,-,
"155","南诏皇宫","25人英雄",段宗公、泰崇傣、阁逻鸿,饰品,任惠,-,
"155","南诏皇宫","25人英雄",段宗公、泰崇傣、阁逻鸿,饰品,孟阳,-,
"155","南诏皇宫","25人英雄",段宗公、泰崇傣、阁逻鸿,饰品,休舞,-,
"155","南诏皇宫","25人英雄",段宗公、泰崇傣、阁逻鸿,饰品,征龙,-,
"155","南诏皇宫","25人英雄",段宗公、泰崇傣、阁逻鸿,饰品,灵霄飘雪链·梅,-,
"155","南诏皇宫","25人英雄",段宗公、泰崇傣、阁逻鸿,饰品,蟠龙金涛链·霜,-,
"155","南诏皇宫","25人英雄",段宗公、泰崇傣、阁逻鸿,饰品,摧山金狮链,-,
"155","南诏皇宫","25人英雄",段宗公、泰崇傣、阁逻鸿,饰品,蟠龙金涛链·林,-,
"155","南诏皇宫","25人英雄",段宗公、泰崇傣、阁逻鸿,装备,紫龙眠重,-,
"155","南诏皇宫","25人英雄",段宗公、泰崇傣、阁逻鸿,饰品,矫制之罪,-,
"155","南诏皇宫","25人英雄",段宗公、泰崇傣、阁逻鸿,武器,断煞血佛柱,-,
"155","南诏皇宫","25人英雄",段宗公、泰崇傣、阁逻鸿,武器,捍魔城主节杖,-,
"155","南诏皇宫","25人英雄",段宗公、泰崇傣、阁逻鸿,武器,君伐,-,
"155","南诏皇宫","25人英雄",段宗公、泰崇傣、阁逻鸿,装备,钧威腰带,-,
"155","南诏皇宫","25人英雄",段宗公、泰崇傣、阁逻鸿,装备,欣崇腰带,-,
"155","南诏皇宫","25人英雄",段宗公、泰崇傣、阁逻鸿,装备,绛丹腰带,-,
"155","南诏皇宫","25人英雄",段宗公、泰崇傣、阁逻鸿,装备,蔷瑕腰带,-,
"155","南诏皇宫","25人英雄",段宗公、泰崇傣、阁逻鸿,装备,谪磊腰带,-,
"155","南诏皇宫","25人英雄",段宗公、泰崇傣、阁逻鸿,装备,兆临腰带,-,
"155","南诏皇宫","25人英雄",段宗公、泰崇傣、阁逻鸿,武器,万变,-,
"155","南诏皇宫","25人英雄",段宗公、泰崇傣、阁逻鸿,装备,挚洪腰带,-,
"155","南诏皇宫","25人英雄",段宗公、泰崇傣、阁逻鸿,装备,魄祈腰带,-,
"155","南诏皇宫","25人英雄",段宗公、泰崇傣、阁逻鸿,武器,交翼虎戟,-,
"155","南诏皇宫","25人英雄",段宗公、泰崇傣、阁逻鸿,装备,楚天腰带,-,
"155","南诏皇宫","25人英雄",段宗公、泰崇傣、阁逻鸿,装备,思翡腰带,-,
"155","南诏皇宫","25人英雄",段宗公、泰崇傣、阁逻鸿,装备,霜凋腰带,-,
"155","南诏皇宫","25人英雄",段宗公、泰崇傣、阁逻鸿,装备,琦时腰带,-,
"155","南诏皇宫","25人英雄",段宗公、泰崇傣、阁逻鸿,武器,湛金古铩,-,
"155","南诏皇宫","25人英雄",段宗公、泰崇傣、阁逻鸿,饰品,金红狩命,-,
"155","南诏皇宫","25人英雄",段宗公、泰崇傣、阁逻鸿,饰品,恋南巢,-,
"155","南诏皇宫","25人英雄",段宗公、泰崇傣、阁逻鸿,饰品,惠连清赏,-,
"155","南诏皇宫","25人英雄",段宗公、泰崇傣、阁逻鸿,武器,轩龙按日剑,-,
"155","南诏皇宫","25人英雄",萧沙宝箱5,饰品,瑞康,-,
"155","南诏皇宫","25人英雄",萧沙宝箱3,饰品,海浦,-,
"155","南诏皇宫","25人英雄",萧沙宝箱5,饰品,任惠,-,
"155","南诏皇宫","25人英雄",萧沙,武器,天道九势剑,-,
"155","南诏皇宫","25人英雄",萧沙宝箱3,饰品,孟阳,-,
"155","南诏皇宫","25人英雄",萧沙宝箱2,武器,天道九势剑,-,
"155","南诏皇宫","25人英雄",萧沙宝箱3,武器,天道九势剑,-,
"155","南诏皇宫","25人英雄",萧沙宝箱4,武器,天道九势剑,-,
"155","南诏皇宫","25人英雄",萧沙宝箱5,武器,天道九势剑,-,
"155","南诏皇宫","25人英雄",萧沙宝箱5,饰品,休舞,-,
"155","南诏皇宫","25人英雄",萧沙宝箱3,饰品,征龙,-,
"155","南诏皇宫","25人英雄",萧沙,武器,鸾惊游雾疏,-,
"155","南诏皇宫","25人英雄",萧沙宝箱2,武器,鸾惊游雾疏,-,
"155","南诏皇宫","25人英雄",萧沙宝箱3,武器,鸾惊游雾疏,-,
"155","南诏皇宫","25人英雄",萧沙宝箱4,武器,鸾惊游雾疏,-,
"155","南诏皇宫","25人英雄",萧沙宝箱5,武器,鸾惊游雾疏,-,
"155","南诏皇宫","25人英雄",萧沙,武器,凤举崩云绝,-,
"155","南诏皇宫","25人英雄",萧沙宝箱2,武器,凤举崩云绝,-,
"155","南诏皇宫","25人英雄",萧沙宝箱3,武器,凤举崩云绝,-,
"155","南诏皇宫","25人英雄",萧沙宝箱4,武器,凤举崩云绝,-,
"155","南诏皇宫","25人英雄",萧沙宝箱5,武器,凤举崩云绝,-,
"155","南诏皇宫","25人英雄",萧沙,饰品,钧威指环,-,
"155","南诏皇宫","25人英雄",萧沙,饰品,欣崇指环,-,
"155","南诏皇宫","25人英雄",萧沙,饰品,绛丹指环,-,
"155","南诏皇宫","25人英雄",萧沙,饰品,谪磊指环,-,
"155","南诏皇宫","25人英雄",萧沙,饰品,兆临指环,-,
"155","南诏皇宫","25人英雄",萧沙,武器,夏无伏阴,-,
"155","南诏皇宫","25人英雄",萧沙宝箱2,武器,夏无伏阴,-,
"155","南诏皇宫","25人英雄",萧沙宝箱3,武器,夏无伏阴,-,
"155","南诏皇宫","25人英雄",萧沙,饰品,挚洪指环,-,
"155","南诏皇宫","25人英雄",萧沙宝箱4,武器,夏无伏阴,-,
"155","南诏皇宫","25人英雄",萧沙宝箱5,武器,夏无伏阴,-,
"155","南诏皇宫","25人英雄",萧沙,饰品,魄祈指环,-,
"155","南诏皇宫","25人英雄",萧沙,饰品,楚天指环,-,
"155","南诏皇宫","25人英雄",萧沙,饰品,思翡指环,-,
"155","南诏皇宫","25人英雄",萧沙,饰品,霜凋指环,-,
"155","南诏皇宫","25人英雄",萧沙,饰品,琦时指环,-,
"155","南诏皇宫","25人英雄",萧沙,武器,春无凄风,-,
"155","南诏皇宫","25人英雄",萧沙宝箱2,武器,春无凄风,-,
"155","南诏皇宫","25人英雄",萧沙宝箱3,武器,春无凄风,-,
"155","南诏皇宫","25人英雄",萧沙宝箱4,武器,春无凄风,-,
"155","南诏皇宫","25人英雄",萧沙宝箱5,武器,春无凄风,-,
"155","南诏皇宫","25人英雄",萧沙,武器,肃物威刑,-,
"155","南诏皇宫","25人英雄",萧沙宝箱2,武器,肃物威刑,-,
"155","南诏皇宫","25人英雄",萧沙宝箱3,武器,肃物威刑,-,
"155","南诏皇宫","25人英雄",萧沙宝箱4,武器,肃物威刑,-,
"155","南诏皇宫","25人英雄",萧沙宝箱5,武器,肃物威刑,-,
"155","南诏皇宫","25人英雄",萧沙,武器,破惧风雷,-,
"155","南诏皇宫","25人英雄",萧沙宝箱2,武器,破惧风雷,-,
"155","南诏皇宫","25人英雄",萧沙宝箱3,武器,破惧风雷,-,
"155","南诏皇宫","25人英雄",萧沙宝箱4,武器,破惧风雷,-,
"155","南诏皇宫","25人英雄",萧沙宝箱5,武器,破惧风雷,-,
"155","南诏皇宫","25人英雄",萧沙,武器,启空铎鞘,-,
"155","南诏皇宫","25人英雄",萧沙宝箱2,武器,启空铎鞘,-,
"155","南诏皇宫","25人英雄",萧沙宝箱3,武器,启空铎鞘,-,
"155","南诏皇宫","25人英雄",萧沙宝箱4,武器,启空铎鞘,-,
"155","南诏皇宫","25人英雄",萧沙宝箱5,武器,启空铎鞘,-,
"155","南诏皇宫","25人英雄",萧沙,武器,雷夜风牙剑,-,
"155","南诏皇宫","25人英雄",萧沙宝箱2,武器,雷夜风牙剑,-,
"155","南诏皇宫","25人英雄",萧沙宝箱3,武器,雷夜风牙剑,-,
"155","南诏皇宫","25人英雄",萧沙宝箱4,武器,雷夜风牙剑,-,
"155","南诏皇宫","25人英雄",萧沙宝箱5,武器,雷夜风牙剑,-,
"155","南诏皇宫","25人英雄",萧沙,武器,破曙之光,-,
"155","南诏皇宫","25人英雄",萧沙宝箱3,武器,破曙之光,-,
"155","南诏皇宫","25人英雄",萧沙宝箱4,武器,破曙之光,-,
"155","南诏皇宫","25人英雄",萧沙宝箱5,武器,破曙之光,-,
"155","南诏皇宫","25人英雄",萧沙,武器,炎图皇兵,-,
"155","南诏皇宫","25人英雄",萧沙宝箱2,武器,炎图皇兵,-,
"155","南诏皇宫","25人英雄",萧沙宝箱3,武器,炎图皇兵,-,
"155","南诏皇宫","25人英雄",萧沙宝箱4,武器,炎图皇兵,-,
"155","南诏皇宫","25人英雄",萧沙宝箱5,武器,炎图皇兵,-,
"155","南诏皇宫","25人英雄",萧沙,武器,枉水,-,
"155","南诏皇宫","25人英雄",萧沙宝箱1,武器,枉水,-,
"155","南诏皇宫","25人英雄",萧沙宝箱2,武器,枉水,-,
"155","南诏皇宫","25人英雄",萧沙宝箱3,武器,枉水,-,
"155","南诏皇宫","25人英雄",萧沙宝箱4,武器,枉水,-,
"155","南诏皇宫","25人英雄",萧沙宝箱5,武器,枉水,-,
"155","南诏皇宫","25人英雄",萧沙,武器,山枭,-,
"155","南诏皇宫","25人英雄",萧沙宝箱1,武器,山枭,-,
"155","南诏皇宫","25人英雄",萧沙宝箱2,武器,山枭,-,
"155","南诏皇宫","25人英雄",萧沙宝箱3,武器,山枭,-,
"155","南诏皇宫","25人英雄",萧沙宝箱5,武器,山枭,-,
"155","南诏皇宫","25人英雄",萧沙,武器,元绪,-,
"155","南诏皇宫","25人英雄",萧沙宝箱1,武器,元绪,-,
"155","南诏皇宫","25人英雄",萧沙宝箱2,武器,元绪,-,
"155","南诏皇宫","25人英雄",萧沙宝箱3,武器,元绪,-,
"155","南诏皇宫","25人英雄",萧沙宝箱4,武器,元绪,-,
"155","南诏皇宫","25人英雄",萧沙宝箱5,武器,元绪,-,
"155","南诏皇宫","25人英雄",萧沙,武器,致风,-,
"155","南诏皇宫","25人英雄",萧沙宝箱1,武器,致风,-,
"155","南诏皇宫","25人英雄",萧沙宝箱2,武器,致风,-,
"155","南诏皇宫","25人英雄",萧沙宝箱3,武器,致风,-,
"155","南诏皇宫","25人英雄",萧沙宝箱4,武器,致风,-,
"155","南诏皇宫","25人英雄",萧沙宝箱5,武器,致风,-,
"155","南诏皇宫","25人英雄",萧沙,武器,麋草芳,-,
"155","南诏皇宫","25人英雄",萧沙宝箱1,武器,麋草芳,-,
"155","南诏皇宫","25人英雄",萧沙宝箱2,武器,麋草芳,-,
"155","南诏皇宫","25人英雄",萧沙宝箱4,武器,麋草芳,-,
"155","南诏皇宫","25人英雄",萧沙宝箱5,武器,麋草芳,-,
"155","南诏皇宫","25人英雄",萧沙,武器,酒炎,-,
"155","南诏皇宫","25人英雄",萧沙宝箱1,武器,酒炎,-,
"155","南诏皇宫","25人英雄",萧沙宝箱2,武器,酒炎,-,
"155","南诏皇宫","25人英雄",萧沙宝箱3,武器,酒炎,-,
"155","南诏皇宫","25人英雄",萧沙宝箱4,武器,酒炎,-,
"155","南诏皇宫","25人英雄",萧沙宝箱5,武器,酒炎,-,
"155","南诏皇宫","25人英雄",萧沙,装备,明隽秀令,-,
"155","南诏皇宫","25人英雄",萧沙宝箱1,装备,明隽秀令,-,
"155","南诏皇宫","25人英雄",萧沙宝箱2,装备,明隽秀令,-,
"155","南诏皇宫","25人英雄",萧沙宝箱3,装备,明隽秀令,-,
"155","南诏皇宫","25人英雄",萧沙宝箱4,装备,明隽秀令,-,
"155","南诏皇宫","25人英雄",萧沙宝箱5,装备,明隽秀令,-,
"155","南诏皇宫","25人英雄",萧沙,装备,春申客屦,-,
"155","南诏皇宫","25人英雄",萧沙宝箱1,装备,春申客屦,-,
"155","南诏皇宫","25人英雄",萧沙宝箱2,装备,春申客屦,-,
"155","南诏皇宫","25人英雄",萧沙宝箱3,装备,春申客屦,-,
"155","南诏皇宫","25人英雄",萧沙宝箱4,装备,春申客屦,-,
"155","南诏皇宫","25人英雄",萧沙宝箱5,装备,春申客屦,-,
"155","南诏皇宫","25人英雄",萧沙,装备,虎泽蛮靴,-,
"155","南诏皇宫","25人英雄",萧沙宝箱1,装备,虎泽蛮靴,-,
"155","南诏皇宫","25人英雄",萧沙宝箱3,装备,虎泽蛮靴,-,
"155","南诏皇宫","25人英雄",萧沙宝箱4,装备,虎泽蛮靴,-,
"155","南诏皇宫","25人英雄",萧沙宝箱5,装备,虎泽蛮靴,-,
"155","南诏皇宫","25人英雄",萧沙,装备,于吉之靴,-,
"155","南诏皇宫","25人英雄",萧沙宝箱1,装备,于吉之靴,-,
"155","南诏皇宫","25人英雄",萧沙宝箱2,装备,于吉之靴,-,
"155","南诏皇宫","25人英雄",萧沙宝箱3,装备,于吉之靴,-,
"155","南诏皇宫","25人英雄",萧沙宝箱4,装备,于吉之靴,-,
"155","南诏皇宫","25人英雄",萧沙宝箱5,装备,于吉之靴,-,
"155","南诏皇宫","25人英雄",萧沙,装备,义鹘行,-,
"155","南诏皇宫","25人英雄",萧沙宝箱1,装备,义鹘行,-,
"155","南诏皇宫","25人英雄",萧沙宝箱2,装备,义鹘行,-,
"155","南诏皇宫","25人英雄",萧沙宝箱3,装备,义鹘行,-,
"155","南诏皇宫","25人英雄",萧沙宝箱4,装备,义鹘行,-,
"155","南诏皇宫","25人英雄",萧沙宝箱5,装备,义鹘行,-,
"155","南诏皇宫","25人英雄",萧沙宝箱1,装备,百辟忠义,-,
"155","南诏皇宫","25人英雄",萧沙宝箱2,装备,百辟忠义,-,
"155","南诏皇宫","25人英雄",萧沙宝箱3,装备,百辟忠义,-,
"155","南诏皇宫","25人英雄",萧沙宝箱4,装备,百辟忠义,-,
"155","南诏皇宫","25人英雄",萧沙宝箱5,装备,百辟忠义,-,
"155","南诏皇宫","25人英雄",萧沙,装备,仰震威灵,-,
"155","南诏皇宫","25人英雄",萧沙宝箱2,装备,仰震威灵,-,
"155","南诏皇宫","25人英雄",萧沙宝箱3,装备,仰震威灵,-,
"155","南诏皇宫","25人英雄",萧沙宝箱4,装备,仰震威灵,-,
"155","南诏皇宫","25人英雄",萧沙宝箱5,装备,仰震威灵,-,
"155","南诏皇宫","25人英雄",萧沙,装备,岐路风波,-,
"155","南诏皇宫","25人英雄",萧沙宝箱3,装备,岐路风波,-,
"155","南诏皇宫","25人英雄",萧沙宝箱4,装备,岐路风波,-,
"155","南诏皇宫","25人英雄",萧沙宝箱5,装备,岐路风波,-,
"155","南诏皇宫","25人英雄",萧沙,装备,花岛夜跃,-,
"155","南诏皇宫","25人英雄",萧沙宝箱2,装备,花岛夜跃,-,
"155","南诏皇宫","25人英雄",萧沙宝箱3,装备,花岛夜跃,-,
"155","南诏皇宫","25人英雄",萧沙宝箱4,装备,花岛夜跃,-,
"155","南诏皇宫","25人英雄",萧沙宝箱5,装备,花岛夜跃,-,
"155","南诏皇宫","25人英雄",萧沙,装备,浮月碧琅,-,
"155","南诏皇宫","25人英雄",萧沙宝箱2,装备,浮月碧琅,-,
"155","南诏皇宫","25人英雄",萧沙宝箱3,装备,浮月碧琅,-,
"155","南诏皇宫","25人英雄",萧沙宝箱4,装备,浮月碧琅,-,
"155","南诏皇宫","25人英雄",萧沙宝箱5,装备,浮月碧琅,-,
"155","南诏皇宫","25人英雄",萧沙,装备,狸首雉纹,-,
"155","南诏皇宫","25人英雄",萧沙宝箱2,装备,狸首雉纹,-,
"155","南诏皇宫","25人英雄",萧沙宝箱4,装备,狸首雉纹,-,
"155","南诏皇宫","25人英雄",萧沙宝箱5,装备,狸首雉纹,-,
"155","南诏皇宫","25人英雄",萧沙,装备,朔茫云海,-,
"155","南诏皇宫","25人英雄",萧沙宝箱2,装备,朔茫云海,-,
"155","南诏皇宫","25人英雄",萧沙宝箱3,装备,朔茫云海,-,
"155","南诏皇宫","25人英雄",萧沙宝箱4,装备,朔茫云海,-,
"155","南诏皇宫","25人英雄",萧沙宝箱5,装备,朔茫云海,-,
"155","南诏皇宫","25人英雄",萧沙宝箱4,饰品,瑞康,-,
"155","南诏皇宫","25人英雄",萧沙,饰品,海浦,-,
"155","南诏皇宫","25人英雄",萧沙,饰品,任惠,-,
"155","南诏皇宫","25人英雄",萧沙宝箱4,饰品,任惠,-,
"155","南诏皇宫","25人英雄",萧沙,饰品,孟阳,-,
"155","南诏皇宫","25人英雄",萧沙宝箱4,饰品,孟阳,-,
"155","南诏皇宫","25人英雄",萧沙,饰品,休舞,-,
"155","南诏皇宫","25人英雄",萧沙宝箱4,饰品,休舞,-,
"155","南诏皇宫","25人英雄",萧沙,饰品,征龙,-,
"155","南诏皇宫","25人英雄",萧沙宝箱4,饰品,征龙,-,
"155","南诏皇宫","25人英雄",萧沙宝箱3,饰品,钧威指环,-,
"155","南诏皇宫","25人英雄",萧沙宝箱5,饰品,钧威指环,-,
"155","南诏皇宫","25人英雄",萧沙宝箱3,饰品,欣崇指环,-,
"155","南诏皇宫","25人英雄",萧沙宝箱5,饰品,欣崇指环,-,
"155","南诏皇宫","25人英雄",萧沙宝箱3,饰品,绛丹指环,-,
"155","南诏皇宫","25人英雄",萧沙宝箱5,饰品,绛丹指环,-,
"155","南诏皇宫","25人英雄",萧沙宝箱5,饰品,蔷瑕指环,-,
"155","南诏皇宫","25人英雄",萧沙宝箱3,饰品,谪磊指环,-,
"155","南诏皇宫","25人英雄",萧沙宝箱5,饰品,谪磊指环,-,
"155","南诏皇宫","25人英雄",萧沙宝箱3,饰品,兆临指环,-,
"155","南诏皇宫","25人英雄",萧沙宝箱5,饰品,兆临指环,-,
"155","南诏皇宫","25人英雄",萧沙宝箱3,饰品,挚洪指环,-,
"155","南诏皇宫","25人英雄",萧沙宝箱5,饰品,挚洪指环,-,
"155","南诏皇宫","25人英雄",萧沙宝箱5,饰品,魄祈指环,-,
"155","南诏皇宫","25人英雄",萧沙宝箱3,饰品,楚天指环,-,
"155","南诏皇宫","25人英雄",萧沙宝箱5,饰品,楚天指环,-,
"155","南诏皇宫","25人英雄",萧沙宝箱3,饰品,思翡指环,-,
"155","南诏皇宫","25人英雄",萧沙宝箱5,饰品,思翡指环,-,
"155","南诏皇宫","25人英雄",萧沙宝箱3,饰品,霜凋指环,-,
"155","南诏皇宫","25人英雄",萧沙宝箱5,饰品,霜凋指环,-,
"155","南诏皇宫","25人英雄",萧沙宝箱5,饰品,琦时指环,-,
"155","南诏皇宫","25人英雄",萧沙宝箱4,饰品,琦时指环,-,
"155","南诏皇宫","25人英雄",萧沙宝箱3,饰品,琦时指环,-,
"155","南诏皇宫","25人英雄",萧沙宝箱4,饰品,霜凋指环,-,
"155","南诏皇宫","25人英雄",萧沙宝箱4,饰品,思翡指环,-,
"155","南诏皇宫","25人英雄",萧沙宝箱4,饰品,楚天指环,-,
"155","南诏皇宫","25人英雄",萧沙宝箱4,饰品,魄祈指环,-,
"155","南诏皇宫","25人英雄",萧沙宝箱3,饰品,魄祈指环,-,
"155","南诏皇宫","25人英雄",萧沙宝箱4,饰品,挚洪指环,-,
"155","南诏皇宫","25人英雄",萧沙宝箱4,饰品,兆临指环,-,
"155","南诏皇宫","25人英雄",萧沙宝箱4,饰品,谪磊指环,-,
"155","南诏皇宫","25人英雄",萧沙宝箱4,饰品,蔷瑕指环,-,
"155","南诏皇宫","25人英雄",萧沙宝箱3,饰品,蔷瑕指环,-,
"155","南诏皇宫","25人英雄",萧沙,饰品,蔷瑕指环,-,
"155","南诏皇宫","25人英雄",萧沙宝箱4,饰品,绛丹指环,-,
"155","南诏皇宫","25人英雄",萧沙宝箱4,饰品,欣崇指环,-,
"155","南诏皇宫","25人英雄",萧沙宝箱4,饰品,钧威指环,-,
"155","南诏皇宫","25人英雄",萧沙宝箱5,饰品,征龙,-,
"155","南诏皇宫","25人英雄",萧沙宝箱3,饰品,休舞,-,
"155","南诏皇宫","25人英雄",萧沙宝箱5,饰品,孟阳,-,
"155","南诏皇宫","25人英雄",萧沙宝箱3,饰品,任惠,-,
"155","南诏皇宫","25人英雄",萧沙宝箱5,饰品,海浦,-,
"155","南诏皇宫","25人英雄",萧沙宝箱4,饰品,海浦,-,
"155","南诏皇宫","25人英雄",萧沙宝箱3,饰品,瑞康,-,
"155","南诏皇宫","25人英雄",萧沙,饰品,瑞康,-,
"155","南诏皇宫","25人英雄",萧沙宝箱2,武器,破曙之光,-,
"155","南诏皇宫","25人英雄",萧沙宝箱4,武器,山枭,-,
"155","南诏皇宫","25人英雄",萧沙宝箱3,武器,麋草芳,-,
"155","南诏皇宫","25人英雄",萧沙宝箱2,装备,虎泽蛮靴,-,
"155","南诏皇宫","25人英雄",萧沙,装备,百辟忠义,-,
"155","南诏皇宫","25人英雄",萧沙宝箱2,装备,岐路风波,-,
"155","南诏皇宫","25人英雄",萧沙宝箱3,装备,狸首雉纹,-,
"155","南诏皇宫","25人英雄",萧沙,武器,断煞血佛柱,-,
"155","南诏皇宫","25人英雄",萧沙宝箱2,武器,断煞血佛柱,-,
"155","南诏皇宫","25人英雄",萧沙宝箱3,武器,断煞血佛柱,-,
"155","南诏皇宫","25人英雄",萧沙宝箱4,武器,断煞血佛柱,-,
"155","南诏皇宫","25人英雄",萧沙宝箱5,武器,断煞血佛柱,-,
"155","南诏皇宫","25人英雄",萧沙,武器,捍魔城主节杖,-,
"155","南诏皇宫","25人英雄",萧沙宝箱2,武器,捍魔城主节杖,-,
"155","南诏皇宫","25人英雄",萧沙宝箱3,武器,捍魔城主节杖,-,
"155","南诏皇宫","25人英雄",萧沙宝箱4,武器,捍魔城主节杖,-,
"155","南诏皇宫","25人英雄",萧沙宝箱5,武器,捍魔城主节杖,-,
"155","南诏皇宫","25人英雄",萧沙,武器,君伐,-,
"155","南诏皇宫","25人英雄",萧沙宝箱2,武器,君伐,-,
"155","南诏皇宫","25人英雄",萧沙宝箱3,武器,君伐,-,
"155","南诏皇宫","25人英雄",萧沙宝箱4,武器,君伐,-,
"155","南诏皇宫","25人英雄",萧沙宝箱5,武器,君伐,-,
"155","南诏皇宫","25人英雄",萧沙,武器,万变,-,
"155","南诏皇宫","25人英雄",萧沙宝箱2,武器,万变,-,
"155","南诏皇宫","25人英雄",萧沙宝箱3,武器,万变,-,
"155","南诏皇宫","25人英雄",萧沙宝箱4,武器,万变,-,
"155","南诏皇宫","25人英雄",萧沙宝箱5,武器,万变,-,
"155","南诏皇宫","25人英雄",萧沙,武器,交翼虎戟,-,
"155","南诏皇宫","25人英雄",萧沙宝箱2,武器,交翼虎戟,-,
"155","南诏皇宫","25人英雄",萧沙宝箱3,武器,交翼虎戟,-,
"155","南诏皇宫","25人英雄",萧沙宝箱4,武器,交翼虎戟,-,
"155","南诏皇宫","25人英雄",萧沙宝箱5,武器,交翼虎戟,-,
"155","南诏皇宫","25人英雄",萧沙,武器,湛金古铩,-,
"155","南诏皇宫","25人英雄",萧沙宝箱2,武器,湛金古铩,-,
"155","南诏皇宫","25人英雄",萧沙宝箱3,武器,湛金古铩,-,
"155","南诏皇宫","25人英雄",萧沙宝箱4,武器,湛金古铩,-,
"155","南诏皇宫","25人英雄",萧沙宝箱5,武器,湛金古铩,-,
"155","南诏皇宫","25人英雄",萧沙,武器,轩龙按日剑,-,
"155","南诏皇宫","25人英雄",萧沙宝箱2,武器,轩龙按日剑,-,
"155","南诏皇宫","25人英雄",萧沙宝箱3,武器,轩龙按日剑,-,
"155","南诏皇宫","25人英雄",萧沙宝箱4,武器,轩龙按日剑,-,
"155","南诏皇宫","25人英雄",萧沙宝箱5,武器,轩龙按日剑,-,
"155","南诏皇宫","25人英雄",摩提耶罗,装备,白霍,-,
"155","南诏皇宫","25人英雄",摩提耶罗宝箱2,装备,白霍,-,
"155","南诏皇宫","25人英雄",摩提耶罗宝箱3,装备,白霍,-,
"155","南诏皇宫","25人英雄",摩提耶罗宝箱4,装备,白霍,-,
"155","南诏皇宫","25人英雄",摩提耶罗宝箱5,装备,白霍,-,
"155","南诏皇宫","25人英雄",摩提耶罗,装备,范平,-,
"155","南诏皇宫","25人英雄",摩提耶罗宝箱2,装备,范平,-,
"155","南诏皇宫","25人英雄",摩提耶罗宝箱3,装备,范平,-,
"155","南诏皇宫","25人英雄",摩提耶罗宝箱4,装备,范平,-,
"155","南诏皇宫","25人英雄",摩提耶罗宝箱5,装备,范平,-,
"155","南诏皇宫","25人英雄",摩提耶罗,装备,偃德,-,
"155","南诏皇宫","25人英雄",摩提耶罗宝箱3,装备,偃德,-,
"155","南诏皇宫","25人英雄",摩提耶罗宝箱4,装备,偃德,-,
"155","南诏皇宫","25人英雄",摩提耶罗宝箱5,装备,偃德,-,
"155","南诏皇宫","25人英雄",摩提耶罗,装备,怀高,-,
"155","南诏皇宫","25人英雄",摩提耶罗宝箱2,装备,怀高,-,
"155","南诏皇宫","25人英雄",摩提耶罗宝箱3,装备,怀高,-,
"155","南诏皇宫","25人英雄",摩提耶罗宝箱4,装备,怀高,-,
"155","南诏皇宫","25人英雄",摩提耶罗宝箱5,装备,怀高,-,
"155","南诏皇宫","25人英雄",摩提耶罗,装备,清苍,-,
"155","南诏皇宫","25人英雄",摩提耶罗宝箱2,装备,清苍,-,
"155","南诏皇宫","25人英雄",摩提耶罗宝箱3,装备,清苍,-,
"155","南诏皇宫","25人英雄",摩提耶罗宝箱4,装备,清苍,-,
"155","南诏皇宫","25人英雄",摩提耶罗宝箱5,装备,清苍,-,
"155","南诏皇宫","25人英雄",摩提耶罗,装备,淳霞,-,
"155","南诏皇宫","25人英雄",摩提耶罗宝箱2,装备,淳霞,-,
"155","南诏皇宫","25人英雄",摩提耶罗宝箱3,装备,淳霞,-,
"155","南诏皇宫","25人英雄",摩提耶罗宝箱5,装备,淳霞,-,
"155","南诏皇宫","25人英雄",摩提耶罗,装备,燕语帘静,-,
"155","南诏皇宫","25人英雄",摩提耶罗宝箱1,装备,燕语帘静,-,
"155","南诏皇宫","25人英雄",摩提耶罗宝箱2,装备,燕语帘静,-,
"155","南诏皇宫","25人英雄",摩提耶罗宝箱3,装备,燕语帘静,-,
"155","南诏皇宫","25人英雄",摩提耶罗宝箱4,装备,燕语帘静,-,
"155","南诏皇宫","25人英雄",摩提耶罗宝箱5,装备,燕语帘静,-,
"155","南诏皇宫","25人英雄",摩提耶罗,装备,文隐深蔚,-,
"155","南诏皇宫","25人英雄",摩提耶罗宝箱1,装备,文隐深蔚,-,
"155","南诏皇宫","25人英雄",摩提耶罗宝箱2,装备,文隐深蔚,-,
"155","南诏皇宫","25人英雄",摩提耶罗宝箱3,装备,文隐深蔚,-,
"155","南诏皇宫","25人英雄",摩提耶罗宝箱4,装备,文隐深蔚,-,
"155","南诏皇宫","25人英雄",摩提耶罗宝箱5,装备,文隐深蔚,-,
"155","南诏皇宫","25人英雄",摩提耶罗,装备,司空豹韬,-,
"155","南诏皇宫","25人英雄",摩提耶罗宝箱1,装备,司空豹韬,-,
"155","南诏皇宫","25人英雄",摩提耶罗宝箱3,装备,司空豹韬,-,
"155","南诏皇宫","25人英雄",摩提耶罗宝箱4,装备,司空豹韬,-,
"155","南诏皇宫","25人英雄",摩提耶罗宝箱5,装备,司空豹韬,-,
"155","南诏皇宫","25人英雄",摩提耶罗,装备,生本无邪,-,
"155","南诏皇宫","25人英雄",摩提耶罗宝箱1,装备,生本无邪,-,
"155","南诏皇宫","25人英雄",摩提耶罗宝箱2,装备,生本无邪,-,
"155","南诏皇宫","25人英雄",摩提耶罗宝箱3,装备,生本无邪,-,
"155","南诏皇宫","25人英雄",摩提耶罗宝箱4,装备,生本无邪,-,
"155","南诏皇宫","25人英雄",摩提耶罗宝箱5,装备,生本无邪,-,
"155","南诏皇宫","25人英雄",摩提耶罗,装备,思无邪,-,
"155","南诏皇宫","25人英雄",摩提耶罗宝箱1,装备,思无邪,-,
"155","南诏皇宫","25人英雄",摩提耶罗宝箱2,装备,思无邪,-,
"155","南诏皇宫","25人英雄",摩提耶罗宝箱3,装备,思无邪,-,
"155","南诏皇宫","25人英雄",摩提耶罗宝箱4,装备,思无邪,-,
"155","南诏皇宫","25人英雄",摩提耶罗宝箱5,装备,思无邪,-,
"155","南诏皇宫","25人英雄",摩提耶罗宝箱1,装备,参决万机,-,
"155","南诏皇宫","25人英雄",摩提耶罗宝箱2,装备,参决万机,-,
"155","南诏皇宫","25人英雄",摩提耶罗宝箱3,装备,参决万机,-,
"155","南诏皇宫","25人英雄",摩提耶罗宝箱4,装备,参决万机,-,
"155","南诏皇宫","25人英雄",摩提耶罗宝箱5,装备,参决万机,-,
"155","南诏皇宫","25人英雄",摩提耶罗,装备,临赤,-,
"155","南诏皇宫","25人英雄",摩提耶罗宝箱3,装备,临赤,-,
"155","南诏皇宫","25人英雄",摩提耶罗宝箱4,装备,临赤,-,
"155","南诏皇宫","25人英雄",摩提耶罗宝箱5,装备,临赤,-,
"155","南诏皇宫","25人英雄",摩提耶罗,装备,宁桓,-,
"155","南诏皇宫","25人英雄",摩提耶罗宝箱3,装备,宁桓,-,
"155","南诏皇宫","25人英雄",摩提耶罗宝箱4,装备,宁桓,-,
"155","南诏皇宫","25人英雄",摩提耶罗宝箱3,装备,镇海,-,
"155","南诏皇宫","25人英雄",摩提耶罗宝箱5,装备,镇海,-,
"155","南诏皇宫","25人英雄",摩提耶罗宝箱3,装备,偃茅,-,
"155","南诏皇宫","25人英雄",摩提耶罗宝箱5,装备,偃茅,-,
"155","南诏皇宫","25人英雄",摩提耶罗宝箱3,装备,谋恩,-,
"155","南诏皇宫","25人英雄",摩提耶罗宝箱5,装备,谋恩,-,
"155","南诏皇宫","25人英雄",摩提耶罗宝箱3,装备,野兴,-,
"155","南诏皇宫","25人英雄",摩提耶罗宝箱2,装备,顺镮风鬟,-,
"155","南诏皇宫","25人英雄",摩提耶罗宝箱4,装备,顺镮风鬟,-,
"155","南诏皇宫","25人英雄",摩提耶罗,装备,漫江燕雨,-,
"155","南诏皇宫","25人英雄",摩提耶罗宝箱3,装备,漫江燕雨,-,
"155","南诏皇宫","25人英雄",摩提耶罗宝箱5,装备,漫江燕雨,-,
"155","南诏皇宫","25人英雄",摩提耶罗宝箱2,装备,空谷弦音,-,
"155","南诏皇宫","25人英雄",摩提耶罗宝箱4,装备,空谷弦音,-,
"155","南诏皇宫","25人英雄",摩提耶罗宝箱3,装备,叶语闻聆,-,
"155","南诏皇宫","25人英雄",摩提耶罗宝箱5,装备,叶语闻聆,-,
"155","南诏皇宫","25人英雄",摩提耶罗宝箱2,装备,归诚独乐,-,
"155","南诏皇宫","25人英雄",摩提耶罗宝箱4,装备,归诚独乐,-,
"155","南诏皇宫","25人英雄",摩提耶罗,装备,赤秘风帽,-,
"155","南诏皇宫","25人英雄",摩提耶罗宝箱3,装备,赤秘风帽,-,
"155","南诏皇宫","25人英雄",摩提耶罗宝箱5,装备,赤秘风帽,-,
"155","南诏皇宫","25人英雄",摩提耶罗宝箱3,装备,钧威裤,-,
"155","南诏皇宫","25人英雄",摩提耶罗宝箱5,装备,钧威裤,-,
"155","南诏皇宫","25人英雄",摩提耶罗宝箱5,装备,欣崇裤,-,
"155","南诏皇宫","25人英雄",摩提耶罗宝箱3,装备,绛丹裤,-,
"155","南诏皇宫","25人英雄",摩提耶罗宝箱5,装备,绛丹裤,-,
"155","南诏皇宫","25人英雄",摩提耶罗宝箱5,装备,蔷瑕裤,-,
"155","南诏皇宫","25人英雄",摩提耶罗宝箱3,装备,谪磊裤,-,
"155","南诏皇宫","25人英雄",摩提耶罗宝箱5,装备,谪磊裤,-,
"155","南诏皇宫","25人英雄",摩提耶罗宝箱5,装备,兆临裤,-,
"155","南诏皇宫","25人英雄",摩提耶罗宝箱3,装备,挚洪裤,-,
"155","南诏皇宫","25人英雄",摩提耶罗宝箱5,装备,挚洪裤,-,
"155","南诏皇宫","25人英雄",摩提耶罗宝箱5,装备,魄祈裤,-,
"155","南诏皇宫","25人英雄",摩提耶罗宝箱3,装备,楚天裤,-,
"155","南诏皇宫","25人英雄",摩提耶罗宝箱5,装备,楚天裤,-,
"155","南诏皇宫","25人英雄",摩提耶罗宝箱5,装备,思翡裤,-,
"155","南诏皇宫","25人英雄",摩提耶罗宝箱3,装备,霜凋裤,-,
"155","南诏皇宫","25人英雄",摩提耶罗宝箱5,装备,霜凋裤,-,
"155","南诏皇宫","25人英雄",摩提耶罗宝箱5,装备,琦时裤,-,
"155","南诏皇宫","25人英雄",摩提耶罗,饰品,珠络玲珑,-,
"155","南诏皇宫","25人英雄",摩提耶罗宝箱4,饰品,珠络玲珑,-,
"155","南诏皇宫","25人英雄",摩提耶罗宝箱1,饰品,借壁光,-,
"155","南诏皇宫","25人英雄",摩提耶罗宝箱3,饰品,借壁光,-,
"155","南诏皇宫","25人英雄",摩提耶罗宝箱5,饰品,借壁光,-,
"155","南诏皇宫","25人英雄",摩提耶罗,饰品,奢泰肆情,-,
"155","南诏皇宫","25人英雄",摩提耶罗宝箱2,饰品,奢泰肆情,-,
"155","南诏皇宫","25人英雄",摩提耶罗宝箱4,饰品,奢泰肆情,-,
"155","南诏皇宫","25人英雄",摩提耶罗宝箱3,饰品,霜晴海气,-,
"155","南诏皇宫","25人英雄",摩提耶罗宝箱5,饰品,霜晴海气,-,
"155","南诏皇宫","25人英雄",摩提耶罗,饰品,玉虚新霁,-,
"155","南诏皇宫","25人英雄",摩提耶罗宝箱2,饰品,玉虚新霁,-,
"155","南诏皇宫","25人英雄",摩提耶罗宝箱4,饰品,玉虚新霁,-,
"155","南诏皇宫","25人英雄",摩提耶罗宝箱1,饰品,云铮腰坠,-,
"155","南诏皇宫","25人英雄",摩提耶罗宝箱3,饰品,云铮腰坠,-,
"155","南诏皇宫","25人英雄",摩提耶罗宝箱5,饰品,云铮腰坠,-,
"155","南诏皇宫","25人英雄",摩提耶罗宝箱4,饰品,云铮腰坠,-,
"155","南诏皇宫","25人英雄",摩提耶罗,饰品,云铮腰坠,-,
"155","南诏皇宫","25人英雄",摩提耶罗宝箱3,饰品,玉虚新霁,-,
"155","南诏皇宫","25人英雄",摩提耶罗宝箱2,饰品,霜晴海气,-,
"155","南诏皇宫","25人英雄",摩提耶罗宝箱1,饰品,霜晴海气,-,
"155","南诏皇宫","25人英雄",摩提耶罗宝箱5,饰品,奢泰肆情,-,
"155","南诏皇宫","25人英雄",摩提耶罗宝箱1,饰品,奢泰肆情,-,
"155","南诏皇宫","25人英雄",摩提耶罗宝箱4,饰品,借壁光,-,
"155","南诏皇宫","25人英雄",摩提耶罗,饰品,借壁光,-,
"155","南诏皇宫","25人英雄",摩提耶罗宝箱3,饰品,珠络玲珑,-,
"155","南诏皇宫","25人英雄",摩提耶罗宝箱2,饰品,珠络玲珑,-,
"155","南诏皇宫","25人英雄",摩提耶罗宝箱1,饰品,珠络玲珑,-,
"155","南诏皇宫","25人英雄",摩提耶罗宝箱2,装备,偃德,-,
"155","南诏皇宫","25人英雄",摩提耶罗宝箱4,装备,淳霞,-,
"155","南诏皇宫","25人英雄",摩提耶罗宝箱2,装备,司空豹韬,-,
"155","南诏皇宫","25人英雄",摩提耶罗,装备,参决万机,-,
"155","南诏皇宫","25人英雄",摩提耶罗宝箱5,装备,宁桓,-,
"155","南诏皇宫","25人英雄",摩提耶罗,装备,镇海,-,
"155","南诏皇宫","25人英雄",摩提耶罗,装备,偃茅,-,
"155","南诏皇宫","25人英雄",摩提耶罗,装备,谋恩,-,
"155","南诏皇宫","25人英雄",摩提耶罗,装备,野兴,-,
"155","南诏皇宫","25人英雄",摩提耶罗宝箱4,装备,琦时裤,-,
"155","南诏皇宫","25人英雄",摩提耶罗宝箱3,装备,琦时裤,-,
"155","南诏皇宫","25人英雄",摩提耶罗宝箱5,装备,野兴,-,
"155","南诏皇宫","25人英雄",摩提耶罗,装备,顺镮风鬟,-,
"155","南诏皇宫","25人英雄",摩提耶罗宝箱4,装备,霜凋裤,-,
"155","南诏皇宫","25人英雄",摩提耶罗宝箱5,装备,顺镮风鬟,-,
"155","南诏皇宫","25人英雄",摩提耶罗宝箱4,装备,漫江燕雨,-,
"155","南诏皇宫","25人英雄",摩提耶罗宝箱4,装备,思翡裤,-,
"155","南诏皇宫","25人英雄",摩提耶罗宝箱3,装备,思翡裤,-,
"155","南诏皇宫","25人英雄",摩提耶罗宝箱3,装备,空谷弦音,-,
"155","南诏皇宫","25人英雄",摩提耶罗,装备,叶语闻聆,-,
"155","南诏皇宫","25人英雄",摩提耶罗宝箱4,装备,楚天裤,-,
"155","南诏皇宫","25人英雄",摩提耶罗宝箱2,装备,叶语闻聆,-,
"155","南诏皇宫","25人英雄",摩提耶罗,装备,归诚独乐,-,
"155","南诏皇宫","25人英雄",摩提耶罗宝箱4,装备,魄祈裤,-,
"155","南诏皇宫","25人英雄",摩提耶罗宝箱3,装备,魄祈裤,-,
"155","南诏皇宫","25人英雄",摩提耶罗,装备,魄祈裤,-,
"155","南诏皇宫","25人英雄",摩提耶罗宝箱5,装备,归诚独乐,-,
"155","南诏皇宫","25人英雄",摩提耶罗宝箱4,装备,挚洪裤,-,
"155","南诏皇宫","25人英雄",摩提耶罗宝箱4,装备,赤秘风帽,-,
"155","南诏皇宫","25人英雄",摩提耶罗宝箱4,装备,兆临裤,-,
"155","南诏皇宫","25人英雄",摩提耶罗宝箱3,装备,兆临裤,-,
"155","南诏皇宫","25人英雄",摩提耶罗宝箱4,装备,谪磊裤,-,
"155","南诏皇宫","25人英雄",摩提耶罗宝箱4,装备,蔷瑕裤,-,
"155","南诏皇宫","25人英雄",摩提耶罗宝箱3,装备,蔷瑕裤,-,
"155","南诏皇宫","25人英雄",摩提耶罗宝箱4,装备,绛丹裤,-,
"155","南诏皇宫","25人英雄",摩提耶罗宝箱4,装备,欣崇裤,-,
"155","南诏皇宫","25人英雄",摩提耶罗宝箱3,装备,欣崇裤,-,
"155","南诏皇宫","25人英雄",摩提耶罗,装备,欣崇裤,-,
"155","南诏皇宫","25人英雄",摩提耶罗宝箱4,装备,钧威裤,-,
"155","南诏皇宫","25人英雄",摩提耶罗宝箱4,装备,镇海,-,
"155","南诏皇宫","25人英雄",摩提耶罗宝箱4,装备,偃茅,-,
"155","南诏皇宫","25人英雄",摩提耶罗宝箱4,装备,谋恩,-,
"155","南诏皇宫","25人英雄",摩提耶罗宝箱4,装备,野兴,-,
"155","南诏皇宫","25人英雄",摩提耶罗宝箱3,装备,顺镮风鬟,-,
"155","南诏皇宫","25人英雄",摩提耶罗宝箱2,装备,漫江燕雨,-,
"155","南诏皇宫","25人英雄",摩提耶罗,装备,空谷弦音,-,
"155","南诏皇宫","25人英雄",摩提耶罗宝箱5,装备,空谷弦音,-,
"155","南诏皇宫","25人英雄",摩提耶罗宝箱4,装备,叶语闻聆,-,
"155","南诏皇宫","25人英雄",摩提耶罗宝箱3,装备,归诚独乐,-,
"155","南诏皇宫","25人英雄",摩提耶罗宝箱2,装备,赤秘风帽,-,
"155","南诏皇宫","25人英雄",摩提耶罗,装备,钧威裤,-,
"155","南诏皇宫","25人英雄",摩提耶罗,装备,绛丹裤,-,
"155","南诏皇宫","25人英雄",摩提耶罗,装备,蔷瑕裤,-,
"155","南诏皇宫","25人英雄",摩提耶罗,装备,谪磊裤,-,
"155","南诏皇宫","25人英雄",摩提耶罗,装备,兆临裤,-,
"155","南诏皇宫","25人英雄",摩提耶罗,装备,挚洪裤,-,
"155","南诏皇宫","25人英雄",摩提耶罗,装备,楚天裤,-,
"155","南诏皇宫","25人英雄",摩提耶罗,装备,思翡裤,-,
"155","南诏皇宫","25人英雄",摩提耶罗,装备,霜凋裤,-,
"155","南诏皇宫","25人英雄",摩提耶罗,装备,琦时裤,-,
"155","南诏皇宫","25人英雄",摩提耶罗宝箱5,饰品,珠络玲珑,-,
"155","南诏皇宫","25人英雄",摩提耶罗宝箱2,饰品,借壁光,-,
"155","南诏皇宫","25人英雄",摩提耶罗宝箱3,饰品,奢泰肆情,-,
"155","南诏皇宫","25人英雄",摩提耶罗,饰品,霜晴海气,-,
"155","南诏皇宫","25人英雄",摩提耶罗宝箱4,饰品,霜晴海气,-,
"155","南诏皇宫","25人英雄",摩提耶罗宝箱1,饰品,玉虚新霁,-,
"155","南诏皇宫","25人英雄",摩提耶罗宝箱5,饰品,玉虚新霁,-,
"155","南诏皇宫","25人英雄",摩提耶罗宝箱2,饰品,云铮腰坠,-,
"155","南诏皇宫","25人英雄",陈和尚、康雪烛、柳公子、阁逻凤,武器,天道九势剑,-,
"155","南诏皇宫","25人英雄",陈和尚、康雪烛、柳公子、阁逻凤,饰品,任惠,-,
"155","南诏皇宫","25人英雄",陈和尚、康雪烛、柳公子、阁逻凤,饰品,休舞,-,
"155","南诏皇宫","25人英雄",陈和尚、康雪烛、柳公子、阁逻凤,武器,鸾惊游雾疏,-,
"155","南诏皇宫","25人英雄",陈和尚、康雪烛、柳公子、阁逻凤,饰品,决渎血髅,-,
"155","南诏皇宫","25人英雄",陈和尚、康雪烛、柳公子、阁逻凤,饰品,敦悟,-,
"155","南诏皇宫","25人英雄",陈和尚、康雪烛、柳公子、阁逻凤,饰品,征丘,-,
"155","南诏皇宫","25人英雄",陈和尚、康雪烛、柳公子、阁逻凤,武器,凤举崩云绝,-,
"155","南诏皇宫","25人英雄",陈和尚、康雪烛、柳公子、阁逻凤,饰品,洱云,-,
"155","南诏皇宫","25人英雄",陈和尚、康雪烛、柳公子、阁逻凤,饰品,金泽,-,
"155","南诏皇宫","25人英雄",陈和尚、康雪烛、柳公子、阁逻凤,饰品,文卢,-,
"155","南诏皇宫","25人英雄",陈和尚、康雪烛、柳公子、阁逻凤,饰品,砚陶,-,
"155","南诏皇宫","25人英雄",陈和尚、康雪烛、柳公子、阁逻凤,饰品,钧威指环,-,
"155","南诏皇宫","25人英雄",陈和尚、康雪烛、柳公子、阁逻凤,饰品,欣崇指环,-,
"155","南诏皇宫","25人英雄",陈和尚、康雪烛、柳公子、阁逻凤,饰品,绛丹指环,-,
"155","南诏皇宫","25人英雄",陈和尚、康雪烛、柳公子、阁逻凤,武器,夏无伏阴,-,
"155","南诏皇宫","25人英雄",陈和尚、康雪烛、柳公子、阁逻凤,饰品,蔷瑕指环,-,
"155","南诏皇宫","25人英雄",陈和尚、康雪烛、柳公子、阁逻凤,饰品,谪磊指环,-,
"155","南诏皇宫","25人英雄",陈和尚、康雪烛、柳公子、阁逻凤,饰品,兆临指环,-,
"155","南诏皇宫","25人英雄",陈和尚、康雪烛、柳公子、阁逻凤,饰品,挚洪指环,-,
"155","南诏皇宫","25人英雄",陈和尚、康雪烛、柳公子、阁逻凤,饰品,魄祈指环,-,
"155","南诏皇宫","25人英雄",陈和尚、康雪烛、柳公子、阁逻凤,饰品,楚天指环,-,
"155","南诏皇宫","25人英雄",陈和尚、康雪烛、柳公子、阁逻凤,武器,春无凄风,-,
"155","南诏皇宫","25人英雄",陈和尚、康雪烛、柳公子、阁逻凤,饰品,霜凋指环,-,
"155","南诏皇宫","25人英雄",陈和尚、康雪烛、柳公子、阁逻凤,饰品,琦时指环,-,
"155","南诏皇宫","25人英雄",陈和尚、康雪烛、柳公子、阁逻凤,武器,肃物威刑,-,
"155","南诏皇宫","25人英雄",陈和尚、康雪烛、柳公子、阁逻凤,武器,破惧风雷,-,
"155","南诏皇宫","25人英雄",陈和尚、康雪烛、柳公子、阁逻凤,武器,启空铎鞘,-,
"155","南诏皇宫","25人英雄",陈和尚、康雪烛、柳公子、阁逻凤,武器,破曙之光,-,
"155","南诏皇宫","25人英雄",陈和尚、康雪烛、柳公子、阁逻凤,武器,炎图皇兵,-,
"155","南诏皇宫","25人英雄",陈和尚、康雪烛、柳公子、阁逻凤,装备,崇兰迎风,-,
"155","南诏皇宫","25人英雄",陈和尚、康雪烛、柳公子、阁逻凤,装备,龙舒墨心,-,
"155","南诏皇宫","25人英雄",陈和尚、康雪烛、柳公子、阁逻凤,装备,捷烽夜传,-,
"155","南诏皇宫","25人英雄",陈和尚、康雪烛、柳公子、阁逻凤,装备,三清谒玄,-,
"155","南诏皇宫","25人英雄",陈和尚、康雪烛、柳公子、阁逻凤,装备,桓彦垂范,-,
"155","南诏皇宫","25人英雄",陈和尚、康雪烛、柳公子、阁逻凤,装备,安乐王之铠,-,
"155","南诏皇宫","25人英雄",陈和尚、康雪烛、柳公子、阁逻凤,饰品,秋声烛影,-,
"155","南诏皇宫","25人英雄",陈和尚、康雪烛、柳公子、阁逻凤,饰品,沉龙玉璧,-,
"155","南诏皇宫","25人英雄",陈和尚、康雪烛、柳公子、阁逻凤,饰品,海雷犀角坠,-,
"155","南诏皇宫","25人英雄",陈和尚、康雪烛、柳公子、阁逻凤,饰品,荒氲古宝,-,
"155","南诏皇宫","25人英雄",陈和尚、康雪烛、柳公子、阁逻凤,饰品,思翡指环,-,
"155","南诏皇宫","25人英雄",陈和尚、康雪烛、柳公子、阁逻凤,饰品,褚伯玉,-,
"155","南诏皇宫","25人英雄",陈和尚、康雪烛、柳公子、阁逻凤,饰品,挟邪作蛊,-,
"155","南诏皇宫","25人英雄",陈和尚、康雪烛、柳公子、阁逻凤,饰品,征龙,-,
"155","南诏皇宫","25人英雄",陈和尚、康雪烛、柳公子、阁逻凤,饰品,孟阳,-,
"155","南诏皇宫","25人英雄",陈和尚、康雪烛、柳公子、阁逻凤,饰品,海浦,-,
"155","南诏皇宫","25人英雄",陈和尚、康雪烛、柳公子、阁逻凤,武器,雷夜风牙剑,-,
"155","南诏皇宫","25人英雄",陈和尚、康雪烛、柳公子、阁逻凤,武器,断煞血佛柱,-,
"155","南诏皇宫","25人英雄",陈和尚、康雪烛、柳公子、阁逻凤,武器,捍魔城主节杖,-,
"155","南诏皇宫","25人英雄",陈和尚、康雪烛、柳公子、阁逻凤,武器,君伐,-,
"155","南诏皇宫","25人英雄",陈和尚、康雪烛、柳公子、阁逻凤,武器,万变,-,
"155","南诏皇宫","25人英雄",陈和尚、康雪烛、柳公子、阁逻凤,武器,交翼虎戟,-,
"155","南诏皇宫","25人英雄",陈和尚、康雪烛、柳公子、阁逻凤,武器,湛金古铩,-,
"155","南诏皇宫","25人英雄",陈和尚、康雪烛、柳公子、阁逻凤,武器,轩龙按日剑,-,
"155","南诏皇宫","25人英雄",陈和尚、康雪烛、柳公子、阁逻凤,饰品,瑞康,-,
"155","南诏皇宫","25人英雄",李倓宝箱4,饰品,挟邪作蛊,-,
"155","南诏皇宫","25人英雄",李倓宝箱5,饰品,沉龙玉璧,-,
"155","南诏皇宫","25人英雄",李倓,饰品,海雷犀角坠,-,
"155","南诏皇宫","25人英雄",李倓宝箱5,饰品,荒氲古宝,-,
"155","南诏皇宫","25人英雄",李倓宝箱3,饰品,敦悟,-,
"155","南诏皇宫","25人英雄",李倓宝箱3,饰品,征丘,-,
"155","南诏皇宫","25人英雄",李倓宝箱3,饰品,洱云,-,
"155","南诏皇宫","25人英雄",李倓宝箱3,饰品,金泽,-,
"155","南诏皇宫","25人英雄",李倓宝箱3,饰品,砚陶,-,
"155","南诏皇宫","25人英雄",李倓宝箱5,饰品,钧威指环,-,
"155","南诏皇宫","25人英雄",李倓宝箱5,饰品,欣崇指环,-,
"155","南诏皇宫","25人英雄",李倓宝箱5,饰品,绛丹指环,-,
"155","南诏皇宫","25人英雄",李倓宝箱5,饰品,蔷瑕指环,-,
"155","南诏皇宫","25人英雄",李倓宝箱5,饰品,谪磊指环,-,
"155","南诏皇宫","25人英雄",李倓宝箱5,饰品,兆临指环,-,
"155","南诏皇宫","25人英雄",李倓宝箱5,饰品,挚洪指环,-,
"155","南诏皇宫","25人英雄",李倓宝箱5,饰品,魄祈指环,-,
"155","南诏皇宫","25人英雄",李倓宝箱5,饰品,楚天指环,-,
"155","南诏皇宫","25人英雄",李倓宝箱5,饰品,思翡指环,-,
"155","南诏皇宫","25人英雄",李倓宝箱5,饰品,霜凋指环,-,
"155","南诏皇宫","25人英雄",李倓宝箱5,饰品,琦时指环,-,
"155","南诏皇宫","25人英雄",李倓,武器,枉水,-,
"155","南诏皇宫","25人英雄",李倓宝箱2,武器,枉水,-,
"155","南诏皇宫","25人英雄",李倓宝箱3,武器,枉水,-,
"155","南诏皇宫","25人英雄",李倓宝箱4,武器,枉水,-,
"155","南诏皇宫","25人英雄",李倓,武器,山枭,-,
"155","南诏皇宫","25人英雄",李倓宝箱2,武器,山枭,-,
"155","南诏皇宫","25人英雄",李倓宝箱3,武器,山枭,-,
"155","南诏皇宫","25人英雄",李倓宝箱4,武器,山枭,-,
"155","南诏皇宫","25人英雄",李倓宝箱5,武器,山枭,-,
"155","南诏皇宫","25人英雄",李倓,武器,元绪,-,
"155","南诏皇宫","25人英雄",李倓宝箱2,武器,元绪,-,
"155","南诏皇宫","25人英雄",李倓宝箱3,武器,元绪,-,
"155","南诏皇宫","25人英雄",李倓宝箱4,武器,元绪,-,
"155","南诏皇宫","25人英雄",李倓宝箱5,武器,元绪,-,
"155","南诏皇宫","25人英雄",李倓,武器,致风,-,
"155","南诏皇宫","25人英雄",李倓宝箱2,武器,致风,-,
"155","南诏皇宫","25人英雄",李倓宝箱3,武器,致风,-,
"155","南诏皇宫","25人英雄",李倓宝箱5,武器,致风,-,
"155","南诏皇宫","25人英雄",李倓,武器,麋草芳,-,
"155","南诏皇宫","25人英雄",李倓宝箱2,武器,麋草芳,-,
"155","南诏皇宫","25人英雄",李倓宝箱3,武器,麋草芳,-,
"155","南诏皇宫","25人英雄",李倓宝箱4,武器,麋草芳,-,
"155","南诏皇宫","25人英雄",李倓宝箱5,武器,麋草芳,-,
"155","南诏皇宫","25人英雄",李倓,武器,酒炎,-,
"155","南诏皇宫","25人英雄",李倓宝箱2,武器,酒炎,-,
"155","南诏皇宫","25人英雄",李倓宝箱3,武器,酒炎,-,
"155","南诏皇宫","25人英雄",李倓宝箱4,武器,酒炎,-,
"155","南诏皇宫","25人英雄",李倓宝箱5,武器,酒炎,-,
"155","南诏皇宫","25人英雄",李倓,武器,断情渡生,-,
"155","南诏皇宫","25人英雄",李倓,武器,佛尊法谛,-,
"155","南诏皇宫","25人英雄",李倓,武器,岁华西风,-,
"155","南诏皇宫","25人英雄",李倓,武器,惟扬,-,
"155","南诏皇宫","25人英雄",李倓,武器,血戟止戈,-,
"155","南诏皇宫","25人英雄",李倓,武器,铭魂,-,
"155","南诏皇宫","25人英雄",李倓,武器,云海空明,-,
"155","南诏皇宫","25人英雄",李倓,武器,鸾歌凤舞,-,
"155","南诏皇宫","25人英雄",李倓,武器,瑶台天心,-,
"155","南诏皇宫","25人英雄",李倓,武器,凤殇化雨,-,
"155","南诏皇宫","25人英雄",李倓,武器,蝶梦南华,-,
"155","南诏皇宫","25人英雄",李倓,武器,星斗风雷,-,
"155","南诏皇宫","25人英雄",李倓,武器,饮血崩心,-,
"155","南诏皇宫","25人英雄",李倓,武器,易水狂歌,-,
"155","南诏皇宫","25人英雄",李倓,武器,紫麟千秋,-,
"155","南诏皇宫","25人英雄",李倓,武器,绝漠霜月,-,
"155","南诏皇宫","25人英雄",李倓,武器,烈阳流火,-,
"155","南诏皇宫","25人英雄",李倓,武器,腾空,-,
"155","南诏皇宫","25人英雄",李倓,武器,画影,-,
"155","南诏皇宫","25人英雄",李倓,武器,圆月双角,-,
"155","南诏皇宫","25人英雄",李倓,装备,白霍,-,
"155","南诏皇宫","25人英雄",李倓宝箱2,装备,白霍,-,
"155","南诏皇宫","25人英雄",李倓宝箱3,装备,白霍,-,
"155","南诏皇宫","25人英雄",李倓宝箱4,装备,白霍,-,
"155","南诏皇宫","25人英雄",李倓宝箱5,装备,白霍,-,
"155","南诏皇宫","25人英雄",李倓宝箱2,装备,范平,-,
"155","南诏皇宫","25人英雄",李倓宝箱3,装备,范平,-,
"155","南诏皇宫","25人英雄",李倓宝箱4,装备,范平,-,
"155","南诏皇宫","25人英雄",李倓宝箱5,装备,范平,-,
"155","南诏皇宫","25人英雄",李倓,装备,偃德,-,
"155","南诏皇宫","25人英雄",李倓宝箱2,装备,偃德,-,
"155","南诏皇宫","25人英雄",李倓宝箱3,装备,偃德,-,
"155","南诏皇宫","25人英雄",李倓宝箱4,装备,偃德,-,
"155","南诏皇宫","25人英雄",李倓宝箱5,装备,偃德,-,
"155","南诏皇宫","25人英雄",李倓,装备,怀高,-,
"155","南诏皇宫","25人英雄",李倓宝箱2,装备,怀高,-,
"155","南诏皇宫","25人英雄",李倓宝箱3,装备,怀高,-,
"155","南诏皇宫","25人英雄",李倓宝箱4,装备,怀高,-,
"155","南诏皇宫","25人英雄",李倓宝箱5,装备,怀高,-,
"155","南诏皇宫","25人英雄",李倓,装备,清苍,-,
"155","南诏皇宫","25人英雄",李倓宝箱2,装备,清苍,-,
"155","南诏皇宫","25人英雄",李倓宝箱4,装备,清苍,-,
"155","南诏皇宫","25人英雄",李倓宝箱5,装备,清苍,-,
"155","南诏皇宫","25人英雄",李倓,装备,淳霞,-,
"155","南诏皇宫","25人英雄",李倓宝箱2,装备,淳霞,-,
"155","南诏皇宫","25人英雄",李倓宝箱3,装备,淳霞,-,
"155","南诏皇宫","25人英雄",李倓宝箱4,装备,淳霞,-,
"155","南诏皇宫","25人英雄",李倓宝箱5,装备,淳霞,-,
"155","南诏皇宫","25人英雄",李倓宝箱3,装备,月宿孤翼,-,
"155","南诏皇宫","25人英雄",李倓宝箱5,装备,月宿孤翼,-,
"155","南诏皇宫","25人英雄",李倓宝箱1,装备,积金之累,-,
"155","南诏皇宫","25人英雄",李倓宝箱3,装备,积金之累,-,
"155","南诏皇宫","25人英雄",李倓宝箱5,装备,积金之累,-,
"155","南诏皇宫","25人英雄",李倓宝箱1,装备,乱海曲,-,
"155","南诏皇宫","25人英雄",李倓宝箱3,装备,乱海曲,-,
"155","南诏皇宫","25人英雄",李倓宝箱1,装备,钟石昭融,-,
"155","南诏皇宫","25人英雄",李倓宝箱3,装备,钟石昭融,-,
"155","南诏皇宫","25人英雄",李倓宝箱5,装备,钟石昭融,-,
"155","南诏皇宫","25人英雄",李倓宝箱1,装备,蛇舞风潮,-,
"155","南诏皇宫","25人英雄",李倓宝箱3,装备,蛇舞风潮,-,
"155","南诏皇宫","25人英雄",李倓宝箱5,装备,蛇舞风潮,-,
"155","南诏皇宫","25人英雄",李倓宝箱1,装备,销戈长衫,-,
"155","南诏皇宫","25人英雄",李倓宝箱5,装备,销戈长衫,-,
"155","南诏皇宫","25人英雄",李倓宝箱3,装备,钧威护腕,-,
"155","南诏皇宫","25人英雄",李倓宝箱5,装备,钧威护腕,-,
"155","南诏皇宫","25人英雄",李倓宝箱5,装备,欣崇护手,-,
"155","南诏皇宫","25人英雄",李倓宝箱3,装备,绛丹护手,-,
"155","南诏皇宫","25人英雄",李倓宝箱5,装备,绛丹护手,-,
"155","南诏皇宫","25人英雄",李倓宝箱5,装备,蔷瑕护手,-,
"155","南诏皇宫","25人英雄",李倓宝箱3,装备,谪磊护手,-,
"155","南诏皇宫","25人英雄",李倓宝箱5,装备,谪磊护手,-,
"155","南诏皇宫","25人英雄",李倓宝箱5,装备,兆临护手,-,
"155","南诏皇宫","25人英雄",李倓,装备,钧威腰带,-,
"155","南诏皇宫","25人英雄",李倓宝箱4,装备,钧威腰带,-,
"155","南诏皇宫","25人英雄",李倓,装备,欣崇腰带,-,
"155","南诏皇宫","25人英雄",李倓宝箱4,装备,欣崇腰带,-,
"155","南诏皇宫","25人英雄",李倓,装备,绛丹腰带,-,
"155","南诏皇宫","25人英雄",李倓宝箱4,装备,绛丹腰带,-,
"155","南诏皇宫","25人英雄",李倓,装备,蔷瑕腰带,-,
"155","南诏皇宫","25人英雄",李倓宝箱4,装备,蔷瑕腰带,-,
"155","南诏皇宫","25人英雄",李倓,装备,谪磊腰带,-,
"155","南诏皇宫","25人英雄",李倓宝箱4,装备,谪磊腰带,-,
"155","南诏皇宫","25人英雄",李倓,装备,兆临腰带,-,
"155","南诏皇宫","25人英雄",李倓宝箱4,装备,兆临腰带,-,
"155","南诏皇宫","25人英雄",李倓宝箱3,装备,钧威裤,-,
"155","南诏皇宫","25人英雄",李倓宝箱5,装备,钧威裤,-,
"155","南诏皇宫","25人英雄",李倓宝箱3,装备,欣崇裤,-,
"155","南诏皇宫","25人英雄",李倓宝箱5,装备,欣崇裤,-,
"155","南诏皇宫","25人英雄",李倓宝箱3,装备,绛丹裤,-,
"155","南诏皇宫","25人英雄",李倓宝箱5,装备,绛丹裤,-,
"155","南诏皇宫","25人英雄",李倓宝箱3,装备,蔷瑕裤,-,
"155","南诏皇宫","25人英雄",李倓宝箱5,装备,蔷瑕裤,-,
"155","南诏皇宫","25人英雄",李倓宝箱3,装备,谪磊裤,-,
"155","南诏皇宫","25人英雄",李倓宝箱5,装备,谪磊裤,-,
"155","南诏皇宫","25人英雄",李倓宝箱3,装备,兆临裤,-,
"155","南诏皇宫","25人英雄",李倓宝箱5,装备,兆临裤,-,
"155","南诏皇宫","25人英雄",李倓宝箱3,装备,挚洪护手,-,
"155","南诏皇宫","25人英雄",李倓宝箱5,装备,挚洪护手,-,
"155","南诏皇宫","25人英雄",李倓宝箱5,装备,魄祈护手,-,
"155","南诏皇宫","25人英雄",李倓宝箱3,装备,楚天护手,-,
"155","南诏皇宫","25人英雄",李倓宝箱5,装备,楚天护手,-,
"155","南诏皇宫","25人英雄",李倓宝箱5,装备,思翡护手,-,
"155","南诏皇宫","25人英雄",李倓,装备,挚洪腰带,-,
"155","南诏皇宫","25人英雄",李倓宝箱4,装备,挚洪腰带,-,
"155","南诏皇宫","25人英雄",李倓,装备,魄祈腰带,-,
"155","南诏皇宫","25人英雄",李倓宝箱4,装备,魄祈腰带,-,
"155","南诏皇宫","25人英雄",李倓,装备,楚天腰带,-,
"155","南诏皇宫","25人英雄",李倓宝箱4,装备,楚天腰带,-,
"155","南诏皇宫","25人英雄",李倓,装备,思翡腰带,-,
"155","南诏皇宫","25人英雄",李倓宝箱4,装备,思翡腰带,-,
"155","南诏皇宫","25人英雄",李倓,装备,霜凋腰带,-,
"155","南诏皇宫","25人英雄",李倓宝箱4,装备,霜凋腰带,-,
"155","南诏皇宫","25人英雄",李倓,装备,琦时腰带,-,
"155","南诏皇宫","25人英雄",李倓宝箱4,装备,琦时腰带,-,
"155","南诏皇宫","25人英雄",李倓宝箱3,装备,挚洪裤,-,
"155","南诏皇宫","25人英雄",李倓宝箱5,装备,挚洪裤,-,
"155","南诏皇宫","25人英雄",李倓宝箱3,装备,魄祈裤,-,
"155","南诏皇宫","25人英雄",李倓宝箱5,装备,魄祈裤,-,
"155","南诏皇宫","25人英雄",李倓宝箱3,装备,楚天裤,-,
"155","南诏皇宫","25人英雄",李倓宝箱5,装备,楚天裤,-,
"155","南诏皇宫","25人英雄",李倓宝箱3,装备,思翡裤,-,
"155","南诏皇宫","25人英雄",李倓宝箱5,装备,思翡裤,-,
"155","南诏皇宫","25人英雄",李倓宝箱3,装备,霜凋裤,-,
"155","南诏皇宫","25人英雄",李倓宝箱5,装备,霜凋裤,-,
"155","南诏皇宫","25人英雄",李倓宝箱3,装备,琦时裤,-,
"155","南诏皇宫","25人英雄",李倓宝箱5,装备,琦时裤,-,
"155","南诏皇宫","25人英雄",李倓宝箱3,装备,霜凋护手,-,
"155","南诏皇宫","25人英雄",李倓宝箱5,装备,霜凋护手,-,
"155","南诏皇宫","25人英雄",李倓宝箱5,装备,琦时护手,-,
"155","南诏皇宫","25人英雄",李倓,饰品,挟邪作蛊,-,
"155","南诏皇宫","25人英雄",李倓宝箱5,饰品,挟邪作蛊,-,
"155","南诏皇宫","25人英雄",李倓宝箱4,饰品,沉龙玉璧,-,
"155","南诏皇宫","25人英雄",李倓宝箱5,饰品,决渎血髅,-,
"155","南诏皇宫","25人英雄",李倓宝箱4,饰品,海雷犀角坠,-,
"155","南诏皇宫","25人英雄",李倓,饰品,褚伯玉,-,
"155","南诏皇宫","25人英雄",李倓宝箱4,饰品,荒氲古宝,-,
"155","南诏皇宫","25人英雄",李倓,饰品,敦悟,-,
"155","南诏皇宫","25人英雄",李倓宝箱2,饰品,敦悟,-,
"155","南诏皇宫","25人英雄",李倓,饰品,征丘,-,
"155","南诏皇宫","25人英雄",李倓宝箱2,饰品,征丘,-,
"155","南诏皇宫","25人英雄",李倓宝箱4,饰品,征丘,-,
"155","南诏皇宫","25人英雄",李倓,饰品,洱云,-,
"155","南诏皇宫","25人英雄",李倓宝箱2,饰品,洱云,-,
"155","南诏皇宫","25人英雄",李倓宝箱4,饰品,洱云,-,
"155","南诏皇宫","25人英雄",李倓宝箱2,饰品,金泽,-,
"155","南诏皇宫","25人英雄",李倓宝箱4,饰品,金泽,-,
"155","南诏皇宫","25人英雄",李倓,饰品,文卢,-,
"155","南诏皇宫","25人英雄",李倓宝箱2,饰品,文卢,-,
"155","南诏皇宫","25人英雄",李倓,饰品,砚陶,-,
"155","南诏皇宫","25人英雄",李倓宝箱2,饰品,砚陶,-,
"155","南诏皇宫","25人英雄",李倓宝箱4,饰品,砚陶,-,
"155","南诏皇宫","25人英雄",李倓,饰品,钧威指环,-,
"155","南诏皇宫","25人英雄",李倓宝箱4,饰品,钧威指环,-,
"155","南诏皇宫","25人英雄",李倓宝箱4,饰品,欣崇指环,-,
"155","南诏皇宫","25人英雄",李倓,饰品,绛丹指环,-,
"155","南诏皇宫","25人英雄",李倓宝箱4,饰品,绛丹指环,-,
"155","南诏皇宫","25人英雄",李倓,饰品,蔷瑕指环,-,
"155","南诏皇宫","25人英雄",李倓宝箱4,饰品,蔷瑕指环,-,
"155","南诏皇宫","25人英雄",李倓,饰品,谪磊指环,-,
"155","南诏皇宫","25人英雄",李倓宝箱4,饰品,谪磊指环,-,
"155","南诏皇宫","25人英雄",李倓宝箱4,饰品,兆临指环,-,
"155","南诏皇宫","25人英雄",李倓,饰品,挚洪指环,-,
"155","南诏皇宫","25人英雄",李倓宝箱4,饰品,挚洪指环,-,
"155","南诏皇宫","25人英雄",李倓,饰品,魄祈指环,-,
"155","南诏皇宫","25人英雄",李倓宝箱4,饰品,魄祈指环,-,
"155","南诏皇宫","25人英雄",李倓,饰品,楚天指环,-,
"155","南诏皇宫","25人英雄",李倓宝箱4,饰品,楚天指环,-,
"155","南诏皇宫","25人英雄",李倓宝箱4,饰品,思翡指环,-,
"155","南诏皇宫","25人英雄",李倓,饰品,霜凋指环,-,
"155","南诏皇宫","25人英雄",李倓宝箱4,饰品,霜凋指环,-,
"155","南诏皇宫","25人英雄",李倓,饰品,琦时指环,-,
"155","南诏皇宫","25人英雄",李倓宝箱4,饰品,琦时指环,-,
"155","南诏皇宫","25人英雄",李倓宝箱3,饰品,琦时指环,-,
"155","南诏皇宫","25人英雄",李倓宝箱3,饰品,霜凋指环,-,
"155","南诏皇宫","25人英雄",李倓宝箱3,饰品,思翡指环,-,
"155","南诏皇宫","25人英雄",李倓,饰品,思翡指环,-,
"155","南诏皇宫","25人英雄",李倓宝箱3,饰品,楚天指环,-,
"155","南诏皇宫","25人英雄",李倓宝箱3,饰品,魄祈指环,-,
"155","南诏皇宫","25人英雄",李倓宝箱3,饰品,挚洪指环,-,
"155","南诏皇宫","25人英雄",李倓宝箱3,饰品,兆临指环,-,
"155","南诏皇宫","25人英雄",李倓,饰品,兆临指环,-,
"155","南诏皇宫","25人英雄",李倓宝箱3,饰品,谪磊指环,-,
"155","南诏皇宫","25人英雄",李倓宝箱3,饰品,蔷瑕指环,-,
"155","南诏皇宫","25人英雄",李倓宝箱3,饰品,绛丹指环,-,
"155","南诏皇宫","25人英雄",李倓宝箱3,饰品,欣崇指环,-,
"155","南诏皇宫","25人英雄",李倓,饰品,欣崇指环,-,
"155","南诏皇宫","25人英雄",李倓宝箱3,饰品,钧威指环,-,
"155","南诏皇宫","25人英雄",李倓宝箱5,饰品,砚陶,-,
"155","南诏皇宫","25人英雄",李倓宝箱1,饰品,砚陶,-,
"155","南诏皇宫","25人英雄",李倓宝箱5,饰品,文卢,-,
"155","南诏皇宫","25人英雄",李倓宝箱4,饰品,文卢,-,
"155","南诏皇宫","25人英雄",李倓宝箱3,饰品,文卢,-,
"155","南诏皇宫","25人英雄",李倓宝箱1,饰品,文卢,-,
"155","南诏皇宫","25人英雄",李倓宝箱5,饰品,金泽,-,
"155","南诏皇宫","25人英雄",李倓宝箱1,饰品,金泽,-,
"155","南诏皇宫","25人英雄",李倓,饰品,金泽,-,
"155","南诏皇宫","25人英雄",李倓宝箱5,饰品,洱云,-,
"155","南诏皇宫","25人英雄",李倓宝箱1,饰品,洱云,-,
"155","南诏皇宫","25人英雄",李倓宝箱5,饰品,征丘,-,
"155","南诏皇宫","25人英雄",李倓宝箱1,饰品,征丘,-,
"155","南诏皇宫","25人英雄",李倓宝箱5,饰品,敦悟,-,
"155","南诏皇宫","25人英雄",李倓宝箱4,饰品,敦悟,-,
"155","南诏皇宫","25人英雄",李倓宝箱1,饰品,敦悟,-,
"155","南诏皇宫","25人英雄",李倓,饰品,荒氲古宝,-,
"155","南诏皇宫","25人英雄",李倓宝箱5,饰品,褚伯玉,-,
"155","南诏皇宫","25人英雄",李倓宝箱4,饰品,褚伯玉,-,
"155","南诏皇宫","25人英雄",李倓宝箱5,饰品,海雷犀角坠,-,
"155","南诏皇宫","25人英雄",李倓宝箱4,饰品,决渎血髅,-,
"155","南诏皇宫","25人英雄",李倓,饰品,决渎血髅,-,
"155","南诏皇宫","25人英雄",李倓,饰品,沉龙玉璧,-,
"155","南诏皇宫","25人英雄",李倓宝箱5,武器,枉水,-,
"155","南诏皇宫","25人英雄",李倓宝箱4,武器,致风,-,
"155","南诏皇宫","25人英雄",李倓,武器,凌云墨龙,-,
"155","南诏皇宫","25人英雄",李倓,武器,炎枪重黎,-,
"155","南诏皇宫","25人英雄",李倓,装备,范平,-,
"155","南诏皇宫","25人英雄",李倓宝箱3,装备,清苍,-,
"155","南诏皇宫","25人英雄",李倓,饰品,钧天,-,
"155","南诏皇宫","25人英雄",李倓宝箱4,装备,琦时护手,-,
"155","南诏皇宫","25人英雄",李倓宝箱3,装备,琦时护手,-,
"155","南诏皇宫","25人英雄",李倓宝箱4,装备,霜凋护手,-,
"155","南诏皇宫","25人英雄",李倓宝箱4,装备,琦时裤,-,
"155","南诏皇宫","25人英雄",李倓宝箱4,装备,霜凋裤,-,
"155","南诏皇宫","25人英雄",李倓宝箱4,装备,思翡裤,-,
"155","南诏皇宫","25人英雄",李倓宝箱4,装备,楚天裤,-,
"155","南诏皇宫","25人英雄",李倓宝箱4,装备,魄祈裤,-,
"155","南诏皇宫","25人英雄",李倓宝箱4,装备,挚洪裤,-,
"155","南诏皇宫","25人英雄",李倓宝箱1,装备,月宿孤翼,-,
"155","南诏皇宫","25人英雄",李倓宝箱2,装备,月宿孤翼,-,
"155","南诏皇宫","25人英雄",李倓宝箱3,装备,琦时腰带,-,
"155","南诏皇宫","25人英雄",李倓,装备,积金之累,-,
"155","南诏皇宫","25人英雄",李倓宝箱4,装备,积金之累,-,
"155","南诏皇宫","25人英雄",李倓宝箱3,装备,霜凋腰带,-,
"155","南诏皇宫","25人英雄",李倓宝箱2,装备,乱海曲,-,
"155","南诏皇宫","25人英雄",李倓宝箱4,装备,乱海曲,-,
"155","南诏皇宫","25人英雄",李倓宝箱3,装备,思翡腰带,-,
"155","南诏皇宫","25人英雄",李倓宝箱5,装备,乱海曲,-,
"155","南诏皇宫","25人英雄",李倓,装备,钟石昭融,-,
"155","南诏皇宫","25人英雄",李倓宝箱3,装备,楚天腰带,-,
"155","南诏皇宫","25人英雄",李倓宝箱4,装备,钟石昭融,-,
"155","南诏皇宫","25人英雄",李倓宝箱2,装备,蛇舞风潮,-,
"155","南诏皇宫","25人英雄",李倓宝箱3,装备,魄祈腰带,-,
"155","南诏皇宫","25人英雄",李倓,装备,销戈长衫,-,
"155","南诏皇宫","25人英雄",李倓宝箱3,装备,销戈长衫,-,
"155","南诏皇宫","25人英雄",李倓宝箱3,装备,挚洪腰带,-,
"155","南诏皇宫","25人英雄",李倓宝箱4,装备,销戈长衫,-,
"155","南诏皇宫","25人英雄",李倓宝箱4,装备,思翡护手,-,
"155","南诏皇宫","25人英雄",李倓宝箱3,装备,思翡护手,-,
"155","南诏皇宫","25人英雄",李倓,装备,思翡护手,-,
"155","南诏皇宫","25人英雄",李倓宝箱4,装备,楚天护手,-,
"155","南诏皇宫","25人英雄",李倓宝箱4,装备,钧威护腕,-,
"155","南诏皇宫","25人英雄",李倓宝箱4,装备,魄祈护手,-,
"155","南诏皇宫","25人英雄",李倓宝箱3,装备,魄祈护手,-,
"155","南诏皇宫","25人英雄",李倓宝箱3,装备,欣崇护手,-,
"155","南诏皇宫","25人英雄",李倓宝箱4,装备,欣崇护手,-,
"155","南诏皇宫","25人英雄",李倓宝箱4,装备,挚洪护手,-,
"155","南诏皇宫","25人英雄",李倓宝箱4,装备,绛丹护手,-,
"155","南诏皇宫","25人英雄",李倓宝箱4,装备,兆临裤,-,
"155","南诏皇宫","25人英雄",李倓宝箱3,装备,蔷瑕护手,-,
"155","南诏皇宫","25人英雄",李倓宝箱4,装备,蔷瑕护手,-,
"155","南诏皇宫","25人英雄",李倓宝箱4,装备,谪磊裤,-,
"155","南诏皇宫","25人英雄",李倓宝箱4,装备,谪磊护手,-,
"155","南诏皇宫","25人英雄",李倓宝箱4,装备,蔷瑕裤,-,
"155","南诏皇宫","25人英雄",李倓,装备,兆临护手,-,
"155","南诏皇宫","25人英雄",李倓宝箱4,装备,绛丹裤,-,
"155","南诏皇宫","25人英雄",李倓宝箱3,装备,兆临护手,-,
"155","南诏皇宫","25人英雄",李倓宝箱4,装备,欣崇裤,-,
"155","南诏皇宫","25人英雄",李倓宝箱4,装备,兆临护手,-,
"155","南诏皇宫","25人英雄",李倓宝箱3,装备,钧威腰带,-,
"155","南诏皇宫","25人英雄",李倓宝箱4,装备,钧威裤,-,
"155","南诏皇宫","25人英雄",李倓宝箱3,装备,欣崇腰带,-,
"155","南诏皇宫","25人英雄",李倓宝箱3,装备,兆临腰带,-,
"155","南诏皇宫","25人英雄",李倓宝箱3,装备,谪磊腰带,-,
"155","南诏皇宫","25人英雄",李倓宝箱3,装备,绛丹腰带,-,
"155","南诏皇宫","25人英雄",李倓宝箱3,装备,蔷瑕腰带,-,
"155","南诏皇宫","25人英雄",李倓,装备,月宿孤翼,-,
"155","南诏皇宫","25人英雄",李倓宝箱4,装备,月宿孤翼,-,
"155","南诏皇宫","25人英雄",李倓宝箱2,装备,积金之累,-,
"155","南诏皇宫","25人英雄",李倓,装备,乱海曲,-,
"155","南诏皇宫","25人英雄",李倓宝箱2,装备,钟石昭融,-,
"155","南诏皇宫","25人英雄",李倓,装备,蛇舞风潮,-,
"155","南诏皇宫","25人英雄",李倓宝箱4,装备,蛇舞风潮,-,
"155","南诏皇宫","25人英雄",李倓宝箱2,装备,销戈长衫,-,
"155","南诏皇宫","25人英雄",李倓,装备,钧威护腕,-,
"155","南诏皇宫","25人英雄",李倓,装备,欣崇护手,-,
"155","南诏皇宫","25人英雄",李倓,装备,绛丹护手,-,
"155","南诏皇宫","25人英雄",李倓,装备,蔷瑕护手,-,
"155","南诏皇宫","25人英雄",李倓,装备,谪磊护手,-,
"155","南诏皇宫","25人英雄",李倓宝箱5,装备,钧威腰带,-,
"155","南诏皇宫","25人英雄",李倓宝箱5,装备,欣崇腰带,-,
"155","南诏皇宫","25人英雄",李倓宝箱5,装备,绛丹腰带,-,
"155","南诏皇宫","25人英雄",李倓宝箱5,装备,蔷瑕腰带,-,
"155","南诏皇宫","25人英雄",李倓宝箱5,装备,谪磊腰带,-,
"155","南诏皇宫","25人英雄",李倓宝箱5,装备,兆临腰带,-,
"155","南诏皇宫","25人英雄",李倓,装备,钧威裤,-,
"155","南诏皇宫","25人英雄",李倓,装备,欣崇裤,-,
"155","南诏皇宫","25人英雄",李倓,装备,绛丹裤,-,
"155","南诏皇宫","25人英雄",李倓,装备,蔷瑕裤,-,
"155","南诏皇宫","25人英雄",李倓,装备,谪磊裤,-,
"155","南诏皇宫","25人英雄",李倓,装备,兆临裤,-,
"155","南诏皇宫","25人英雄",李倓,装备,挚洪护手,-,
"155","南诏皇宫","25人英雄",李倓,装备,魄祈护手,-,
"155","南诏皇宫","25人英雄",李倓,装备,楚天护手,-,
"155","南诏皇宫","25人英雄",李倓宝箱5,装备,挚洪腰带,-,
"155","南诏皇宫","25人英雄",李倓宝箱5,装备,魄祈腰带,-,
"155","南诏皇宫","25人英雄",李倓宝箱5,装备,楚天腰带,-,
"155","南诏皇宫","25人英雄",李倓宝箱5,装备,思翡腰带,-,
"155","南诏皇宫","25人英雄",李倓宝箱5,装备,霜凋腰带,-,
"155","南诏皇宫","25人英雄",李倓宝箱5,装备,琦时腰带,-,
"155","南诏皇宫","25人英雄",李倓,装备,挚洪裤,-,
"155","南诏皇宫","25人英雄",李倓,装备,魄祈裤,-,
"155","南诏皇宫","25人英雄",李倓,装备,楚天裤,-,
"155","南诏皇宫","25人英雄",李倓,装备,思翡裤,-,
"155","南诏皇宫","25人英雄",李倓,装备,霜凋裤,-,
"155","南诏皇宫","25人英雄",李倓,装备,琦时裤,-,
"155","南诏皇宫","25人英雄",李倓,装备,霜凋护手,-,
"155","南诏皇宫","25人英雄",李倓,装备,琦时护手,-,
"133","烛龙殿","25人英雄",胡鞑、武逸青,武器,天澄藻镜,-,
"133","烛龙殿","25人英雄",胡鞑、武逸青,武器,乌啼,-,
"133","烛龙殿","25人英雄",胡鞑、武逸青,武器,拒逆之斗,-,
"133","烛龙殿","25人英雄",胡鞑、武逸青,武器,诛水,-,
"133","烛龙殿","25人英雄",胡鞑、武逸青,武器,冷涵空翠,-,
"133","烛龙殿","25人英雄",胡鞑、武逸青,武器,常荣,-,
"133","烛龙殿","25人英雄",胡鞑、武逸青,装备,佐理天地,-,
"133","烛龙殿","25人英雄",胡鞑、武逸青,装备,归命侯,-,
"133","烛龙殿","25人英雄",胡鞑、武逸青,装备,玉虎晨鸣,-,
"133","烛龙殿","25人英雄",胡鞑、武逸青,装备,露滴研朱,-,
"133","烛龙殿","25人英雄",胡鞑、武逸青,装备,舜从,-,
"133","烛龙殿","25人英雄",胡鞑、武逸青,装备,梅侵寒烛,-,
"133","烛龙殿","25人英雄",胡鞑、武逸青,装备,傲行邪径,-,
"133","烛龙殿","25人英雄",胡鞑、武逸青,装备,怀荒战靴,-,
"133","烛龙殿","25人英雄",胡鞑、武逸青,装备,怒蹈沧海,-,
"133","烛龙殿","25人英雄",胡鞑、武逸青,装备,幽枉必达,-,
"133","烛龙殿","25人英雄",胡鞑、武逸青,装备,涤罪马靴,-,
"133","烛龙殿","25人英雄",胡鞑、武逸青,装备,日月悬璧,-,
"133","烛龙殿","25人英雄",胡鞑、武逸青,装备,灵散潜升,-,
"133","烛龙殿","25人英雄",胡鞑、武逸青,装备,乌程侯,-,
"133","烛龙殿","25人英雄",胡鞑、武逸青,装备,洞决旋行,-,
"133","烛龙殿","25人英雄",胡鞑、武逸青,装备,曲寒朔风,-,
"133","烛龙殿","25人英雄",胡鞑、武逸青,装备,醉迷狂象,-,
"133","烛龙殿","25人英雄",胡鞑、武逸青,饰品,索迪尔之礼,-,
"133","烛龙殿","25人英雄",胡鞑、武逸青,饰品,墨书霜规,-,
"133","烛龙殿","25人英雄",胡鞑、武逸青,饰品,阳虎护颈,-,
"133","烛龙殿","25人英雄",胡鞑、武逸青,饰品,溟涬霹雳,-,
"133","烛龙殿","25人英雄",胡鞑、武逸青,饰品,蒙润兰雾,-,
"133","烛龙殿","25人英雄",胡鞑、武逸青,装备,辩圣,-,
"133","烛龙殿","25人英雄",胡鞑、武逸青,武器,青莲擢秀,-,
"133","烛龙殿","25人英雄",胡鞑、武逸青,武器,晓卷琴书,-,
"133","烛龙殿","25人英雄",胡鞑、武逸青,武器,屏奸佞,-,
"133","烛龙殿","25人英雄",胡鞑、武逸青,武器,冥漠之乡,-,
"133","烛龙殿","25人英雄",胡鞑、武逸青,武器,樊祗饲仙,-,
"133","烛龙殿","25人英雄",胡鞑、武逸青,饰品,围城之战,-,
"133","烛龙殿","25人英雄",胡鞑、武逸青,武器,妙义解劫,-,
"133","烛龙殿","25人英雄",陆寻宝箱4,饰品,沽谋戒,-,
"133","烛龙殿","25人英雄",陆寻宝箱3,饰品,望心戒,-,
"133","烛龙殿","25人英雄",陆寻宝箱2,饰品,泷负戒,-,
"133","烛龙殿","25人英雄",陆寻,武器,断肠曲木,-,
"133","烛龙殿","25人英雄",陆寻宝箱3,武器,断肠曲木,-,
"133","烛龙殿","25人英雄",陆寻,饰品,臻商戒,-,
"133","烛龙殿","25人英雄",陆寻宝箱4,武器,断肠曲木,-,
"133","烛龙殿","25人英雄",陆寻宝箱5,饰品,臻商戒,-,
"133","烛龙殿","25人英雄",陆寻宝箱5,武器,断肠曲木,-,
"133","烛龙殿","25人英雄",陆寻宝箱4,饰品,生趾戒,-,
"133","烛龙殿","25人英雄",陆寻宝箱3,饰品,笺兮戒,-,
"133","烛龙殿","25人英雄",陆寻宝箱2,饰品,回客戒,-,
"133","烛龙殿","25人英雄",陆寻,饰品,南蘅戒,-,
"133","烛龙殿","25人英雄",陆寻宝箱5,饰品,南蘅戒,-,
"133","烛龙殿","25人英雄",陆寻,武器,龙骨灵音,-,
"133","烛龙殿","25人英雄",陆寻宝箱3,武器,龙骨灵音,-,
"133","烛龙殿","25人英雄",陆寻宝箱4,武器,龙骨灵音,-,
"133","烛龙殿","25人英雄",陆寻宝箱5,武器,龙骨灵音,-,
"133","烛龙殿","25人英雄",陆寻,武器,鬼劾,-,
"133","烛龙殿","25人英雄",陆寻宝箱3,武器,鬼劾,-,
"133","烛龙殿","25人英雄",陆寻宝箱4,武器,鬼劾,-,
"133","烛龙殿","25人英雄",陆寻宝箱5,武器,鬼劾,-,
"133","烛龙殿","25人英雄",陆寻,武器,南雷,-,
"133","烛龙殿","25人英雄",陆寻宝箱3,武器,南雷,-,
"133","烛龙殿","25人英雄",陆寻宝箱4,武器,南雷,-,
"133","烛龙殿","25人英雄",陆寻宝箱5,武器,南雷,-,
"133","烛龙殿","25人英雄",陆寻,武器,星辰韬芒,-,
"133","烛龙殿","25人英雄",陆寻宝箱3,武器,星辰韬芒,-,
"133","烛龙殿","25人英雄",陆寻宝箱4,武器,星辰韬芒,-,
"133","烛龙殿","25人英雄",陆寻宝箱5,武器,星辰韬芒,-,
"133","烛龙殿","25人英雄",陆寻,武器,鹏翼摩天,-,
"133","烛龙殿","25人英雄",陆寻宝箱3,武器,鹏翼摩天,-,
"133","烛龙殿","25人英雄",陆寻宝箱4,武器,鹏翼摩天,-,
"133","烛龙殿","25人英雄",陆寻宝箱5,武器,鹏翼摩天,-,
"133","烛龙殿","25人英雄",陆寻,武器,毒风,-,
"133","烛龙殿","25人英雄",陆寻宝箱3,武器,毒风,-,
"133","烛龙殿","25人英雄",陆寻宝箱4,武器,毒风,-,
"133","烛龙殿","25人英雄",陆寻宝箱5,武器,毒风,-,
"133","烛龙殿","25人英雄",陆寻,武器,神谕,-,
"133","烛龙殿","25人英雄",陆寻宝箱3,武器,神谕,-,
"133","烛龙殿","25人英雄",陆寻宝箱4,武器,神谕,-,
"133","烛龙殿","25人英雄",陆寻宝箱5,武器,神谕,-,
"133","烛龙殿","25人英雄",陆寻,武器,天澄藻镜,-,
"133","烛龙殿","25人英雄",陆寻,武器,乌啼,-,
"133","烛龙殿","25人英雄",陆寻,武器,拒逆之斗,-,
"133","烛龙殿","25人英雄",陆寻,武器,冷涵空翠,-,
"133","烛龙殿","25人英雄",陆寻,武器,常荣,-,
"133","烛龙殿","25人英雄",陆寻,装备,雪澹春姿,-,
"133","烛龙殿","25人英雄",陆寻宝箱1,装备,雪澹春姿,-,
"133","烛龙殿","25人英雄",陆寻宝箱2,装备,雪澹春姿,-,
"133","烛龙殿","25人英雄",陆寻宝箱3,装备,雪澹春姿,-,
"133","烛龙殿","25人英雄",陆寻宝箱4,装备,雪澹春姿,-,
"133","烛龙殿","25人英雄",陆寻宝箱5,装备,雪澹春姿,-,
"133","烛龙殿","25人英雄",陆寻宝箱2,装备,矜名绝影,-,
"133","烛龙殿","25人英雄",陆寻宝箱3,装备,矜名绝影,-,
"133","烛龙殿","25人英雄",陆寻宝箱4,装备,矜名绝影,-,
"133","烛龙殿","25人英雄",陆寻宝箱5,装备,矜名绝影,-,
"133","烛龙殿","25人英雄",陆寻,装备,龙角战甲,-,
"133","烛龙殿","25人英雄",陆寻宝箱1,装备,龙角战甲,-,
"133","烛龙殿","25人英雄",陆寻宝箱2,装备,龙角战甲,-,
"133","烛龙殿","25人英雄",陆寻宝箱3,装备,龙角战甲,-,
"133","烛龙殿","25人英雄",陆寻宝箱4,装备,龙角战甲,-,
"133","烛龙殿","25人英雄",陆寻宝箱5,装备,龙角战甲,-,
"133","烛龙殿","25人英雄",陆寻,装备,丰城之气,-,
"133","烛龙殿","25人英雄",陆寻宝箱1,装备,丰城之气,-,
"133","烛龙殿","25人英雄",陆寻宝箱2,装备,丰城之气,-,
"133","烛龙殿","25人英雄",陆寻宝箱3,装备,丰城之气,-,
"133","烛龙殿","25人英雄",陆寻宝箱4,装备,丰城之气,-,
"133","烛龙殿","25人英雄",陆寻,装备,约身率礼,-,
"133","烛龙殿","25人英雄",陆寻宝箱1,装备,约身率礼,-,
"133","烛龙殿","25人英雄",陆寻宝箱2,装备,约身率礼,-,
"133","烛龙殿","25人英雄",陆寻宝箱3,装备,约身率礼,-,
"133","烛龙殿","25人英雄",陆寻宝箱4,装备,约身率礼,-,
"133","烛龙殿","25人英雄",陆寻宝箱5,装备,约身率礼,-,
"133","烛龙殿","25人英雄",陆寻,装备,伏虏胸铠,-,
"133","烛龙殿","25人英雄",陆寻宝箱1,装备,伏虏胸铠,-,
"133","烛龙殿","25人英雄",陆寻宝箱2,装备,伏虏胸铠,-,
"133","烛龙殿","25人英雄",陆寻宝箱3,装备,伏虏胸铠,-,
"133","烛龙殿","25人英雄",陆寻宝箱4,装备,伏虏胸铠,-,
"133","烛龙殿","25人英雄",陆寻宝箱5,装备,伏虏胸铠,-,
"133","烛龙殿","25人英雄",陆寻,饰品,踏炎乌骓·腾云,-,
"133","烛龙殿","25人英雄",陆寻,饰品,踏炎乌骓·横天,-,
"133","烛龙殿","25人英雄",陆寻,饰品,含枢,-,
"133","烛龙殿","25人英雄",陆寻宝箱5,饰品,含枢,-,
"133","烛龙殿","25人英雄",陆寻宝箱2,饰品,桓哲,-,
"133","烛龙殿","25人英雄",陆寻宝箱4,饰品,桓哲,-,
"133","烛龙殿","25人英雄",陆寻,饰品,云起濂溪,-,
"133","烛龙殿","25人英雄",陆寻宝箱3,饰品,云起濂溪,-,
"133","烛龙殿","25人英雄",陆寻宝箱5,饰品,云起濂溪,-,
"133","烛龙殿","25人英雄",陆寻宝箱2,饰品,烈盛遥天,-,
"133","烛龙殿","25人英雄",陆寻,饰品,向栩,-,
"133","烛龙殿","25人英雄",陆寻宝箱3,饰品,向栩,-,
"133","烛龙殿","25人英雄",陆寻宝箱5,饰品,向栩,-,
"133","烛龙殿","25人英雄",陆寻宝箱2,饰品,殆霸,-,
"133","烛龙殿","25人英雄",陆寻宝箱4,饰品,殆霸,-,
"133","烛龙殿","25人英雄",陆寻,饰品,行山戒,-,
"133","烛龙殿","25人英雄",陆寻宝箱3,饰品,行山戒,-,
"133","烛龙殿","25人英雄",陆寻宝箱2,饰品,晴鸣戒,-,
"133","烛龙殿","25人英雄",陆寻宝箱4,饰品,晴鸣戒,-,
"133","烛龙殿","25人英雄",陆寻,饰品,潜灯戒,-,
"133","烛龙殿","25人英雄",陆寻宝箱3,饰品,潜灯戒,-,
"133","烛龙殿","25人英雄",陆寻宝箱5,饰品,潜灯戒,-,
"133","烛龙殿","25人英雄",陆寻宝箱2,饰品,敛遇戒,-,
"133","烛龙殿","25人英雄",陆寻宝箱4,饰品,敛遇戒,-,
"133","烛龙殿","25人英雄",陆寻宝箱3,饰品,沽谋戒,-,
"133","烛龙殿","25人英雄",陆寻宝箱5,饰品,沽谋戒,-,
"133","烛龙殿","25人英雄",陆寻宝箱2,饰品,望心戒,-,
"133","烛龙殿","25人英雄",陆寻,饰品,泷负戒,-,
"133","烛龙殿","25人英雄",陆寻宝箱3,饰品,泷负戒,-,
"133","烛龙殿","25人英雄",陆寻宝箱5,饰品,泷负戒,-,
"133","烛龙殿","25人英雄",陆寻宝箱2,饰品,臻商戒,-,
"133","烛龙殿","25人英雄",陆寻宝箱4,饰品,臻商戒,-,
"133","烛龙殿","25人英雄",陆寻,饰品,生趾戒,-,
"133","烛龙殿","25人英雄",陆寻宝箱3,饰品,生趾戒,-,
"133","烛龙殿","25人英雄",陆寻宝箱5,饰品,生趾戒,-,
"133","烛龙殿","25人英雄",陆寻宝箱2,饰品,笺兮戒,-,
"133","烛龙殿","25人英雄",陆寻宝箱4,饰品,笺兮戒,-,
"133","烛龙殿","25人英雄",陆寻,饰品,回客戒,-,
"133","烛龙殿","25人英雄",陆寻宝箱5,饰品,回客戒,-,
"133","烛龙殿","25人英雄",陆寻宝箱2,饰品,南蘅戒,-,
"133","烛龙殿","25人英雄",陆寻宝箱4,饰品,南蘅戒,-,
"133","烛龙殿","25人英雄",陆寻宝箱3,饰品,南蘅戒,-,
"133","烛龙殿","25人英雄",陆寻宝箱4,饰品,回客戒,-,
"133","烛龙殿","25人英雄",陆寻宝箱3,饰品,回客戒,-,
"133","烛龙殿","25人英雄",陆寻宝箱5,饰品,笺兮戒,-,
"133","烛龙殿","25人英雄",陆寻,饰品,笺兮戒,-,
"133","烛龙殿","25人英雄",陆寻宝箱2,饰品,生趾戒,-,
"133","烛龙殿","25人英雄",陆寻宝箱3,饰品,臻商戒,-,
"133","烛龙殿","25人英雄",陆寻宝箱4,饰品,泷负戒,-,
"133","烛龙殿","25人英雄",陆寻宝箱5,饰品,望心戒,-,
"133","烛龙殿","25人英雄",陆寻宝箱4,饰品,望心戒,-,
"133","烛龙殿","25人英雄",陆寻,饰品,望心戒,-,
"133","烛龙殿","25人英雄",陆寻宝箱2,饰品,沽谋戒,-,
"133","烛龙殿","25人英雄",陆寻,饰品,沽谋戒,-,
"133","烛龙殿","25人英雄",陆寻宝箱3,饰品,敛遇戒,-,
"133","烛龙殿","25人英雄",陆寻,武器,诛水,-,
"133","烛龙殿","25人英雄",陆寻宝箱4,饰品,潜灯戒,-,
"133","烛龙殿","25人英雄",陆寻宝箱5,饰品,晴鸣戒,-,
"133","烛龙殿","25人英雄",陆寻,饰品,晴鸣戒,-,
"133","烛龙殿","25人英雄",陆寻宝箱5,饰品,行山戒,-,
"133","烛龙殿","25人英雄",陆寻宝箱2,饰品,行山戒,-,
"133","烛龙殿","25人英雄",陆寻宝箱3,饰品,殆霸,-,
"133","烛龙殿","25人英雄",陆寻宝箱4,饰品,向栩,-,
"133","烛龙殿","25人英雄",陆寻宝箱5,饰品,烈盛遥天,-,
"133","烛龙殿","25人英雄",陆寻宝箱4,饰品,烈盛遥天,-,
"133","烛龙殿","25人英雄",陆寻宝箱3,饰品,烈盛遥天,-,
"133","烛龙殿","25人英雄",陆寻,饰品,烈盛遥天,-,
"133","烛龙殿","25人英雄",陆寻,装备,矜名绝影,-,
"133","烛龙殿","25人英雄",陆寻宝箱2,饰品,云起濂溪,-,
"133","烛龙殿","25人英雄",陆寻宝箱1,装备,矜名绝影,-,
"133","烛龙殿","25人英雄",陆寻宝箱3,饰品,桓哲,-,
"133","烛龙殿","25人英雄",陆寻宝箱5,装备,丰城之气,-,
"133","烛龙殿","25人英雄",陆寻宝箱4,饰品,含枢,-,
"133","烛龙殿","25人英雄",陆寻宝箱3,饰品,含枢,-,
"133","烛龙殿","25人英雄",陆寻,武器,大黑天之怒,-,
"133","烛龙殿","25人英雄",陆寻宝箱3,武器,大黑天之怒,-,
"133","烛龙殿","25人英雄",陆寻,饰品,踏炎乌骓·霸地,-,
"133","烛龙殿","25人英雄",陆寻宝箱4,武器,大黑天之怒,-,
"133","烛龙殿","25人英雄",陆寻,饰品,白骨哀,-,
"133","烛龙殿","25人英雄",陆寻宝箱5,武器,大黑天之怒,-,
"133","烛龙殿","25人英雄",陆寻,武器,毗舍离之灭,-,
"133","烛龙殿","25人英雄",陆寻宝箱3,武器,毗舍离之灭,-,
"133","烛龙殿","25人英雄",陆寻宝箱4,武器,毗舍离之灭,-,
"133","烛龙殿","25人英雄",陆寻宝箱5,武器,毗舍离之灭,-,
"133","烛龙殿","25人英雄",陆寻,武器,点漆星空,-,
"133","烛龙殿","25人英雄",陆寻宝箱3,武器,点漆星空,-,
"133","烛龙殿","25人英雄",陆寻宝箱4,武器,点漆星空,-,
"133","烛龙殿","25人英雄",陆寻宝箱5,武器,点漆星空,-,
"133","烛龙殿","25人英雄",陆寻,武器,乌丝醉墨,-,
"133","烛龙殿","25人英雄",陆寻宝箱3,武器,乌丝醉墨,-,
"133","烛龙殿","25人英雄",陆寻宝箱4,武器,乌丝醉墨,-,
"133","烛龙殿","25人英雄",陆寻宝箱5,武器,乌丝醉墨,-,
"133","烛龙殿","25人英雄",陆寻,武器,龙战之殇,-,
"133","烛龙殿","25人英雄",陆寻宝箱3,武器,龙战之殇,-,
"133","烛龙殿","25人英雄",陆寻宝箱4,武器,龙战之殇,-,
"133","烛龙殿","25人英雄",陆寻宝箱5,武器,龙战之殇,-,
"133","烛龙殿","25人英雄",陆寻,武器,王兵法天,-,
"133","烛龙殿","25人英雄",陆寻宝箱3,武器,王兵法天,-,
"133","烛龙殿","25人英雄",陆寻宝箱4,武器,王兵法天,-,
"133","烛龙殿","25人英雄",陆寻宝箱5,武器,王兵法天,-,
"133","烛龙殿","25人英雄",陆寻,饰品,踏炎乌骓·不羁,-,
"133","烛龙殿","25人英雄",陆寻,武器,长明烛煌,-,
"133","烛龙殿","25人英雄",陆寻宝箱3,武器,长明烛煌,-,
"133","烛龙殿","25人英雄",陆寻宝箱4,武器,长明烛煌,-,
"133","烛龙殿","25人英雄",陆寻宝箱5,武器,长明烛煌,-,
"133","烛龙殿","25人英雄",陆寻,武器,玄朔宸极,-,
"133","烛龙殿","25人英雄",陆寻宝箱3,武器,玄朔宸极,-,
"133","烛龙殿","25人英雄",陆寻宝箱4,武器,玄朔宸极,-,
"133","烛龙殿","25人英雄",陆寻宝箱5,武器,玄朔宸极,-,
"133","烛龙殿","25人英雄",陆寻,武器,云卷笙歌,-,
"133","烛龙殿","25人英雄",陆寻宝箱3,武器,云卷笙歌,-,
"133","烛龙殿","25人英雄",陆寻宝箱4,武器,云卷笙歌,-,
"133","烛龙殿","25人英雄",陆寻宝箱5,武器,云卷笙歌,-,
"133","烛龙殿","25人英雄",陆寻宝箱2,饰品,含枢,-,
"133","烛龙殿","25人英雄",陆寻,饰品,桓哲,-,
"133","烛龙殿","25人英雄",陆寻宝箱5,饰品,桓哲,-,
"133","烛龙殿","25人英雄",陆寻宝箱4,饰品,云起濂溪,-,
"133","烛龙殿","25人英雄",陆寻宝箱2,饰品,向栩,-,
"133","烛龙殿","25人英雄",陆寻,饰品,殆霸,-,
"133","烛龙殿","25人英雄",陆寻宝箱5,饰品,殆霸,-,
"133","烛龙殿","25人英雄",陆寻宝箱4,饰品,行山戒,-,
"133","烛龙殿","25人英雄",陆寻宝箱3,饰品,晴鸣戒,-,
"133","烛龙殿","25人英雄",陆寻,武器,天崖归梦,-,
"133","烛龙殿","25人英雄",陆寻宝箱3,武器,天崖归梦,-,
"133","烛龙殿","25人英雄",陆寻宝箱2,饰品,潜灯戒,-,
"133","烛龙殿","25人英雄",陆寻宝箱4,武器,天崖归梦,-,
"133","烛龙殿","25人英雄",陆寻宝箱5,武器,天崖归梦,-,
"133","烛龙殿","25人英雄",陆寻,饰品,敛遇戒,-,
"133","烛龙殿","25人英雄",陆寻宝箱5,饰品,敛遇戒,-,
"133","烛龙殿","25人英雄",南之雷神宝箱5,武器,天崖归梦,-,
"133","烛龙殿","25人英雄",南之雷神宝箱3,饰品,沽谋戒,-,
"133","烛龙殿","25人英雄",南之雷神宝箱2,饰品,望心戒,-,
"133","烛龙殿","25人英雄",南之雷神,饰品,泷负戒,-,
"133","烛龙殿","25人英雄",南之雷神宝箱5,饰品,泷负戒,-,
"133","烛龙殿","25人英雄",南之雷神宝箱4,饰品,臻商戒,-,
"133","烛龙殿","25人英雄",南之雷神,武器,断肠曲木,-,
"133","烛龙殿","25人英雄",南之雷神宝箱3,武器,断肠曲木,-,
"133","烛龙殿","25人英雄",南之雷神宝箱4,武器,断肠曲木,-,
"133","烛龙殿","25人英雄",南之雷神宝箱3,饰品,生趾戒,-,
"133","烛龙殿","25人英雄",南之雷神宝箱5,武器,断肠曲木,-,
"133","烛龙殿","25人英雄",南之雷神宝箱2,饰品,笺兮戒,-,
"133","烛龙殿","25人英雄",南之雷神,饰品,回客戒,-,
"133","烛龙殿","25人英雄",南之雷神宝箱5,饰品,回客戒,-,
"133","烛龙殿","25人英雄",南之雷神宝箱4,饰品,南蘅戒,-,
"133","烛龙殿","25人英雄",南之雷神,武器,龙骨灵音,-,
"133","烛龙殿","25人英雄",南之雷神宝箱3,武器,龙骨灵音,-,
"133","烛龙殿","25人英雄",南之雷神宝箱4,武器,龙骨灵音,-,
"133","烛龙殿","25人英雄",南之雷神宝箱5,武器,龙骨灵音,-,
"133","烛龙殿","25人英雄",南之雷神,武器,鬼劾,-,
"133","烛龙殿","25人英雄",南之雷神宝箱3,武器,鬼劾,-,
"133","烛龙殿","25人英雄",南之雷神宝箱4,武器,鬼劾,-,
"133","烛龙殿","25人英雄",南之雷神宝箱5,武器,鬼劾,-,
"133","烛龙殿","25人英雄",南之雷神,武器,南雷,-,
"133","烛龙殿","25人英雄",南之雷神宝箱3,武器,南雷,-,
"133","烛龙殿","25人英雄",南之雷神宝箱4,武器,南雷,-,
"133","烛龙殿","25人英雄",南之雷神宝箱5,武器,南雷,-,
"133","烛龙殿","25人英雄",南之雷神,武器,星辰韬芒,-,
"133","烛龙殿","25人英雄",南之雷神宝箱3,武器,星辰韬芒,-,
"133","烛龙殿","25人英雄",南之雷神宝箱4,武器,星辰韬芒,-,
"133","烛龙殿","25人英雄",南之雷神宝箱5,武器,星辰韬芒,-,
"133","烛龙殿","25人英雄",南之雷神,武器,鹏翼摩天,-,
"133","烛龙殿","25人英雄",南之雷神宝箱3,武器,鹏翼摩天,-,
"133","烛龙殿","25人英雄",南之雷神宝箱4,武器,鹏翼摩天,-,
"133","烛龙殿","25人英雄",南之雷神宝箱5,武器,鹏翼摩天,-,
"133","烛龙殿","25人英雄",南之雷神,武器,毒风,-,
"133","烛龙殿","25人英雄",南之雷神宝箱3,武器,毒风,-,
"133","烛龙殿","25人英雄",南之雷神宝箱4,武器,毒风,-,
"133","烛龙殿","25人英雄",南之雷神宝箱5,武器,毒风,-,
"133","烛龙殿","25人英雄",南之雷神,武器,神谕,-,
"133","烛龙殿","25人英雄",南之雷神宝箱3,武器,神谕,-,
"133","烛龙殿","25人英雄",南之雷神宝箱4,武器,神谕,-,
"133","烛龙殿","25人英雄",南之雷神,武器,天澄藻镜,-,
"133","烛龙殿","25人英雄",南之雷神,武器,乌啼,-,
"133","烛龙殿","25人英雄",南之雷神,武器,拒逆之斗,-,
"133","烛龙殿","25人英雄",南之雷神,武器,诛水,-,
"133","烛龙殿","25人英雄",南之雷神,武器,冷涵空翠,-,
"133","烛龙殿","25人英雄",南之雷神,武器,常荣,-,
"133","烛龙殿","25人英雄",南之雷神,饰品,震日,-,
"133","烛龙殿","25人英雄",南之雷神,饰品,北风驱雁,-,
"133","烛龙殿","25人英雄",南之雷神宝箱2,饰品,北风驱雁,-,
"133","烛龙殿","25人英雄",南之雷神宝箱4,饰品,北风驱雁,-,
"133","烛龙殿","25人英雄",南之雷神宝箱2,饰品,昭潭曲,-,
"133","烛龙殿","25人英雄",南之雷神宝箱4,饰品,昭潭曲,-,
"133","烛龙殿","25人英雄",南之雷神,饰品,洞彻十方,-,
"133","烛龙殿","25人英雄",南之雷神宝箱2,饰品,洞彻十方,-,
"133","烛龙殿","25人英雄",南之雷神宝箱4,饰品,洞彻十方,-,
"133","烛龙殿","25人英雄",南之雷神,饰品,季布诺,-,
"133","烛龙殿","25人英雄",南之雷神宝箱2,饰品,季布诺,-,
"133","烛龙殿","25人英雄",南之雷神,饰品,暮楠,-,
"133","烛龙殿","25人英雄",南之雷神宝箱2,饰品,暮楠,-,
"133","烛龙殿","25人英雄",南之雷神宝箱4,饰品,暮楠,-,
"133","烛龙殿","25人英雄",南之雷神,饰品,聆流,-,
"133","烛龙殿","25人英雄",南之雷神宝箱2,饰品,聆流,-,
"133","烛龙殿","25人英雄",南之雷神宝箱4,饰品,聆流,-,
"133","烛龙殿","25人英雄",南之雷神,饰品,萦绕秋曲,-,
"133","烛龙殿","25人英雄",南之雷神,饰品,渊隐之斗,-,
"133","烛龙殿","25人英雄",南之雷神宝箱4,饰品,渊隐之斗,-,
"133","烛龙殿","25人英雄",南之雷神,饰品,骇兽燎炎,-,
"133","烛龙殿","25人英雄",南之雷神宝箱4,饰品,骇兽燎炎,-,
"133","烛龙殿","25人英雄",南之雷神,饰品,烛龙之烬,-,
"133","烛龙殿","25人英雄",南之雷神宝箱4,饰品,烛龙之烬,-,
"133","烛龙殿","25人英雄",南之雷神,饰品,承尘之鸣,-,
"133","烛龙殿","25人英雄",南之雷神,饰品,无君之迹,-,
"133","烛龙殿","25人英雄",南之雷神宝箱4,饰品,无君之迹,-,
"133","烛龙殿","25人英雄",南之雷神宝箱2,饰品,行山戒,-,
"133","烛龙殿","25人英雄",南之雷神宝箱4,饰品,行山戒,-,
"133","烛龙殿","25人英雄",南之雷神,饰品,晴鸣戒,-,
"133","烛龙殿","25人英雄",南之雷神宝箱5,饰品,晴鸣戒,-,
"133","烛龙殿","25人英雄",南之雷神宝箱2,饰品,潜灯戒,-,
"133","烛龙殿","25人英雄",南之雷神宝箱4,饰品,潜灯戒,-,
"133","烛龙殿","25人英雄",南之雷神,饰品,敛遇戒,-,
"133","烛龙殿","25人英雄",南之雷神宝箱3,饰品,敛遇戒,-,
"133","烛龙殿","25人英雄",南之雷神宝箱5,饰品,敛遇戒,-,
"133","烛龙殿","25人英雄",南之雷神宝箱2,饰品,沽谋戒,-,
"133","烛龙殿","25人英雄",南之雷神宝箱4,饰品,沽谋戒,-,
"133","烛龙殿","25人英雄",南之雷神,饰品,望心戒,-,
"133","烛龙殿","25人英雄",南之雷神宝箱3,饰品,望心戒,-,
"133","烛龙殿","25人英雄",南之雷神宝箱5,饰品,望心戒,-,
"133","烛龙殿","25人英雄",南之雷神宝箱4,饰品,泷负戒,-,
"133","烛龙殿","25人英雄",南之雷神,饰品,臻商戒,-,
"133","烛龙殿","25人英雄",南之雷神宝箱3,饰品,臻商戒,-,
"133","烛龙殿","25人英雄",南之雷神宝箱2,饰品,生趾戒,-,
"133","烛龙殿","25人英雄",南之雷神宝箱4,饰品,生趾戒,-,
"133","烛龙殿","25人英雄",南之雷神,饰品,笺兮戒,-,
"133","烛龙殿","25人英雄",南之雷神宝箱3,饰品,笺兮戒,-,
"133","烛龙殿","25人英雄",南之雷神宝箱5,饰品,笺兮戒,-,
"133","烛龙殿","25人英雄",南之雷神宝箱2,饰品,回客戒,-,
"133","烛龙殿","25人英雄",南之雷神宝箱4,饰品,回客戒,-,
"133","烛龙殿","25人英雄",南之雷神宝箱3,饰品,南蘅戒,-,
"133","烛龙殿","25人英雄",南之雷神宝箱5,饰品,南蘅戒,-,
"133","烛龙殿","25人英雄",南之雷神宝箱2,饰品,南蘅戒,-,
"133","烛龙殿","25人英雄",南之雷神,饰品,南蘅戒,-,
"133","烛龙殿","25人英雄",南之雷神宝箱3,饰品,回客戒,-,
"133","烛龙殿","25人英雄",南之雷神宝箱4,饰品,笺兮戒,-,
"133","烛龙殿","25人英雄",南之雷神宝箱5,饰品,生趾戒,-,
"133","烛龙殿","25人英雄",南之雷神,饰品,生趾戒,-,
"133","烛龙殿","25人英雄",南之雷神宝箱5,饰品,臻商戒,-,
"133","烛龙殿","25人英雄",南之雷神宝箱2,饰品,臻商戒,-,
"133","烛龙殿","25人英雄",南之雷神宝箱3,饰品,泷负戒,-,
"133","烛龙殿","25人英雄",南之雷神宝箱2,饰品,泷负戒,-,
"133","烛龙殿","25人英雄",南之雷神宝箱4,饰品,望心戒,-,
"133","烛龙殿","25人英雄",南之雷神宝箱5,饰品,沽谋戒,-,
"133","烛龙殿","25人英雄",南之雷神,饰品,沽谋戒,-,
"133","烛龙殿","25人英雄",南之雷神宝箱2,饰品,敛遇戒,-,
"133","烛龙殿","25人英雄",南之雷神宝箱3,饰品,潜灯戒,-,
"133","烛龙殿","25人英雄",南之雷神宝箱4,饰品,晴鸣戒,-,
"133","烛龙殿","25人英雄",南之雷神宝箱3,饰品,晴鸣戒,-,
"133","烛龙殿","25人英雄",南之雷神宝箱5,饰品,行山戒,-,
"133","烛龙殿","25人英雄",南之雷神,饰品,行山戒,-,
"133","烛龙殿","25人英雄",南之雷神宝箱5,饰品,无君之迹,-,
"133","烛龙殿","25人英雄",南之雷神宝箱5,饰品,承尘之鸣,-,
"133","烛龙殿","25人英雄",南之雷神宝箱4,饰品,承尘之鸣,-,
"133","烛龙殿","25人英雄",南之雷神宝箱5,饰品,烛龙之烬,-,
"133","烛龙殿","25人英雄",南之雷神宝箱5,饰品,骇兽燎炎,-,
"133","烛龙殿","25人英雄",南之雷神宝箱5,饰品,渊隐之斗,-,
"133","烛龙殿","25人英雄",南之雷神宝箱5,饰品,萦绕秋曲,-,
"133","烛龙殿","25人英雄",南之雷神宝箱4,饰品,萦绕秋曲,-,
"133","烛龙殿","25人英雄",南之雷神宝箱3,饰品,萦绕秋曲,-,
"133","烛龙殿","25人英雄",南之雷神宝箱5,饰品,聆流,-,
"133","烛龙殿","25人英雄",南之雷神宝箱1,饰品,聆流,-,
"133","烛龙殿","25人英雄",南之雷神宝箱3,饰品,暮楠,-,
"133","烛龙殿","25人英雄",南之雷神宝箱5,饰品,季布诺,-,
"133","烛龙殿","25人英雄",南之雷神宝箱4,饰品,季布诺,-,
"133","烛龙殿","25人英雄",南之雷神宝箱1,饰品,季布诺,-,
"133","烛龙殿","25人英雄",南之雷神宝箱3,饰品,洞彻十方,-,
"133","烛龙殿","25人英雄",南之雷神宝箱5,饰品,昭潭曲,-,
"133","烛龙殿","25人英雄",南之雷神宝箱1,饰品,昭潭曲,-,
"133","烛龙殿","25人英雄",南之雷神,饰品,昭潭曲,-,
"133","烛龙殿","25人英雄",南之雷神宝箱3,饰品,北风驱雁,-,
"133","烛龙殿","25人英雄",南之雷神,武器,大黑天之怒,-,
"133","烛龙殿","25人英雄",南之雷神宝箱3,武器,大黑天之怒,-,
"133","烛龙殿","25人英雄",南之雷神宝箱4,武器,大黑天之怒,-,
"133","烛龙殿","25人英雄",南之雷神宝箱5,武器,大黑天之怒,-,
"133","烛龙殿","25人英雄",南之雷神,武器,毗舍离之灭,-,
"133","烛龙殿","25人英雄",南之雷神宝箱3,武器,毗舍离之灭,-,
"133","烛龙殿","25人英雄",南之雷神宝箱4,武器,毗舍离之灭,-,
"133","烛龙殿","25人英雄",南之雷神宝箱5,武器,毗舍离之灭,-,
"133","烛龙殿","25人英雄",南之雷神,武器,点漆星空,-,
"133","烛龙殿","25人英雄",南之雷神宝箱3,武器,点漆星空,-,
"133","烛龙殿","25人英雄",南之雷神宝箱4,武器,点漆星空,-,
"133","烛龙殿","25人英雄",南之雷神宝箱5,武器,点漆星空,-,
"133","烛龙殿","25人英雄",南之雷神,武器,乌丝醉墨,-,
"133","烛龙殿","25人英雄",南之雷神宝箱3,武器,乌丝醉墨,-,
"133","烛龙殿","25人英雄",南之雷神宝箱4,武器,乌丝醉墨,-,
"133","烛龙殿","25人英雄",南之雷神宝箱5,武器,乌丝醉墨,-,
"133","烛龙殿","25人英雄",南之雷神,武器,龙战之殇,-,
"133","烛龙殿","25人英雄",南之雷神宝箱3,武器,龙战之殇,-,
"133","烛龙殿","25人英雄",南之雷神宝箱4,武器,龙战之殇,-,
"133","烛龙殿","25人英雄",南之雷神宝箱5,武器,龙战之殇,-,
"133","烛龙殿","25人英雄",南之雷神,武器,王兵法天,-,
"133","烛龙殿","25人英雄",南之雷神宝箱3,武器,王兵法天,-,
"133","烛龙殿","25人英雄",南之雷神宝箱4,武器,王兵法天,-,
"133","烛龙殿","25人英雄",南之雷神宝箱5,武器,王兵法天,-,
"133","烛龙殿","25人英雄",南之雷神,武器,长明烛煌,-,
"133","烛龙殿","25人英雄",南之雷神宝箱3,武器,长明烛煌,-,
"133","烛龙殿","25人英雄",南之雷神宝箱4,武器,长明烛煌,-,
"133","烛龙殿","25人英雄",南之雷神宝箱5,武器,长明烛煌,-,
"133","烛龙殿","25人英雄",南之雷神宝箱1,饰品,北风驱雁,-,
"133","烛龙殿","25人英雄",南之雷神宝箱5,饰品,北风驱雁,-,
"133","烛龙殿","25人英雄",南之雷神宝箱3,饰品,昭潭曲,-,
"133","烛龙殿","25人英雄",南之雷神宝箱1,饰品,洞彻十方,-,
"133","烛龙殿","25人英雄",南之雷神宝箱5,饰品,洞彻十方,-,
"133","烛龙殿","25人英雄",南之雷神宝箱3,饰品,季布诺,-,
"133","烛龙殿","25人英雄",南之雷神,武器,玄朔宸极,-,
"133","烛龙殿","25人英雄",南之雷神宝箱1,饰品,暮楠,-,
"133","烛龙殿","25人英雄",南之雷神宝箱3,武器,玄朔宸极,-,
"133","烛龙殿","25人英雄",南之雷神宝箱5,饰品,暮楠,-,
"133","烛龙殿","25人英雄",南之雷神宝箱4,武器,玄朔宸极,-,
"133","烛龙殿","25人英雄",南之雷神宝箱3,饰品,聆流,-,
"133","烛龙殿","25人英雄",南之雷神宝箱5,武器,玄朔宸极,-,
"133","烛龙殿","25人英雄",南之雷神宝箱3,饰品,渊隐之斗,-,
"133","烛龙殿","25人英雄",南之雷神宝箱3,饰品,骇兽燎炎,-,
"133","烛龙殿","25人英雄",南之雷神宝箱3,饰品,烛龙之烬,-,
"133","烛龙殿","25人英雄",南之雷神宝箱3,饰品,承尘之鸣,-,
"133","烛龙殿","25人英雄",南之雷神宝箱3,饰品,无君之迹,-,
"133","烛龙殿","25人英雄",南之雷神,武器,云卷笙歌,-,
"133","烛龙殿","25人英雄",南之雷神宝箱3,武器,云卷笙歌,-,
"133","烛龙殿","25人英雄",南之雷神宝箱4,武器,云卷笙歌,-,
"133","烛龙殿","25人英雄",南之雷神宝箱5,武器,云卷笙歌,-,
"133","烛龙殿","25人英雄",南之雷神宝箱3,饰品,行山戒,-,
"133","烛龙殿","25人英雄",南之雷神宝箱2,饰品,晴鸣戒,-,
"133","烛龙殿","25人英雄",南之雷神,饰品,潜灯戒,-,
"133","烛龙殿","25人英雄",南之雷神宝箱5,饰品,潜灯戒,-,
"133","烛龙殿","25人英雄",南之雷神,武器,天崖归梦,-,
"133","烛龙殿","25人英雄",南之雷神宝箱3,武器,天崖归梦,-,
"133","烛龙殿","25人英雄",南之雷神宝箱4,武器,天崖归梦,-,
"133","烛龙殿","25人英雄",南之雷神宝箱4,饰品,敛遇戒,-,
"133","烛龙殿","25人英雄",南之雷神宝箱5,武器,神谕,-,
"133","烛龙殿","25人英雄",醉蛛老人,武器,天崖归梦,-,
"133","烛龙殿","25人英雄",醉蛛老人宝箱3,武器,天崖归梦,-,
"133","烛龙殿","25人英雄",醉蛛老人宝箱4,武器,天崖归梦,-,
"133","烛龙殿","25人英雄",醉蛛老人宝箱5,武器,天崖归梦,-,
"133","烛龙殿","25人英雄",醉蛛老人,武器,断肠曲木,-,
"133","烛龙殿","25人英雄",醉蛛老人宝箱3,武器,断肠曲木,-,
"133","烛龙殿","25人英雄",醉蛛老人宝箱4,武器,断肠曲木,-,
"133","烛龙殿","25人英雄",醉蛛老人宝箱5,武器,断肠曲木,-,
"133","烛龙殿","25人英雄",醉蛛老人,武器,龙骨灵音,-,
"133","烛龙殿","25人英雄",醉蛛老人宝箱3,武器,龙骨灵音,-,
"133","烛龙殿","25人英雄",醉蛛老人宝箱4,武器,龙骨灵音,-,
"133","烛龙殿","25人英雄",醉蛛老人宝箱5,武器,龙骨灵音,-,
"133","烛龙殿","25人英雄",醉蛛老人,武器,鬼劾,-,
"133","烛龙殿","25人英雄",醉蛛老人宝箱3,武器,鬼劾,-,
"133","烛龙殿","25人英雄",醉蛛老人宝箱4,武器,鬼劾,-,
"133","烛龙殿","25人英雄",醉蛛老人宝箱5,武器,鬼劾,-,
"133","烛龙殿","25人英雄",醉蛛老人,武器,南雷,-,
"133","烛龙殿","25人英雄",醉蛛老人宝箱3,武器,南雷,-,
"133","烛龙殿","25人英雄",醉蛛老人宝箱4,武器,南雷,-,
"133","烛龙殿","25人英雄",醉蛛老人宝箱5,武器,南雷,-,
"133","烛龙殿","25人英雄",醉蛛老人,武器,星辰韬芒,-,
"133","烛龙殿","25人英雄",醉蛛老人宝箱3,武器,星辰韬芒,-,
"133","烛龙殿","25人英雄",醉蛛老人宝箱4,武器,星辰韬芒,-,
"133","烛龙殿","25人英雄",醉蛛老人宝箱5,武器,星辰韬芒,-,
"133","烛龙殿","25人英雄",醉蛛老人,武器,鹏翼摩天,-,
"133","烛龙殿","25人英雄",醉蛛老人宝箱3,武器,鹏翼摩天,-,
"133","烛龙殿","25人英雄",醉蛛老人宝箱4,武器,鹏翼摩天,-,
"133","烛龙殿","25人英雄",醉蛛老人宝箱5,武器,鹏翼摩天,-,
"133","烛龙殿","25人英雄",醉蛛老人,武器,毒风,-,
"133","烛龙殿","25人英雄",醉蛛老人宝箱3,武器,毒风,-,
"133","烛龙殿","25人英雄",醉蛛老人宝箱4,武器,毒风,-,
"133","烛龙殿","25人英雄",醉蛛老人宝箱5,武器,毒风,-,
"133","烛龙殿","25人英雄",醉蛛老人,武器,神谕,-,
"133","烛龙殿","25人英雄",醉蛛老人宝箱3,武器,神谕,-,
"133","烛龙殿","25人英雄",醉蛛老人宝箱4,武器,神谕,-,
"133","烛龙殿","25人英雄",醉蛛老人宝箱5,武器,神谕,-,
"133","烛龙殿","25人英雄",醉蛛老人,武器,天澄藻镜,-,
"133","烛龙殿","25人英雄",醉蛛老人,武器,乌啼,-,
"133","烛龙殿","25人英雄",醉蛛老人,武器,拒逆之斗,-,
"133","烛龙殿","25人英雄",醉蛛老人,武器,诛水,-,
"133","烛龙殿","25人英雄",醉蛛老人,武器,冷涵空翠,-,
"133","烛龙殿","25人英雄",醉蛛老人,装备,离宫绝旷,-,
"133","烛龙殿","25人英雄",醉蛛老人宝箱2,装备,离宫绝旷,-,
"133","烛龙殿","25人英雄",醉蛛老人宝箱3,装备,离宫绝旷,-,
"133","烛龙殿","25人英雄",醉蛛老人宝箱4,装备,离宫绝旷,-,
"133","烛龙殿","25人英雄",醉蛛老人宝箱5,装备,离宫绝旷,-,
"133","烛龙殿","25人英雄",醉蛛老人,装备,魁龙之厄,-,
"133","烛龙殿","25人英雄",醉蛛老人宝箱2,装备,魁龙之厄,-,
"133","烛龙殿","25人英雄",醉蛛老人宝箱3,装备,魁龙之厄,-,
"133","烛龙殿","25人英雄",醉蛛老人宝箱4,装备,魁龙之厄,-,
"133","烛龙殿","25人英雄",醉蛛老人宝箱5,装备,魁龙之厄,-,
"133","烛龙殿","25人英雄",醉蛛老人,装备,膺图受箓,-,
"133","烛龙殿","25人英雄",醉蛛老人宝箱3,装备,膺图受箓,-,
"133","烛龙殿","25人英雄",醉蛛老人宝箱4,装备,膺图受箓,-,
"133","烛龙殿","25人英雄",醉蛛老人宝箱5,装备,膺图受箓,-,
"133","烛龙殿","25人英雄",醉蛛老人,装备,剑锁烽烟,-,
"133","烛龙殿","25人英雄",醉蛛老人宝箱2,装备,剑锁烽烟,-,
"133","烛龙殿","25人英雄",醉蛛老人宝箱3,装备,剑锁烽烟,-,
"133","烛龙殿","25人英雄",醉蛛老人宝箱4,装备,剑锁烽烟,-,
"133","烛龙殿","25人英雄",醉蛛老人宝箱5,装备,剑锁烽烟,-,
"133","烛龙殿","25人英雄",醉蛛老人,装备,梅槎凌海,-,
"133","烛龙殿","25人英雄",醉蛛老人宝箱2,装备,梅槎凌海,-,
"133","烛龙殿","25人英雄",醉蛛老人宝箱3,装备,梅槎凌海,-,
"133","烛龙殿","25人英雄",醉蛛老人宝箱4,装备,梅槎凌海,-,
"133","烛龙殿","25人英雄",醉蛛老人宝箱5,装备,梅槎凌海,-,
"133","烛龙殿","25人英雄",醉蛛老人,装备,穷览圣迹,-,
"133","烛龙殿","25人英雄",醉蛛老人宝箱2,装备,穷览圣迹,-,
"133","烛龙殿","25人英雄",醉蛛老人宝箱4,装备,穷览圣迹,-,
"133","烛龙殿","25人英雄",醉蛛老人宝箱5,装备,穷览圣迹,-,
"133","烛龙殿","25人英雄",醉蛛老人,装备,骇伏,-,
"133","烛龙殿","25人英雄",醉蛛老人宝箱1,装备,骇伏,-,
"133","烛龙殿","25人英雄",醉蛛老人宝箱2,装备,骇伏,-,
"133","烛龙殿","25人英雄",醉蛛老人宝箱3,装备,骇伏,-,
"133","烛龙殿","25人英雄",醉蛛老人宝箱4,装备,骇伏,-,
"133","烛龙殿","25人英雄",醉蛛老人宝箱5,装备,骇伏,-,
"133","烛龙殿","25人英雄",醉蛛老人,装备,飞熊入梦,-,
"133","烛龙殿","25人英雄",醉蛛老人宝箱1,装备,飞熊入梦,-,
"133","烛龙殿","25人英雄",醉蛛老人宝箱2,装备,飞熊入梦,-,
"133","烛龙殿","25人英雄",醉蛛老人宝箱3,装备,飞熊入梦,-,
"133","烛龙殿","25人英雄",醉蛛老人宝箱4,装备,飞熊入梦,-,
"133","烛龙殿","25人英雄",醉蛛老人宝箱5,装备,飞熊入梦,-,
"133","烛龙殿","25人英雄",醉蛛老人,装备,苍龙分海靴,-,
"133","烛龙殿","25人英雄",醉蛛老人宝箱2,装备,苍龙分海靴,-,
"133","烛龙殿","25人英雄",醉蛛老人宝箱3,装备,苍龙分海靴,-,
"133","烛龙殿","25人英雄",醉蛛老人宝箱4,装备,苍龙分海靴,-,
"133","烛龙殿","25人英雄",醉蛛老人宝箱5,装备,苍龙分海靴,-,
"133","烛龙殿","25人英雄",醉蛛老人,装备,灵图革运,-,
"133","烛龙殿","25人英雄",醉蛛老人宝箱1,装备,灵图革运,-,
"133","烛龙殿","25人英雄",醉蛛老人宝箱2,装备,灵图革运,-,
"133","烛龙殿","25人英雄",醉蛛老人宝箱3,装备,灵图革运,-,
"133","烛龙殿","25人英雄",醉蛛老人宝箱4,装备,灵图革运,-,
"133","烛龙殿","25人英雄",醉蛛老人宝箱5,装备,灵图革运,-,
"133","烛龙殿","25人英雄",醉蛛老人,装备,蝶魂留梦,-,
"133","烛龙殿","25人英雄",醉蛛老人宝箱1,装备,蝶魂留梦,-,
"133","烛龙殿","25人英雄",醉蛛老人宝箱2,装备,蝶魂留梦,-,
"133","烛龙殿","25人英雄",醉蛛老人宝箱3,装备,蝶魂留梦,-,
"133","烛龙殿","25人英雄",醉蛛老人宝箱4,装备,蝶魂留梦,-,
"133","烛龙殿","25人英雄",醉蛛老人,装备,凌云之渡,-,
"133","烛龙殿","25人英雄",醉蛛老人宝箱1,装备,凌云之渡,-,
"133","烛龙殿","25人英雄",醉蛛老人宝箱2,装备,凌云之渡,-,
"133","烛龙殿","25人英雄",醉蛛老人宝箱3,装备,凌云之渡,-,
"133","烛龙殿","25人英雄",醉蛛老人宝箱4,装备,凌云之渡,-,
"133","烛龙殿","25人英雄",醉蛛老人宝箱5,装备,凌云之渡,-,
"133","烛龙殿","25人英雄",醉蛛老人,装备,静聆天籁,-,
"133","烛龙殿","25人英雄",醉蛛老人宝箱3,装备,静聆天籁,-,
"133","烛龙殿","25人英雄",醉蛛老人宝箱4,装备,静聆天籁,-,
"133","烛龙殿","25人英雄",醉蛛老人宝箱5,装备,静聆天籁,-,
"133","烛龙殿","25人英雄",醉蛛老人,装备,论势,-,
"133","烛龙殿","25人英雄",醉蛛老人宝箱3,装备,论势,-,
"133","烛龙殿","25人英雄",醉蛛老人宝箱4,装备,论势,-,
"133","烛龙殿","25人英雄",醉蛛老人宝箱5,装备,论势,-,
"133","烛龙殿","25人英雄",醉蛛老人,装备,龙威怒目,-,
"133","烛龙殿","25人英雄",醉蛛老人宝箱4,装备,龙威怒目,-,
"133","烛龙殿","25人英雄",醉蛛老人宝箱5,装备,龙威怒目,-,
"133","烛龙殿","25人英雄",醉蛛老人,装备,元始之辉,-,
"133","烛龙殿","25人英雄",醉蛛老人宝箱3,装备,元始之辉,-,
"133","烛龙殿","25人英雄",醉蛛老人宝箱4,装备,元始之辉,-,
"133","烛龙殿","25人英雄",醉蛛老人宝箱5,装备,元始之辉,-,
"133","烛龙殿","25人英雄",醉蛛老人,装备,幸生,-,
"133","烛龙殿","25人英雄",醉蛛老人宝箱3,装备,幸生,-,
"133","烛龙殿","25人英雄",醉蛛老人宝箱4,装备,幸生,-,
"133","烛龙殿","25人英雄",醉蛛老人宝箱5,装备,幸生,-,
"133","烛龙殿","25人英雄",醉蛛老人,装备,圣血头饰,-,
"133","烛龙殿","25人英雄",醉蛛老人宝箱3,装备,圣血头饰,-,
"133","烛龙殿","25人英雄",醉蛛老人宝箱4,装备,圣血头饰,-,
"133","烛龙殿","25人英雄",醉蛛老人宝箱5,装备,圣血头饰,-,
"133","烛龙殿","25人英雄",醉蛛老人,装备,行山腰带,-,
"133","烛龙殿","25人英雄",醉蛛老人宝箱2,装备,行山腰带,-,
"133","烛龙殿","25人英雄",醉蛛老人宝箱3,装备,行山腰带,-,
"133","烛龙殿","25人英雄",醉蛛老人宝箱4,装备,行山腰带,-,
"133","烛龙殿","25人英雄",醉蛛老人宝箱5,装备,行山腰带,-,
"133","烛龙殿","25人英雄",醉蛛老人,装备,晴鸣腰带,-,
"133","烛龙殿","25人英雄",醉蛛老人宝箱4,装备,晴鸣腰带,-,
"133","烛龙殿","25人英雄",醉蛛老人宝箱2,装备,潜灯腰带,-,
"133","烛龙殿","25人英雄",醉蛛老人宝箱4,装备,潜灯腰带,-,
"133","烛龙殿","25人英雄",醉蛛老人宝箱2,装备,敛遇腰带,-,
"133","烛龙殿","25人英雄",醉蛛老人宝箱4,装备,敛遇腰带,-,
"133","烛龙殿","25人英雄",醉蛛老人宝箱2,装备,沽谋腰带,-,
"133","烛龙殿","25人英雄",醉蛛老人宝箱2,装备,望心腰带,-,
"133","烛龙殿","25人英雄",醉蛛老人宝箱4,装备,望心腰带,-,
"133","烛龙殿","25人英雄",醉蛛老人宝箱2,装备,泷负腰带,-,
"133","烛龙殿","25人英雄",醉蛛老人宝箱2,装备,臻商腰带,-,
"133","烛龙殿","25人英雄",醉蛛老人宝箱4,装备,臻商腰带,-,
"133","烛龙殿","25人英雄",醉蛛老人宝箱2,装备,生趾腰带,-,
"133","烛龙殿","25人英雄",醉蛛老人宝箱4,装备,生趾腰带,-,
"133","烛龙殿","25人英雄",醉蛛老人宝箱2,装备,笺兮腰带,-,
"133","烛龙殿","25人英雄",醉蛛老人宝箱4,装备,笺兮腰带,-,
"133","烛龙殿","25人英雄",醉蛛老人宝箱2,装备,回客腰带,-,
"133","烛龙殿","25人英雄",醉蛛老人宝箱4,装备,回客腰带,-,
"133","烛龙殿","25人英雄",醉蛛老人宝箱4,装备,南蘅腰带,-,
"133","烛龙殿","25人英雄",醉蛛老人,武器,常荣,-,
"133","烛龙殿","25人英雄",醉蛛老人宝箱2,装备,膺图受箓,-,
"133","烛龙殿","25人英雄",醉蛛老人宝箱3,装备,穷览圣迹,-,
"133","烛龙殿","25人英雄",醉蛛老人宝箱1,装备,苍龙分海靴,-,
"133","烛龙殿","25人英雄",醉蛛老人宝箱5,装备,蝶魂留梦,-,
"133","烛龙殿","25人英雄",醉蛛老人宝箱3,装备,龙威怒目,-,
"133","烛龙殿","25人英雄",醉蛛老人宝箱2,装备,晴鸣腰带,-,
"133","烛龙殿","25人英雄",醉蛛老人宝箱3,装备,晴鸣腰带,-,
"133","烛龙殿","25人英雄",醉蛛老人,装备,潜灯腰带,-,
"133","烛龙殿","25人英雄",醉蛛老人宝箱5,装备,潜灯腰带,-,
"133","烛龙殿","25人英雄",醉蛛老人宝箱3,装备,敛遇腰带,-,
"133","烛龙殿","25人英雄",醉蛛老人,装备,沽谋腰带,-,
"133","烛龙殿","25人英雄",醉蛛老人宝箱4,装备,沽谋腰带,-,
"133","烛龙殿","25人英雄",醉蛛老人宝箱5,装备,沽谋腰带,-,
"133","烛龙殿","25人英雄",醉蛛老人宝箱3,装备,望心腰带,-,
"133","烛龙殿","25人英雄",醉蛛老人,饰品,踏炎足饰,-,
"133","烛龙殿","25人英雄",醉蛛老人,武器,大黑天之怒,-,
"133","烛龙殿","25人英雄",醉蛛老人宝箱3,武器,大黑天之怒,-,
"133","烛龙殿","25人英雄",醉蛛老人宝箱3,装备,南蘅腰带,-,
"133","烛龙殿","25人英雄",醉蛛老人宝箱2,装备,南蘅腰带,-,
"133","烛龙殿","25人英雄",醉蛛老人宝箱4,武器,大黑天之怒,-,
"133","烛龙殿","25人英雄",醉蛛老人宝箱5,装备,回客腰带,-,
"133","烛龙殿","25人英雄",醉蛛老人宝箱5,武器,大黑天之怒,-,
"133","烛龙殿","25人英雄",醉蛛老人,装备,回客腰带,-,
"133","烛龙殿","25人英雄",醉蛛老人宝箱5,装备,笺兮腰带,-,
"133","烛龙殿","25人英雄",醉蛛老人宝箱3,装备,笺兮腰带,-,
"133","烛龙殿","25人英雄",醉蛛老人宝箱5,装备,生趾腰带,-,
"133","烛龙殿","25人英雄",醉蛛老人,装备,生趾腰带,-,
"133","烛龙殿","25人英雄",醉蛛老人宝箱3,装备,臻商腰带,-,
"133","烛龙殿","25人英雄",醉蛛老人宝箱5,装备,泷负腰带,-,
"133","烛龙殿","25人英雄",醉蛛老人宝箱4,装备,泷负腰带,-,
"133","烛龙殿","25人英雄",醉蛛老人,装备,泷负腰带,-,
"133","烛龙殿","25人英雄",醉蛛老人宝箱5,装备,晴鸣腰带,-,
"133","烛龙殿","25人英雄",醉蛛老人宝箱3,装备,潜灯腰带,-,
"133","烛龙殿","25人英雄",醉蛛老人,武器,毗舍离之灭,-,
"133","烛龙殿","25人英雄",醉蛛老人,装备,敛遇腰带,-,
"133","烛龙殿","25人英雄",醉蛛老人宝箱3,武器,毗舍离之灭,-,
"133","烛龙殿","25人英雄",醉蛛老人宝箱5,装备,敛遇腰带,-,
"133","烛龙殿","25人英雄",醉蛛老人宝箱4,武器,毗舍离之灭,-,
"133","烛龙殿","25人英雄",醉蛛老人宝箱5,武器,毗舍离之灭,-,
"133","烛龙殿","25人英雄",醉蛛老人宝箱3,装备,沽谋腰带,-,
"133","烛龙殿","25人英雄",醉蛛老人,装备,望心腰带,-,
"133","烛龙殿","25人英雄",醉蛛老人宝箱5,装备,望心腰带,-,
"133","烛龙殿","25人英雄",醉蛛老人,武器,点漆星空,-,
"133","烛龙殿","25人英雄",醉蛛老人宝箱3,武器,点漆星空,-,
"133","烛龙殿","25人英雄",醉蛛老人宝箱4,武器,点漆星空,-,
"133","烛龙殿","25人英雄",醉蛛老人宝箱5,武器,点漆星空,-,
"133","烛龙殿","25人英雄",醉蛛老人,武器,乌丝醉墨,-,
"133","烛龙殿","25人英雄",醉蛛老人宝箱3,武器,乌丝醉墨,-,
"133","烛龙殿","25人英雄",醉蛛老人宝箱4,武器,乌丝醉墨,-,
"133","烛龙殿","25人英雄",醉蛛老人宝箱5,武器,乌丝醉墨,-,
"133","烛龙殿","25人英雄",醉蛛老人宝箱3,装备,泷负腰带,-,
"133","烛龙殿","25人英雄",醉蛛老人,装备,臻商腰带,-,
"133","烛龙殿","25人英雄",醉蛛老人宝箱5,装备,臻商腰带,-,
"133","烛龙殿","25人英雄",醉蛛老人宝箱3,装备,生趾腰带,-,
"133","烛龙殿","25人英雄",醉蛛老人,装备,笺兮腰带,-,
"133","烛龙殿","25人英雄",醉蛛老人宝箱3,装备,回客腰带,-,
"133","烛龙殿","25人英雄",醉蛛老人,装备,南蘅腰带,-,
"133","烛龙殿","25人英雄",醉蛛老人,武器,龙战之殇,-,
"133","烛龙殿","25人英雄",醉蛛老人宝箱5,装备,南蘅腰带,-,
"133","烛龙殿","25人英雄",醉蛛老人宝箱3,武器,龙战之殇,-,
"133","烛龙殿","25人英雄",醉蛛老人宝箱4,武器,龙战之殇,-,
"133","烛龙殿","25人英雄",醉蛛老人宝箱5,武器,龙战之殇,-,
"133","烛龙殿","25人英雄",醉蛛老人,饰品,挑天,-,
"133","烛龙殿","25人英雄",醉蛛老人,武器,王兵法天,-,
"133","烛龙殿","25人英雄",醉蛛老人宝箱3,武器,王兵法天,-,
"133","烛龙殿","25人英雄",醉蛛老人宝箱4,武器,王兵法天,-,
"133","烛龙殿","25人英雄",醉蛛老人宝箱5,武器,王兵法天,-,
"133","烛龙殿","25人英雄",醉蛛老人,武器,长明烛煌,-,
"133","烛龙殿","25人英雄",醉蛛老人宝箱3,武器,长明烛煌,-,
"133","烛龙殿","25人英雄",醉蛛老人宝箱4,武器,长明烛煌,-,
"133","烛龙殿","25人英雄",醉蛛老人宝箱5,武器,长明烛煌,-,
"133","烛龙殿","25人英雄",醉蛛老人,武器,玄朔宸极,-,
"133","烛龙殿","25人英雄",醉蛛老人宝箱3,武器,玄朔宸极,-,
"133","烛龙殿","25人英雄",醉蛛老人宝箱4,武器,玄朔宸极,-,
"133","烛龙殿","25人英雄",醉蛛老人宝箱5,武器,玄朔宸极,-,
"133","烛龙殿","25人英雄",醉蛛老人,武器,云卷笙歌,-,
"133","烛龙殿","25人英雄",醉蛛老人宝箱3,武器,云卷笙歌,-,
"133","烛龙殿","25人英雄",醉蛛老人宝箱4,武器,云卷笙歌,-,
"133","烛龙殿","25人英雄",醉蛛老人宝箱5,武器,云卷笙歌,-,
"133","烛龙殿","25人英雄",索笛尔,武器,天澄藻镜,-,
"133","烛龙殿","25人英雄",索笛尔,武器,乌啼,-,
"133","烛龙殿","25人英雄",索笛尔,武器,拒逆之斗,-,
"133","烛龙殿","25人英雄",索笛尔,武器,诛水,-,
"133","烛龙殿","25人英雄",索笛尔,武器,冷涵空翠,-,
"133","烛龙殿","25人英雄",索笛尔,武器,常荣,-,
"133","烛龙殿","25人英雄",索笛尔,装备,扬袂障日,-,
"133","烛龙殿","25人英雄",索笛尔宝箱2,装备,扬袂障日,-,
"133","烛龙殿","25人英雄",索笛尔宝箱3,装备,扬袂障日,-,
"133","烛龙殿","25人英雄",索笛尔宝箱4,装备,扬袂障日,-,
"133","烛龙殿","25人英雄",索笛尔宝箱5,装备,扬袂障日,-,
"133","烛龙殿","25人英雄",索笛尔,装备,丹缨照树,-,
"133","烛龙殿","25人英雄",索笛尔宝箱2,装备,丹缨照树,-,
"133","烛龙殿","25人英雄",索笛尔宝箱3,装备,丹缨照树,-,
"133","烛龙殿","25人英雄",索笛尔宝箱4,装备,丹缨照树,-,
"133","烛龙殿","25人英雄",索笛尔,装备,禀受无原,-,
"133","烛龙殿","25人英雄",索笛尔宝箱2,装备,禀受无原,-,
"133","烛龙殿","25人英雄",索笛尔宝箱3,装备,禀受无原,-,
"133","烛龙殿","25人英雄",索笛尔宝箱4,装备,禀受无原,-,
"133","烛龙殿","25人英雄",索笛尔宝箱5,装备,禀受无原,-,
"133","烛龙殿","25人英雄",索笛尔,装备,寒铁蝠翼,-,
"133","烛龙殿","25人英雄",索笛尔宝箱2,装备,寒铁蝠翼,-,
"133","烛龙殿","25人英雄",索笛尔宝箱3,装备,寒铁蝠翼,-,
"133","烛龙殿","25人英雄",索笛尔宝箱4,装备,寒铁蝠翼,-,
"133","烛龙殿","25人英雄",索笛尔宝箱5,装备,寒铁蝠翼,-,
"133","烛龙殿","25人英雄",索笛尔,装备,纬萧,-,
"133","烛龙殿","25人英雄",索笛尔宝箱2,装备,纬萧,-,
"133","烛龙殿","25人英雄",索笛尔宝箱3,装备,纬萧,-,
"133","烛龙殿","25人英雄",索笛尔宝箱4,装备,纬萧,-,
"133","烛龙殿","25人英雄",索笛尔宝箱5,装备,纬萧,-,
"133","烛龙殿","25人英雄",索笛尔宝箱2,装备,忏尘缘,-,
"133","烛龙殿","25人英雄",索笛尔宝箱3,装备,忏尘缘,-,
"133","烛龙殿","25人英雄",索笛尔宝箱4,装备,忏尘缘,-,
"133","烛龙殿","25人英雄",索笛尔宝箱5,装备,忏尘缘,-,
"133","烛龙殿","25人英雄",索笛尔,装备,行山护腕,-,
"133","烛龙殿","25人英雄",索笛尔宝箱2,装备,行山护腕,-,
"133","烛龙殿","25人英雄",索笛尔宝箱3,装备,行山护腕,-,
"133","烛龙殿","25人英雄",索笛尔宝箱4,装备,行山护腕,-,
"133","烛龙殿","25人英雄",索笛尔宝箱5,装备,行山护腕,-,
"133","烛龙殿","25人英雄",索笛尔,装备,晴鸣护腕,-,
"133","烛龙殿","25人英雄",索笛尔宝箱2,装备,晴鸣护腕,-,
"133","烛龙殿","25人英雄",索笛尔宝箱3,装备,晴鸣护腕,-,
"133","烛龙殿","25人英雄",索笛尔宝箱5,装备,晴鸣护腕,-,
"133","烛龙殿","25人英雄",索笛尔,装备,潜灯护腕,-,
"133","烛龙殿","25人英雄",索笛尔宝箱2,装备,潜灯护腕,-,
"133","烛龙殿","25人英雄",索笛尔宝箱3,装备,潜灯护腕,-,
"133","烛龙殿","25人英雄",索笛尔宝箱4,装备,潜灯护腕,-,
"133","烛龙殿","25人英雄",索笛尔宝箱5,装备,潜灯护腕,-,
"133","烛龙殿","25人英雄",索笛尔,装备,敛遇护腕,-,
"133","烛龙殿","25人英雄",索笛尔宝箱2,装备,敛遇护腕,-,
"133","烛龙殿","25人英雄",索笛尔宝箱3,装备,敛遇护腕,-,
"133","烛龙殿","25人英雄",索笛尔宝箱4,装备,敛遇护腕,-,
"133","烛龙殿","25人英雄",索笛尔宝箱5,装备,敛遇护腕,-,
"133","烛龙殿","25人英雄",索笛尔,装备,沽谋护腕,-,
"133","烛龙殿","25人英雄",索笛尔宝箱2,装备,沽谋护腕,-,
"133","烛龙殿","25人英雄",索笛尔宝箱3,装备,沽谋护腕,-,
"133","烛龙殿","25人英雄",索笛尔宝箱4,装备,沽谋护腕,-,
"133","烛龙殿","25人英雄",索笛尔宝箱5,装备,沽谋护腕,-,
"133","烛龙殿","25人英雄",索笛尔,装备,望心护腕,-,
"133","烛龙殿","25人英雄",索笛尔宝箱2,装备,望心护腕,-,
"133","烛龙殿","25人英雄",索笛尔宝箱3,装备,望心护腕,-,
"133","烛龙殿","25人英雄",索笛尔宝箱4,装备,望心护腕,-,
"133","烛龙殿","25人英雄",索笛尔宝箱5,装备,望心护腕,-,
"133","烛龙殿","25人英雄",索笛尔,装备,泷负护腕,-,
"133","烛龙殿","25人英雄",索笛尔宝箱3,装备,泷负护腕,-,
"133","烛龙殿","25人英雄",索笛尔,装备,臻商护腕,-,
"133","烛龙殿","25人英雄",索笛尔宝箱3,装备,臻商护腕,-,
"133","烛龙殿","25人英雄",索笛尔宝箱5,装备,臻商护腕,-,
"133","烛龙殿","25人英雄",索笛尔宝箱3,装备,生趾护腕,-,
"133","烛龙殿","25人英雄",索笛尔宝箱5,装备,生趾护腕,-,
"133","烛龙殿","25人英雄",索笛尔,装备,笺兮护腕,-,
"133","烛龙殿","25人英雄",索笛尔宝箱3,装备,笺兮护腕,-,
"133","烛龙殿","25人英雄",索笛尔宝箱5,装备,笺兮护腕,-,
"133","烛龙殿","25人英雄",索笛尔,装备,回客护腕,-,
"133","烛龙殿","25人英雄",索笛尔宝箱3,装备,回客护腕,-,
"133","烛龙殿","25人英雄",索笛尔宝箱5,装备,回客护腕,-,
"133","烛龙殿","25人英雄",索笛尔,装备,南蘅护腕,-,
"133","烛龙殿","25人英雄",索笛尔宝箱5,装备,南蘅护腕,-,
"133","烛龙殿","25人英雄",索笛尔,饰品,清澄海镜,-,
"133","烛龙殿","25人英雄",索笛尔宝箱2,饰品,清澄海镜,-,
"133","烛龙殿","25人英雄",索笛尔宝箱4,饰品,清澄海镜,-,
"133","烛龙殿","25人英雄",索笛尔,饰品,玉尘生风,-,
"133","烛龙殿","25人英雄",索笛尔宝箱2,饰品,玉尘生风,-,
"133","烛龙殿","25人英雄",索笛尔,饰品,天锡玄珪,-,
"133","烛龙殿","25人英雄",索笛尔宝箱2,饰品,天锡玄珪,-,
"133","烛龙殿","25人英雄",索笛尔宝箱4,饰品,天锡玄珪,-,
"133","烛龙殿","25人英雄",索笛尔,饰品,九真龙书,-,
"133","烛龙殿","25人英雄",索笛尔宝箱2,饰品,九真龙书,-,
"133","烛龙殿","25人英雄",索笛尔宝箱4,饰品,九真龙书,-,
"133","烛龙殿","25人英雄",索笛尔,饰品,壤父之傲,-,
"133","烛龙殿","25人英雄",索笛尔宝箱4,饰品,壤父之傲,-,
"133","烛龙殿","25人英雄",索笛尔,饰品,圣王膺录,-,
"133","烛龙殿","25人英雄",索笛尔宝箱2,饰品,圣王膺录,-,
"133","烛龙殿","25人英雄",索笛尔宝箱4,饰品,圣王膺录,-,
"133","烛龙殿","25人英雄",索笛尔,饰品,蟠窟蜃气,-,
"133","烛龙殿","25人英雄",索笛尔宝箱4,饰品,蟠窟蜃气,-,
"133","烛龙殿","25人英雄",索笛尔,饰品,垂棘之璧,-,
"133","烛龙殿","25人英雄",索笛尔宝箱4,饰品,垂棘之璧,-,
"133","烛龙殿","25人英雄",索笛尔,饰品,旋蛇拂轮,-,
"133","烛龙殿","25人英雄",索笛尔,饰品,裂礁龙玉,-,
"133","烛龙殿","25人英雄",索笛尔宝箱4,饰品,裂礁龙玉,-,
"133","烛龙殿","25人英雄",索笛尔,饰品,碧洪涵空,-,
"133","烛龙殿","25人英雄",索笛尔宝箱4,饰品,碧洪涵空,-,
"133","烛龙殿","25人英雄",索笛尔,饰品,须弥吞云,-,
"133","烛龙殿","25人英雄",索笛尔宝箱4,饰品,须弥吞云,-,
"133","烛龙殿","25人英雄",索笛尔宝箱5,装备,丹缨照树,-,
"133","烛龙殿","25人英雄",索笛尔,装备,忏尘缘,-,
"133","烛龙殿","25人英雄",索笛尔宝箱5,饰品,须弥吞云,-,
"133","烛龙殿","25人英雄",索笛尔宝箱5,饰品,碧洪涵空,-,
"133","烛龙殿","25人英雄",索笛尔宝箱5,饰品,裂礁龙玉,-,
"133","烛龙殿","25人英雄",索笛尔宝箱5,饰品,旋蛇拂轮,-,
"133","烛龙殿","25人英雄",索笛尔宝箱4,饰品,旋蛇拂轮,-,
"133","烛龙殿","25人英雄",索笛尔宝箱5,饰品,垂棘之璧,-,
"133","烛龙殿","25人英雄",索笛尔宝箱5,饰品,蟠窟蜃气,-,
"133","烛龙殿","25人英雄",索笛尔宝箱4,装备,晴鸣护腕,-,
"133","烛龙殿","25人英雄",索笛尔宝箱5,饰品,圣王膺录,-,
"133","烛龙殿","25人英雄",索笛尔宝箱1,饰品,圣王膺录,-,
"133","烛龙殿","25人英雄",索笛尔宝箱3,饰品,壤父之傲,-,
"133","烛龙殿","25人英雄",索笛尔宝箱2,饰品,壤父之傲,-,
"133","烛龙殿","25人英雄",索笛尔宝箱5,饰品,九真龙书,-,
"133","烛龙殿","25人英雄",索笛尔宝箱1,饰品,九真龙书,-,
"133","烛龙殿","25人英雄",索笛尔宝箱3,饰品,天锡玄珪,-,
"133","烛龙殿","25人英雄",索笛尔宝箱5,饰品,玉尘生风,-,
"133","烛龙殿","25人英雄",索笛尔宝箱4,饰品,玉尘生风,-,
"133","烛龙殿","25人英雄",索笛尔宝箱3,饰品,玉尘生风,-,
"133","烛龙殿","25人英雄",索笛尔宝箱1,饰品,玉尘生风,-,
"133","烛龙殿","25人英雄",索笛尔宝箱3,饰品,清澄海镜,-,
"133","烛龙殿","25人英雄",索笛尔,饰品,赤缨无回,-,
"133","烛龙殿","25人英雄",索笛尔宝箱2,装备,泷负护腕,-,
"133","烛龙殿","25人英雄",索笛尔宝箱5,装备,泷负护腕,-,
"133","烛龙殿","25人英雄",索笛尔宝箱4,装备,臻商护腕,-,
"133","烛龙殿","25人英雄",索笛尔,装备,生趾护腕,-,
"133","烛龙殿","25人英雄",索笛尔宝箱2,装备,生趾护腕,-,
"133","烛龙殿","25人英雄",索笛尔宝箱4,装备,笺兮护腕,-,
"133","烛龙殿","25人英雄",索笛尔宝箱2,装备,回客护腕,-,
"133","烛龙殿","25人英雄",索笛尔宝箱3,装备,南蘅护腕,-,
"133","烛龙殿","25人英雄",索笛尔宝箱4,装备,南蘅护腕,-,
"133","烛龙殿","25人英雄",索笛尔宝箱4,装备,泷负护腕,-,
"133","烛龙殿","25人英雄",索笛尔宝箱2,装备,臻商护腕,-,
"133","烛龙殿","25人英雄",索笛尔宝箱4,装备,生趾护腕,-,
"133","烛龙殿","25人英雄",索笛尔宝箱2,装备,笺兮护腕,-,
"133","烛龙殿","25人英雄",索笛尔宝箱4,装备,回客护腕,-,
"133","烛龙殿","25人英雄",索笛尔宝箱2,装备,南蘅护腕,-,
"133","烛龙殿","25人英雄",索笛尔宝箱1,饰品,清澄海镜,-,
"133","烛龙殿","25人英雄",索笛尔宝箱5,饰品,清澄海镜,-,
"133","烛龙殿","25人英雄",索笛尔宝箱1,饰品,天锡玄珪,-,
"133","烛龙殿","25人英雄",索笛尔宝箱5,饰品,天锡玄珪,-,
"133","烛龙殿","25人英雄",索笛尔宝箱3,饰品,九真龙书,-,
"133","烛龙殿","25人英雄",索笛尔宝箱1,饰品,壤父之傲,-,
"133","烛龙殿","25人英雄",索笛尔宝箱5,饰品,壤父之傲,-,
"133","烛龙殿","25人英雄",索笛尔宝箱3,饰品,圣王膺录,-,
"133","烛龙殿","25人英雄",索笛尔宝箱3,饰品,蟠窟蜃气,-,
"133","烛龙殿","25人英雄",索笛尔宝箱3,饰品,垂棘之璧,-,
"133","烛龙殿","25人英雄",索笛尔宝箱3,饰品,旋蛇拂轮,-,
"133","烛龙殿","25人英雄",索笛尔宝箱3,饰品,裂礁龙玉,-,
"133","烛龙殿","25人英雄",索笛尔宝箱3,饰品,碧洪涵空,-,
"133","烛龙殿","25人英雄",索笛尔宝箱3,饰品,须弥吞云,-,
"133","烛龙殿","25人英雄",千秋子,武器,天崖归梦,-,
"133","烛龙殿","25人英雄",千秋子宝箱3,武器,天崖归梦,-,
"133","烛龙殿","25人英雄",千秋子宝箱4,武器,天崖归梦,-,
"133","烛龙殿","25人英雄",千秋子宝箱5,武器,天崖归梦,-,
"133","烛龙殿","25人英雄",千秋子,武器,断肠曲木,-,
"133","烛龙殿","25人英雄",千秋子宝箱3,武器,断肠曲木,-,
"133","烛龙殿","25人英雄",千秋子宝箱4,武器,断肠曲木,-,
"133","烛龙殿","25人英雄",千秋子宝箱5,武器,断肠曲木,-,
"133","烛龙殿","25人英雄",千秋子,武器,龙骨灵音,-,
"133","烛龙殿","25人英雄",千秋子宝箱3,武器,龙骨灵音,-,
"133","烛龙殿","25人英雄",千秋子宝箱4,武器,龙骨灵音,-,
"133","烛龙殿","25人英雄",千秋子宝箱5,武器,龙骨灵音,-,
"133","烛龙殿","25人英雄",千秋子,武器,鬼劾,-,
"133","烛龙殿","25人英雄",千秋子宝箱3,武器,鬼劾,-,
"133","烛龙殿","25人英雄",千秋子宝箱4,武器,鬼劾,-,
"133","烛龙殿","25人英雄",千秋子宝箱5,武器,鬼劾,-,
"133","烛龙殿","25人英雄",千秋子,武器,南雷,-,
"133","烛龙殿","25人英雄",千秋子宝箱3,武器,南雷,-,
"133","烛龙殿","25人英雄",千秋子宝箱4,武器,南雷,-,
"133","烛龙殿","25人英雄",千秋子宝箱5,武器,南雷,-,
"133","烛龙殿","25人英雄",千秋子,武器,星辰韬芒,-,
"133","烛龙殿","25人英雄",千秋子宝箱3,武器,星辰韬芒,-,
"133","烛龙殿","25人英雄",千秋子宝箱4,武器,星辰韬芒,-,
"133","烛龙殿","25人英雄",千秋子宝箱5,武器,星辰韬芒,-,
"133","烛龙殿","25人英雄",千秋子,武器,鹏翼摩天,-,
"133","烛龙殿","25人英雄",千秋子宝箱3,武器,鹏翼摩天,-,
"133","烛龙殿","25人英雄",千秋子宝箱4,武器,鹏翼摩天,-,
"133","烛龙殿","25人英雄",千秋子宝箱5,武器,鹏翼摩天,-,
"133","烛龙殿","25人英雄",千秋子,武器,毒风,-,
"133","烛龙殿","25人英雄",千秋子宝箱3,武器,毒风,-,
"133","烛龙殿","25人英雄",千秋子宝箱4,武器,毒风,-,
"133","烛龙殿","25人英雄",千秋子宝箱5,武器,毒风,-,
"133","烛龙殿","25人英雄",千秋子,武器,神谕,-,
"133","烛龙殿","25人英雄",千秋子宝箱3,武器,神谕,-,
"133","烛龙殿","25人英雄",千秋子宝箱4,武器,神谕,-,
"133","烛龙殿","25人英雄",千秋子宝箱5,武器,神谕,-,
"133","烛龙殿","25人英雄",千秋子,武器,天姬破蛊,-,
"133","烛龙殿","25人英雄",千秋子宝箱3,武器,天姬破蛊,-,
"133","烛龙殿","25人英雄",千秋子宝箱4,武器,天姬破蛊,-,
"133","烛龙殿","25人英雄",千秋子宝箱5,武器,天姬破蛊,-,
"133","烛龙殿","25人英雄",千秋子,武器,呵佛招祸,-,
"133","烛龙殿","25人英雄",千秋子宝箱3,武器,呵佛招祸,-,
"133","烛龙殿","25人英雄",千秋子宝箱4,武器,呵佛招祸,-,
"133","烛龙殿","25人英雄",千秋子,武器,啮铁,-,
"133","烛龙殿","25人英雄",千秋子宝箱3,武器,啮铁,-,
"133","烛龙殿","25人英雄",千秋子宝箱4,武器,啮铁,-,
"133","烛龙殿","25人英雄",千秋子宝箱5,武器,啮铁,-,
"133","烛龙殿","25人英雄",千秋子,武器,六龙衔烛,-,
"133","烛龙殿","25人英雄",千秋子宝箱3,武器,六龙衔烛,-,
"133","烛龙殿","25人英雄",千秋子宝箱4,武器,六龙衔烛,-,
"133","烛龙殿","25人英雄",千秋子宝箱5,武器,六龙衔烛,-,
"133","烛龙殿","25人英雄",千秋子,武器,易稽览图,-,
"133","烛龙殿","25人英雄",千秋子宝箱3,武器,易稽览图,-,
"133","烛龙殿","25人英雄",千秋子宝箱4,武器,易稽览图,-,
"133","烛龙殿","25人英雄",千秋子宝箱5,武器,易稽览图,-,
"133","烛龙殿","25人英雄",千秋子,武器,纳忠谏,-,
"133","烛龙殿","25人英雄",千秋子宝箱3,武器,纳忠谏,-,
"133","烛龙殿","25人英雄",千秋子宝箱4,武器,纳忠谏,-,
"133","烛龙殿","25人英雄",千秋子,武器,乌啼,-,
"133","烛龙殿","25人英雄",千秋子,武器,拒逆之斗,-,
"133","烛龙殿","25人英雄",千秋子,武器,诛水,-,
"133","烛龙殿","25人英雄",千秋子,武器,冷涵空翠,-,
"133","烛龙殿","25人英雄",千秋子,武器,常荣,-,
"133","烛龙殿","25人英雄",千秋子,装备,祯祥,-,
"133","烛龙殿","25人英雄",千秋子宝箱2,装备,祯祥,-,
"133","烛龙殿","25人英雄",千秋子宝箱3,装备,祯祥,-,
"133","烛龙殿","25人英雄",千秋子宝箱4,装备,祯祥,-,
"133","烛龙殿","25人英雄",千秋子宝箱5,装备,祯祥,-,
"133","烛龙殿","25人英雄",千秋子,装备,恭膺,-,
"133","烛龙殿","25人英雄",千秋子宝箱2,装备,恭膺,-,
"133","烛龙殿","25人英雄",千秋子宝箱3,装备,恭膺,-,
"133","烛龙殿","25人英雄",千秋子宝箱4,装备,恭膺,-,
"133","烛龙殿","25人英雄",千秋子,装备,盈血颅器,-,
"133","烛龙殿","25人英雄",千秋子宝箱2,装备,盈血颅器,-,
"133","烛龙殿","25人英雄",千秋子宝箱3,装备,盈血颅器,-,
"133","烛龙殿","25人英雄",千秋子宝箱4,装备,盈血颅器,-,
"133","烛龙殿","25人英雄",千秋子宝箱5,装备,盈血颅器,-,
"133","烛龙殿","25人英雄",千秋子,装备,浩思蓝山,-,
"133","烛龙殿","25人英雄",千秋子宝箱2,装备,浩思蓝山,-,
"133","烛龙殿","25人英雄",千秋子宝箱3,装备,浩思蓝山,-,
"133","烛龙殿","25人英雄",千秋子宝箱4,装备,浩思蓝山,-,
"133","烛龙殿","25人英雄",千秋子宝箱5,装备,浩思蓝山,-,
"133","烛龙殿","25人英雄",千秋子,装备,天齐,-,
"133","烛龙殿","25人英雄",千秋子宝箱2,装备,天齐,-,
"133","烛龙殿","25人英雄",千秋子宝箱3,装备,天齐,-,
"133","烛龙殿","25人英雄",千秋子宝箱4,装备,天齐,-,
"133","烛龙殿","25人英雄",千秋子宝箱5,装备,天齐,-,
"133","烛龙殿","25人英雄",千秋子宝箱2,装备,抗旌,-,
"133","烛龙殿","25人英雄",千秋子宝箱3,装备,抗旌,-,
"133","烛龙殿","25人英雄",千秋子宝箱4,装备,抗旌,-,
"133","烛龙殿","25人英雄",千秋子宝箱5,装备,抗旌,-,
"133","烛龙殿","25人英雄",千秋子,装备,鲸鲵目,-,
"133","烛龙殿","25人英雄",千秋子宝箱1,装备,鲸鲵目,-,
"133","烛龙殿","25人英雄",千秋子宝箱2,装备,鲸鲵目,-,
"133","烛龙殿","25人英雄",千秋子宝箱3,装备,鲸鲵目,-,
"133","烛龙殿","25人英雄",千秋子宝箱4,装备,鲸鲵目,-,
"133","烛龙殿","25人英雄",千秋子宝箱5,装备,鲸鲵目,-,
"133","烛龙殿","25人英雄",千秋子,装备,赤虬狂风冠,-,
"133","烛龙殿","25人英雄",千秋子宝箱1,装备,赤虬狂风冠,-,
"133","烛龙殿","25人英雄",千秋子宝箱2,装备,赤虬狂风冠,-,
"133","烛龙殿","25人英雄",千秋子宝箱3,装备,赤虬狂风冠,-,
"133","烛龙殿","25人英雄",千秋子宝箱4,装备,赤虬狂风冠,-,
"133","烛龙殿","25人英雄",千秋子,装备,万窍寒号,-,
"133","烛龙殿","25人英雄",千秋子宝箱1,装备,万窍寒号,-,
"133","烛龙殿","25人英雄",千秋子宝箱2,装备,万窍寒号,-,
"133","烛龙殿","25人英雄",千秋子宝箱3,装备,万窍寒号,-,
"133","烛龙殿","25人英雄",千秋子宝箱4,装备,万窍寒号,-,
"133","烛龙殿","25人英雄",千秋子宝箱5,装备,万窍寒号,-,
"133","烛龙殿","25人英雄",千秋子,装备,烈风空来,-,
"133","烛龙殿","25人英雄",千秋子宝箱1,装备,烈风空来,-,
"133","烛龙殿","25人英雄",千秋子宝箱2,装备,烈风空来,-,
"133","烛龙殿","25人英雄",千秋子宝箱3,装备,烈风空来,-,
"133","烛龙殿","25人英雄",千秋子宝箱4,装备,烈风空来,-,
"133","烛龙殿","25人英雄",千秋子宝箱5,装备,烈风空来,-,
"133","烛龙殿","25人英雄",千秋子,装备,折馨遗思,-,
"133","烛龙殿","25人英雄",千秋子宝箱1,装备,折馨遗思,-,
"133","烛龙殿","25人英雄",千秋子宝箱2,装备,折馨遗思,-,
"133","烛龙殿","25人英雄",千秋子宝箱4,装备,折馨遗思,-,
"133","烛龙殿","25人英雄",千秋子宝箱5,装备,折馨遗思,-,
"133","烛龙殿","25人英雄",千秋子,装备,魔殿狱颜,-,
"133","烛龙殿","25人英雄",千秋子宝箱1,装备,魔殿狱颜,-,
"133","烛龙殿","25人英雄",千秋子宝箱2,装备,魔殿狱颜,-,
"133","烛龙殿","25人英雄",千秋子宝箱3,装备,魔殿狱颜,-,
"133","烛龙殿","25人英雄",千秋子宝箱4,装备,魔殿狱颜,-,
"133","烛龙殿","25人英雄",千秋子宝箱5,装备,魔殿狱颜,-,
"133","烛龙殿","25人英雄",千秋子,装备,行山裤,-,
"133","烛龙殿","25人英雄",千秋子宝箱3,装备,行山裤,-,
"133","烛龙殿","25人英雄",千秋子,装备,晴鸣裤,-,
"133","烛龙殿","25人英雄",千秋子宝箱3,装备,晴鸣裤,-,
"133","烛龙殿","25人英雄",千秋子宝箱5,装备,晴鸣裤,-,
"133","烛龙殿","25人英雄",千秋子,装备,潜灯裤,-,
"133","烛龙殿","25人英雄",千秋子宝箱3,装备,潜灯裤,-,
"133","烛龙殿","25人英雄",千秋子,装备,敛遇裤,-,
"133","烛龙殿","25人英雄",千秋子宝箱3,装备,敛遇裤,-,
"133","烛龙殿","25人英雄",千秋子宝箱5,装备,敛遇裤,-,
"133","烛龙殿","25人英雄",千秋子,装备,沽谋裤,-,
"133","烛龙殿","25人英雄",千秋子宝箱3,装备,沽谋裤,-,
"133","烛龙殿","25人英雄",千秋子,装备,望心裤,-,
"133","烛龙殿","25人英雄",千秋子宝箱3,装备,望心裤,-,
"133","烛龙殿","25人英雄",千秋子宝箱5,装备,望心裤,-,
"133","烛龙殿","25人英雄",千秋子,装备,泷负裤,-,
"133","烛龙殿","25人英雄",千秋子宝箱3,装备,泷负裤,-,
"133","烛龙殿","25人英雄",千秋子宝箱5,装备,泷负裤,-,
"133","烛龙殿","25人英雄",千秋子,装备,臻商裤,-,
"133","烛龙殿","25人英雄",千秋子宝箱3,装备,臻商裤,-,
"133","烛龙殿","25人英雄",千秋子,装备,生趾裤,-,
"133","烛龙殿","25人英雄",千秋子宝箱3,装备,生趾裤,-,
"133","烛龙殿","25人英雄",千秋子宝箱5,装备,生趾裤,-,
"133","烛龙殿","25人英雄",千秋子,装备,笺兮裤,-,
"133","烛龙殿","25人英雄",千秋子宝箱3,装备,笺兮裤,-,
"133","烛龙殿","25人英雄",千秋子,装备,回客裤,-,
"133","烛龙殿","25人英雄",千秋子宝箱3,装备,回客裤,-,
"133","烛龙殿","25人英雄",千秋子宝箱5,装备,回客裤,-,
"133","烛龙殿","25人英雄",千秋子,装备,南蘅裤,-,
"133","烛龙殿","25人英雄",千秋子,饰品,摄心凌魄,-,
"133","烛龙殿","25人英雄",千秋子宝箱5,武器,呵佛招祸,-,
"133","烛龙殿","25人英雄",千秋子宝箱5,武器,纳忠谏,-,
"133","烛龙殿","25人英雄",千秋子,武器,天澄藻镜,-,
"133","烛龙殿","25人英雄",千秋子宝箱5,装备,恭膺,-,
"133","烛龙殿","25人英雄",千秋子,装备,抗旌,-,
"133","烛龙殿","25人英雄",千秋子宝箱5,装备,赤虬狂风冠,-,
"133","烛龙殿","25人英雄",千秋子宝箱3,装备,折馨遗思,-,
"133","烛龙殿","25人英雄",千秋子宝箱2,装备,行山裤,-,
"133","烛龙殿","25人英雄",千秋子宝箱5,装备,行山裤,-,
"133","烛龙殿","25人英雄",千秋子宝箱2,装备,晴鸣裤,-,
"133","烛龙殿","25人英雄",千秋子宝箱2,装备,潜灯裤,-,
"133","烛龙殿","25人英雄",千秋子宝箱4,装备,潜灯裤,-,
"133","烛龙殿","25人英雄",千秋子宝箱5,装备,潜灯裤,-,
"133","烛龙殿","25人英雄",千秋子宝箱2,装备,敛遇裤,-,
"133","烛龙殿","25人英雄",千秋子,饰品,踏炎头饰,-,
"133","烛龙殿","25人英雄",千秋子宝箱2,装备,沽谋裤,-,
"133","烛龙殿","25人英雄",千秋子宝箱5,装备,沽谋裤,-,
"133","烛龙殿","25人英雄",千秋子宝箱5,装备,南蘅裤,-,
"133","烛龙殿","25人英雄",千秋子宝箱4,装备,南蘅裤,-,
"133","烛龙殿","25人英雄",千秋子宝箱3,装备,南蘅裤,-,
"133","烛龙殿","25人英雄",千秋子宝箱2,装备,南蘅裤,-,
"133","烛龙殿","25人英雄",千秋子宝箱2,装备,望心裤,-,
"133","烛龙殿","25人英雄",千秋子宝箱2,装备,回客裤,-,
"133","烛龙殿","25人英雄",千秋子宝箱5,装备,笺兮裤,-,
"133","烛龙殿","25人英雄",千秋子,武器,大黑天之怒,-,
"133","烛龙殿","25人英雄",千秋子宝箱2,装备,笺兮裤,-,
"133","烛龙殿","25人英雄",千秋子宝箱3,武器,大黑天之怒,-,
"133","烛龙殿","25人英雄",千秋子宝箱2,装备,生趾裤,-,
"133","烛龙殿","25人英雄",千秋子宝箱4,武器,大黑天之怒,-,
"133","烛龙殿","25人英雄",千秋子宝箱5,装备,臻商裤,-,
"133","烛龙殿","25人英雄",千秋子宝箱5,武器,大黑天之怒,-,
"133","烛龙殿","25人英雄",千秋子宝箱2,装备,臻商裤,-,
"133","烛龙殿","25人英雄",千秋子宝箱2,装备,泷负裤,-,
"133","烛龙殿","25人英雄",千秋子,武器,毗舍离之灭,-,
"133","烛龙殿","25人英雄",千秋子宝箱3,武器,毗舍离之灭,-,
"133","烛龙殿","25人英雄",千秋子宝箱4,武器,毗舍离之灭,-,
"133","烛龙殿","25人英雄",千秋子宝箱5,武器,毗舍离之灭,-,
"133","烛龙殿","25人英雄",千秋子宝箱4,装备,行山裤,-,
"133","烛龙殿","25人英雄",千秋子宝箱4,装备,晴鸣裤,-,
"133","烛龙殿","25人英雄",千秋子,武器,点漆星空,-,
"133","烛龙殿","25人英雄",千秋子宝箱3,武器,点漆星空,-,
"133","烛龙殿","25人英雄",千秋子宝箱4,装备,敛遇裤,-,
"133","烛龙殿","25人英雄",千秋子宝箱4,武器,点漆星空,-,
"133","烛龙殿","25人英雄",千秋子宝箱5,武器,点漆星空,-,
"133","烛龙殿","25人英雄",千秋子宝箱4,装备,沽谋裤,-,
"133","烛龙殿","25人英雄",千秋子宝箱4,装备,望心裤,-,
"133","烛龙殿","25人英雄",千秋子,武器,乌丝醉墨,-,
"133","烛龙殿","25人英雄",千秋子宝箱3,武器,乌丝醉墨,-,
"133","烛龙殿","25人英雄",千秋子宝箱4,武器,乌丝醉墨,-,
"133","烛龙殿","25人英雄",千秋子宝箱5,武器,乌丝醉墨,-,
"133","烛龙殿","25人英雄",千秋子,武器,龙战之殇,-,
"133","烛龙殿","25人英雄",千秋子宝箱3,武器,龙战之殇,-,
"133","烛龙殿","25人英雄",千秋子宝箱4,武器,龙战之殇,-,
"133","烛龙殿","25人英雄",千秋子宝箱5,武器,龙战之殇,-,
"133","烛龙殿","25人英雄",千秋子宝箱4,装备,泷负裤,-,
"133","烛龙殿","25人英雄",千秋子宝箱4,装备,臻商裤,-,
"133","烛龙殿","25人英雄",千秋子宝箱4,装备,生趾裤,-,
"133","烛龙殿","25人英雄",千秋子宝箱4,装备,笺兮裤,-,
"133","烛龙殿","25人英雄",千秋子宝箱4,装备,回客裤,-,
"133","烛龙殿","25人英雄",千秋子,武器,王兵法天,-,
"133","烛龙殿","25人英雄",千秋子宝箱3,武器,王兵法天,-,
"133","烛龙殿","25人英雄",千秋子宝箱4,武器,王兵法天,-,
"133","烛龙殿","25人英雄",千秋子宝箱5,武器,王兵法天,-,
"133","烛龙殿","25人英雄",千秋子,武器,长明烛煌,-,
"133","烛龙殿","25人英雄",千秋子宝箱3,武器,长明烛煌,-,
"133","烛龙殿","25人英雄",千秋子宝箱4,武器,长明烛煌,-,
"133","烛龙殿","25人英雄",千秋子宝箱5,武器,长明烛煌,-,
"133","烛龙殿","25人英雄",千秋子,武器,玄朔宸极,-,
"133","烛龙殿","25人英雄",千秋子宝箱3,武器,玄朔宸极,-,
"133","烛龙殿","25人英雄",千秋子宝箱4,武器,玄朔宸极,-,
"133","烛龙殿","25人英雄",千秋子宝箱5,武器,玄朔宸极,-,
"133","烛龙殿","25人英雄",千秋子,武器,云卷笙歌,-,
"133","烛龙殿","25人英雄",千秋子宝箱3,武器,云卷笙歌,-,
"133","烛龙殿","25人英雄",千秋子宝箱4,武器,云卷笙歌,-,
"133","烛龙殿","25人英雄",千秋子宝箱5,武器,云卷笙歌,-,
"133","烛龙殿","25人英雄",乌蒙贵,饰品,沽谋戒,-,
"133","烛龙殿","25人英雄",乌蒙贵,饰品,望心戒,-,
"133","烛龙殿","25人英雄",乌蒙贵宝箱5,饰品,臻商戒,-,
"133","烛龙殿","25人英雄",乌蒙贵,饰品,笺兮戒,-,
"133","烛龙殿","25人英雄",乌蒙贵宝箱5,饰品,南蘅戒,-,
"133","烛龙殿","25人英雄",乌蒙贵,武器,佛骨之谏,-,
"133","烛龙殿","25人英雄",乌蒙贵,武器,仲昭紫气,-,
"133","烛龙殿","25人英雄",乌蒙贵,武器,望舒灵烛,-,
"133","烛龙殿","25人英雄",乌蒙贵,武器,龙猎,-,
"133","烛龙殿","25人英雄",乌蒙贵,武器,捍城,-,
"133","烛龙殿","25人英雄",乌蒙贵,武器,坤元,-,
"133","烛龙殿","25人英雄",乌蒙贵,武器,曦光,-,
"133","烛龙殿","25人英雄",乌蒙贵,武器,霞姿月韵,-,
"133","烛龙殿","25人英雄",乌蒙贵,武器,冷云荒翠,-,
"133","烛龙殿","25人英雄",乌蒙贵,武器,玄神舞韶光,-,
"133","烛龙殿","25人英雄",乌蒙贵,武器,火舞,-,
"133","烛龙殿","25人英雄",乌蒙贵,武器,长空,-,
"133","烛龙殿","25人英雄",乌蒙贵,武器,金刚,-,
"133","烛龙殿","25人英雄",乌蒙贵,武器,蝎心忘情,-,
"133","烛龙殿","25人英雄",乌蒙贵,武器,八相连珠,-,
"133","烛龙殿","25人英雄",乌蒙贵,武器,抱朴狩天,-,
"133","烛龙殿","25人英雄",乌蒙贵,武器,电赋,-,
"133","烛龙殿","25人英雄",乌蒙贵,武器,岚尘金蛇,-,
"133","烛龙殿","25人英雄",乌蒙贵,装备,藤虹笼彩,-,
"133","烛龙殿","25人英雄",乌蒙贵宝箱3,装备,藤虹笼彩,-,
"133","烛龙殿","25人英雄",乌蒙贵宝箱4,装备,藤虹笼彩,-,
"133","烛龙殿","25人英雄",乌蒙贵宝箱5,装备,藤虹笼彩,-,
"133","烛龙殿","25人英雄",乌蒙贵,装备,墨池照影,-,
"133","烛龙殿","25人英雄",乌蒙贵宝箱2,装备,墨池照影,-,
"133","烛龙殿","25人英雄",乌蒙贵宝箱3,装备,墨池照影,-,
"133","烛龙殿","25人英雄",乌蒙贵宝箱4,装备,墨池照影,-,
"133","烛龙殿","25人英雄",乌蒙贵宝箱5,装备,墨池照影,-,
"133","烛龙殿","25人英雄",乌蒙贵,装备,柘棘腰带,-,
"133","烛龙殿","25人英雄",乌蒙贵宝箱2,装备,柘棘腰带,-,
"133","烛龙殿","25人英雄",乌蒙贵宝箱3,装备,柘棘腰带,-,
"133","烛龙殿","25人英雄",乌蒙贵宝箱4,装备,柘棘腰带,-,
"133","烛龙殿","25人英雄",乌蒙贵宝箱5,装备,柘棘腰带,-,
"133","烛龙殿","25人英雄",乌蒙贵,装备,万象天锁,-,
"133","烛龙殿","25人英雄",乌蒙贵宝箱2,装备,万象天锁,-,
"133","烛龙殿","25人英雄",乌蒙贵宝箱4,装备,万象天锁,-,
"133","烛龙殿","25人英雄",乌蒙贵宝箱5,装备,万象天锁,-,
"133","烛龙殿","25人英雄",乌蒙贵,装备,沦浪古歌,-,
"133","烛龙殿","25人英雄",乌蒙贵宝箱2,装备,沦浪古歌,-,
"133","烛龙殿","25人英雄",乌蒙贵宝箱3,装备,沦浪古歌,-,
"133","烛龙殿","25人英雄",乌蒙贵宝箱4,装备,沦浪古歌,-,
"133","烛龙殿","25人英雄",乌蒙贵宝箱5,装备,沦浪古歌,-,
"133","烛龙殿","25人英雄",乌蒙贵,装备,恪忠之烈,-,
"133","烛龙殿","25人英雄",乌蒙贵宝箱2,装备,恪忠之烈,-,
"133","烛龙殿","25人英雄",乌蒙贵宝箱3,装备,恪忠之烈,-,
"133","烛龙殿","25人英雄",乌蒙贵宝箱4,装备,恪忠之烈,-,
"133","烛龙殿","25人英雄",乌蒙贵宝箱5,装备,恪忠之烈,-,
"133","烛龙殿","25人英雄",乌蒙贵,装备,烈火桑衣,-,
"133","烛龙殿","25人英雄",乌蒙贵宝箱2,装备,烈火桑衣,-,
"133","烛龙殿","25人英雄",乌蒙贵宝箱3,装备,烈火桑衣,-,
"133","烛龙殿","25人英雄",乌蒙贵宝箱4,装备,烈火桑衣,-,
"133","烛龙殿","25人英雄",乌蒙贵宝箱5,装备,烈火桑衣,-,
"133","烛龙殿","25人英雄",乌蒙贵,装备,铄懿渊积,-,
"133","烛龙殿","25人英雄",乌蒙贵宝箱1,装备,铄懿渊积,-,
"133","烛龙殿","25人英雄",乌蒙贵宝箱2,装备,铄懿渊积,-,
"133","烛龙殿","25人英雄",乌蒙贵宝箱3,装备,铄懿渊积,-,
"133","烛龙殿","25人英雄",乌蒙贵宝箱4,装备,铄懿渊积,-,
"133","烛龙殿","25人英雄",乌蒙贵宝箱5,装备,铄懿渊积,-,
"133","烛龙殿","25人英雄",乌蒙贵,装备,邃古定光袍,-,
"133","烛龙殿","25人英雄",乌蒙贵宝箱1,装备,邃古定光袍,-,
"133","烛龙殿","25人英雄",乌蒙贵宝箱2,装备,邃古定光袍,-,
"133","烛龙殿","25人英雄",乌蒙贵宝箱3,装备,邃古定光袍,-,
"133","烛龙殿","25人英雄",乌蒙贵宝箱4,装备,邃古定光袍,-,
"133","烛龙殿","25人英雄",乌蒙贵,装备,弥纶无外,-,
"133","烛龙殿","25人英雄",乌蒙贵宝箱1,装备,弥纶无外,-,
"133","烛龙殿","25人英雄",乌蒙贵宝箱2,装备,弥纶无外,-,
"133","烛龙殿","25人英雄",乌蒙贵宝箱3,装备,弥纶无外,-,
"133","烛龙殿","25人英雄",乌蒙贵宝箱4,装备,弥纶无外,-,
"133","烛龙殿","25人英雄",乌蒙贵宝箱5,装备,弥纶无外,-,
"133","烛龙殿","25人英雄",乌蒙贵,装备,玉藻深衣,-,
"133","烛龙殿","25人英雄",乌蒙贵宝箱1,装备,玉藻深衣,-,
"133","烛龙殿","25人英雄",乌蒙贵宝箱2,装备,玉藻深衣,-,
"133","烛龙殿","25人英雄",乌蒙贵宝箱3,装备,玉藻深衣,-,
"133","烛龙殿","25人英雄",乌蒙贵宝箱4,装备,玉藻深衣,-,
"133","烛龙殿","25人英雄",乌蒙贵宝箱5,装备,玉藻深衣,-,
"133","烛龙殿","25人英雄",乌蒙贵,装备,厥罪惟均,-,
"133","烛龙殿","25人英雄",乌蒙贵宝箱1,装备,厥罪惟均,-,
"133","烛龙殿","25人英雄",乌蒙贵宝箱2,装备,厥罪惟均,-,
"133","烛龙殿","25人英雄",乌蒙贵宝箱4,装备,厥罪惟均,-,
"133","烛龙殿","25人英雄",乌蒙贵宝箱5,装备,厥罪惟均,-,
"133","烛龙殿","25人英雄",乌蒙贵,装备,行山护腕,-,
"133","烛龙殿","25人英雄",乌蒙贵,装备,行山护腕,-,
"133","烛龙殿","25人英雄",乌蒙贵宝箱3,装备,行山护腕,-,
"133","烛龙殿","25人英雄",乌蒙贵宝箱4,装备,行山护腕,-,
"133","烛龙殿","25人英雄",乌蒙贵宝箱5,装备,行山护腕,-,
"133","烛龙殿","25人英雄",乌蒙贵,装备,晴鸣护腕,-,
"133","烛龙殿","25人英雄",乌蒙贵,装备,晴鸣护腕,-,
"133","烛龙殿","25人英雄",乌蒙贵宝箱3,装备,晴鸣护腕,-,
"133","烛龙殿","25人英雄",乌蒙贵宝箱4,装备,晴鸣护腕,-,
"133","烛龙殿","25人英雄",乌蒙贵宝箱5,装备,晴鸣护腕,-,
"133","烛龙殿","25人英雄",乌蒙贵,装备,潜灯护腕,-,
"133","烛龙殿","25人英雄",乌蒙贵,装备,潜灯护腕,-,
"133","烛龙殿","25人英雄",乌蒙贵宝箱3,装备,潜灯护腕,-,
"133","烛龙殿","25人英雄",乌蒙贵宝箱4,装备,潜灯护腕,-,
"133","烛龙殿","25人英雄",乌蒙贵,装备,敛遇护腕,-,
"133","烛龙殿","25人英雄",乌蒙贵,装备,敛遇护腕,-,
"133","烛龙殿","25人英雄",乌蒙贵宝箱3,装备,敛遇护腕,-,
"133","烛龙殿","25人英雄",乌蒙贵宝箱4,装备,敛遇护腕,-,
"133","烛龙殿","25人英雄",乌蒙贵宝箱5,装备,敛遇护腕,-,
"133","烛龙殿","25人英雄",乌蒙贵,装备,沽谋护腕,-,
"133","烛龙殿","25人英雄",乌蒙贵宝箱3,装备,沽谋护腕,-,
"133","烛龙殿","25人英雄",乌蒙贵宝箱4,装备,沽谋护腕,-,
"133","烛龙殿","25人英雄",乌蒙贵宝箱5,装备,沽谋护腕,-,
"133","烛龙殿","25人英雄",乌蒙贵,装备,望心护腕,-,
"133","烛龙殿","25人英雄",乌蒙贵,装备,望心护腕,-,
"133","烛龙殿","25人英雄",乌蒙贵宝箱3,装备,望心护腕,-,
"133","烛龙殿","25人英雄",乌蒙贵宝箱4,装备,望心护腕,-,
"133","烛龙殿","25人英雄",乌蒙贵宝箱5,装备,望心护腕,-,
"133","烛龙殿","25人英雄",乌蒙贵,装备,行山腰带,-,
"133","烛龙殿","25人英雄",乌蒙贵宝箱3,装备,行山腰带,-,
"133","烛龙殿","25人英雄",乌蒙贵宝箱4,装备,行山腰带,-,
"133","烛龙殿","25人英雄",乌蒙贵宝箱5,装备,行山腰带,-,
"133","烛龙殿","25人英雄",乌蒙贵,装备,晴鸣腰带,-,
"133","烛龙殿","25人英雄",乌蒙贵,装备,晴鸣腰带,-,
"133","烛龙殿","25人英雄",乌蒙贵宝箱3,装备,晴鸣腰带,-,
"133","烛龙殿","25人英雄",乌蒙贵宝箱4,装备,晴鸣腰带,-,
"133","烛龙殿","25人英雄",乌蒙贵宝箱5,装备,晴鸣腰带,-,
"133","烛龙殿","25人英雄",乌蒙贵,装备,潜灯腰带,-,
"133","烛龙殿","25人英雄",乌蒙贵宝箱3,装备,潜灯腰带,-,
"133","烛龙殿","25人英雄",乌蒙贵宝箱5,装备,潜灯腰带,-,
"133","烛龙殿","25人英雄",乌蒙贵,装备,敛遇腰带,-,
"133","烛龙殿","25人英雄",乌蒙贵宝箱5,装备,敛遇腰带,-,
"133","烛龙殿","25人英雄",乌蒙贵,装备,沽谋腰带,-,
"133","烛龙殿","25人英雄",乌蒙贵宝箱3,装备,沽谋腰带,-,
"133","烛龙殿","25人英雄",乌蒙贵宝箱5,装备,沽谋腰带,-,
"133","烛龙殿","25人英雄",乌蒙贵,装备,望心腰带,-,
"133","烛龙殿","25人英雄",乌蒙贵宝箱3,装备,望心腰带,-,
"133","烛龙殿","25人英雄",乌蒙贵宝箱5,装备,望心腰带,-,
"133","烛龙殿","25人英雄",乌蒙贵,装备,行山裤,-,
"133","烛龙殿","25人英雄",乌蒙贵,装备,晴鸣裤,-,
"133","烛龙殿","25人英雄",乌蒙贵,装备,潜灯裤,-,
"133","烛龙殿","25人英雄",乌蒙贵,装备,敛遇裤,-,
"133","烛龙殿","25人英雄",乌蒙贵,装备,沽谋裤,-,
"133","烛龙殿","25人英雄",乌蒙贵,装备,望心裤,-,
"133","烛龙殿","25人英雄",乌蒙贵,装备,泷负护腕,-,
"133","烛龙殿","25人英雄",乌蒙贵宝箱4,装备,泷负护腕,-,
"133","烛龙殿","25人英雄",乌蒙贵,装备,臻商护腕,-,
"133","烛龙殿","25人英雄",乌蒙贵宝箱4,装备,臻商护腕,-,
"133","烛龙殿","25人英雄",乌蒙贵,装备,生趾护腕,-,
"133","烛龙殿","25人英雄",乌蒙贵宝箱4,装备,生趾护腕,-,
"133","烛龙殿","25人英雄",乌蒙贵宝箱4,装备,笺兮护腕,-,
"133","烛龙殿","25人英雄",乌蒙贵,装备,回客护腕,-,
"133","烛龙殿","25人英雄",乌蒙贵宝箱4,装备,回客护腕,-,
"133","烛龙殿","25人英雄",乌蒙贵,装备,南蘅护腕,-,
"133","烛龙殿","25人英雄",乌蒙贵宝箱4,装备,南蘅护腕,-,
"133","烛龙殿","25人英雄",乌蒙贵,装备,泷负腰带,-,
"133","烛龙殿","25人英雄",乌蒙贵宝箱3,装备,泷负腰带,-,
"133","烛龙殿","25人英雄",乌蒙贵宝箱5,装备,泷负腰带,-,
"133","烛龙殿","25人英雄",乌蒙贵,装备,臻商腰带,-,
"133","烛龙殿","25人英雄",乌蒙贵宝箱3,装备,臻商腰带,-,
"133","烛龙殿","25人英雄",乌蒙贵宝箱5,装备,臻商腰带,-,
"133","烛龙殿","25人英雄",乌蒙贵,装备,生趾腰带,-,
"133","烛龙殿","25人英雄",乌蒙贵宝箱3,装备,生趾腰带,-,
"133","烛龙殿","25人英雄",乌蒙贵,装备,笺兮腰带,-,
"133","烛龙殿","25人英雄",乌蒙贵宝箱3,装备,笺兮腰带,-,
"133","烛龙殿","25人英雄",乌蒙贵宝箱5,装备,笺兮腰带,-,
"133","烛龙殿","25人英雄",乌蒙贵宝箱3,装备,回客腰带,-,
"133","烛龙殿","25人英雄",乌蒙贵宝箱5,装备,回客腰带,-,
"133","烛龙殿","25人英雄",乌蒙贵,装备,南蘅腰带,-,
"133","烛龙殿","25人英雄",乌蒙贵宝箱3,装备,南蘅腰带,-,
"133","烛龙殿","25人英雄",乌蒙贵宝箱5,装备,南蘅腰带,-,
"133","烛龙殿","25人英雄",乌蒙贵,装备,泷负裤,-,
"133","烛龙殿","25人英雄",乌蒙贵,装备,臻商裤,-,
"133","烛龙殿","25人英雄",乌蒙贵,装备,生趾裤,-,
"133","烛龙殿","25人英雄",乌蒙贵,装备,笺兮裤,-,
"133","烛龙殿","25人英雄",乌蒙贵,装备,回客裤,-,
"133","烛龙殿","25人英雄",乌蒙贵,装备,南蘅裤,-,
"133","烛龙殿","25人英雄",乌蒙贵,饰品,九幻黑莲,-,
"133","烛龙殿","25人英雄",乌蒙贵,饰品,夏初临·深宵余梦,-,
"133","烛龙殿","25人英雄",乌蒙贵,饰品,行山戒,-,
"133","烛龙殿","25人英雄",乌蒙贵宝箱5,饰品,行山戒,-,
"133","烛龙殿","25人英雄",乌蒙贵,饰品,晴鸣戒,-,
"133","烛龙殿","25人英雄",乌蒙贵宝箱5,饰品,潜灯戒,-,
"133","烛龙殿","25人英雄",乌蒙贵,饰品,沽谋戒,-,
"133","烛龙殿","25人英雄",乌蒙贵宝箱5,饰品,沽谋戒,-,
"133","烛龙殿","25人英雄",乌蒙贵,饰品,望心戒,-,
"133","烛龙殿","25人英雄",乌蒙贵,饰品,泷负戒,-,
"133","烛龙殿","25人英雄",乌蒙贵宝箱5,饰品,泷负戒,-,
"133","烛龙殿","25人英雄",乌蒙贵,饰品,臻商戒,-,
"133","烛龙殿","25人英雄",乌蒙贵,饰品,生趾戒,-,
"133","烛龙殿","25人英雄",乌蒙贵,饰品,笺兮戒,-,
"133","烛龙殿","25人英雄",乌蒙贵,饰品,回客戒,-,
"133","烛龙殿","25人英雄",乌蒙贵宝箱5,饰品,回客戒,-,
"133","烛龙殿","25人英雄",乌蒙贵,饰品,南蘅戒,-,
"133","烛龙殿","25人英雄",乌蒙贵,饰品,南蘅戒,-,
"133","烛龙殿","25人英雄",乌蒙贵,饰品,回客戒,-,
"133","烛龙殿","25人英雄",乌蒙贵宝箱5,饰品,笺兮戒,-,
"133","烛龙殿","25人英雄",乌蒙贵宝箱5,饰品,生趾戒,-,
"133","烛龙殿","25人英雄",乌蒙贵,饰品,生趾戒,-,
"133","烛龙殿","25人英雄",乌蒙贵,饰品,臻商戒,-,
"133","烛龙殿","25人英雄",乌蒙贵,饰品,泷负戒,-,
"133","烛龙殿","25人英雄",乌蒙贵宝箱5,饰品,望心戒,-,
"133","烛龙殿","25人英雄",乌蒙贵宝箱5,饰品,敛遇戒,-,
"133","烛龙殿","25人英雄",乌蒙贵,饰品,敛遇戒,-,
"133","烛龙殿","25人英雄",乌蒙贵,饰品,敛遇戒,-,
"133","烛龙殿","25人英雄",乌蒙贵,饰品,潜灯戒,-,
"133","烛龙殿","25人英雄",乌蒙贵,饰品,潜灯戒,-,
"133","烛龙殿","25人英雄",乌蒙贵宝箱5,饰品,晴鸣戒,-,
"133","烛龙殿","25人英雄",乌蒙贵宝箱2,装备,藤虹笼彩,-,
"133","烛龙殿","25人英雄",乌蒙贵宝箱3,装备,万象天锁,-,
"133","烛龙殿","25人英雄",乌蒙贵宝箱1,装备,烈火桑衣,-,
"133","烛龙殿","25人英雄",乌蒙贵宝箱5,装备,邃古定光袍,-,
"133","烛龙殿","25人英雄",乌蒙贵宝箱3,装备,厥罪惟均,-,
"133","烛龙殿","25人英雄",乌蒙贵宝箱5,装备,潜灯护腕,-,
"133","烛龙殿","25人英雄",乌蒙贵,装备,沽谋护腕,-,
"133","烛龙殿","25人英雄",乌蒙贵,装备,行山腰带,-,
"133","烛龙殿","25人英雄",乌蒙贵,装备,潜灯腰带,-,
"133","烛龙殿","25人英雄",乌蒙贵宝箱3,装备,敛遇腰带,-,
"133","烛龙殿","25人英雄",乌蒙贵宝箱4,装备,敛遇腰带,-,
"133","烛龙殿","25人英雄",乌蒙贵,装备,沽谋腰带,-,
"133","烛龙殿","25人英雄",乌蒙贵宝箱4,装备,望心腰带,-,
"133","烛龙殿","25人英雄",乌蒙贵,装备,行山裤,-,
"133","烛龙殿","25人英雄",乌蒙贵,装备,晴鸣裤,-,
"133","烛龙殿","25人英雄",乌蒙贵,装备,潜灯裤,-,
"133","烛龙殿","25人英雄",乌蒙贵,装备,敛遇裤,-,
"133","烛龙殿","25人英雄",乌蒙贵,装备,沽谋裤,-,
"133","烛龙殿","25人英雄",乌蒙贵,装备,南蘅裤,-,
"133","烛龙殿","25人英雄",乌蒙贵,装备,回客裤,-,
"133","烛龙殿","25人英雄",乌蒙贵,装备,望心裤,-,
"133","烛龙殿","25人英雄",乌蒙贵,装备,笺兮裤,-,
"133","烛龙殿","25人英雄",乌蒙贵,装备,泷负护腕,-,
"133","烛龙殿","25人英雄",乌蒙贵,装备,生趾裤,-,
"133","烛龙殿","25人英雄",乌蒙贵宝箱5,装备,泷负护腕,-,
"133","烛龙殿","25人英雄",乌蒙贵,装备,臻商裤,-,
"133","烛龙殿","25人英雄",乌蒙贵宝箱3,装备,臻商护腕,-,
"133","烛龙殿","25人英雄",乌蒙贵,装备,泷负裤,-,
"133","烛龙殿","25人英雄",乌蒙贵,装备,生趾护腕,-,
"133","烛龙殿","25人英雄",乌蒙贵宝箱5,装备,生趾护腕,-,
"133","烛龙殿","25人英雄",乌蒙贵宝箱4,装备,南蘅腰带,-,
"133","烛龙殿","25人英雄",乌蒙贵,装备,笺兮护腕,-,
"133","烛龙殿","25人英雄",乌蒙贵,装备,笺兮护腕,-,
"133","烛龙殿","25人英雄",乌蒙贵,装备,回客腰带,-,
"133","烛龙殿","25人英雄",乌蒙贵,装备,回客腰带,-,
"133","烛龙殿","25人英雄",乌蒙贵宝箱3,装备,笺兮护腕,-,
"133","烛龙殿","25人英雄",乌蒙贵宝箱4,装备,笺兮腰带,-,
"133","烛龙殿","25人英雄",乌蒙贵,装备,回客护腕,-,
"133","烛龙殿","25人英雄",乌蒙贵宝箱5,装备,生趾腰带,-,
"133","烛龙殿","25人英雄",乌蒙贵宝箱5,装备,回客护腕,-,
"133","烛龙殿","25人英雄",乌蒙贵,装备,生趾腰带,-,
"133","烛龙殿","25人英雄",乌蒙贵宝箱4,装备,臻商腰带,-,
"133","烛龙殿","25人英雄",乌蒙贵宝箱3,装备,南蘅护腕,-,
"133","烛龙殿","25人英雄",乌蒙贵,装备,泷负腰带,-,
"133","烛龙殿","25人英雄",乌蒙贵宝箱4,装备,潜灯腰带,-,
"133","烛龙殿","25人英雄",乌蒙贵,装备,敛遇腰带,-,
"133","烛龙殿","25人英雄",乌蒙贵宝箱4,装备,沽谋腰带,-,
"133","烛龙殿","25人英雄",乌蒙贵,装备,望心腰带,-,
"133","烛龙殿","25人英雄",乌蒙贵宝箱5,装备,行山裤,-,
"133","烛龙殿","25人英雄",乌蒙贵宝箱5,装备,晴鸣裤,-,
"133","烛龙殿","25人英雄",乌蒙贵宝箱5,装备,潜灯裤,-,
"133","烛龙殿","25人英雄",乌蒙贵宝箱5,装备,敛遇裤,-,
"133","烛龙殿","25人英雄",乌蒙贵宝箱5,装备,沽谋裤,-,
"133","烛龙殿","25人英雄",乌蒙贵宝箱5,装备,望心裤,-,
"133","烛龙殿","25人英雄",乌蒙贵宝箱3,装备,泷负护腕,-,
"133","烛龙殿","25人英雄",乌蒙贵,装备,臻商护腕,-,
"133","烛龙殿","25人英雄",乌蒙贵宝箱5,装备,臻商护腕,-,
"133","烛龙殿","25人英雄",乌蒙贵宝箱3,装备,生趾护腕,-,
"133","烛龙殿","25人英雄",乌蒙贵宝箱5,装备,笺兮护腕,-,
"133","烛龙殿","25人英雄",乌蒙贵宝箱3,装备,回客护腕,-,
"133","烛龙殿","25人英雄",乌蒙贵,装备,南蘅护腕,-,
"133","烛龙殿","25人英雄",乌蒙贵宝箱5,装备,南蘅护腕,-,
"133","烛龙殿","25人英雄",乌蒙贵宝箱4,装备,泷负腰带,-,
"133","烛龙殿","25人英雄",乌蒙贵,装备,臻商腰带,-,
"133","烛龙殿","25人英雄",乌蒙贵宝箱4,装备,生趾腰带,-,
"133","烛龙殿","25人英雄",乌蒙贵,装备,笺兮腰带,-,
"133","烛龙殿","25人英雄",乌蒙贵宝箱4,装备,回客腰带,-,
"133","烛龙殿","25人英雄",乌蒙贵,装备,南蘅腰带,-,
"133","烛龙殿","25人英雄",乌蒙贵宝箱5,装备,泷负裤,-,
"133","烛龙殿","25人英雄",乌蒙贵宝箱5,装备,臻商裤,-,
"133","烛龙殿","25人英雄",乌蒙贵宝箱5,装备,生趾裤,-,
"133","烛龙殿","25人英雄",乌蒙贵宝箱5,装备,笺兮裤,-,
"133","烛龙殿","25人英雄",乌蒙贵宝箱5,装备,回客裤,-,
"133","烛龙殿","25人英雄",乌蒙贵宝箱5,装备,南蘅裤,-,
"133","烛龙殿","25人英雄",乌蒙贵,饰品,踏炎鞍饰,-,
"133","烛龙殿","25人英雄",乌蒙贵,饰品,行山戒,-,
"133","烛龙殿","25人英雄",乌蒙贵,饰品,晴鸣戒,-,
"134","烛龙殿","10人普通",胡鞑、武逸青,装备,儒斐护手,-,
"134","烛龙殿","10人普通",胡鞑、武逸青,装备,廉光护手,-,
"134","烛龙殿","10人普通",胡鞑、武逸青,装备,鹤鸣护手,-,
"134","烛龙殿","10人普通",胡鞑、武逸青,装备,琉漪护手,-,
"134","烛龙殿","10人普通",胡鞑、武逸青,装备,蒲越护手,-,
"134","烛龙殿","10人普通",胡鞑、武逸青,装备,庄盟袖,-,
"134","烛龙殿","10人普通",胡鞑、武逸青,装备,初鲤袖,-,
"134","烛龙殿","10人普通",胡鞑、武逸青,装备,玖非袖,-,
"134","烛龙殿","10人普通",胡鞑、武逸青,装备,万侯袖,-,
"134","烛龙殿","10人普通",胡鞑、武逸青,装备,甯衫袖,-,
"134","烛龙殿","10人普通",胡鞑、武逸青,装备,梨刹袖,-,
"134","烛龙殿","10人普通",胡鞑、武逸青,装备,斯楠护手,-,
"134","烛龙殿","10人普通",陆寻宝箱1,装备,琉漪裤,-,
"134","烛龙殿","10人普通",陆寻宝箱1,饰品,鹤鸣戒,-,
"134","烛龙殿","10人普通",陆寻,装备,蒲越裤,-,
"134","烛龙殿","10人普通",陆寻宝箱1,饰品,琉漪戒,-,
"134","烛龙殿","10人普通",陆寻宝箱1,装备,蒲越裤,-,
"134","烛龙殿","10人普通",陆寻宝箱1,装备,蒲越裤,-,
"134","烛龙殿","10人普通",陆寻宝箱1,饰品,蒲越戒,-,
"134","烛龙殿","10人普通",陆寻,饰品,梨刹指环,-,
"134","烛龙殿","10人普通",陆寻宝箱1,装备,玖非护腿,-,
"134","烛龙殿","10人普通",陆寻,装备,梨刹护腿,-,
"134","烛龙殿","10人普通",陆寻,饰品,甯衫指环,-,
"134","烛龙殿","10人普通",陆寻,饰品,万侯指环,-,
"134","烛龙殿","10人普通",陆寻,饰品,庄盟指环,-,
"134","烛龙殿","10人普通",陆寻宝箱1,装备,初鲤护腿,-,
"134","烛龙殿","10人普通",陆寻,饰品,玖非指环,-,
"134","烛龙殿","10人普通",陆寻宝箱1,装备,初鲤护腿,-,
"134","烛龙殿","10人普通",陆寻,装备,玖非护腿,-,
"134","烛龙殿","10人普通",陆寻宝箱1,装备,梨刹护腿,-,
"134","烛龙殿","10人普通",陆寻宝箱1,装备,庄盟护腿,-,
"134","烛龙殿","10人普通",陆寻,饰品,廉光戒,-,
"134","烛龙殿","10人普通",陆寻,饰品,初鲤指环,-,
"134","烛龙殿","10人普通",陆寻宝箱1,装备,玖非护腿,-,
"134","烛龙殿","10人普通",陆寻,装备,庄盟护腿,-,
"134","烛龙殿","10人普通",陆寻宝箱1,装备,庄盟护腿,-,
"134","烛龙殿","10人普通",陆寻,装备,万侯护腿,-,
"134","烛龙殿","10人普通",陆寻宝箱1,装备,万侯护腿,-,
"134","烛龙殿","10人普通",陆寻宝箱1,装备,万侯护腿,-,
"134","烛龙殿","10人普通",陆寻,饰品,蒲越戒,-,
"134","烛龙殿","10人普通",陆寻,饰品,琉漪戒,-,
"134","烛龙殿","10人普通",陆寻宝箱1,装备,甯衫护腿,-,
"134","烛龙殿","10人普通",陆寻,饰品,鹤鸣戒,-,
"134","烛龙殿","10人普通",陆寻宝箱1,装备,甯衫护腿,-,
"134","烛龙殿","10人普通",陆寻宝箱1,装备,梨刹护腿,-,
"134","烛龙殿","10人普通",陆寻宝箱1,饰品,初鲤指环,-,
"134","烛龙殿","10人普通",陆寻,饰品,儒斐戒,-,
"134","烛龙殿","10人普通",陆寻,装备,斯楠裤,-,
"134","烛龙殿","10人普通",陆寻,装备,甯衫护腿,-,
"134","烛龙殿","10人普通",陆寻,饰品,斯楠戒,-,
"134","烛龙殿","10人普通",陆寻宝箱1,装备,斯楠裤,-,
"134","烛龙殿","10人普通",陆寻宝箱1,饰品,玖非指环,-,
"134","烛龙殿","10人普通",陆寻宝箱1,装备,斯楠裤,-,
"134","烛龙殿","10人普通",陆寻,装备,儒斐裤,-,
"134","烛龙殿","10人普通",陆寻宝箱1,饰品,庄盟指环,-,
"134","烛龙殿","10人普通",陆寻宝箱1,装备,儒斐裤,-,
"134","烛龙殿","10人普通",陆寻宝箱1,装备,儒斐裤,-,
"134","烛龙殿","10人普通",陆寻宝箱1,饰品,万侯指环,-,
"134","烛龙殿","10人普通",陆寻,装备,廉光裤,-,
"134","烛龙殿","10人普通",陆寻宝箱1,装备,廉光裤,-,
"134","烛龙殿","10人普通",陆寻宝箱1,饰品,斯楠戒,-,
"134","烛龙殿","10人普通",陆寻宝箱1,饰品,甯衫指环,-,
"134","烛龙殿","10人普通",陆寻宝箱1,装备,廉光裤,-,
"134","烛龙殿","10人普通",陆寻,装备,初鲤护腿,-,
"134","烛龙殿","10人普通",陆寻,装备,鹤鸣裤,-,
"134","烛龙殿","10人普通",陆寻宝箱1,饰品,儒斐戒,-,
"134","烛龙殿","10人普通",陆寻宝箱1,饰品,梨刹指环,-,
"134","烛龙殿","10人普通",陆寻宝箱1,装备,鹤鸣裤,-,
"134","烛龙殿","10人普通",陆寻宝箱1,装备,鹤鸣裤,-,
"134","烛龙殿","10人普通",陆寻宝箱1,饰品,廉光戒,-,
"134","烛龙殿","10人普通",陆寻,装备,琉漪裤,-,
"134","烛龙殿","10人普通",陆寻宝箱1,装备,琉漪裤,-,
"134","烛龙殿","10人普通",南之雷神,装备,斯楠帽,-,
"134","烛龙殿","10人普通",南之雷神宝箱1,装备,斯楠帽,-,
"134","烛龙殿","10人普通",南之雷神宝箱2,装备,初鲤冠,-,
"134","烛龙殿","10人普通",南之雷神宝箱2,装备,斯楠帽,-,
"134","烛龙殿","10人普通",南之雷神,装备,儒斐帽,-,
"134","烛龙殿","10人普通",南之雷神宝箱1,装备,儒斐帽,-,
"134","烛龙殿","10人普通",南之雷神宝箱2,装备,儒斐帽,-,
"134","烛龙殿","10人普通",南之雷神,饰品,斯楠坠,-,
"134","烛龙殿","10人普通",南之雷神,饰品,廉光坠,-,
"134","烛龙殿","10人普通",南之雷神,装备,廉光帽,-,
"134","烛龙殿","10人普通",南之雷神宝箱1,装备,廉光帽,-,
"134","烛龙殿","10人普通",南之雷神宝箱2,饰品,初鲤佩,-,
"134","烛龙殿","10人普通",南之雷神宝箱2,饰品,梨刹佩,-,
"134","烛龙殿","10人普通",南之雷神,饰品,甯衫佩,-,
"134","烛龙殿","10人普通",南之雷神,饰品,玖非佩,-,
"134","烛龙殿","10人普通",南之雷神宝箱2,装备,廉光帽,-,
"134","烛龙殿","10人普通",南之雷神宝箱2,饰品,玖非佩,-,
"134","烛龙殿","10人普通",南之雷神,装备,鹤鸣帽,-,
"134","烛龙殿","10人普通",南之雷神宝箱2,饰品,庄盟佩,-,
"134","烛龙殿","10人普通",南之雷神,饰品,庄盟佩,-,
"134","烛龙殿","10人普通",南之雷神,饰品,初鲤佩,-,
"134","烛龙殿","10人普通",南之雷神,饰品,万侯佩,-,
"134","烛龙殿","10人普通",南之雷神宝箱1,装备,鹤鸣帽,-,
"134","烛龙殿","10人普通",南之雷神宝箱2,饰品,万侯佩,-,
"134","烛龙殿","10人普通",南之雷神宝箱2,装备,鹤鸣帽,-,
"134","烛龙殿","10人普通",南之雷神宝箱2,饰品,甯衫佩,-,
"134","烛龙殿","10人普通",南之雷神,装备,琉漪帽,-,
"134","烛龙殿","10人普通",南之雷神,饰品,梨刹佩,-,
"134","烛龙殿","10人普通",南之雷神宝箱1,装备,琉漪帽,-,
"134","烛龙殿","10人普通",南之雷神,装备,初鲤冠,-,
"134","烛龙殿","10人普通",南之雷神宝箱2,装备,琉漪帽,-,
"134","烛龙殿","10人普通",南之雷神宝箱1,装备,初鲤冠,-,
"134","烛龙殿","10人普通",南之雷神宝箱2,饰品,蒲越坠,-,
"134","烛龙殿","10人普通",南之雷神,装备,蒲越帽,-,
"134","烛龙殿","10人普通",南之雷神,装备,玖非冠,-,
"134","烛龙殿","10人普通",南之雷神宝箱2,饰品,斯楠坠,-,
"134","烛龙殿","10人普通",南之雷神,饰品,琉漪坠,-,
"134","烛龙殿","10人普通",南之雷神宝箱1,装备,玖非冠,-,
"134","烛龙殿","10人普通",南之雷神,饰品,儒斐坠,-,
"134","烛龙殿","10人普通",南之雷神宝箱1,装备,蒲越帽,-,
"134","烛龙殿","10人普通",南之雷神宝箱2,装备,玖非冠,-,
"134","烛龙殿","10人普通",南之雷神宝箱2,饰品,儒斐坠,-,
"134","烛龙殿","10人普通",南之雷神宝箱2,装备,蒲越帽,-,
"134","烛龙殿","10人普通",南之雷神宝箱1,装备,庄盟冠,-,
"134","烛龙殿","10人普通",南之雷神宝箱2,饰品,廉光坠,-,
"134","烛龙殿","10人普通",南之雷神宝箱2,装备,庄盟冠,-,
"134","烛龙殿","10人普通",南之雷神,饰品,鹤鸣坠,-,
"134","烛龙殿","10人普通",南之雷神,装备,万侯冠,-,
"134","烛龙殿","10人普通",南之雷神宝箱2,饰品,鹤鸣坠,-,
"134","烛龙殿","10人普通",南之雷神宝箱2,装备,万侯冠,-,
"134","烛龙殿","10人普通",南之雷神宝箱2,饰品,琉漪坠,-,
"134","烛龙殿","10人普通",南之雷神,装备,甯衫冠,-,
"134","烛龙殿","10人普通",南之雷神,饰品,蒲越坠,-,
"134","烛龙殿","10人普通",南之雷神,装备,梨刹冠,-,
"134","烛龙殿","10人普通",南之雷神宝箱2,装备,甯衫冠,-,
"134","烛龙殿","10人普通",南之雷神宝箱1,装备,甯衫冠,-,
"134","烛龙殿","10人普通",南之雷神宝箱1,装备,万侯冠,-,
"134","烛龙殿","10人普通",南之雷神,装备,庄盟冠,-,
"134","烛龙殿","10人普通",南之雷神宝箱1,装备,梨刹冠,-,
"134","烛龙殿","10人普通",南之雷神宝箱2,装备,梨刹冠,-,
"134","烛龙殿","10人普通",醉蛛老人宝箱1,装备,斯楠靴,-,
"134","烛龙殿","10人普通",醉蛛老人,装备,玖非履,-,
"134","烛龙殿","10人普通",醉蛛老人宝箱1,装备,玖非履,-,
"134","烛龙殿","10人普通",醉蛛老人宝箱1,装备,斯楠靴,-,
"134","烛龙殿","10人普通",醉蛛老人宝箱1,装备,玖非履,-,
"134","烛龙殿","10人普通",醉蛛老人,装备,儒斐靴,-,
"134","烛龙殿","10人普通",醉蛛老人宝箱1,装备,庄盟履,-,
"134","烛龙殿","10人普通",醉蛛老人宝箱1,装备,初鲤履,-,
"134","烛龙殿","10人普通",醉蛛老人宝箱1,装备,庄盟履,-,
"134","烛龙殿","10人普通",醉蛛老人宝箱1,装备,儒斐靴,-,
"134","烛龙殿","10人普通",醉蛛老人,装备,万侯履,-,
"134","烛龙殿","10人普通",醉蛛老人宝箱1,装备,儒斐靴,-,
"134","烛龙殿","10人普通",醉蛛老人宝箱1,装备,万侯履,-,
"134","烛龙殿","10人普通",醉蛛老人宝箱1,饰品,初鲤护颈,-,
"134","烛龙殿","10人普通",醉蛛老人,装备,甯衫履,-,
"134","烛龙殿","10人普通",醉蛛老人,饰品,玖非护颈,-,
"134","烛龙殿","10人普通",醉蛛老人,装备,廉光靴,-,
"134","烛龙殿","10人普通",醉蛛老人宝箱1,装备,甯衫履,-,
"134","烛龙殿","10人普通",醉蛛老人宝箱1,饰品,玖非护颈,-,
"134","烛龙殿","10人普通",醉蛛老人宝箱1,装备,廉光靴,-,
"134","烛龙殿","10人普通",醉蛛老人,装备,梨刹履,-,
"134","烛龙殿","10人普通",醉蛛老人宝箱1,饰品,庄盟护颈,-,
"134","烛龙殿","10人普通",醉蛛老人宝箱1,饰品,鹤鸣链,-,
"134","烛龙殿","10人普通",醉蛛老人宝箱1,装备,梨刹履,-,
"134","烛龙殿","10人普通",醉蛛老人,饰品,万侯护颈,-,
"134","烛龙殿","10人普通",醉蛛老人宝箱1,装备,廉光靴,-,
"134","烛龙殿","10人普通",醉蛛老人,装备,鹤鸣靴,-,
"134","烛龙殿","10人普通",醉蛛老人宝箱1,饰品,甯衫护颈,-,
"134","烛龙殿","10人普通",醉蛛老人,饰品,梨刹护颈,-,
"134","烛龙殿","10人普通",醉蛛老人宝箱1,装备,鹤鸣靴,-,
"134","烛龙殿","10人普通",醉蛛老人宝箱1,饰品,梨刹护颈,-,
"134","烛龙殿","10人普通",醉蛛老人宝箱1,装备,鹤鸣靴,-,
"134","烛龙殿","10人普通",醉蛛老人,装备,琉漪靴,-,
"134","烛龙殿","10人普通",醉蛛老人宝箱1,装备,琉漪靴,-,
"134","烛龙殿","10人普通",醉蛛老人宝箱1,饰品,斯楠链,-,
"134","烛龙殿","10人普通",醉蛛老人宝箱1,饰品,万侯护颈,-,
"134","烛龙殿","10人普通",醉蛛老人,饰品,甯衫护颈,-,
"134","烛龙殿","10人普通",醉蛛老人,饰品,儒斐链,-,
"134","烛龙殿","10人普通",醉蛛老人宝箱1,装备,琉漪靴,-,
"134","烛龙殿","10人普通",醉蛛老人宝箱1,饰品,儒斐链,-,
"134","烛龙殿","10人普通",醉蛛老人,饰品,庄盟护颈,-,
"134","烛龙殿","10人普通",醉蛛老人,饰品,初鲤护颈,-,
"134","烛龙殿","10人普通",醉蛛老人,装备,蒲越靴,-,
"134","烛龙殿","10人普通",醉蛛老人宝箱1,饰品,廉光链,-,
"134","烛龙殿","10人普通",醉蛛老人,饰品,鹤鸣链,-,
"134","烛龙殿","10人普通",醉蛛老人宝箱1,装备,蒲越靴,-,
"134","烛龙殿","10人普通",醉蛛老人宝箱1,饰品,琉漪链,-,
"134","烛龙殿","10人普通",醉蛛老人宝箱1,装备,初鲤履,-,
"134","烛龙殿","10人普通",醉蛛老人,饰品,蒲越链,-,
"134","烛龙殿","10人普通",醉蛛老人宝箱1,饰品,蒲越链,-,
"134","烛龙殿","10人普通",醉蛛老人,装备,庄盟履,-,
"134","烛龙殿","10人普通",醉蛛老人,饰品,琉漪链,-,
"134","烛龙殿","10人普通",醉蛛老人,饰品,廉光链,-,
"134","烛龙殿","10人普通",醉蛛老人,饰品,斯楠链,-,
"134","烛龙殿","10人普通",醉蛛老人宝箱1,装备,梨刹履,-,
"134","烛龙殿","10人普通",醉蛛老人宝箱1,装备,甯衫履,-,
"134","烛龙殿","10人普通",醉蛛老人宝箱1,装备,万侯履,-,
"134","烛龙殿","10人普通",醉蛛老人,装备,初鲤履,-,
"134","烛龙殿","10人普通",醉蛛老人宝箱1,装备,蒲越靴,-,
"134","烛龙殿","10人普通",醉蛛老人,装备,斯楠靴,-,
"134","烛龙殿","10人普通",索笛尔宝箱2,装备,蒲越腰带,-,
"134","烛龙殿","10人普通",索笛尔宝箱2,装备,梨刹束带,-,
"134","烛龙殿","10人普通",索笛尔,装备,初鲤束带,-,
"134","烛龙殿","10人普通",索笛尔宝箱2,装备,庄盟束带,-,
"134","烛龙殿","10人普通",索笛尔,装备,斯楠腰带,-,
"134","烛龙殿","10人普通",索笛尔宝箱1,装备,斯楠腰带,-,
"134","烛龙殿","10人普通",索笛尔,装备,儒斐腰带,-,
"134","烛龙殿","10人普通",索笛尔,装备,玖非束带,-,
"134","烛龙殿","10人普通",索笛尔,装备,甯衫束带,-,
"134","烛龙殿","10人普通",索笛尔宝箱1,装备,儒斐腰带,-,
"134","烛龙殿","10人普通",索笛尔宝箱2,装备,儒斐腰带,-,
"134","烛龙殿","10人普通",索笛尔,装备,廉光腰带,-,
"134","烛龙殿","10人普通",索笛尔宝箱1,装备,廉光腰带,-,
"134","烛龙殿","10人普通",索笛尔宝箱2,装备,廉光腰带,-,
"134","烛龙殿","10人普通",索笛尔,装备,鹤鸣腰带,-,
"134","烛龙殿","10人普通",索笛尔宝箱1,装备,初鲤束带,-,
"134","烛龙殿","10人普通",索笛尔宝箱1,装备,玖非束带,-,
"134","烛龙殿","10人普通",索笛尔宝箱2,装备,初鲤束带,-,
"134","烛龙殿","10人普通",索笛尔宝箱1,装备,鹤鸣腰带,-,
"134","烛龙殿","10人普通",索笛尔宝箱2,装备,鹤鸣腰带,-,
"134","烛龙殿","10人普通",索笛尔宝箱2,装备,玖非束带,-,
"134","烛龙殿","10人普通",索笛尔,装备,庄盟束带,-,
"134","烛龙殿","10人普通",索笛尔,装备,琉漪腰带,-,
"134","烛龙殿","10人普通",索笛尔宝箱1,装备,庄盟束带,-,
"134","烛龙殿","10人普通",索笛尔宝箱1,装备,琉漪腰带,-,
"134","烛龙殿","10人普通",索笛尔,装备,万侯束带,-,
"134","烛龙殿","10人普通",索笛尔宝箱1,装备,梨刹束带,-,
"134","烛龙殿","10人普通",索笛尔宝箱1,装备,万侯束带,-,
"134","烛龙殿","10人普通",索笛尔宝箱2,装备,琉漪腰带,-,
"134","烛龙殿","10人普通",索笛尔宝箱2,装备,万侯束带,-,
"134","烛龙殿","10人普通",索笛尔,装备,蒲越腰带,-,
"134","烛龙殿","10人普通",索笛尔宝箱1,装备,甯衫束带,-,
"134","烛龙殿","10人普通",索笛尔宝箱2,装备,甯衫束带,-,
"134","烛龙殿","10人普通",索笛尔宝箱1,装备,蒲越腰带,-,
"134","烛龙殿","10人普通",索笛尔,装备,梨刹束带,-,
"134","烛龙殿","10人普通",索笛尔宝箱2,装备,斯楠腰带,-,
"134","烛龙殿","10人普通",千秋子宝箱2,武器,廉光囊,-,
"134","烛龙殿","10人普通",千秋子宝箱2,武器,庄盟囊,-,
"134","烛龙殿","10人普通",千秋子宝箱1,装备,庄盟袍,-,
"134","烛龙殿","10人普通",千秋子,装备,廉光衣,-,
"134","烛龙殿","10人普通",千秋子宝箱2,装备,庄盟袍,-,
"134","烛龙殿","10人普通",千秋子宝箱1,装备,廉光衣,-,
"134","烛龙殿","10人普通",千秋子,武器,鹤鸣囊,-,
"134","烛龙殿","10人普通",千秋子,武器,万侯囊,-,
"134","烛龙殿","10人普通",千秋子,装备,万侯袍,-,
"134","烛龙殿","10人普通",千秋子宝箱1,装备,万侯袍,-,
"134","烛龙殿","10人普通",千秋子宝箱2,武器,鹤鸣囊,-,
"134","烛龙殿","10人普通",千秋子宝箱2,武器,万侯囊,-,
"134","烛龙殿","10人普通",千秋子宝箱1,装备,鹤鸣衣,-,
"134","烛龙殿","10人普通",千秋子宝箱2,装备,鹤鸣衣,-,
"134","烛龙殿","10人普通",千秋子,装备,初鲤袍,-,
"134","烛龙殿","10人普通",千秋子,武器,琉漪囊,-,
"134","烛龙殿","10人普通",千秋子,武器,甯衫囊,-,
"134","烛龙殿","10人普通",千秋子宝箱1,装备,甯衫袍,-,
"134","烛龙殿","10人普通",千秋子,装备,甯衫袍,-,
"134","烛龙殿","10人普通",千秋子,装备,琉漪衣,-,
"134","烛龙殿","10人普通",千秋子宝箱2,装备,甯衫袍,-,
"134","烛龙殿","10人普通",千秋子宝箱2,武器,琉漪囊,-,
"134","烛龙殿","10人普通",千秋子宝箱2,武器,甯衫囊,-,
"134","烛龙殿","10人普通",千秋子,装备,梨刹袍,-,
"134","烛龙殿","10人普通",千秋子宝箱1,装备,梨刹袍,-,
"134","烛龙殿","10人普通",千秋子,武器,蒲越囊,-,
"134","烛龙殿","10人普通",千秋子,武器,梨刹囊,-,
"134","烛龙殿","10人普通",千秋子宝箱1,装备,蒲越衣,-,
"134","烛龙殿","10人普通",千秋子宝箱2,装备,蒲越衣,-,
"134","烛龙殿","10人普通",千秋子,武器,斯楠囊,-,
"134","烛龙殿","10人普通",千秋子宝箱2,武器,蒲越囊,-,
"134","烛龙殿","10人普通",千秋子宝箱2,武器,梨刹囊,-,
"134","烛龙殿","10人普通",千秋子,装备,鹤鸣衣,-,
"134","烛龙殿","10人普通",千秋子宝箱2,武器,斯楠囊,-,
"134","烛龙殿","10人普通",千秋子宝箱2,装备,万侯袍,-,
"134","烛龙殿","10人普通",千秋子,武器,儒斐囊,-,
"134","烛龙殿","10人普通",千秋子宝箱2,装备,梨刹袍,-,
"134","烛龙殿","10人普通",千秋子,装备,斯楠衣,-,
"134","烛龙殿","10人普通",千秋子,装备,庄盟袍,-,
"134","烛龙殿","10人普通",千秋子宝箱2,装备,玖非袍,-,
"134","烛龙殿","10人普通",千秋子,武器,初鲤囊,-,
"134","烛龙殿","10人普通",千秋子宝箱1,装备,斯楠衣,-,
"134","烛龙殿","10人普通",千秋子宝箱2,装备,斯楠衣,-,
"134","烛龙殿","10人普通",千秋子宝箱2,武器,儒斐囊,-,
"134","烛龙殿","10人普通",千秋子宝箱2,武器,初鲤囊,-,
"134","烛龙殿","10人普通",千秋子,武器,玖非囊,-,
"134","烛龙殿","10人普通",千秋子宝箱1,装备,初鲤袍,-,
"134","烛龙殿","10人普通",千秋子宝箱1,装备,琉漪衣,-,
"134","烛龙殿","10人普通",千秋子宝箱2,装备,初鲤袍,-,
"134","烛龙殿","10人普通",千秋子,装备,儒斐衣,-,
"134","烛龙殿","10人普通",千秋子,武器,廉光囊,-,
"134","烛龙殿","10人普通",千秋子宝箱2,武器,玖非囊,-,
"134","烛龙殿","10人普通",千秋子宝箱1,装备,儒斐衣,-,
"134","烛龙殿","10人普通",千秋子,装备,蒲越衣,-,
"134","烛龙殿","10人普通",千秋子宝箱2,装备,琉漪衣,-,
"134","烛龙殿","10人普通",千秋子,装备,玖非袍,-,
"134","烛龙殿","10人普通",千秋子宝箱2,装备,廉光衣,-,
"134","烛龙殿","10人普通",千秋子宝箱2,装备,儒斐衣,-,
"134","烛龙殿","10人普通",千秋子宝箱1,装备,玖非袍,-,
"134","烛龙殿","10人普通",千秋子,武器,庄盟囊,-,
"134","烛龙殿","10人普通",乌蒙贵,武器,匡九州,-,
"134","烛龙殿","10人普通",乌蒙贵,装备,玖非袍,-,
"134","烛龙殿","10人普通",乌蒙贵宝箱2,武器,屠麟碎骨枪,-,
"134","烛龙殿","10人普通",乌蒙贵宝箱2,武器,九星铄月,-,
"134","烛龙殿","10人普通",乌蒙贵宝箱2,武器,匡九州,-,
"134","烛龙殿","10人普通",乌蒙贵宝箱2,装备,儒斐衣,-,
"134","烛龙殿","10人普通",乌蒙贵,饰品,琉漪戒,-,
"134","烛龙殿","10人普通",乌蒙贵,武器,堑鸿濛,-,
"134","烛龙殿","10人普通",乌蒙贵,装备,庄盟袍,-,
"134","烛龙殿","10人普通",乌蒙贵宝箱2,饰品,琉漪戒,-,
"134","烛龙殿","10人普通",乌蒙贵,武器,兰陵王战戟,-,
"134","烛龙殿","10人普通",乌蒙贵,武器,鹰翔碧穹,-,
"134","烛龙殿","10人普通",乌蒙贵宝箱2,武器,堑鸿濛,-,
"134","烛龙殿","10人普通",乌蒙贵,装备,廉光衣,-,
"134","烛龙殿","10人普通",乌蒙贵宝箱2,装备,庄盟袍,-,
"134","烛龙殿","10人普通",乌蒙贵宝箱1,装备,廉光衣,-,
"134","烛龙殿","10人普通",乌蒙贵,饰品,蒲越戒,-,
"134","烛龙殿","10人普通",乌蒙贵,武器,玄度月,-,
"134","烛龙殿","10人普通",乌蒙贵宝箱2,装备,廉光衣,-,
"134","烛龙殿","10人普通",乌蒙贵宝箱2,饰品,蒲越戒,-,
"134","烛龙殿","10人普通",乌蒙贵宝箱2,武器,兰陵王战戟,-,
"134","烛龙殿","10人普通",乌蒙贵宝箱2,武器,鹰翔碧穹,-,
"134","烛龙殿","10人普通",乌蒙贵宝箱2,武器,玄度月,-,
"134","烛龙殿","10人普通",乌蒙贵,装备,万侯袍,-,
"134","烛龙殿","10人普通",乌蒙贵宝箱1,装备,万侯袍,-,
"134","烛龙殿","10人普通",乌蒙贵,武器,掩星齐,-,
"134","烛龙殿","10人普通",乌蒙贵,装备,鹤鸣衣,-,
"134","烛龙殿","10人普通",乌蒙贵宝箱2,装备,万侯袍,-,
"134","烛龙殿","10人普通",乌蒙贵宝箱2,饰品,万侯指环,-,
"134","烛龙殿","10人普通",乌蒙贵宝箱1,装备,鹤鸣衣,-,
"134","烛龙殿","10人普通",乌蒙贵,武器,灵蕴帝真剑,-,
"134","烛龙殿","10人普通",乌蒙贵,武器,一叶青风,-,
"134","烛龙殿","10人普通",乌蒙贵宝箱2,武器,掩星齐,-,
"134","烛龙殿","10人普通",乌蒙贵宝箱2,装备,鹤鸣衣,-,
"134","烛龙殿","10人普通",乌蒙贵宝箱1,装备,庄盟袍,-,
"134","烛龙殿","10人普通",乌蒙贵,武器,玉壶秋,-,
"134","烛龙殿","10人普通",乌蒙贵宝箱2,武器,灵蕴帝真剑,-,
"134","烛龙殿","10人普通",乌蒙贵宝箱2,武器,一叶青风,-,
"134","烛龙殿","10人普通",乌蒙贵宝箱2,武器,玉壶秋,-,
"134","烛龙殿","10人普通",乌蒙贵,装备,琉漪衣,-,
"134","烛龙殿","10人普通",乌蒙贵宝箱2,装备,甯衫袍,-,
"134","烛龙殿","10人普通",乌蒙贵,装备,儒斐衣,-,
"134","烛龙殿","10人普通",乌蒙贵宝箱1,装备,琉漪衣,-,
"134","烛龙殿","10人普通",乌蒙贵,武器,暮香风 ,-,
"134","烛龙殿","10人普通",乌蒙贵宝箱2,装备,琉漪衣,-,
"134","烛龙殿","10人普通",乌蒙贵,武器,太蒙天晶剑,-,
"134","烛龙殿","10人普通",乌蒙贵,武器,长空破浪,-,
"134","烛龙殿","10人普通",乌蒙贵宝箱2,武器,暮香风 ,-,
"134","烛龙殿","10人普通",乌蒙贵,装备,梨刹袍,-,
"134","烛龙殿","10人普通",乌蒙贵宝箱2,饰品,鹤鸣戒,-,
"134","烛龙殿","10人普通",乌蒙贵宝箱1,装备,梨刹袍,-,
"134","烛龙殿","10人普通",乌蒙贵,武器,幽人意,-,
"134","烛龙殿","10人普通",乌蒙贵,装备,蒲越衣,-,
"134","烛龙殿","10人普通",乌蒙贵宝箱2,装备,梨刹袍,-,
"134","烛龙殿","10人普通",乌蒙贵宝箱2,武器,太蒙天晶剑,-,
"134","烛龙殿","10人普通",乌蒙贵宝箱2,武器,长空破浪,-,
"134","烛龙殿","10人普通",乌蒙贵宝箱2,武器,幽人意,-,
"134","烛龙殿","10人普通",乌蒙贵宝箱2,装备,蒲越衣,-,
"134","烛龙殿","10人普通",乌蒙贵,武器,点鹭空,-,
"134","烛龙殿","10人普通",乌蒙贵,武器,法印灭度,-,
"134","烛龙殿","10人普通",乌蒙贵,武器,青荧星影,-,
"134","烛龙殿","10人普通",乌蒙贵,武器,离哀,-,
"134","烛龙殿","10人普通",乌蒙贵,武器,颂无量,-,
"134","烛龙殿","10人普通",乌蒙贵宝箱2,武器,点鹭空,-,
"134","烛龙殿","10人普通",乌蒙贵,饰品,鹤鸣戒,-,
"134","烛龙殿","10人普通",乌蒙贵宝箱2,武器,法印灭度,-,
"134","烛龙殿","10人普通",乌蒙贵宝箱2,武器,青荧星影,-,
"134","烛龙殿","10人普通",乌蒙贵宝箱2,武器,离哀,-,
"134","烛龙殿","10人普通",乌蒙贵宝箱2,武器,颂无量,-,
"134","烛龙殿","10人普通",乌蒙贵宝箱2,武器,明为晦,-,
"134","烛龙殿","10人普通",乌蒙贵,饰品,初鲤指环,-,
"134","烛龙殿","10人普通",乌蒙贵,武器,夜向阑,-,
"134","烛龙殿","10人普通",乌蒙贵宝箱2,饰品,初鲤指环,-,
"134","烛龙殿","10人普通",乌蒙贵,武器,帝洛巴节杖,-,
"134","烛龙殿","10人普通",乌蒙贵,武器,不殒情,-,
"134","烛龙殿","10人普通",乌蒙贵,武器,舍罪,-,
"134","烛龙殿","10人普通",乌蒙贵,武器,雨华瑞,-,
"134","烛龙殿","10人普通",乌蒙贵宝箱2,武器,夜向阑,-,
"134","烛龙殿","10人普通",乌蒙贵,装备,甯衫袍,-,
"134","烛龙殿","10人普通",乌蒙贵,饰品,玖非指环,-,
"134","烛龙殿","10人普通",乌蒙贵,武器,杳云衢,-,
"134","烛龙殿","10人普通",乌蒙贵宝箱2,饰品,玖非指环,-,
"134","烛龙殿","10人普通",乌蒙贵宝箱2,武器,帝洛巴节杖,-,
"134","烛龙殿","10人普通",乌蒙贵宝箱2,武器,不殒情,-,
"134","烛龙殿","10人普通",乌蒙贵宝箱2,武器,舍罪,-,
"134","烛龙殿","10人普通",乌蒙贵宝箱2,武器,雨华瑞,-,
"134","烛龙殿","10人普通",乌蒙贵宝箱2,武器,杳云衢,-,
"134","烛龙殿","10人普通",乌蒙贵宝箱1,装备,甯衫袍,-,
"134","烛龙殿","10人普通",乌蒙贵,饰品,庄盟指环,-,
"134","烛龙殿","10人普通",乌蒙贵,武器,锁岚烟,-,
"134","烛龙殿","10人普通",乌蒙贵宝箱2,饰品,庄盟指环,-,
"134","烛龙殿","10人普通",乌蒙贵宝箱2,装备,玖非袍,-,
"134","烛龙殿","10人普通",乌蒙贵宝箱1,装备,玖非袍,-,
"134","烛龙殿","10人普通",乌蒙贵,武器,披沙剖璞,-,
"134","烛龙殿","10人普通",乌蒙贵,武器,据比之骨,-,
"134","烛龙殿","10人普通",乌蒙贵,武器,闲琼英,-,
"134","烛龙殿","10人普通",乌蒙贵宝箱2,武器,锁岚烟,-,
"134","烛龙殿","10人普通",乌蒙贵宝箱1,装备,初鲤袍,-,
"134","烛龙殿","10人普通",乌蒙贵,饰品,万侯指环,-,
"134","烛龙殿","10人普通",乌蒙贵,武器,临丹丘,-,
"134","烛龙殿","10人普通",乌蒙贵宝箱2,武器,披沙剖璞,-,
"134","烛龙殿","10人普通",乌蒙贵宝箱2,武器,据比之骨,-,
"134","烛龙殿","10人普通",乌蒙贵宝箱2,武器,闲琼英,-,
"134","烛龙殿","10人普通",乌蒙贵宝箱2,武器,临丹丘,-,
"134","烛龙殿","10人普通",乌蒙贵,装备,斯楠衣,-,
"134","烛龙殿","10人普通",乌蒙贵,饰品,斯楠戒,-,
"134","烛龙殿","10人普通",乌蒙贵,饰品,甯衫指环,-,
"134","烛龙殿","10人普通",乌蒙贵,武器,野棘原,-,
"134","烛龙殿","10人普通",乌蒙贵宝箱1,装备,斯楠衣,-,
"134","烛龙殿","10人普通",乌蒙贵宝箱2,饰品,斯楠戒,-,
"134","烛龙殿","10人普通",乌蒙贵宝箱2,饰品,甯衫指环,-,
"134","烛龙殿","10人普通",乌蒙贵,武器,鹿角七星,-,
"134","烛龙殿","10人普通",乌蒙贵,武器,补天之漏,-,
"134","烛龙殿","10人普通",乌蒙贵,武器,槐风清,-,
"134","烛龙殿","10人普通",乌蒙贵宝箱2,武器,野棘原,-,
"134","烛龙殿","10人普通",乌蒙贵宝箱2,装备,斯楠衣,-,
"134","烛龙殿","10人普通",乌蒙贵宝箱1,装备,儒斐衣,-,
"134","烛龙殿","10人普通",乌蒙贵,饰品,儒斐戒,-,
"134","烛龙殿","10人普通",乌蒙贵,饰品,梨刹指环,-,
"134","烛龙殿","10人普通",乌蒙贵,装备,初鲤袍,-,
"134","烛龙殿","10人普通",乌蒙贵宝箱2,饰品,儒斐戒,-,
"134","烛龙殿","10人普通",乌蒙贵宝箱2,饰品,梨刹指环,-,
"134","烛龙殿","10人普通",乌蒙贵宝箱2,武器,鹿角七星,-,
"134","烛龙殿","10人普通",乌蒙贵宝箱2,武器,补天之漏,-,
"134","烛龙殿","10人普通",乌蒙贵宝箱2,武器,槐风清,-,
"134","烛龙殿","10人普通",乌蒙贵宝箱2,装备,初鲤袍,-,
"134","烛龙殿","10人普通",乌蒙贵宝箱1,装备,蒲越衣,-,
"134","烛龙殿","10人普通",乌蒙贵,饰品,廉光戒,-,
"134","烛龙殿","10人普通",乌蒙贵宝箱2,饰品,廉光戒,-,
"134","烛龙殿","10人普通",乌蒙贵,武器,屠麟碎骨枪,-,
"134","烛龙殿","10人普通",乌蒙贵,武器,九星铄月,-,
"134","烛龙殿","10人普通",乌蒙贵,武器,明为晦,-,
"141","光明顶秘道","5人英雄",问寒松,饰品,落梦指环,-,
"141","光明顶秘道","5人英雄",问寒松,饰品,征南指环,-,
"141","光明顶秘道","5人英雄",问寒松,饰品,梨烟指环,-,
"141","光明顶秘道","5人英雄",问寒松,武器,蝶音囊,-,
"141","光明顶秘道","5人英雄",问寒松,饰品,烈庭指环,-,
"141","光明顶秘道","5人英雄",问寒松,饰品,松桐指环,-,
"141","光明顶秘道","5人英雄",问寒松,装备,松桐护手,-,
"141","光明顶秘道","5人英雄",问寒松,装备,落梦护腰,-,
"141","光明顶秘道","5人英雄",问寒松,装备,烈庭护腰,-,
"141","光明顶秘道","5人英雄",问寒松,武器,落梦囊,-,
"141","光明顶秘道","5人英雄",问寒松,装备,蝶音护手,-,
"141","光明顶秘道","5人英雄",问寒松,装备,落梦护手,-,
"141","光明顶秘道","5人英雄",问寒松,装备,征南护手,-,
"141","光明顶秘道","5人英雄",问寒松,武器,征南囊,-,
"141","光明顶秘道","5人英雄",问寒松,装备,梨烟护手,-,
"141","光明顶秘道","5人英雄",问寒松,装备,烈庭护手,-,
"141","光明顶秘道","5人英雄",问寒松,装备,蝶音护腰,-,
"141","光明顶秘道","5人英雄",问寒松,装备,征南护腰,-,
"141","光明顶秘道","5人英雄",问寒松,装备,松桐护腰,-,
"141","光明顶秘道","5人英雄",问寒松,装备,梨烟护腰,-,
"141","光明顶秘道","5人英雄",问寒松,武器,松桐囊,-,
"141","光明顶秘道","5人英雄",问寒松,武器,梨烟囊,-,
"141","光明顶秘道","5人英雄",问寒松,武器,烈庭囊,-,
"141","光明顶秘道","5人英雄",问寒松,饰品,蝶音指环,-,
"141","光明顶秘道","5人英雄",辛然、吴颖莲,饰品,烈庭腰坠,-,
"141","光明顶秘道","5人英雄",辛然、吴颖莲,饰品,落梦腰坠,-,
"141","光明顶秘道","5人英雄",辛然、吴颖莲,饰品,松桐链,-,
"141","光明顶秘道","5人英雄",辛然、吴颖莲,饰品,征南链,-,
"141","光明顶秘道","5人英雄",辛然、吴颖莲,装备,松桐帽,-,
"141","光明顶秘道","5人英雄",辛然、吴颖莲,装备,落梦衣,-,
"141","光明顶秘道","5人英雄",辛然、吴颖莲,装备,梨烟衣,-,
"141","光明顶秘道","5人英雄",辛然、吴颖莲,装备,烈庭衣,-,
"141","光明顶秘道","5人英雄",辛然、吴颖莲,装备,蝶音帽,-,
"141","光明顶秘道","5人英雄",辛然、吴颖莲,装备,落梦帽,-,
"141","光明顶秘道","5人英雄",辛然、吴颖莲,装备,征南帽,-,
"141","光明顶秘道","5人英雄",辛然、吴颖莲,装备,梨烟帽,-,
"141","光明顶秘道","5人英雄",辛然、吴颖莲,装备,烈庭帽,-,
"141","光明顶秘道","5人英雄",辛然、吴颖莲,装备,蝶音衣,-,
"141","光明顶秘道","5人英雄",辛然、吴颖莲,装备,征南衣,-,
"141","光明顶秘道","5人英雄",辛然、吴颖莲,装备,松桐衣,-,
"141","光明顶秘道","5人英雄",辛然、吴颖莲,饰品,蝶音链,-,
"141","光明顶秘道","5人英雄",辛然、吴颖莲,饰品,落梦链,-,
"141","光明顶秘道","5人英雄",辛然、吴颖莲,饰品,梨烟链,-,
"141","光明顶秘道","5人英雄",辛然、吴颖莲,饰品,烈庭链,-,
"141","光明顶秘道","5人英雄",辛然、吴颖莲,饰品,蝶音腰坠,-,
"141","光明顶秘道","5人英雄",辛然、吴颖莲,饰品,征南腰坠,-,
"141","光明顶秘道","5人英雄",辛然、吴颖莲,饰品,松桐腰坠,-,
"141","光明顶秘道","5人英雄",辛然、吴颖莲,饰品,梨烟腰坠,-,
"141","光明顶秘道","5人英雄",薛山,武器,闲幽笔,-,
"141","光明顶秘道","5人英雄",薛山,武器,傲刃枪,-,
"141","光明顶秘道","5人英雄",薛山,武器,苍承枪,-,
"141","光明顶秘道","5人英雄",薛山,武器,音雪剑,-,
"141","光明顶秘道","5人英雄",薛山,武器,烽舟剑,-,
"141","光明顶秘道","5人英雄",薛山,武器,音雪双剑,-,
"141","光明顶秘道","5人英雄",薛山,武器,闲幽双剑,-,
"141","光明顶秘道","5人英雄",薛山,装备,松桐履,-,
"141","光明顶秘道","5人英雄",薛山,武器,音雪笛,-,
"141","光明顶秘道","5人英雄",薛山,装备,蝶音裤,-,
"141","光明顶秘道","5人英雄",薛山,装备,落梦裤,-,
"141","光明顶秘道","5人英雄",薛山,武器,絮星弩,-,
"141","光明顶秘道","5人英雄",薛山,装备,烈庭裤,-,
"141","光明顶秘道","5人英雄",薛山,武器,傲刃弩,-,
"141","光明顶秘道","5人英雄",薛山,武器,烽舟轻剑,-,
"141","光明顶秘道","5人英雄",薛山,武器,烽舟重剑,-,
"141","光明顶秘道","5人英雄",薛山,武器,絮星刀,-,
"141","光明顶秘道","5人英雄",薛山,武器,苍承刀,-,
"141","光明顶秘道","5人英雄",薛山,装备,蝶音履,-,
"141","光明顶秘道","5人英雄",薛山,装备,落梦履,-,
"141","光明顶秘道","5人英雄",薛山,装备,征南履,-,
"141","光明顶秘道","5人英雄",薛山,装备,梨烟履,-,
"141","光明顶秘道","5人英雄",薛山,装备,烈庭履,-,
"141","光明顶秘道","5人英雄",薛山,装备,征南裤,-,
"141","光明顶秘道","5人英雄",薛山,装备,松桐裤,-,
"141","光明顶秘道","5人英雄",薛山,装备,梨烟裤,-,
"141","光明顶秘道","5人英雄",薛山,武器,絮星棍,-,
"141","光明顶秘道","5人英雄",薛山,武器,苍承棍,-,
"141","光明顶秘道","5人英雄",薛山,武器,絮星笔,-,
"141","光明顶秘道","5人英雄",薛山,武器,闲幽笛,-,
"141","光明顶秘道","5人英雄",西域狮王,武器,落梦棍,-,
"141","光明顶秘道","5人英雄",西域狮王,武器,傲刃枪,-,
"141","光明顶秘道","5人英雄",西域狮王,武器,苍承枪,-,
"141","光明顶秘道","5人英雄",西域狮王,武器,烈庭棍,-,
"141","光明顶秘道","5人英雄",西域狮王,武器,音雪剑,-,
"141","光明顶秘道","5人英雄",西域狮王,武器,烽舟剑,-,
"141","光明顶秘道","5人英雄",西域狮王,武器,落梦笔,-,
"141","光明顶秘道","5人英雄",西域狮王,武器,音雪双剑,-,
"141","光明顶秘道","5人英雄",西域狮王,武器,闲幽双剑,-,
"141","光明顶秘道","5人英雄",西域狮王,武器,梨烟笔,-,
"141","光明顶秘道","5人英雄",西域狮王,武器,音雪笛,-,
"141","光明顶秘道","5人英雄",西域狮王,武器,闲幽笛,-,
"141","光明顶秘道","5人英雄",西域狮王,武器,征南枪,-,
"141","光明顶秘道","5人英雄",西域狮王,武器,絮星弩,-,
"141","光明顶秘道","5人英雄",西域狮王,武器,傲刃弩,-,
"141","光明顶秘道","5人英雄",西域狮王,武器,烈庭枪,-,
"141","光明顶秘道","5人英雄",西域狮王,武器,烽舟轻剑,-,
"141","光明顶秘道","5人英雄",西域狮王,武器,烽舟重剑,-,
"141","光明顶秘道","5人英雄",西域狮王,武器,蝶音剑,-,
"141","光明顶秘道","5人英雄",西域狮王,武器,落梦刀,-,
"141","光明顶秘道","5人英雄",西域狮王,装备,苍承护腿,-,
"141","光明顶秘道","5人英雄",西域狮王,武器,烈庭刀,-,
"141","光明顶秘道","5人英雄",西域狮王,武器,松桐剑,-,
"141","光明顶秘道","5人英雄",西域狮王,装备,烽舟靴,-,
"141","光明顶秘道","5人英雄",西域狮王,装备,絮星护腿,-,
"141","光明顶秘道","5人英雄",西域狮王,武器,蝶音双剑,-,
"141","光明顶秘道","5人英雄",西域狮王,武器,梨烟双剑,-,
"141","光明顶秘道","5人英雄",西域狮王,武器,蝶音笛,-,
"141","光明顶秘道","5人英雄",西域狮王,武器,梨烟笛,-,
"141","光明顶秘道","5人英雄",西域狮王,武器,落梦弩,-,
"141","光明顶秘道","5人英雄",西域狮王,武器,征南弩,-,
"141","光明顶秘道","5人英雄",西域狮王,武器,松桐轻剑,-,
"141","光明顶秘道","5人英雄",西域狮王,武器,松桐重剑,-,
"141","光明顶秘道","5人英雄",西域狮王,武器,絮星棍,-,
"141","光明顶秘道","5人英雄",西域狮王,装备,音雪靴,-,
"141","光明顶秘道","5人英雄",西域狮王,装备,絮星靴,-,
"141","光明顶秘道","5人英雄",西域狮王,装备,傲刃靴,-,
"141","光明顶秘道","5人英雄",西域狮王,装备,闲幽靴,-,
"141","光明顶秘道","5人英雄",西域狮王,装备,苍承靴,-,
"141","光明顶秘道","5人英雄",西域狮王,装备,音雪护腿,-,
"141","光明顶秘道","5人英雄",西域狮王,武器,苍承棍,-,
"141","光明顶秘道","5人英雄",西域狮王,装备,傲刃护腿,-,
"141","光明顶秘道","5人英雄",西域狮王,装备,烽舟护腿,-,
"141","光明顶秘道","5人英雄",西域狮王,装备,闲幽护腿,-,
"141","光明顶秘道","5人英雄",西域狮王,武器,絮星笔,-,
"141","光明顶秘道","5人英雄",西域狮王,武器,闲幽笔,-,
"142","光明顶秘道","5人普通",问寒松,装备,恨怅护腕,-,
"142","光明顶秘道","5人普通",问寒松,装备,炎虎护腰,-,
"142","光明顶秘道","5人普通",问寒松,装备,芜菁护手,-,
"142","光明顶秘道","5人普通",问寒松,武器,日月,-,
"142","光明顶秘道","5人普通",问寒松,饰品,叹息之戒,-,
"142","光明顶秘道","5人普通",辛然、吴颖莲,武器,若定,-,
"142","光明顶秘道","5人普通",辛然、吴颖莲,武器,仲阳,-,
"142","光明顶秘道","5人普通",辛然、吴颖莲,饰品,旭日腰坠,-,
"142","光明顶秘道","5人普通",辛然、吴颖莲,装备,逐夜护腿,-,
"142","光明顶秘道","5人普通",辛然、吴颖莲,装备,踏火者之靴,-,
"142","光明顶秘道","5人普通",薛山,装备,锻影卫衣,-,
"142","光明顶秘道","5人普通",薛山,装备,积火之缚,-,
"142","光明顶秘道","5人普通",薛山,装备,飞沙护胫,-,
"142","光明顶秘道","5人普通",薛山,装备,翔灵外套,-,
"142","光明顶秘道","5人普通",薛山,饰品,三味净琉璃,-,
"142","光明顶秘道","5人普通",薛山,装备,摩娑焰罩,-,
"996","剑湖宫","10人普通",褚吉光,武器,宿世缘,-,
"996","剑湖宫","10人普通",褚吉光,饰品,寄音护颈,-,
"996","剑湖宫","10人普通",褚吉光,武器,翼摧囊,-,
"996","剑湖宫","10人普通",柳公子,武器,常寂然,-,
"996","剑湖宫","10人普通",褚吉光,武器,时雨濛,-,
"996","剑湖宫","10人普通",褚吉光,饰品,鸿道护颈,-,
"996","剑湖宫","10人普通",褚吉光,武器,凝夕光,-,
"996","剑湖宫","10人普通",褚吉光,饰品,瑶徵护颈,-,
"996","剑湖宫","10人普通",柳公子,武器,行迈长川,-,
"996","剑湖宫","10人普通",柳公子,装备,云岸腰带,-,
"996","剑湖宫","10人普通",褚吉光,饰品,疏江护颈,-,
"996","剑湖宫","10人普通",褚吉光,武器,玉墀皎,-,
"996","剑湖宫","10人普通",柳公子,饰品,宸藻佩,-,
"996","剑湖宫","10人普通",柳公子,武器,济岱江衡,-,
"996","剑湖宫","10人普通",褚吉光,装备,湘瑟护手,-,
"996","剑湖宫","10人普通",褚吉光,装备,宸藻履,-,
"996","剑湖宫","10人普通",柳公子,饰品,寄音佩,-,
"996","剑湖宫","10人普通",柳公子,装备,岭梅腰带,-,
"996","剑湖宫","10人普通",褚吉光,装备,寄音履,-,
"996","剑湖宫","10人普通",柳公子,饰品,渡愁佩,-,
"996","剑湖宫","10人普通",褚吉光,武器,衡机囊,-,
"996","剑湖宫","10人普通",柳公子,武器,临波不渡,-,
"996","剑湖宫","10人普通",褚吉光,武器,长寂,-,
"996","剑湖宫","10人普通",褚吉光,装备,渡愁履,-,
"996","剑湖宫","10人普通",柳公子,饰品,鸿道佩,-,
"996","剑湖宫","10人普通",褚吉光,装备,停鹤护手,-,
"996","剑湖宫","10人普通",褚吉光,武器,湘瑟囊,-,
"996","剑湖宫","10人普通",柳公子,武器,朔风徽止,-,
"996","剑湖宫","10人普通",褚吉光,武器,善法堂,-,
"996","剑湖宫","10人普通",褚吉光,装备,瑶徵履,-,
"996","剑湖宫","10人普通",柳公子,饰品,疏江佩,-,
"996","剑湖宫","10人普通",褚吉光,武器,浮沉一情,-,
"996","剑湖宫","10人普通",褚吉光,装备,疏江履,-,
"996","剑湖宫","10人普通",柳公子,饰品,宸藻指环,-,
"996","剑湖宫","10人普通",柳公子,饰品,岭梅戒,-,
"996","剑湖宫","10人普通",柳公子,武器,寒木荣,-,
"996","剑湖宫","10人普通",褚吉光,装备,翼摧护手,-,
"996","剑湖宫","10人普通",柳公子,饰品,瑶徵指环,-,
"996","剑湖宫","10人普通",褚吉光,饰品,渡愁护颈,-,
"996","剑湖宫","10人普通",柳公子,饰品,鸿道指环,-,
"996","剑湖宫","10人普通",柳公子,饰品,寄音指环,-,
"996","剑湖宫","10人普通",褚吉光,武器,影行照现,-,
"996","剑湖宫","10人普通",褚吉光,武器,云岸囊,-,
"996","剑湖宫","10人普通",柳公子,武器,停枝,-,
"996","剑湖宫","10人普通",褚吉光,武器,潮澜,-,
"996","剑湖宫","10人普通",柳公子,饰品,渡愁指环,-,
"996","剑湖宫","10人普通",柳公子,饰品,瑶徵佩,-,
"996","剑湖宫","10人普通",褚吉光,装备,衡机护手,-,
"996","剑湖宫","10人普通",柳公子,武器,龙辉轻剑,-,
"996","剑湖宫","10人普通",褚吉光,武器,殷怀,-,
"996","剑湖宫","10人普通",褚吉光,饰品,湘瑟戒,-,
"996","剑湖宫","10人普通",柳公子,武器,墟上春流,-,
"996","剑湖宫","10人普通",褚吉光,装备,云岸护手,-,
"996","剑湖宫","10人普通",褚吉光,饰品,停鹤戒,-,
"996","剑湖宫","10人普通",柳公子,饰品,疏江指环,-,
"996","剑湖宫","10人普通",褚吉光,武器,静世波,-,
"996","剑湖宫","10人普通",褚吉光,武器,岭梅囊,-,
"996","剑湖宫","10人普通",柳公子,武器,声震风驰枪,-,
"996","剑湖宫","10人普通",褚吉光,武器,凭溪轻剑,-,
"996","剑湖宫","10人普通",褚吉光,饰品,衡机戒,-,
"996","剑湖宫","10人普通",褚吉光,装备,岭梅护手,-,
"996","剑湖宫","10人普通",褚吉光,饰品,翼摧戒,-,
"996","剑湖宫","10人普通",柳公子,饰品,停鹤戒,-,
"996","剑湖宫","10人普通",褚吉光,武器,停鹤囊,-,
"996","剑湖宫","10人普通",柳公子,武器,有肃重剑,-,
"996","剑湖宫","10人普通",褚吉光,武器,绝原重戟,-,
"996","剑湖宫","10人普通",柳公子,饰品,翼摧戒,-,
"996","剑湖宫","10人普通",柳公子,饰品,湘瑟戒,-,
"996","剑湖宫","10人普通",褚吉光,武器,棹歌重剑,-,
"996","剑湖宫","10人普通",柳公子,武器,澄月,-,
"996","剑湖宫","10人普通",柳公子,装备,湘瑟腰带,-,
"996","剑湖宫","10人普通",柳公子,装备,宸藻袍,-,
"996","剑湖宫","10人普通",柳公子,饰品,衡机戒,-,
"996","剑湖宫","10人普通",褚吉光,武器,照渊枪,-,
"996","剑湖宫","10人普通",柳公子,武器,神武章,-,
"996","剑湖宫","10人普通",柳公子,装备,渡愁袍,-,
"996","剑湖宫","10人普通",褚吉光,饰品,云岸戒,-,
"996","剑湖宫","10人普通",柳公子,装备,寄音袍,-,
"996","剑湖宫","10人普通",柳公子,武器,困启殷忧,-,
"996","剑湖宫","10人普通",柳公子,装备,停鹤腰带,-,
"996","剑湖宫","10人普通",柳公子,装备,鸿道袍,-,
"996","剑湖宫","10人普通",柳公子,饰品,云岸戒,-,
"996","剑湖宫","10人普通",褚吉光,装备,鸿道履,-,
"996","剑湖宫","10人普通",柳公子,武器,清净金华,-,
"996","剑湖宫","10人普通",褚吉光,武器,抚乾衡,-,
"996","剑湖宫","10人普通",柳公子,装备,瑶徵袍,-,
"996","剑湖宫","10人普通",褚吉光,饰品,岭梅戒,-,
"996","剑湖宫","10人普通",柳公子,装备,疏江袍,-,
"996","剑湖宫","10人普通",柳公子,武器,擢秋,-,
"996","剑湖宫","10人普通",柳公子,武器,焚微初,-,
"996","剑湖宫","10人普通",柳公子,装备,翼摧腰带,-,
"996","剑湖宫","10人普通",褚吉光,武器,镇地机,-,
"996","剑湖宫","10人普通",褚吉光,饰品,宸藻护颈,-,
"996","剑湖宫","10人普通",柳公子,装备,衡机腰带,-,
"996","剑湖宫","10人普通",褚吉光,武器,游凫,-,
"996","剑湖宫","10人普通",柳公子,武器,殊语,-,
"996","剑湖宫","10人普通",扶风,武器,镇地机,-,
"996","剑湖宫","10人普通",扶风宝箱,饰品,停鹤链,-,
"996","剑湖宫","10人普通",扶风宝箱,饰品,翼摧链,-,
"996","剑湖宫","10人普通",扶风,饰品,衡机链,-,
"996","剑湖宫","10人普通",扶风,武器,时雨濛,-,
"996","剑湖宫","10人普通",扶风宝箱,饰品,衡机链,-,
"996","剑湖宫","10人普通",扶风,武器,凝夕光,-,
"996","剑湖宫","10人普通",扶风,饰品,云岸链,-,
"996","剑湖宫","10人普通",扶风宝箱,饰品,云岸链,-,
"996","剑湖宫","10人普通",扶风宝箱,饰品,云岸链,-,
"996","剑湖宫","10人普通",扶风,武器,玉墀皎,-,
"996","剑湖宫","10人普通",扶风宝箱,饰品,岭梅链,-,
"996","剑湖宫","10人普通",扶风宝箱,饰品,岭梅链,-,
"996","剑湖宫","10人普通",扶风,武器,长寂,-,
"996","剑湖宫","10人普通",扶风,装备,湘瑟靴,-,
"996","剑湖宫","10人普通",扶风,武器,善法堂,-,
"996","剑湖宫","10人普通",扶风宝箱,装备,湘瑟靴,-,
"996","剑湖宫","10人普通",扶风宝箱,装备,疏江护腿,-,
"996","剑湖宫","10人普通",扶风宝箱,装备,寄音护腿,-,
"996","剑湖宫","10人普通",扶风,武器,浮沉一情,-,
"996","剑湖宫","10人普通",扶风宝箱,装备,湘瑟靴,-,
"996","剑湖宫","10人普通",扶风,装备,宸藻护腿,-,
"996","剑湖宫","10人普通",扶风宝箱,装备,宸藻护腿,-,
"996","剑湖宫","10人普通",扶风,装备,停鹤靴,-,
"996","剑湖宫","10人普通",扶风,装备,寄音护腿,-,
"996","剑湖宫","10人普通",扶风,武器,影行照现,-,
"996","剑湖宫","10人普通",扶风宝箱,装备,停鹤靴,-,
"996","剑湖宫","10人普通",扶风,装备,渡愁护腿,-,
"996","剑湖宫","10人普通",扶风宝箱,装备,渡愁护腿,-,
"996","剑湖宫","10人普通",扶风,武器,潮澜,-,
"996","剑湖宫","10人普通",扶风宝箱,装备,停鹤靴,-,
"996","剑湖宫","10人普通",扶风,装备,鸿道护腿,-,
"996","剑湖宫","10人普通",扶风,装备,翼摧靴,-,
"996","剑湖宫","10人普通",扶风,装备,瑶徵护腿,-,
"996","剑湖宫","10人普通",扶风宝箱,装备,翼摧靴,-,
"996","剑湖宫","10人普通",扶风宝箱,装备,瑶徵护腿,-,
"996","剑湖宫","10人普通",扶风,饰品,湘瑟戒,-,
"996","剑湖宫","10人普通",扶风,武器,游凫,-,
"996","剑湖宫","10人普通",扶风宝箱,装备,翼摧靴,-,
"996","剑湖宫","10人普通",扶风,装备,宸藻冠,-,
"996","剑湖宫","10人普通",扶风宝箱,装备,宸藻冠,-,
"996","剑湖宫","10人普通",扶风,装备,衡机靴,-,
"996","剑湖宫","10人普通",扶风,装备,寄音冠,-,
"996","剑湖宫","10人普通",扶风,饰品,停鹤戒,-,
"996","剑湖宫","10人普通",扶风宝箱,装备,鸿道护腿,-,
"996","剑湖宫","10人普通",扶风,武器,静世波,-,
"996","剑湖宫","10人普通",扶风宝箱,装备,衡机靴,-,
"996","剑湖宫","10人普通",扶风,装备,渡愁冠,-,
"996","剑湖宫","10人普通",扶风,饰品,岭梅链,-,
"996","剑湖宫","10人普通",扶风宝箱,装备,渡愁冠,-,
"996","剑湖宫","10人普通",扶风,饰品,翼摧戒,-,
"996","剑湖宫","10人普通",扶风,武器,凭溪轻剑,-,
"996","剑湖宫","10人普通",扶风宝箱,装备,衡机靴,-,
"996","剑湖宫","10人普通",扶风,装备,鸿道冠,-,
"996","剑湖宫","10人普通",扶风,装备,云岸靴,-,
"996","剑湖宫","10人普通",扶风,装备,瑶徵冠,-,
"996","剑湖宫","10人普通",扶风宝箱,装备,瑶徵冠,-,
"996","剑湖宫","10人普通",扶风,武器,绝原重戟,-,
"996","剑湖宫","10人普通",扶风宝箱,装备,云岸靴,-,
"996","剑湖宫","10人普通",扶风,装备,疏江冠,-,
"996","剑湖宫","10人普通",扶风宝箱,饰品,衡机链,-,
"996","剑湖宫","10人普通",扶风宝箱,饰品,翼摧链,-,
"996","剑湖宫","10人普通",扶风,饰品,翼摧链,-,
"996","剑湖宫","10人普通",扶风宝箱,饰品,停鹤链,-,
"996","剑湖宫","10人普通",扶风,饰品,停鹤链,-,
"996","剑湖宫","10人普通",扶风,武器,棹歌重剑,-,
"996","剑湖宫","10人普通",扶风宝箱,装备,云岸靴,-,
"996","剑湖宫","10人普通",扶风,饰品,衡机戒,-,
"996","剑湖宫","10人普通",扶风,装备,岭梅靴,-,
"996","剑湖宫","10人普通",扶风,武器,照渊枪,-,
"996","剑湖宫","10人普通",扶风宝箱,装备,岭梅靴,-,
"996","剑湖宫","10人普通",扶风宝箱,装备,寄音冠,-,
"996","剑湖宫","10人普通",扶风宝箱,装备,疏江冠,-,
"996","剑湖宫","10人普通",扶风宝箱,装备,鸿道冠,-,
"996","剑湖宫","10人普通",扶风,饰品,云岸戒,-,
"996","剑湖宫","10人普通",扶风,装备,疏江护腿,-,
"996","剑湖宫","10人普通",扶风宝箱,装备,岭梅靴,-,
"996","剑湖宫","10人普通",扶风,武器,抚乾衡,-,
"996","剑湖宫","10人普通",扶风,饰品,岭梅戒,-,
"996","剑湖宫","10人普通",扶风,饰品,湘瑟链,-,
"996","剑湖宫","10人普通",扶风宝箱,饰品,湘瑟链,-,
"996","剑湖宫","10人普通",扶风宝箱,饰品,湘瑟链,-,
"996","剑湖宫","10人普通",扶风,武器,宿世缘,-,
"996","剑湖宫","10人普通",扶风,武器,殷怀,-,
"996","剑湖宫","10人普通",玄冥灵龟,装备,宸藻束带,-,
"996","剑湖宫","10人普通",玄冥灵龟,武器,殊语,-,
"996","剑湖宫","10人普通",玄冥灵龟,装备,翼摧裤,-,
"996","剑湖宫","10人普通",玄冥灵龟,装备,渡愁束带,-,
"996","剑湖宫","10人普通",玄冥灵龟宝箱,装备,翼摧裤,-,
"996","剑湖宫","10人普通",玄冥灵龟宝箱,装备,渡愁束带,-,
"996","剑湖宫","10人普通",玄冥灵龟宝箱,装备,翼摧裤,-,
"996","剑湖宫","10人普通",玄冥灵龟,装备,鸿道束带,-,
"996","剑湖宫","10人普通",玄冥灵龟,武器,常寂然,-,
"996","剑湖宫","10人普通",玄冥灵龟宝箱,装备,衡机裤,-,
"996","剑湖宫","10人普通",玄冥灵龟,装备,瑶徵束带,-,
"996","剑湖宫","10人普通",玄冥灵龟宝箱,装备,衡机裤,-,
"996","剑湖宫","10人普通",玄冥灵龟宝箱,装备,瑶徵束带,-,
"996","剑湖宫","10人普通",玄冥灵龟,装备,云岸裤,-,
"996","剑湖宫","10人普通",玄冥灵龟,装备,疏江束带,-,
"996","剑湖宫","10人普通",玄冥灵龟,武器,行迈长川,-,
"996","剑湖宫","10人普通",玄冥灵龟宝箱,装备,云岸裤,-,
"996","剑湖宫","10人普通",玄冥灵龟,装备,岭梅裤,-,
"996","剑湖宫","10人普通",玄冥灵龟宝箱,装备,岭梅裤,-,
"996","剑湖宫","10人普通",玄冥灵龟,武器,济岱江衡,-,
"996","剑湖宫","10人普通",玄冥灵龟,装备,湘瑟帽,-,
"996","剑湖宫","10人普通",玄冥灵龟宝箱,装备,湘瑟帽,-,
"996","剑湖宫","10人普通",玄冥灵龟,武器,临波不渡,-,
"996","剑湖宫","10人普通",玄冥灵龟宝箱,装备,停鹤帽,-,
"996","剑湖宫","10人普通",玄冥灵龟宝箱,饰品,疏江指环,-,
"996","剑湖宫","10人普通",玄冥灵龟宝箱,装备,停鹤帽,-,
"996","剑湖宫","10人普通",玄冥灵龟,装备,翼摧帽,-,
"996","剑湖宫","10人普通",玄冥灵龟,饰品,瑶徵指环,-,
"996","剑湖宫","10人普通",玄冥灵龟,武器,朔风徽止,-,
"996","剑湖宫","10人普通",玄冥灵龟宝箱,装备,翼摧帽,-,
"996","剑湖宫","10人普通",玄冥灵龟宝箱,饰品,宸藻指环,-,
"996","剑湖宫","10人普通",玄冥灵龟,装备,衡机帽,-,
"996","剑湖宫","10人普通",玄冥灵龟宝箱,装备,衡机帽,-,
"996","剑湖宫","10人普通",玄冥灵龟,饰品,寄音指环,-,
"996","剑湖宫","10人普通",玄冥灵龟,武器,寒木荣,-,
"996","剑湖宫","10人普通",玄冥灵龟,装备,云岸帽,-,
"996","剑湖宫","10人普通",玄冥灵龟宝箱,饰品,寄音指环,-,
"996","剑湖宫","10人普通",玄冥灵龟,饰品,宸藻指环,-,
"996","剑湖宫","10人普通",玄冥灵龟宝箱,装备,云岸帽,-,
"996","剑湖宫","10人普通",玄冥灵龟,饰品,渡愁指环,-,
"996","剑湖宫","10人普通",玄冥灵龟宝箱,装备,云岸帽,-,
"996","剑湖宫","10人普通",玄冥灵龟宝箱,饰品,渡愁指环,-,
"996","剑湖宫","10人普通",玄冥灵龟,武器,停枝,-,
"996","剑湖宫","10人普通",玄冥灵龟宝箱,装备,岭梅帽,-,
"996","剑湖宫","10人普通",玄冥灵龟,饰品,鸿道指环,-,
"996","剑湖宫","10人普通",玄冥灵龟宝箱,装备,云岸裤,-,
"996","剑湖宫","10人普通",玄冥灵龟宝箱,装备,岭梅帽,-,
"996","剑湖宫","10人普通",玄冥灵龟宝箱,饰品,鸿道指环,-,
"996","剑湖宫","10人普通",玄冥灵龟,武器,龙辉轻剑,-,
"996","剑湖宫","10人普通",玄冥灵龟宝箱,饰品,瑶徵指环,-,
"996","剑湖宫","10人普通",玄冥灵龟宝箱,装备,寄音束带,-,
"996","剑湖宫","10人普通",玄冥灵龟,饰品,疏江指环,-,
"996","剑湖宫","10人普通",玄冥灵龟宝箱,装备,鸿道束带,-,
"996","剑湖宫","10人普通",玄冥灵龟,武器,墟上春流,-,
"996","剑湖宫","10人普通",玄冥灵龟宝箱,装备,停鹤裤,-,
"996","剑湖宫","10人普通",玄冥灵龟,武器,声震风驰枪,-,
"996","剑湖宫","10人普通",玄冥灵龟,武器,有肃重剑,-,
"996","剑湖宫","10人普通",玄冥灵龟宝箱,装备,岭梅裤,-,
"996","剑湖宫","10人普通",玄冥灵龟,武器,澄月,-,
"996","剑湖宫","10人普通",玄冥灵龟宝箱,装备,疏江束带,-,
"996","剑湖宫","10人普通",玄冥灵龟,武器,神武章,-,
"996","剑湖宫","10人普通",玄冥灵龟,武器,困启殷忧,-,
"996","剑湖宫","10人普通",玄冥灵龟,装备,湘瑟裤,-,
"996","剑湖宫","10人普通",玄冥灵龟,装备,寄音束带,-,
"996","剑湖宫","10人普通",玄冥灵龟宝箱,装备,宸藻束带,-,
"996","剑湖宫","10人普通",玄冥灵龟宝箱,装备,停鹤裤,-,
"996","剑湖宫","10人普通",玄冥灵龟宝箱,装备,湘瑟帽,-,
"996","剑湖宫","10人普通",玄冥灵龟宝箱,装备,湘瑟裤,-,
"996","剑湖宫","10人普通",玄冥灵龟,武器,清净金华,-,
"996","剑湖宫","10人普通",玄冥灵龟宝箱,装备,湘瑟裤,-,
"996","剑湖宫","10人普通",玄冥灵龟,装备,岭梅帽,-,
"996","剑湖宫","10人普通",玄冥灵龟宝箱,装备,衡机帽,-,
"996","剑湖宫","10人普通",玄冥灵龟宝箱,装备,翼摧帽,-,
"996","剑湖宫","10人普通",玄冥灵龟,装备,停鹤帽,-,
"996","剑湖宫","10人普通",玄冥灵龟,装备,衡机裤,-,
"996","剑湖宫","10人普通",玄冥灵龟,武器,焚微初,-,
"996","剑湖宫","10人普通",玄冥灵龟,装备,停鹤裤,-,
"996","剑湖宫","10人普通",玄冥灵龟,武器,擢秋,-,
"996","剑湖宫","10人普通",迦牟,武器,行迈长川,-,
"996","剑湖宫","10人普通",迦牟,武器,渡愁囊,-,
"996","剑湖宫","10人普通",迦牟,武器,宿世缘,-,
"996","剑湖宫","10人普通",迦牟,武器,济岱江衡,-,
"996","剑湖宫","10人普通",迦牟,武器,鸿道囊,-,
"996","剑湖宫","10人普通",迦牟,武器,时雨濛,-,
"996","剑湖宫","10人普通",迦牟,武器,凝夕光,-,
"996","剑湖宫","10人普通",迦牟,武器,临波不渡,-,
"996","剑湖宫","10人普通",迦牟,武器,瑶徵囊,-,
"996","剑湖宫","10人普通",迦牟,武器,玉墀皎,-,
"996","剑湖宫","10人普通",迦牟,饰品,湘瑟坠,-,
"996","剑湖宫","10人普通",迦牟,武器,朔风徽止,-,
"996","剑湖宫","10人普通",迦牟,武器,疏江囊,-,
"996","剑湖宫","10人普通",迦牟,饰品,停鹤坠,-,
"996","剑湖宫","10人普通",迦牟,武器,寒木荣,-,
"996","剑湖宫","10人普通",迦牟,武器,长寂,-,
"996","剑湖宫","10人普通",迦牟,饰品,翼摧坠,-,
"996","剑湖宫","10人普通",迦牟,武器,停枝,-,
"996","剑湖宫","10人普通",迦牟,武器,善法堂,-,
"996","剑湖宫","10人普通",迦牟,武器,浮沉一情,-,
"996","剑湖宫","10人普通",迦牟,饰品,云岸坠,-,
"996","剑湖宫","10人普通",迦牟,武器,龙辉轻剑,-,
"996","剑湖宫","10人普通",迦牟,饰品,岭梅坠,-,
"996","剑湖宫","10人普通",迦牟,武器,影行照现,-,
"996","剑湖宫","10人普通",迦牟,武器,墟上春流,-,
"996","剑湖宫","10人普通",迦牟,武器,潮澜,-,
"996","剑湖宫","10人普通",迦牟,武器,声震风驰枪,-,
"996","剑湖宫","10人普通",迦牟,武器,殷怀,-,
"996","剑湖宫","10人普通",迦牟,装备,停鹤衣,-,
"996","剑湖宫","10人普通",迦牟,武器,游凫,-,
"996","剑湖宫","10人普通",迦牟,武器,有肃重剑,-,
"996","剑湖宫","10人普通",迦牟,装备,翼摧衣,-,
"996","剑湖宫","10人普通",迦牟,武器,静世波,-,
"996","剑湖宫","10人普通",迦牟,武器,澄月,-,
"996","剑湖宫","10人普通",迦牟,武器,凭溪轻剑,-,
"996","剑湖宫","10人普通",迦牟,饰品,衡机坠,-,
"996","剑湖宫","10人普通",迦牟,装备,云岸衣,-,
"996","剑湖宫","10人普通",迦牟,武器,神武章,-,
"996","剑湖宫","10人普通",迦牟,武器,绝原重戟,-,
"996","剑湖宫","10人普通",迦牟,装备,衡机衣,-,
"996","剑湖宫","10人普通",迦牟,装备,岭梅衣,-,
"996","剑湖宫","10人普通",迦牟,武器,棹歌重剑,-,
"996","剑湖宫","10人普通",迦牟,武器,清净金华,-,
"996","剑湖宫","10人普通",迦牟,武器,宸藻囊,-,
"996","剑湖宫","10人普通",迦牟,武器,困启殷忧,-,
"996","剑湖宫","10人普通",迦牟,装备,宸藻袖,-,
"996","剑湖宫","10人普通",迦牟,武器,照渊枪,-,
"996","剑湖宫","10人普通",迦牟,装备,寄音袖,-,
"996","剑湖宫","10人普通",迦牟,武器,擢秋,-,
"996","剑湖宫","10人普通",迦牟,装备,渡愁袖,-,
"996","剑湖宫","10人普通",迦牟,武器,焚微初,-,
"996","剑湖宫","10人普通",迦牟,装备,鸿道袖,-,
"996","剑湖宫","10人普通",迦牟,武器,殊语,-,
"996","剑湖宫","10人普通",迦牟,武器,寄音囊,-,
"996","剑湖宫","10人普通",迦牟,武器,抚乾衡,-,
"996","剑湖宫","10人普通",迦牟,装备,瑶徵袖,-,
"996","剑湖宫","10人普通",迦牟,装备,湘瑟衣,-,
"996","剑湖宫","10人普通",迦牟,装备,疏江袖,-,
"996","剑湖宫","10人普通",迦牟,武器,镇地机,-,
"996","剑湖宫","10人普通",迦牟,武器,常寂然,-,
"997","剑湖宫","10人挑战",褚吉光,装备,圹月靴,-,
"997","剑湖宫","10人挑战",褚吉光,武器,景绝囊,-,
"997","剑湖宫","10人挑战",柳公子,饰品,灵溯戒,-,
"997","剑湖宫","10人挑战",柳公子,装备,文异衣,-,
"997","剑湖宫","10人挑战",柳公子,装备,圹月束带,-,
"997","剑湖宫","10人挑战",褚吉光,装备,浮朗护手,-,
"997","剑湖宫","10人挑战",柳公子,装备,鹄飞衣,-,
"997","剑湖宫","10人挑战",柳公子,饰品,景绝戒,-,
"997","剑湖宫","10人挑战",褚吉光,装备,槐岻靴,-,
"997","剑湖宫","10人挑战",柳公子,装备,莺晓衣,-,
"997","剑湖宫","10人挑战",褚吉光,武器,浮朗囊,-,
"997","剑湖宫","10人挑战",柳公子,装备,景绝束带,-,
"997","剑湖宫","10人挑战",柳公子,装备,槐岻束带,-,
"997","剑湖宫","10人挑战",褚吉光,装备,袭予袖,-,
"997","剑湖宫","10人挑战",褚吉光,饰品,灵溯链,-,
"997","剑湖宫","10人挑战",柳公子,饰品,圹月戒,-,
"997","剑湖宫","10人挑战",褚吉光,饰品,景绝链,-,
"997","剑湖宫","10人挑战",褚吉光,装备,灵溯靴,-,
"997","剑湖宫","10人挑战",褚吉光,武器,袭予囊,-,
"997","剑湖宫","10人挑战",柳公子,饰品,槐岻戒,-,
"997","剑湖宫","10人挑战",褚吉光,装备,圹月袖,-,
"997","剑湖宫","10人挑战",柳公子,饰品,曲琼坠,-,
"997","剑湖宫","10人挑战",柳公子,饰品,文异坠,-,
"997","剑湖宫","10人挑战",柳公子,装备,浮朗束带,-,
"997","剑湖宫","10人挑战",褚吉光,装备,景绝靴,-,
"997","剑湖宫","10人挑战",柳公子,饰品,神鼎坠,-,
"997","剑湖宫","10人挑战",柳公子,饰品,鹄飞坠,-,
"997","剑湖宫","10人挑战",褚吉光,武器,圹月囊,-,
"997","剑湖宫","10人挑战",褚吉光,饰品,圹月链,-,
"997","剑湖宫","10人挑战",柳公子,饰品,莺晓坠,-,
"997","剑湖宫","10人挑战",柳公子,饰品,横川坠,-,
"997","剑湖宫","10人挑战",褚吉光,装备,槐岻护手,-,
"997","剑湖宫","10人挑战",褚吉光,饰品,槐岻链,-,
"997","剑湖宫","10人挑战",褚吉光,装备,浮朗靴,-,
"997","剑湖宫","10人挑战",褚吉光,武器,灵溯囊,-,
"997","剑湖宫","10人挑战",褚吉光,装备,灵溯袖,-,
"997","剑湖宫","10人挑战",柳公子,饰品,袭予戒,-,
"997","剑湖宫","10人挑战",柳公子,饰品,浮朗戒,-,
"997","剑湖宫","10人挑战",褚吉光,武器,槐岻囊,-,
"997","剑湖宫","10人挑战",柳公子,装备,袭予束带,-,
"997","剑湖宫","10人挑战",褚吉光,装备,袭予靴,-,
"997","剑湖宫","10人挑战",褚吉光,饰品,袭予链,-,
"997","剑湖宫","10人挑战",褚吉光,饰品,浮朗链,-,
"997","剑湖宫","10人挑战",柳公子,装备,横川衣,-,
"997","剑湖宫","10人挑战",柳公子,装备,神鼎衣,-,
"997","剑湖宫","10人挑战",柳公子,装备,曲琼衣,-,
"997","剑湖宫","10人挑战",褚吉光,装备,景绝袖,-,
"997","剑湖宫","10人挑战",柳公子,装备,灵溯束带,-,
"997","剑湖宫","10人挑战",扶风,装备,横川冠,-,
"997","剑湖宫","10人挑战",扶风,装备,圹月靴,-,
"997","剑湖宫","10人挑战",扶风,装备,槐岻靴,-,
"997","剑湖宫","10人挑战",扶风,饰品,灵溯链,-,
"997","剑湖宫","10人挑战",扶风,装备,曲琼裤,-,
"997","剑湖宫","10人挑战",扶风,装备,文异裤,-,
"997","剑湖宫","10人挑战",扶风,饰品,景绝链,-,
"997","剑湖宫","10人挑战",扶风,装备,灵溯靴,-,
"997","剑湖宫","10人挑战",扶风,装备,鹄飞裤,-,
"997","剑湖宫","10人挑战",扶风,饰品,袭予链,-,
"997","剑湖宫","10人挑战",扶风,装备,景绝靴,-,
"997","剑湖宫","10人挑战",扶风,装备,莺晓裤,-,
"997","剑湖宫","10人挑战",扶风,饰品,圹月链,-,
"997","剑湖宫","10人挑战",扶风,装备,横川裤,-,
"997","剑湖宫","10人挑战",扶风,装备,曲琼冠,-,
"997","剑湖宫","10人挑战",扶风,装备,浮朗靴,-,
"997","剑湖宫","10人挑战",扶风,装备,文异冠,-,
"997","剑湖宫","10人挑战",扶风,装备,莺晓冠,-,
"997","剑湖宫","10人挑战",扶风,装备,神鼎冠,-,
"997","剑湖宫","10人挑战",扶风,饰品,槐岻链,-,
"997","剑湖宫","10人挑战",扶风,饰品,浮朗链,-,
"997","剑湖宫","10人挑战",扶风,装备,袭予靴,-,
"997","剑湖宫","10人挑战",扶风,装备,鹄飞冠,-,
"997","剑湖宫","10人挑战",扶风,装备,神鼎裤,-,
"997","剑湖宫","10人挑战",玄冥灵龟,装备,袭予束带,-,
"997","剑湖宫","10人挑战",玄冥灵龟,装备,灵溯束带,-,
"997","剑湖宫","10人挑战",玄冥灵龟,装备,浮朗冠,-,
"997","剑湖宫","10人挑战",玄冥灵龟,饰品,灵溯戒,-,
"997","剑湖宫","10人挑战",玄冥灵龟,装备,圹月束带,-,
"997","剑湖宫","10人挑战",玄冥灵龟,装备,袭予冠,-,
"997","剑湖宫","10人挑战",玄冥灵龟,饰品,景绝戒,-,
"997","剑湖宫","10人挑战",玄冥灵龟,装备,圹月冠,-,
"997","剑湖宫","10人挑战",玄冥灵龟,装备,槐岻束带,-,
"997","剑湖宫","10人挑战",玄冥灵龟,装备,景绝束带,-,
"997","剑湖宫","10人挑战",玄冥灵龟,装备,灵溯裤,-,
"997","剑湖宫","10人挑战",玄冥灵龟,饰品,袭予戒,-,
"997","剑湖宫","10人挑战",玄冥灵龟,装备,槐岻冠,-,
"997","剑湖宫","10人挑战",玄冥灵龟,饰品,圹月戒,-,
"997","剑湖宫","10人挑战",玄冥灵龟,装备,景绝裤,-,
"997","剑湖宫","10人挑战",玄冥灵龟,装备,浮朗裤,-,
"997","剑湖宫","10人挑战",玄冥灵龟,装备,袭予裤,-,
"997","剑湖宫","10人挑战",玄冥灵龟,装备,浮朗束带,-,
"997","剑湖宫","10人挑战",玄冥灵龟,装备,圹月裤,-,
"997","剑湖宫","10人挑战",玄冥灵龟,饰品,槐岻戒,-,
"997","剑湖宫","10人挑战",玄冥灵龟,装备,槐岻裤,-,
"997","剑湖宫","10人挑战",玄冥灵龟,饰品,浮朗戒,-,
"997","剑湖宫","10人挑战",玄冥灵龟,装备,灵溯冠,-,
"997","剑湖宫","10人挑战",玄冥灵龟,装备,景绝冠,-,
"997","剑湖宫","10人挑战",迦牟,饰品,槐岻坠,-,
"997","剑湖宫","10人挑战",迦牟,装备,文异袖,-,
"997","剑湖宫","10人挑战",迦牟,武器,文异囊,-,
"997","剑湖宫","10人挑战",迦牟,装备,神鼎护手,-,
"997","剑湖宫","10人挑战",迦牟,装备,鹄飞袖,-,
"997","剑湖宫","10人挑战",迦牟,武器,神鼎囊,-,
"997","剑湖宫","10人挑战",迦牟,装备,莺晓袖,-,
"997","剑湖宫","10人挑战",迦牟,饰品,血炽,-,
"997","剑湖宫","10人挑战",迦牟,装备,横川护手,-,
"997","剑湖宫","10人挑战",迦牟,武器,鹄飞囊,-,
"997","剑湖宫","10人挑战",迦牟,武器,莺晓囊,-,
"997","剑湖宫","10人挑战",迦牟,装备,灵溯衣,-,
"997","剑湖宫","10人挑战",迦牟,装备,景绝衣,-,
"997","剑湖宫","10人挑战",迦牟,武器,横川囊,-,
"997","剑湖宫","10人挑战",迦牟,装备,浮朗衣,-,
"997","剑湖宫","10人挑战",迦牟,装备,袭予衣,-,
"997","剑湖宫","10人挑战",迦牟,饰品,灵溯坠,-,
"997","剑湖宫","10人挑战",迦牟,装备,圹月衣,-,
"997","剑湖宫","10人挑战",迦牟,饰品,景绝坠,-,
"997","剑湖宫","10人挑战",迦牟,饰品,圹月坠,-,
"997","剑湖宫","10人挑战",迦牟,饰品,浮朗坠,-,
"997","剑湖宫","10人挑战",迦牟,装备,槐岻衣,-,
"997","剑湖宫","10人挑战",迦牟,饰品,袭予坠,-,
"997","剑湖宫","10人挑战",迦牟,装备,曲琼袖,-,
"997","剑湖宫","10人挑战",迦牟,武器,曲琼囊,-,
"998","剑湖宫","25人英雄",褚吉光,武器,断肠索·临,-,
"998","剑湖宫","25人英雄",柳公子,武器,断肠索·临,-,
"998","剑湖宫","25人英雄",褚吉光,装备,灵溯袖,-,
"998","剑湖宫","25人英雄",褚吉光,装备,景绝袖,-,
"998","剑湖宫","25人英雄",褚吉光,装备,浮朗护手,-,
"998","剑湖宫","25人英雄",褚吉光,装备,袭予袖,-,
"998","剑湖宫","25人英雄",褚吉光,装备,圹月袖,-,
"998","剑湖宫","25人英雄",褚吉光,装备,槐岻护手,-,
"998","剑湖宫","25人英雄",柳公子,装备,灵溯束带,-,
"998","剑湖宫","25人英雄",柳公子,装备,景绝束带,-,
"998","剑湖宫","25人英雄",柳公子,装备,浮朗束带,-,
"998","剑湖宫","25人英雄",柳公子,装备,袭予束带,-,
"998","剑湖宫","25人英雄",柳公子,装备,圹月束带,-,
"998","剑湖宫","25人英雄",柳公子,装备,槐岻束带,-,
"998","剑湖宫","25人英雄",褚吉光,装备,灵溯裤,-,
"998","剑湖宫","25人英雄",褚吉光,装备,景绝裤,-,
"998","剑湖宫","25人英雄",褚吉光,装备,浮朗裤,-,
"998","剑湖宫","25人英雄",褚吉光,装备,袭予裤,-,
"998","剑湖宫","25人英雄",褚吉光,装备,圹月裤,-,
"998","剑湖宫","25人英雄",褚吉光,装备,槐岻裤,-,
"998","剑湖宫","25人英雄",褚吉光,装备,曲琼袖,-,
"998","剑湖宫","25人英雄",褚吉光,装备,文异袖,-,
"998","剑湖宫","25人英雄",褚吉光,装备,神鼎护手,-,
"998","剑湖宫","25人英雄",褚吉光,装备,鹄飞袖,-,
"998","剑湖宫","25人英雄",褚吉光,装备,莺晓袖,-,
"998","剑湖宫","25人英雄",褚吉光,装备,横川护手,-,
"998","剑湖宫","25人英雄",柳公子,装备,曲琼束带,-,
"998","剑湖宫","25人英雄",柳公子,装备,文异束带,-,
"998","剑湖宫","25人英雄",柳公子,装备,鹄飞束带,-,
"998","剑湖宫","25人英雄",柳公子,装备,莺晓束带,-,
"998","剑湖宫","25人英雄",柳公子,装备,横川束带,-,
"998","剑湖宫","25人英雄",柳公子,装备,曲琼裤,-,
"998","剑湖宫","25人英雄",柳公子,装备,文异裤,-,
"998","剑湖宫","25人英雄",柳公子,装备,神鼎裤,-,
"998","剑湖宫","25人英雄",柳公子,装备,莺晓裤,-,
"998","剑湖宫","25人英雄",柳公子,装备,横川裤,-,
"998","剑湖宫","25人英雄",褚吉光,装备,迈群护腕,-,
"998","剑湖宫","25人英雄",褚吉光,装备,渥露护腕,-,
"998","剑湖宫","25人英雄",褚吉光,装备,遥雨护腕,-,
"998","剑湖宫","25人英雄",褚吉光,装备,化绝护腕,-,
"998","剑湖宫","25人英雄",褚吉光,装备,结旆护腕,-,
"998","剑湖宫","25人英雄",褚吉光,装备,叹音护腕,-,
"998","剑湖宫","25人英雄",柳公子,装备,迈群腰带,-,
"998","剑湖宫","25人英雄",柳公子,装备,渥露腰带,-,
"998","剑湖宫","25人英雄",柳公子,装备,遥雨腰带,-,
"998","剑湖宫","25人英雄",柳公子,装备,化绝腰带,-,
"998","剑湖宫","25人英雄",柳公子,装备,结旆腰带,-,
"998","剑湖宫","25人英雄",褚吉光,装备,巢皓护腕,-,
"998","剑湖宫","25人英雄",褚吉光,装备,翰岭护腕,-,
"998","剑湖宫","25人英雄",褚吉光,装备,椿数护腕,-,
"998","剑湖宫","25人英雄",柳公子,装备,巢皓腰带,-,
"998","剑湖宫","25人英雄",柳公子,装备,椿数腰带,-,
"998","剑湖宫","25人英雄",柳公子,装备,萧怀腰带,-,
"998","剑湖宫","25人英雄",褚吉光,武器,灵溯囊,-,
"998","剑湖宫","25人英雄",褚吉光,武器,景绝囊,-,
"998","剑湖宫","25人英雄",褚吉光,武器,浮朗囊,-,
"998","剑湖宫","25人英雄",褚吉光,武器,袭予囊,-,
"998","剑湖宫","25人英雄",褚吉光,武器,圹月囊,-,
"998","剑湖宫","25人英雄",褚吉光,武器,槐岻囊,-,
"998","剑湖宫","25人英雄",柳公子,装备,鹄飞裤,-,
"998","剑湖宫","25人英雄",柳公子,装备,叹音腰带,-,
"998","剑湖宫","25人英雄",褚吉光,装备,萧怀护腕,-,
"998","剑湖宫","25人英雄",褚吉光,装备,积蒙护腕,-,
"998","剑湖宫","25人英雄",褚吉光,饰品,横川坠,-,
"998","剑湖宫","25人英雄",褚吉光,饰品,莺晓坠,-,
"998","剑湖宫","25人英雄",褚吉光,饰品,鹄飞坠,-,
"998","剑湖宫","25人英雄",褚吉光,饰品,神鼎坠,-,
"998","剑湖宫","25人英雄",褚吉光,饰品,文异坠,-,
"998","剑湖宫","25人英雄",褚吉光,饰品,曲琼坠,-,
"998","剑湖宫","25人英雄",柳公子,装备,构虚腰带,-,
"998","剑湖宫","25人英雄",柳公子,饰品,横川链,-,
"998","剑湖宫","25人英雄",柳公子,饰品,莺晓链,-,
"998","剑湖宫","25人英雄",柳公子,饰品,鹄飞链,-,
"998","剑湖宫","25人英雄",柳公子,饰品,神鼎链,-,
"998","剑湖宫","25人英雄",柳公子,饰品,文异链,-,
"998","剑湖宫","25人英雄",柳公子,饰品,曲琼链,-,
"998","剑湖宫","25人英雄",柳公子,武器,曲琼囊,-,
"998","剑湖宫","25人英雄",柳公子,饰品,圹月坠,-,
"998","剑湖宫","25人英雄",柳公子,饰品,浮朗坠,-,
"998","剑湖宫","25人英雄",柳公子,武器,文异囊,-,
"998","剑湖宫","25人英雄",柳公子,饰品,景绝坠,-,
"998","剑湖宫","25人英雄",柳公子,饰品,灵溯坠,-,
"998","剑湖宫","25人英雄",柳公子,武器,神鼎囊,-,
"998","剑湖宫","25人英雄",褚吉光,饰品,圹月链,-,
"998","剑湖宫","25人英雄",褚吉光,饰品,灵溯链,-,
"998","剑湖宫","25人英雄",柳公子,武器,鹄飞囊,-,
"998","剑湖宫","25人英雄",褚吉光,饰品,浮朗链,-,
"998","剑湖宫","25人英雄",柳公子,武器,莺晓囊,-,
"998","剑湖宫","25人英雄",褚吉光,装备,构虚护腕,-,
"998","剑湖宫","25人英雄",柳公子,武器,横川囊,-,
"998","剑湖宫","25人英雄",柳公子,装备,翰岭腰带,-,
"998","剑湖宫","25人英雄",柳公子,装备,积蒙腰带,-,
"998","剑湖宫","25人英雄",褚吉光,饰品,景绝链,-,
"998","剑湖宫","25人英雄",褚吉光,饰品,袭予链,-,
"998","剑湖宫","25人英雄",褚吉光,饰品,槐岻链,-,
"998","剑湖宫","25人英雄",柳公子,饰品,袭予坠,-,
"998","剑湖宫","25人英雄",柳公子,饰品,槐岻坠,-,
"998","剑湖宫","25人英雄",褚吉光,武器,断肠索·昆,-,
"998","剑湖宫","25人英雄",柳公子,武器,断肠索·昆,-,
"998","剑湖宫","25人英雄",褚吉光,武器,断肠索·语,-,
"998","剑湖宫","25人英雄",柳公子,武器,断肠索·语,-,
"998","剑湖宫","25人英雄",褚吉光,武器,断肠索·明,-,
"998","剑湖宫","25人英雄",柳公子,武器,断肠索·明,-,
"998","剑湖宫","25人英雄",柳公子,装备,神鼎束带,-,
"998","剑湖宫","25人英雄",褚吉光,武器,断肠索·严,-,
"998","剑湖宫","25人英雄",柳公子,武器,断肠索·严,-,
"998","剑湖宫","25人英雄",褚吉光,武器,断肠索·舒,-,
"998","剑湖宫","25人英雄",柳公子,武器,断肠索·舒,-,
"998","剑湖宫","25人英雄",扶风,武器,断肠索·临,-,
"998","剑湖宫","25人英雄",扶风,武器,衔辉,-,
"998","剑湖宫","25人英雄",扶风宝箱,武器,衔辉,-,
"998","剑湖宫","25人英雄",扶风宝箱,武器,衔辉,-,
"998","剑湖宫","25人英雄",扶风,武器,鉴世,-,
"998","剑湖宫","25人英雄",扶风宝箱,武器,鉴世,-,
"998","剑湖宫","25人英雄",扶风宝箱,武器,鉴世,-,
"998","剑湖宫","25人英雄",扶风,装备,灵溯靴,-,
"998","剑湖宫","25人英雄",扶风宝箱,装备,灵溯靴,-,
"998","剑湖宫","25人英雄",扶风宝箱,装备,灵溯靴,-,
"998","剑湖宫","25人英雄",扶风宝箱,装备,灵溯靴,-,
"998","剑湖宫","25人英雄",扶风宝箱,装备,灵溯靴,-,
"998","剑湖宫","25人英雄",扶风宝箱,装备,灵溯靴,-,
"998","剑湖宫","25人英雄",扶风,装备,景绝靴,-,
"998","剑湖宫","25人英雄",扶风宝箱,装备,景绝靴,-,
"998","剑湖宫","25人英雄",扶风宝箱,装备,景绝靴,-,
"998","剑湖宫","25人英雄",扶风宝箱,装备,景绝靴,-,
"998","剑湖宫","25人英雄",扶风宝箱,装备,景绝靴,-,
"998","剑湖宫","25人英雄",扶风宝箱,装备,景绝靴,-,
"998","剑湖宫","25人英雄",扶风,装备,浮朗靴,-,
"998","剑湖宫","25人英雄",扶风宝箱,装备,浮朗靴,-,
"998","剑湖宫","25人英雄",扶风宝箱,装备,浮朗靴,-,
"998","剑湖宫","25人英雄",扶风宝箱,装备,浮朗靴,-,
"998","剑湖宫","25人英雄",扶风宝箱,装备,浮朗靴,-,
"998","剑湖宫","25人英雄",扶风宝箱,装备,浮朗靴,-,
"998","剑湖宫","25人英雄",扶风,装备,袭予靴,-,
"998","剑湖宫","25人英雄",扶风宝箱,装备,袭予靴,-,
"998","剑湖宫","25人英雄",扶风宝箱,装备,袭予靴,-,
"998","剑湖宫","25人英雄",扶风宝箱,装备,袭予靴,-,
"998","剑湖宫","25人英雄",扶风宝箱,装备,袭予靴,-,
"998","剑湖宫","25人英雄",扶风宝箱,装备,袭予靴,-,
"998","剑湖宫","25人英雄",扶风,装备,圹月靴,-,
"998","剑湖宫","25人英雄",扶风宝箱,装备,圹月靴,-,
"998","剑湖宫","25人英雄",扶风宝箱,装备,圹月靴,-,
"998","剑湖宫","25人英雄",扶风宝箱,装备,圹月靴,-,
"998","剑湖宫","25人英雄",扶风宝箱,装备,圹月靴,-,
"998","剑湖宫","25人英雄",扶风,装备,槐岻靴,-,
"998","剑湖宫","25人英雄",扶风宝箱,装备,槐岻靴,-,
"998","剑湖宫","25人英雄",扶风宝箱,装备,槐岻靴,-,
"998","剑湖宫","25人英雄",扶风宝箱,装备,槐岻靴,-,
"998","剑湖宫","25人英雄",扶风宝箱,装备,槐岻靴,-,
"998","剑湖宫","25人英雄",扶风宝箱,装备,槐岻靴,-,
"998","剑湖宫","25人英雄",扶风,装备,曲琼靴,-,
"998","剑湖宫","25人英雄",扶风宝箱,装备,曲琼靴,-,
"998","剑湖宫","25人英雄",扶风宝箱,装备,曲琼靴,-,
"998","剑湖宫","25人英雄",扶风宝箱,装备,曲琼靴,-,
"998","剑湖宫","25人英雄",扶风宝箱,装备,曲琼靴,-,
"998","剑湖宫","25人英雄",扶风,装备,文异靴,-,
"998","剑湖宫","25人英雄",扶风宝箱,装备,文异靴,-,
"998","剑湖宫","25人英雄",扶风宝箱,装备,文异靴,-,
"998","剑湖宫","25人英雄",扶风宝箱,装备,文异靴,-,
"998","剑湖宫","25人英雄",扶风宝箱,装备,文异靴,-,
"998","剑湖宫","25人英雄",扶风,装备,神鼎靴,-,
"998","剑湖宫","25人英雄",扶风宝箱,装备,神鼎靴,-,
"998","剑湖宫","25人英雄",扶风宝箱,装备,神鼎靴,-,
"998","剑湖宫","25人英雄",扶风宝箱,装备,神鼎靴,-,
"998","剑湖宫","25人英雄",扶风,装备,鹄飞靴,-,
"998","剑湖宫","25人英雄",扶风宝箱,装备,鹄飞靴,-,
"998","剑湖宫","25人英雄",扶风宝箱,装备,鹄飞靴,-,
"998","剑湖宫","25人英雄",扶风宝箱,装备,鹄飞靴,-,
"998","剑湖宫","25人英雄",扶风宝箱,装备,鹄飞靴,-,
"998","剑湖宫","25人英雄",扶风,装备,莺晓靴,-,
"998","剑湖宫","25人英雄",扶风宝箱,装备,莺晓靴,-,
"998","剑湖宫","25人英雄",扶风宝箱,装备,莺晓靴,-,
"998","剑湖宫","25人英雄",扶风宝箱,装备,莺晓靴,-,
"998","剑湖宫","25人英雄",扶风宝箱,装备,莺晓靴,-,
"998","剑湖宫","25人英雄",扶风,装备,横川靴,-,
"998","剑湖宫","25人英雄",扶风宝箱,装备,横川靴,-,
"998","剑湖宫","25人英雄",扶风宝箱,装备,横川靴,-,
"998","剑湖宫","25人英雄",扶风宝箱,装备,横川靴,-,
"998","剑湖宫","25人英雄",扶风宝箱,饰品,曲琼戒,-,
"998","剑湖宫","25人英雄",扶风宝箱,饰品,曲琼戒,-,
"998","剑湖宫","25人英雄",扶风宝箱,饰品,曲琼戒,-,
"998","剑湖宫","25人英雄",扶风宝箱,饰品,文异戒,-,
"998","剑湖宫","25人英雄",扶风宝箱,饰品,文异戒,-,
"998","剑湖宫","25人英雄",扶风宝箱,饰品,文异戒,-,
"998","剑湖宫","25人英雄",扶风宝箱,饰品,神鼎戒,-,
"998","剑湖宫","25人英雄",扶风宝箱,饰品,神鼎戒,-,
"998","剑湖宫","25人英雄",扶风宝箱,饰品,鹄飞戒,-,
"998","剑湖宫","25人英雄",扶风宝箱,饰品,鹄飞戒,-,
"998","剑湖宫","25人英雄",扶风宝箱,饰品,鹄飞戒,-,
"998","剑湖宫","25人英雄",扶风宝箱,饰品,莺晓戒,-,
"998","剑湖宫","25人英雄",扶风宝箱,饰品,莺晓戒,-,
"998","剑湖宫","25人英雄",扶风宝箱,饰品,莺晓戒,-,
"998","剑湖宫","25人英雄",扶风宝箱,饰品,横川戒,-,
"998","剑湖宫","25人英雄",扶风宝箱,饰品,横川戒,-,
"998","剑湖宫","25人英雄",扶风宝箱,饰品,迈群戒,-,
"998","剑湖宫","25人英雄",扶风宝箱,饰品,迈群戒,-,
"998","剑湖宫","25人英雄",扶风,饰品,渥露戒,-,
"998","剑湖宫","25人英雄",扶风宝箱,饰品,渥露戒,-,
"998","剑湖宫","25人英雄",扶风宝箱,饰品,遥雨戒,-,
"998","剑湖宫","25人英雄",扶风宝箱,饰品,遥雨戒,-,
"998","剑湖宫","25人英雄",扶风宝箱,饰品,化绝戒,-,
"998","剑湖宫","25人英雄",扶风宝箱,饰品,化绝戒,-,
"998","剑湖宫","25人英雄",扶风宝箱,饰品,结旆戒,-,
"998","剑湖宫","25人英雄",扶风宝箱,饰品,结旆戒,-,
"998","剑湖宫","25人英雄",扶风,饰品,叹音戒,-,
"998","剑湖宫","25人英雄",扶风宝箱,饰品,叹音戒,-,
"998","剑湖宫","25人英雄",扶风宝箱,饰品,叹音戒,-,
"998","剑湖宫","25人英雄",扶风宝箱,饰品,巢皓戒,-,
"998","剑湖宫","25人英雄",扶风宝箱,饰品,巢皓戒,-,
"998","剑湖宫","25人英雄",扶风,饰品,翰岭戒,-,
"998","剑湖宫","25人英雄",扶风宝箱,饰品,翰岭戒,-,
"998","剑湖宫","25人英雄",扶风宝箱,饰品,翰岭戒,-,
"998","剑湖宫","25人英雄",扶风宝箱,饰品,椿数戒,-,
"998","剑湖宫","25人英雄",扶风,饰品,构虚戒,-,
"998","剑湖宫","25人英雄",扶风宝箱,饰品,构虚戒,-,
"998","剑湖宫","25人英雄",扶风宝箱,饰品,构虚戒,-,
"998","剑湖宫","25人英雄",扶风宝箱,饰品,萧怀戒,-,
"998","剑湖宫","25人英雄",扶风,饰品,积蒙戒,-,
"998","剑湖宫","25人英雄",扶风宝箱,饰品,积蒙戒,-,
"998","剑湖宫","25人英雄",扶风宝箱,饰品,积蒙戒,-,
"998","剑湖宫","25人英雄",扶风,武器,起灭,-,
"998","剑湖宫","25人英雄",扶风宝箱,武器,起灭,-,
"998","剑湖宫","25人英雄",扶风宝箱,武器,起灭,-,
"998","剑湖宫","25人英雄",扶风,武器,眠禅,-,
"998","剑湖宫","25人英雄",扶风宝箱,武器,眠禅,-,
"998","剑湖宫","25人英雄",扶风宝箱,武器,眠禅,-,
"998","剑湖宫","25人英雄",扶风,武器,拘风月,-,
"998","剑湖宫","25人英雄",扶风宝箱,武器,拘风月,-,
"998","剑湖宫","25人英雄",扶风宝箱,武器,拘风月,-,
"998","剑湖宫","25人英雄",扶风,武器,旷野孤声,-,
"998","剑湖宫","25人英雄",扶风宝箱,武器,旷野孤声,-,
"998","剑湖宫","25人英雄",扶风宝箱,武器,旷野孤声,-,
"998","剑湖宫","25人英雄",扶风,武器,天鉴,-,
"998","剑湖宫","25人英雄",扶风宝箱,武器,天鉴,-,
"998","剑湖宫","25人英雄",扶风宝箱,武器,天鉴,-,
"998","剑湖宫","25人英雄",扶风,武器,易平,-,
"998","剑湖宫","25人英雄",扶风宝箱,武器,易平,-,
"998","剑湖宫","25人英雄",扶风宝箱,武器,易平,-,
"998","剑湖宫","25人英雄",扶风,武器,玄化烟煴,-,
"998","剑湖宫","25人英雄",扶风宝箱,武器,玄化烟煴,-,
"998","剑湖宫","25人英雄",扶风宝箱,武器,玄化烟煴,-,
"998","剑湖宫","25人英雄",扶风,武器,垂景星,-,
"998","剑湖宫","25人英雄",扶风宝箱,武器,垂景星,-,
"998","剑湖宫","25人英雄",扶风宝箱,武器,垂景星,-,
"998","剑湖宫","25人英雄",扶风,武器,霜漪,-,
"998","剑湖宫","25人英雄",扶风宝箱,武器,霜漪,-,
"998","剑湖宫","25人英雄",扶风宝箱,武器,霜漪,-,
"998","剑湖宫","25人英雄",扶风宝箱,饰品,积蒙戒,-,
"998","剑湖宫","25人英雄",扶风宝箱,饰品,萧怀戒,-,
"998","剑湖宫","25人英雄",扶风宝箱,饰品,萧怀戒,-,
"998","剑湖宫","25人英雄",扶风,武器,瑶珠,-,
"998","剑湖宫","25人英雄",扶风宝箱,饰品,构虚戒,-,
"998","剑湖宫","25人英雄",扶风宝箱,武器,瑶珠,-,
"998","剑湖宫","25人英雄",扶风宝箱,饰品,椿数戒,-,
"998","剑湖宫","25人英雄",扶风宝箱,武器,瑶珠,-,
"998","剑湖宫","25人英雄",扶风宝箱,饰品,椿数戒,-,
"998","剑湖宫","25人英雄",扶风,饰品,椿数戒,-,
"998","剑湖宫","25人英雄",扶风宝箱,饰品,翰岭戒,-,
"998","剑湖宫","25人英雄",扶风,武器,蝶流,-,
"998","剑湖宫","25人英雄",扶风宝箱,饰品,巢皓戒,-,
"998","剑湖宫","25人英雄",扶风宝箱,武器,蝶流,-,
"998","剑湖宫","25人英雄",扶风宝箱,饰品,叹音戒,-,
"998","剑湖宫","25人英雄",扶风宝箱,武器,蝶流,-,
"998","剑湖宫","25人英雄",扶风宝箱,饰品,结旆戒,-,
"998","剑湖宫","25人英雄",扶风,饰品,结旆戒,-,
"998","剑湖宫","25人英雄",扶风宝箱,饰品,化绝戒,-,
"998","剑湖宫","25人英雄",扶风,饰品,化绝戒,-,
"998","剑湖宫","25人英雄",扶风,武器,鸣寒,-,
"998","剑湖宫","25人英雄",扶风宝箱,饰品,遥雨戒,-,
"998","剑湖宫","25人英雄",扶风宝箱,武器,鸣寒,-,
"998","剑湖宫","25人英雄",扶风宝箱,武器,鸣寒,-,
"998","剑湖宫","25人英雄",扶风宝箱,饰品,渥露戒,-,
"998","剑湖宫","25人英雄",扶风宝箱,饰品,渥露戒,-,
"998","剑湖宫","25人英雄",扶风宝箱,饰品,迈群戒,-,
"998","剑湖宫","25人英雄",扶风,饰品,迈群戒,-,
"998","剑湖宫","25人英雄",扶风宝箱,饰品,横川戒,-,
"998","剑湖宫","25人英雄",扶风宝箱,饰品,横川戒,-,
"998","剑湖宫","25人英雄",扶风,武器,荡魂,-,
"998","剑湖宫","25人英雄",扶风宝箱,饰品,莺晓戒,-,
"998","剑湖宫","25人英雄",扶风,饰品,莺晓戒,-,
"998","剑湖宫","25人英雄",扶风宝箱,武器,荡魂,-,
"998","剑湖宫","25人英雄",扶风宝箱,饰品,鹄飞戒,-,
"998","剑湖宫","25人英雄",扶风宝箱,武器,荡魂,-,
"998","剑湖宫","25人英雄",扶风宝箱,饰品,神鼎戒,-,
"998","剑湖宫","25人英雄",扶风宝箱,饰品,神鼎戒,-,
"998","剑湖宫","25人英雄",扶风宝箱,饰品,神鼎戒,-,
"998","剑湖宫","25人英雄",扶风,饰品,神鼎戒,-,
"998","剑湖宫","25人英雄",扶风宝箱,饰品,文异戒,-,
"998","剑湖宫","25人英雄",扶风宝箱,饰品,曲琼戒,-,
"998","剑湖宫","25人英雄",扶风,饰品,曲琼戒,-,
"998","剑湖宫","25人英雄",扶风,武器,丹水阳辉,-,
"998","剑湖宫","25人英雄",扶风宝箱,武器,丹水阳辉,-,
"998","剑湖宫","25人英雄",扶风宝箱,武器,丹水阳辉,-,
"998","剑湖宫","25人英雄",扶风,武器,影絮刃,-,
"998","剑湖宫","25人英雄",扶风宝箱,武器,影絮刃,-,
"998","剑湖宫","25人英雄",扶风宝箱,武器,影絮刃,-,
"998","剑湖宫","25人英雄",扶风,武器,阑夕重剑,-,
"998","剑湖宫","25人英雄",扶风宝箱,武器,阑夕重剑,-,
"998","剑湖宫","25人英雄",扶风宝箱,武器,阑夕重剑,-,
"998","剑湖宫","25人英雄",扶风宝箱,饰品,曲琼戒,-,
"998","剑湖宫","25人英雄",扶风,饰品,文异戒,-,
"998","剑湖宫","25人英雄",扶风宝箱,饰品,文异戒,-,
"998","剑湖宫","25人英雄",扶风,饰品,鹄飞戒,-,
"998","剑湖宫","25人英雄",扶风宝箱,饰品,鹄飞戒,-,
"998","剑湖宫","25人英雄",扶风宝箱,饰品,莺晓戒,-,
"998","剑湖宫","25人英雄",扶风,饰品,横川戒,-,
"998","剑湖宫","25人英雄",扶风宝箱,饰品,横川戒,-,
"998","剑湖宫","25人英雄",扶风宝箱,饰品,迈群戒,-,
"998","剑湖宫","25人英雄",扶风宝箱,饰品,渥露戒,-,
"998","剑湖宫","25人英雄",扶风,饰品,遥雨戒,-,
"998","剑湖宫","25人英雄",扶风宝箱,饰品,遥雨戒,-,
"998","剑湖宫","25人英雄",扶风宝箱,饰品,化绝戒,-,
"998","剑湖宫","25人英雄",扶风宝箱,饰品,结旆戒,-,
"998","剑湖宫","25人英雄",扶风宝箱,饰品,叹音戒,-,
"998","剑湖宫","25人英雄",扶风,饰品,巢皓戒,-,
"998","剑湖宫","25人英雄",扶风宝箱,饰品,巢皓戒,-,
"998","剑湖宫","25人英雄",扶风宝箱,饰品,翰岭戒,-,
"998","剑湖宫","25人英雄",扶风宝箱,饰品,椿数戒,-,
"998","剑湖宫","25人英雄",扶风,武器,断肠索·昆,-,
"998","剑湖宫","25人英雄",扶风宝箱,饰品,构虚戒,-,
"998","剑湖宫","25人英雄",扶风,饰品,萧怀戒,-,
"998","剑湖宫","25人英雄",扶风宝箱,饰品,萧怀戒,-,
"998","剑湖宫","25人英雄",扶风,武器,断肠索·语,-,
"998","剑湖宫","25人英雄",扶风宝箱,饰品,积蒙戒,-,
"998","剑湖宫","25人英雄",扶风宝箱,装备,横川靴,-,
"998","剑湖宫","25人英雄",扶风,武器,断肠索·明,-,
"998","剑湖宫","25人英雄",扶风宝箱,装备,神鼎靴,-,
"998","剑湖宫","25人英雄",扶风,武器,断肠索·严,-,
"998","剑湖宫","25人英雄",扶风,武器,断肠索·舒,-,
"998","剑湖宫","25人英雄",扶风宝箱,装备,圹月靴,-,
"998","剑湖宫","25人英雄",玄冥灵龟,武器,断肠索·舒,-,
"998","剑湖宫","25人英雄",玄冥灵龟,武器,断肠索·临,-,
"998","剑湖宫","25人英雄",玄冥灵龟,武器,衔辉,-,
"998","剑湖宫","25人英雄",玄冥灵龟宝箱,武器,衔辉,-,
"998","剑湖宫","25人英雄",玄冥灵龟宝箱,武器,衔辉,-,
"998","剑湖宫","25人英雄",玄冥灵龟,武器,鉴世,-,
"998","剑湖宫","25人英雄",玄冥灵龟宝箱,武器,鉴世,-,
"998","剑湖宫","25人英雄",玄冥灵龟宝箱,武器,鉴世,-,
"998","剑湖宫","25人英雄",玄冥灵龟,武器,逝火,-,
"998","剑湖宫","25人英雄",玄冥灵龟宝箱,武器,逝火,-,
"998","剑湖宫","25人英雄",玄冥灵龟宝箱,武器,逝火,-,
"998","剑湖宫","25人英雄",玄冥灵龟,武器,驰焰,-,
"998","剑湖宫","25人英雄",玄冥灵龟宝箱,武器,驰焰,-,
"998","剑湖宫","25人英雄",玄冥灵龟宝箱,武器,驰焰,-,
"998","剑湖宫","25人英雄",玄冥灵龟宝箱,装备,灵溯冠,-,
"998","剑湖宫","25人英雄",玄冥灵龟宝箱,装备,灵溯冠,-,
"998","剑湖宫","25人英雄",玄冥灵龟宝箱,装备,灵溯冠,-,
"998","剑湖宫","25人英雄",玄冥灵龟宝箱,装备,灵溯冠,-,
"998","剑湖宫","25人英雄",玄冥灵龟宝箱,装备,灵溯冠,-,
"998","剑湖宫","25人英雄",玄冥灵龟,装备,景绝冠,-,
"998","剑湖宫","25人英雄",玄冥灵龟宝箱,装备,景绝冠,-,
"998","剑湖宫","25人英雄",玄冥灵龟宝箱,装备,景绝冠,-,
"998","剑湖宫","25人英雄",玄冥灵龟宝箱,装备,景绝冠,-,
"998","剑湖宫","25人英雄",玄冥灵龟宝箱,装备,景绝冠,-,
"998","剑湖宫","25人英雄",玄冥灵龟宝箱,装备,景绝冠,-,
"998","剑湖宫","25人英雄",玄冥灵龟,装备,浮朗冠,-,
"998","剑湖宫","25人英雄",玄冥灵龟宝箱,装备,浮朗冠,-,
"998","剑湖宫","25人英雄",玄冥灵龟宝箱,装备,浮朗冠,-,
"998","剑湖宫","25人英雄",玄冥灵龟宝箱,装备,浮朗冠,-,
"998","剑湖宫","25人英雄",玄冥灵龟宝箱,装备,浮朗冠,-,
"998","剑湖宫","25人英雄",玄冥灵龟,装备,袭予冠,-,
"998","剑湖宫","25人英雄",玄冥灵龟宝箱,装备,袭予冠,-,
"998","剑湖宫","25人英雄",玄冥灵龟宝箱,装备,袭予冠,-,
"998","剑湖宫","25人英雄",玄冥灵龟宝箱,装备,袭予冠,-,
"998","剑湖宫","25人英雄",玄冥灵龟宝箱,装备,袭予冠,-,
"998","剑湖宫","25人英雄",玄冥灵龟宝箱,装备,袭予冠,-,
"998","剑湖宫","25人英雄",玄冥灵龟,装备,圹月冠,-,
"998","剑湖宫","25人英雄",玄冥灵龟宝箱,装备,圹月冠,-,
"998","剑湖宫","25人英雄",玄冥灵龟宝箱,装备,圹月冠,-,
"998","剑湖宫","25人英雄",玄冥灵龟宝箱,装备,圹月冠,-,
"998","剑湖宫","25人英雄",玄冥灵龟宝箱,装备,圹月冠,-,
"998","剑湖宫","25人英雄",玄冥灵龟宝箱,装备,圹月冠,-,
"998","剑湖宫","25人英雄",玄冥灵龟,装备,槐岻冠,-,
"998","剑湖宫","25人英雄",玄冥灵龟宝箱,装备,槐岻冠,-,
"998","剑湖宫","25人英雄",玄冥灵龟宝箱,装备,槐岻冠,-,
"998","剑湖宫","25人英雄",玄冥灵龟宝箱,装备,槐岻冠,-,
"998","剑湖宫","25人英雄",玄冥灵龟宝箱,装备,槐岻冠,-,
"998","剑湖宫","25人英雄",玄冥灵龟,装备,曲琼冠,-,
"998","剑湖宫","25人英雄",玄冥灵龟宝箱,装备,曲琼冠,-,
"998","剑湖宫","25人英雄",玄冥灵龟宝箱,装备,曲琼冠,-,
"998","剑湖宫","25人英雄",玄冥灵龟宝箱,装备,曲琼冠,-,
"998","剑湖宫","25人英雄",玄冥灵龟宝箱,装备,曲琼冠,-,
"998","剑湖宫","25人英雄",玄冥灵龟,装备,文异冠,-,
"998","剑湖宫","25人英雄",玄冥灵龟宝箱,装备,文异冠,-,
"998","剑湖宫","25人英雄",玄冥灵龟宝箱,装备,文异冠,-,
"998","剑湖宫","25人英雄",玄冥灵龟宝箱,装备,文异冠,-,
"998","剑湖宫","25人英雄",玄冥灵龟宝箱,装备,文异冠,-,
"998","剑湖宫","25人英雄",玄冥灵龟,装备,神鼎冠,-,
"998","剑湖宫","25人英雄",玄冥灵龟宝箱,装备,神鼎冠,-,
"998","剑湖宫","25人英雄",玄冥灵龟宝箱,装备,神鼎冠,-,
"998","剑湖宫","25人英雄",玄冥灵龟宝箱,装备,神鼎冠,-,
"998","剑湖宫","25人英雄",玄冥灵龟,装备,鹄飞冠,-,
"998","剑湖宫","25人英雄",玄冥灵龟宝箱,装备,鹄飞冠,-,
"998","剑湖宫","25人英雄",玄冥灵龟宝箱,装备,鹄飞冠,-,
"998","剑湖宫","25人英雄",玄冥灵龟宝箱,装备,鹄飞冠,-,
"998","剑湖宫","25人英雄",玄冥灵龟宝箱,装备,鹄飞冠,-,
"998","剑湖宫","25人英雄",玄冥灵龟,装备,莺晓冠,-,
"998","剑湖宫","25人英雄",玄冥灵龟宝箱,装备,莺晓冠,-,
"998","剑湖宫","25人英雄",玄冥灵龟宝箱,装备,莺晓冠,-,
"998","剑湖宫","25人英雄",玄冥灵龟宝箱,装备,莺晓冠,-,
"998","剑湖宫","25人英雄",玄冥灵龟宝箱,装备,莺晓冠,-,
"998","剑湖宫","25人英雄",玄冥灵龟,装备,横川冠,-,
"998","剑湖宫","25人英雄",玄冥灵龟宝箱,装备,横川冠,-,
"998","剑湖宫","25人英雄",玄冥灵龟宝箱,装备,横川冠,-,
"998","剑湖宫","25人英雄",玄冥灵龟宝箱,装备,横川冠,-,
"998","剑湖宫","25人英雄",玄冥灵龟宝箱,装备,横川冠,-,
"998","剑湖宫","25人英雄",玄冥灵龟,装备,迈群裤,-,
"998","剑湖宫","25人英雄",玄冥灵龟宝箱,装备,迈群裤,-,
"998","剑湖宫","25人英雄",玄冥灵龟宝箱,装备,迈群裤,-,
"998","剑湖宫","25人英雄",玄冥灵龟宝箱,装备,迈群裤,-,
"998","剑湖宫","25人英雄",玄冥灵龟宝箱,装备,迈群裤,-,
"998","剑湖宫","25人英雄",玄冥灵龟,装备,渥露裤,-,
"998","剑湖宫","25人英雄",玄冥灵龟宝箱,装备,渥露裤,-,
"998","剑湖宫","25人英雄",玄冥灵龟宝箱,装备,渥露裤,-,
"998","剑湖宫","25人英雄",玄冥灵龟宝箱,装备,渥露裤,-,
"998","剑湖宫","25人英雄",玄冥灵龟宝箱,装备,渥露裤,-,
"998","剑湖宫","25人英雄",玄冥灵龟,装备,遥雨裤,-,
"998","剑湖宫","25人英雄",玄冥灵龟宝箱,装备,遥雨裤,-,
"998","剑湖宫","25人英雄",玄冥灵龟宝箱,装备,遥雨裤,-,
"998","剑湖宫","25人英雄",玄冥灵龟宝箱,装备,遥雨裤,-,
"998","剑湖宫","25人英雄",玄冥灵龟宝箱,装备,遥雨裤,-,
"998","剑湖宫","25人英雄",玄冥灵龟,装备,化绝裤,-,
"998","剑湖宫","25人英雄",玄冥灵龟宝箱,装备,化绝裤,-,
"998","剑湖宫","25人英雄",玄冥灵龟宝箱,装备,化绝裤,-,
"998","剑湖宫","25人英雄",玄冥灵龟宝箱,装备,化绝裤,-,
"998","剑湖宫","25人英雄",玄冥灵龟宝箱,装备,化绝裤,-,
"998","剑湖宫","25人英雄",玄冥灵龟,装备,结旆裤,-,
"998","剑湖宫","25人英雄",玄冥灵龟宝箱,装备,结旆裤,-,
"998","剑湖宫","25人英雄",玄冥灵龟宝箱,装备,结旆裤,-,
"998","剑湖宫","25人英雄",玄冥灵龟宝箱,装备,结旆裤,-,
"998","剑湖宫","25人英雄",玄冥灵龟,装备,叹音裤,-,
"998","剑湖宫","25人英雄",玄冥灵龟宝箱,装备,叹音裤,-,
"998","剑湖宫","25人英雄",玄冥灵龟宝箱,装备,叹音裤,-,
"998","剑湖宫","25人英雄",玄冥灵龟宝箱,装备,叹音裤,-,
"998","剑湖宫","25人英雄",玄冥灵龟宝箱,装备,叹音裤,-,
"998","剑湖宫","25人英雄",玄冥灵龟,装备,巢皓裤,-,
"998","剑湖宫","25人英雄",玄冥灵龟宝箱,装备,巢皓裤,-,
"998","剑湖宫","25人英雄",玄冥灵龟宝箱,装备,翰岭裤,-,
"998","剑湖宫","25人英雄",玄冥灵龟宝箱,装备,翰岭裤,-,
"998","剑湖宫","25人英雄",玄冥灵龟,装备,椿数裤,-,
"998","剑湖宫","25人英雄",玄冥灵龟宝箱,装备,椿数裤,-,
"998","剑湖宫","25人英雄",玄冥灵龟宝箱,装备,构虚裤,-,
"998","剑湖宫","25人英雄",玄冥灵龟宝箱,装备,构虚裤,-,
"998","剑湖宫","25人英雄",玄冥灵龟宝箱,装备,萧怀裤,-,
"998","剑湖宫","25人英雄",玄冥灵龟宝箱,装备,萧怀裤,-,
"998","剑湖宫","25人英雄",玄冥灵龟宝箱,装备,积蒙裤,-,
"998","剑湖宫","25人英雄",玄冥灵龟宝箱,装备,积蒙裤,-,
"998","剑湖宫","25人英雄",玄冥灵龟宝箱,饰品,灵溯戒,-,
"998","剑湖宫","25人英雄",玄冥灵龟宝箱,饰品,灵溯戒,-,
"998","剑湖宫","25人英雄",玄冥灵龟宝箱,饰品,景绝戒,-,
"998","剑湖宫","25人英雄",玄冥灵龟宝箱,饰品,景绝戒,-,
"998","剑湖宫","25人英雄",玄冥灵龟宝箱,饰品,景绝戒,-,
"998","剑湖宫","25人英雄",玄冥灵龟宝箱,饰品,浮朗戒,-,
"998","剑湖宫","25人英雄",玄冥灵龟宝箱,饰品,浮朗戒,-,
"998","剑湖宫","25人英雄",玄冥灵龟宝箱,饰品,浮朗戒,-,
"998","剑湖宫","25人英雄",玄冥灵龟宝箱,饰品,袭予戒,-,
"998","剑湖宫","25人英雄",玄冥灵龟宝箱,饰品,袭予戒,-,
"998","剑湖宫","25人英雄",玄冥灵龟宝箱,饰品,圹月戒,-,
"998","剑湖宫","25人英雄",玄冥灵龟宝箱,饰品,圹月戒,-,
"998","剑湖宫","25人英雄",玄冥灵龟宝箱,饰品,圹月戒,-,
"998","剑湖宫","25人英雄",玄冥灵龟宝箱,饰品,槐岻戒,-,
"998","剑湖宫","25人英雄",玄冥灵龟,武器,起灭,-,
"998","剑湖宫","25人英雄",玄冥灵龟宝箱,武器,起灭,-,
"998","剑湖宫","25人英雄",玄冥灵龟宝箱,武器,起灭,-,
"998","剑湖宫","25人英雄",玄冥灵龟,武器,眠禅,-,
"998","剑湖宫","25人英雄",玄冥灵龟宝箱,武器,眠禅,-,
"998","剑湖宫","25人英雄",玄冥灵龟宝箱,武器,眠禅,-,
"998","剑湖宫","25人英雄",玄冥灵龟,武器,拘风月,-,
"998","剑湖宫","25人英雄",玄冥灵龟宝箱,武器,拘风月,-,
"998","剑湖宫","25人英雄",玄冥灵龟宝箱,武器,拘风月,-,
"998","剑湖宫","25人英雄",玄冥灵龟,武器,旷野孤声,-,
"998","剑湖宫","25人英雄",玄冥灵龟宝箱,武器,旷野孤声,-,
"998","剑湖宫","25人英雄",玄冥灵龟宝箱,武器,旷野孤声,-,
"998","剑湖宫","25人英雄",玄冥灵龟,武器,天鉴,-,
"998","剑湖宫","25人英雄",玄冥灵龟宝箱,武器,天鉴,-,
"998","剑湖宫","25人英雄",玄冥灵龟宝箱,武器,天鉴,-,
"998","剑湖宫","25人英雄",玄冥灵龟,武器,易平,-,
"998","剑湖宫","25人英雄",玄冥灵龟宝箱,武器,易平,-,
"998","剑湖宫","25人英雄",玄冥灵龟宝箱,武器,易平,-,
"998","剑湖宫","25人英雄",玄冥灵龟,武器,玄化烟煴,-,
"998","剑湖宫","25人英雄",玄冥灵龟宝箱,武器,玄化烟煴,-,
"998","剑湖宫","25人英雄",玄冥灵龟宝箱,武器,玄化烟煴,-,
"998","剑湖宫","25人英雄",玄冥灵龟,武器,垂景星,-,
"998","剑湖宫","25人英雄",玄冥灵龟宝箱,武器,垂景星,-,
"998","剑湖宫","25人英雄",玄冥灵龟宝箱,武器,垂景星,-,
"998","剑湖宫","25人英雄",玄冥灵龟,武器,霜漪,-,
"998","剑湖宫","25人英雄",玄冥灵龟宝箱,武器,霜漪,-,
"998","剑湖宫","25人英雄",玄冥灵龟宝箱,武器,霜漪,-,
"998","剑湖宫","25人英雄",玄冥灵龟宝箱,装备,神鼎冠,-,
"998","剑湖宫","25人英雄",玄冥灵龟,武器,瑶珠,-,
"998","剑湖宫","25人英雄",玄冥灵龟宝箱,武器,瑶珠,-,
"998","剑湖宫","25人英雄",玄冥灵龟宝箱,武器,瑶珠,-,
"998","剑湖宫","25人英雄",玄冥灵龟,武器,蝶流,-,
"998","剑湖宫","25人英雄",玄冥灵龟宝箱,装备,结旆裤,-,
"998","剑湖宫","25人英雄",玄冥灵龟宝箱,武器,蝶流,-,
"998","剑湖宫","25人英雄",玄冥灵龟宝箱,武器,蝶流,-,
"998","剑湖宫","25人英雄",玄冥灵龟,武器,鸣寒,-,
"998","剑湖宫","25人英雄",玄冥灵龟宝箱,武器,鸣寒,-,
"998","剑湖宫","25人英雄",玄冥灵龟宝箱,武器,鸣寒,-,
"998","剑湖宫","25人英雄",玄冥灵龟,武器,荡魂,-,
"998","剑湖宫","25人英雄",玄冥灵龟宝箱,武器,荡魂,-,
"998","剑湖宫","25人英雄",玄冥灵龟宝箱,武器,荡魂,-,
"998","剑湖宫","25人英雄",玄冥灵龟,武器,丹水阳辉,-,
"998","剑湖宫","25人英雄",玄冥灵龟宝箱,武器,丹水阳辉,-,
"998","剑湖宫","25人英雄",玄冥灵龟宝箱,武器,丹水阳辉,-,
"998","剑湖宫","25人英雄",玄冥灵龟宝箱,饰品,槐岻戒,-,
"998","剑湖宫","25人英雄",玄冥灵龟,武器,影絮刃,-,
"998","剑湖宫","25人英雄",玄冥灵龟宝箱,饰品,槐岻戒,-,
"998","剑湖宫","25人英雄",玄冥灵龟宝箱,饰品,槐岻戒,-,
"998","剑湖宫","25人英雄",玄冥灵龟宝箱,饰品,槐岻戒,-,
"998","剑湖宫","25人英雄",玄冥灵龟宝箱,武器,影絮刃,-,
"998","剑湖宫","25人英雄",玄冥灵龟宝箱,饰品,圹月戒,-,
"998","剑湖宫","25人英雄",玄冥灵龟宝箱,武器,影絮刃,-,
"998","剑湖宫","25人英雄",玄冥灵龟,饰品,圹月戒,-,
"998","剑湖宫","25人英雄",玄冥灵龟宝箱,装备,巢皓裤,-,
"998","剑湖宫","25人英雄",玄冥灵龟宝箱,饰品,袭予戒,-,
"998","剑湖宫","25人英雄",玄冥灵龟宝箱,饰品,袭予戒,-,
"998","剑湖宫","25人英雄",玄冥灵龟宝箱,装备,巢皓裤,-,
"998","剑湖宫","25人英雄",玄冥灵龟宝箱,饰品,浮朗戒,-,
"998","剑湖宫","25人英雄",玄冥灵龟,饰品,浮朗戒,-,
"998","剑湖宫","25人英雄",玄冥灵龟,装备,翰岭裤,-,
"998","剑湖宫","25人英雄",玄冥灵龟宝箱,饰品,景绝戒,-,
"998","剑湖宫","25人英雄",玄冥灵龟宝箱,装备,翰岭裤,-,
"998","剑湖宫","25人英雄",玄冥灵龟,武器,阑夕重剑,-,
"998","剑湖宫","25人英雄",玄冥灵龟宝箱,饰品,灵溯戒,-,
"998","剑湖宫","25人英雄",玄冥灵龟宝箱,饰品,灵溯戒,-,
"998","剑湖宫","25人英雄",玄冥灵龟宝箱,武器,阑夕重剑,-,
"998","剑湖宫","25人英雄",玄冥灵龟,饰品,灵溯戒,-,
"998","剑湖宫","25人英雄",玄冥灵龟宝箱,装备,椿数裤,-,
"998","剑湖宫","25人英雄",玄冥灵龟宝箱,武器,阑夕重剑,-,
"998","剑湖宫","25人英雄",玄冥灵龟宝箱,装备,椿数裤,-,
"998","剑湖宫","25人英雄",玄冥灵龟宝箱,装备,构虚裤,-,
"998","剑湖宫","25人英雄",玄冥灵龟,装备,萧怀裤,-,
"998","剑湖宫","25人英雄",玄冥灵龟宝箱,装备,萧怀裤,-,
"998","剑湖宫","25人英雄",玄冥灵龟,装备,积蒙裤,-,
"998","剑湖宫","25人英雄",玄冥灵龟宝箱,装备,积蒙裤,-,
"998","剑湖宫","25人英雄",玄冥灵龟,武器,空喻,-,
"998","剑湖宫","25人英雄",玄冥灵龟宝箱,武器,空喻,-,
"998","剑湖宫","25人英雄",玄冥灵龟宝箱,武器,空喻,-,
"998","剑湖宫","25人英雄",玄冥灵龟,武器,了达,-,
"998","剑湖宫","25人英雄",玄冥灵龟宝箱,武器,了达,-,
"998","剑湖宫","25人英雄",玄冥灵龟宝箱,武器,了达,-,
"998","剑湖宫","25人英雄",玄冥灵龟,武器,雾流,-,
"998","剑湖宫","25人英雄",玄冥灵龟宝箱,武器,雾流,-,
"998","剑湖宫","25人英雄",玄冥灵龟宝箱,装备,巢皓裤,-,
"998","剑湖宫","25人英雄",玄冥灵龟宝箱,武器,雾流,-,
"998","剑湖宫","25人英雄",玄冥灵龟宝箱,装备,翰岭裤,-,
"998","剑湖宫","25人英雄",玄冥灵龟宝箱,装备,椿数裤,-,
"998","剑湖宫","25人英雄",玄冥灵龟,武器,川谷光风,-,
"998","剑湖宫","25人英雄",玄冥灵龟宝箱,武器,川谷光风,-,
"998","剑湖宫","25人英雄",玄冥灵龟,装备,构虚裤,-,
"998","剑湖宫","25人英雄",玄冥灵龟宝箱,武器,川谷光风,-,
"998","剑湖宫","25人英雄",玄冥灵龟宝箱,装备,构虚裤,-,
"998","剑湖宫","25人英雄",玄冥灵龟宝箱,装备,萧怀裤,-,
"998","剑湖宫","25人英雄",玄冥灵龟,武器,驰蛟入冥,-,
"998","剑湖宫","25人英雄",玄冥灵龟宝箱,装备,积蒙裤,-,
"998","剑湖宫","25人英雄",玄冥灵龟宝箱,武器,驰蛟入冥,-,
"998","剑湖宫","25人英雄",玄冥灵龟宝箱,武器,驰蛟入冥,-,
"998","剑湖宫","25人英雄",玄冥灵龟,武器,怒涛狂歌,-,
"998","剑湖宫","25人英雄",玄冥灵龟宝箱,武器,怒涛狂歌,-,
"998","剑湖宫","25人英雄",玄冥灵龟宝箱,武器,怒涛狂歌,-,
"998","剑湖宫","25人英雄",玄冥灵龟,武器,重玄,-,
"998","剑湖宫","25人英雄",玄冥灵龟宝箱,武器,重玄,-,
"998","剑湖宫","25人英雄",玄冥灵龟宝箱,武器,重玄,-,
"998","剑湖宫","25人英雄",玄冥灵龟,武器,万象来去,-,
"998","剑湖宫","25人英雄",玄冥灵龟宝箱,武器,万象来去,-,
"998","剑湖宫","25人英雄",玄冥灵龟宝箱,武器,万象来去,-,
"998","剑湖宫","25人英雄",玄冥灵龟宝箱,饰品,灵溯戒,-,
"998","剑湖宫","25人英雄",玄冥灵龟,饰品,景绝戒,-,
"998","剑湖宫","25人英雄",玄冥灵龟宝箱,饰品,景绝戒,-,
"998","剑湖宫","25人英雄",玄冥灵龟,武器,云罗游音,-,
"998","剑湖宫","25人英雄",玄冥灵龟宝箱,饰品,浮朗戒,-,
"998","剑湖宫","25人英雄",玄冥灵龟宝箱,武器,云罗游音,-,
"998","剑湖宫","25人英雄",玄冥灵龟,饰品,袭予戒,-,
"998","剑湖宫","25人英雄",玄冥灵龟宝箱,武器,云罗游音,-,
"998","剑湖宫","25人英雄",玄冥灵龟宝箱,饰品,袭予戒,-,
"998","剑湖宫","25人英雄",玄冥灵龟宝箱,饰品,圹月戒,-,
"998","剑湖宫","25人英雄",玄冥灵龟,饰品,槐岻戒,-,
"998","剑湖宫","25人英雄",玄冥灵龟,武器,停景,-,
"998","剑湖宫","25人英雄",玄冥灵龟宝箱,武器,停景,-,
"998","剑湖宫","25人英雄",玄冥灵龟宝箱,武器,停景,-,
"998","剑湖宫","25人英雄",玄冥灵龟,武器,夕雨,-,
"998","剑湖宫","25人英雄",玄冥灵龟宝箱,武器,夕雨,-,
"998","剑湖宫","25人英雄",玄冥灵龟宝箱,武器,夕雨,-,
"998","剑湖宫","25人英雄",玄冥灵龟,武器,渡寒水,-,
"998","剑湖宫","25人英雄",玄冥灵龟宝箱,武器,渡寒水,-,
"998","剑湖宫","25人英雄",玄冥灵龟宝箱,武器,渡寒水,-,
"998","剑湖宫","25人英雄",玄冥灵龟,武器,净疏,-,
"998","剑湖宫","25人英雄",玄冥灵龟宝箱,武器,净疏,-,
"998","剑湖宫","25人英雄",玄冥灵龟宝箱,武器,净疏,-,
"998","剑湖宫","25人英雄",玄冥灵龟,武器,月映星罗,-,
"998","剑湖宫","25人英雄",玄冥灵龟宝箱,武器,月映星罗,-,
"998","剑湖宫","25人英雄",玄冥灵龟宝箱,武器,月映星罗,-,
"998","剑湖宫","25人英雄",玄冥灵龟,武器,久蹉跎,-,
"998","剑湖宫","25人英雄",玄冥灵龟宝箱,武器,久蹉跎,-,
"998","剑湖宫","25人英雄",玄冥灵龟宝箱,武器,久蹉跎,-,
"998","剑湖宫","25人英雄",玄冥灵龟,武器,安足道,-,
"998","剑湖宫","25人英雄",玄冥灵龟宝箱,武器,安足道,-,
"998","剑湖宫","25人英雄",玄冥灵龟宝箱,武器,安足道,-,
"998","剑湖宫","25人英雄",玄冥灵龟,武器,断肠索·昆,-,
"998","剑湖宫","25人英雄",玄冥灵龟,武器,断肠索·语,-,
"998","剑湖宫","25人英雄",玄冥灵龟,武器,断肠索·明,-,
"998","剑湖宫","25人英雄",玄冥灵龟宝箱,装备,槐岻冠,-,
"998","剑湖宫","25人英雄",玄冥灵龟,武器,断肠索·严,-,
"998","剑湖宫","25人英雄",玄冥灵龟宝箱,装备,浮朗冠,-,
"998","剑湖宫","25人英雄",玄冥灵龟,装备,灵溯冠,-,
"998","剑湖宫","25人英雄",迦牟,武器,断肠索·临,-,
"998","剑湖宫","25人英雄",迦牟,武器,逝火,-,
"998","剑湖宫","25人英雄",迦牟,武器,驰焰,-,
"998","剑湖宫","25人英雄",迦牟,装备,灵溯裤,-,
"998","剑湖宫","25人英雄",迦牟,装备,景绝裤,-,
"998","剑湖宫","25人英雄",迦牟,装备,浮朗裤,-,
"998","剑湖宫","25人英雄",迦牟,装备,袭予裤,-,
"998","剑湖宫","25人英雄",迦牟,装备,圹月裤,-,
"998","剑湖宫","25人英雄",迦牟,装备,槐岻裤,-,
"998","剑湖宫","25人英雄",迦牟,装备,灵溯衣,-,
"998","剑湖宫","25人英雄",迦牟,装备,景绝衣,-,
"998","剑湖宫","25人英雄",迦牟,装备,袭予衣,-,
"998","剑湖宫","25人英雄",迦牟,装备,圹月衣,-,
"998","剑湖宫","25人英雄",迦牟,装备,槐岻衣,-,
"998","剑湖宫","25人英雄",迦牟,装备,曲琼裤,-,
"998","剑湖宫","25人英雄",迦牟,装备,文异裤,-,
"998","剑湖宫","25人英雄",迦牟,装备,神鼎裤,-,
"998","剑湖宫","25人英雄",迦牟,装备,鹄飞裤,-,
"998","剑湖宫","25人英雄",迦牟,装备,莺晓裤,-,
"998","剑湖宫","25人英雄",迦牟,装备,横川裤,-,
"998","剑湖宫","25人英雄",迦牟,装备,文异衣,-,
"998","剑湖宫","25人英雄",迦牟,装备,神鼎衣,-,
"998","剑湖宫","25人英雄",迦牟,装备,鹄飞衣,-,
"998","剑湖宫","25人英雄",迦牟,装备,横川衣,-,
"998","剑湖宫","25人英雄",迦牟,装备,迈群护腕,-,
"998","剑湖宫","25人英雄",迦牟,装备,渥露护腕,-,
"998","剑湖宫","25人英雄",迦牟,装备,化绝护腕,-,
"998","剑湖宫","25人英雄",迦牟,装备,结旆护腕,-,
"998","剑湖宫","25人英雄",迦牟,装备,叹音护腕,-,
"998","剑湖宫","25人英雄",迦牟,装备,迈群腰带,-,
"998","剑湖宫","25人英雄",迦牟,装备,渥露腰带,-,
"998","剑湖宫","25人英雄",迦牟,装备,遥雨腰带,-,
"998","剑湖宫","25人英雄",迦牟,装备,化绝腰带,-,
"998","剑湖宫","25人英雄",迦牟,装备,结旆腰带,-,
"998","剑湖宫","25人英雄",迦牟,装备,叹音腰带,-,
"998","剑湖宫","25人英雄",迦牟,装备,迈群裤,-,
"998","剑湖宫","25人英雄",迦牟,装备,渥露裤,-,
"998","剑湖宫","25人英雄",迦牟,装备,遥雨裤,-,
"998","剑湖宫","25人英雄",迦牟,装备,结旆裤,-,
"998","剑湖宫","25人英雄",迦牟,装备,叹音裤,-,
"998","剑湖宫","25人英雄",迦牟,装备,翰岭护腕,-,
"998","剑湖宫","25人英雄",迦牟,装备,构虚护腕,-,
"998","剑湖宫","25人英雄",迦牟,装备,积蒙护腕,-,
"998","剑湖宫","25人英雄",迦牟,装备,巢皓腰带,-,
"998","剑湖宫","25人英雄",迦牟,装备,椿数腰带,-,
"998","剑湖宫","25人英雄",迦牟,装备,萧怀腰带,-,
"998","剑湖宫","25人英雄",迦牟,装备,巢皓裤,-,
"998","剑湖宫","25人英雄",迦牟,装备,椿数裤,-,
"998","剑湖宫","25人英雄",迦牟,装备,萧怀裤,-,
"998","剑湖宫","25人英雄",迦牟,装备,莺晓衣,-,
"998","剑湖宫","25人英雄",迦牟,饰品,寒魄,-,
"998","剑湖宫","25人英雄",迦牟,饰品,迈群戒,-,
"998","剑湖宫","25人英雄",迦牟,饰品,遥雨戒,-,
"998","剑湖宫","25人英雄",迦牟,饰品,结旆戒,-,
"998","剑湖宫","25人英雄",迦牟,饰品,椿数戒,-,
"998","剑湖宫","25人英雄",迦牟,饰品,萧怀戒,-,
"998","剑湖宫","25人英雄",迦牟,饰品,积蒙戒,-,
"998","剑湖宫","25人英雄",迦牟,装备,曲琼衣,-,
"998","剑湖宫","25人英雄",迦牟,装备,遥雨护腕,-,
"998","剑湖宫","25人英雄",迦牟,饰品,翰岭戒,-,
"998","剑湖宫","25人英雄",迦牟,饰品,巢皓戒,-,
"998","剑湖宫","25人英雄",迦牟,装备,化绝裤,-,
"998","剑湖宫","25人英雄",迦牟,装备,巢皓护腕,-,
"998","剑湖宫","25人英雄",迦牟,饰品,化绝戒,-,
"998","剑湖宫","25人英雄",迦牟,装备,萧怀护腕,-,
"998","剑湖宫","25人英雄",迦牟,装备,构虚腰带,-,
"998","剑湖宫","25人英雄",迦牟,装备,翰岭裤,-,
"998","剑湖宫","25人英雄",迦牟,装备,积蒙裤,-,
"998","剑湖宫","25人英雄",迦牟,装备,椿数护腕,-,
"998","剑湖宫","25人英雄",迦牟,武器,空喻,-,
"998","剑湖宫","25人英雄",迦牟,装备,翰岭腰带,-,
"998","剑湖宫","25人英雄",迦牟,武器,了达,-,
"998","剑湖宫","25人英雄",迦牟,武器,雾流,-,
"998","剑湖宫","25人英雄",迦牟,装备,积蒙腰带,-,
"998","剑湖宫","25人英雄",迦牟,武器,川谷光风,-,
"998","剑湖宫","25人英雄",迦牟,装备,构虚裤,-,
"998","剑湖宫","25人英雄",迦牟,武器,驰蛟入冥,-,
"998","剑湖宫","25人英雄",迦牟,武器,怒涛狂歌,-,
"998","剑湖宫","25人英雄",迦牟,武器,重玄,-,
"998","剑湖宫","25人英雄",迦牟,武器,万象来去,-,
"998","剑湖宫","25人英雄",迦牟,武器,云罗游音,-,
"998","剑湖宫","25人英雄",迦牟,武器,停景,-,
"998","剑湖宫","25人英雄",迦牟,武器,夕雨,-,
"998","剑湖宫","25人英雄",迦牟,武器,渡寒水,-,
"998","剑湖宫","25人英雄",迦牟,武器,净疏,-,
"998","剑湖宫","25人英雄",迦牟,武器,月映星罗,-,
"998","剑湖宫","25人英雄",迦牟,饰品,渥露戒,-,
"998","剑湖宫","25人英雄",迦牟,武器,久蹉跎,-,
"998","剑湖宫","25人英雄",迦牟,武器,安足道,-,
"998","剑湖宫","25人英雄",迦牟,饰品,叹音戒,-,
"998","剑湖宫","25人英雄",迦牟,武器,断肠索·昆,-,
"998","剑湖宫","25人英雄",迦牟,饰品,构虚戒,-,
"998","剑湖宫","25人英雄",迦牟,武器,断肠索·语,-,
"998","剑湖宫","25人英雄",迦牟,武器,断肠索·明,-,
"998","剑湖宫","25人英雄",迦牟,武器,断肠索·严,-,
"998","剑湖宫","25人英雄",迦牟,装备,浮朗衣,-,
"998","剑湖宫","25人英雄",迦牟,武器,断肠索·舒,-,
"68","荻花圣殿·正殿","10人普通",卫栖梧、阿里曼执法长老,装备,藏尘靴,-,
"68","荻花圣殿·正殿","10人普通",阿里曼执法长老,装备,砺山琉璃裤,-,
"68","荻花圣殿·正殿","10人普通",阿里曼执法长老,装备,策厉腿甲,-,
"68","荻花圣殿·正殿","10人普通",阿里曼执法长老,装备,醉晴茜裙,-,
"68","荻花圣殿·正殿","10人普通",阿里曼执法长老,装备,厌火皮帽,-,
"68","荻花圣殿·正殿","10人普通",阿里曼执法长老,装备,伏生古冠,-,
"68","荻花圣殿·正殿","10人普通",阿里曼执法长老,装备,戒杀金环,-,
"68","荻花圣殿·正殿","10人普通",阿里曼执法长老,饰品,洛蒲秋风,-,
"68","荻花圣殿·正殿","10人普通",阿里曼执法长老,装备,青陵吟,-,
"68","荻花圣殿·正殿","10人普通",卫栖梧、阿里曼执法长老,装备,映湖履,-,
"68","荻花圣殿·正殿","10人普通",卫栖梧、阿里曼执法长老,装备,棕寒履,-,
"68","荻花圣殿·正殿","10人普通",卫栖梧、阿里曼执法长老,饰品,秋烛戒,-,
"68","荻花圣殿·正殿","10人普通",卫栖梧、阿里曼执法长老,装备,劫飞履,-,
"68","荻花圣殿·正殿","10人普通",卫栖梧、阿里曼执法长老,装备,韧霜履,-,
"68","荻花圣殿·正殿","10人普通",卫栖梧、阿里曼执法长老,饰品,影寂戒,-,
"68","荻花圣殿·正殿","10人普通",卫栖梧、阿里曼执法长老,饰品,寄锋戒,-,
"68","荻花圣殿·正殿","10人普通",卫栖梧、阿里曼执法长老,饰品,酌仙戒,-,
"68","荻花圣殿·正殿","10人普通",卫栖梧、阿里曼执法长老,饰品,藏尘戒,-,
"68","荻花圣殿·正殿","10人普通",卫栖梧、阿里曼执法长老,饰品,云晓指环,-,
"68","荻花圣殿·正殿","10人普通",卫栖梧、阿里曼执法长老,饰品,映湖指环,-,
"68","荻花圣殿·正殿","10人普通",卫栖梧、阿里曼执法长老,饰品,惑灵指环,-,
"68","荻花圣殿·正殿","10人普通",卫栖梧、阿里曼执法长老,饰品,芦戈戒,-,
"68","荻花圣殿·正殿","10人普通",阿里曼执法长老,饰品,舞刃之令,-,
"68","荻花圣殿·正殿","10人普通",卫栖梧、阿里曼执法长老,饰品,棕寒指环,-,
"68","荻花圣殿·正殿","10人普通",卫栖梧、阿里曼执法长老,饰品,劫飞指环,-,
"68","荻花圣殿·正殿","10人普通",阿里曼执法长老,装备,豹眼战盔,-,
"68","荻花圣殿·正殿","10人普通",阿里曼执法长老,装备,银烛夜阑,-,
"68","荻花圣殿·正殿","10人普通",阿里曼执法长老,装备,烟灵束带,-,
"68","荻花圣殿·正殿","10人普通",卫栖梧、阿里曼执法长老,饰品,韧霜指环,-,
"68","荻花圣殿·正殿","10人普通",卫栖梧、阿里曼执法长老,装备,云晓履,-,
"68","荻花圣殿·正殿","10人普通",卫栖梧、阿里曼执法长老,装备,惑灵履,-,
"68","荻花圣殿·正殿","10人普通",卫栖梧、阿里曼执法长老,装备,酌仙靴,-,
"68","荻花圣殿·正殿","10人普通",卫栖梧、阿里曼执法长老,装备,秋烛靴,-,
"68","荻花圣殿·正殿","10人普通",卫栖梧、阿里曼执法长老,装备,影寂靴,-,
"68","荻花圣殿·正殿","10人普通",卫栖梧、阿里曼执法长老,装备,芦戈靴,-,
"68","荻花圣殿·正殿","10人普通",阿里曼执法长老,装备,惠悟禅束,-,
"68","荻花圣殿·正殿","10人普通",阿里曼执法长老,装备,孤峰独行,-,
"68","荻花圣殿·正殿","10人普通",卫栖梧、阿里曼执法长老,装备,寄锋靴,-,
"68","荻花圣殿·正殿","10人普通",阿萨辛,装备,影寂帽,-,
"68","荻花圣殿·正殿","10人普通",阿萨辛,装备,芦戈帽,-,
"68","荻花圣殿·正殿","10人普通",阿萨辛,装备,寄锋帽,-,
"68","荻花圣殿·正殿","10人普通",阿萨辛,武器,秋烛囊,-,
"68","荻花圣殿·正殿","10人普通",阿萨辛,装备,藏尘帽,-,
"68","荻花圣殿·正殿","10人普通",阿萨辛,武器,影寂囊,-,
"68","荻花圣殿·正殿","10人普通",阿萨辛,武器,芦戈囊,-,
"68","荻花圣殿·正殿","10人普通",阿萨辛,武器,寄锋囊,-,
"68","荻花圣殿·正殿","10人普通",阿萨辛,武器,酌仙囊,-,
"68","荻花圣殿·正殿","10人普通",阿萨辛,武器,藏尘囊,-,
"68","荻花圣殿·正殿","10人普通",阿萨辛,武器,惑灵囊,-,
"68","荻花圣殿·正殿","10人普通",阿萨辛,武器,映湖囊,-,
"68","荻花圣殿·正殿","10人普通",阿萨辛,武器,棕寒囊,-,
"68","荻花圣殿·正殿","10人普通",阿萨辛,武器,劫飞囊,-,
"68","荻花圣殿·正殿","10人普通",阿萨辛,武器,云晓囊,-,
"68","荻花圣殿·正殿","10人普通",阿萨辛,装备,映湖冠,-,
"68","荻花圣殿·正殿","10人普通",阿萨辛,装备,棕寒冠,-,
"68","荻花圣殿·正殿","10人普通",阿萨辛,装备,韧霜冠,-,
"68","荻花圣殿·正殿","10人普通",阿萨辛,装备,云晓冠,-,
"68","荻花圣殿·正殿","10人普通",阿萨辛,装备,惑灵冠,-,
"68","荻花圣殿·正殿","10人普通",阿萨辛,装备,秋烛帽,-,
"68","荻花圣殿·正殿","10人普通",阿萨辛,装备,劫飞冠,-,
"68","荻花圣殿·正殿","10人普通",阿萨辛,装备,酌仙帽,-,
"68","荻花圣殿·正殿","10人普通",阿萨辛,武器,韧霜囊,-,
"68","荻花圣殿·正殿","10人普通",卓婉清,武器,舞天,-,
"68","荻花圣殿·正殿","10人普通",卓婉清,武器,云烟沸波,-,
"68","荻花圣殿·正殿","10人普通",卓婉清,武器,落梅烟雨,-,
"68","荻花圣殿·正殿","10人普通",卓婉清,武器,梦寐萦怀,-,
"68","荻花圣殿·正殿","10人普通",卓婉清,装备,秋烛衣,-,
"68","荻花圣殿·正殿","10人普通",卓婉清,武器,雾卷晴漪,-,
"68","荻花圣殿·正殿","10人普通",卓婉清,武器,谤言,-,
"68","荻花圣殿·正殿","10人普通",卓婉清,装备,影寂衣,-,
"68","荻花圣殿·正殿","10人普通",卓婉清,装备,寄锋衣,-,
"68","荻花圣殿·正殿","10人普通",卓婉清,装备,酌仙衣,-,
"68","荻花圣殿·正殿","10人普通",卓婉清,武器,贪狼铎鞘,-,
"68","荻花圣殿·正殿","10人普通",卓婉清,武器,招潮,-,
"68","荻花圣殿·正殿","10人普通",卓婉清,武器,铁脊蟒刃,-,
"68","荻花圣殿·正殿","10人普通",卓婉清,武器,陵迟,-,
"68","荻花圣殿·正殿","10人普通",卓婉清,饰品,秋烛戒,-,
"68","荻花圣殿·正殿","10人普通",卓婉清,饰品,影寂戒,-,
"68","荻花圣殿·正殿","10人普通",卓婉清,武器,僧稠断煞杵,-,
"68","荻花圣殿·正殿","10人普通",卓婉清,武器,无忌,-,
"68","荻花圣殿·正殿","10人普通",卓婉清,饰品,芦戈戒,-,
"68","荻花圣殿·正殿","10人普通",卓婉清,武器,昙霍锡杖,-,
"68","荻花圣殿·正殿","10人普通",卓婉清,武器,飞猿影刃,-,
"68","荻花圣殿·正殿","10人普通",卓婉清,饰品,韧霜指环,-,
"68","荻花圣殿·正殿","10人普通",卓婉清,装备,惑灵袍,-,
"68","荻花圣殿·正殿","10人普通",卓婉清,饰品,藏尘戒,-,
"68","荻花圣殿·正殿","10人普通",卓婉清,武器,荻祀祭笔,-,
"68","荻花圣殿·正殿","10人普通",卓婉清,武器,截断众流,-,
"68","荻花圣殿·正殿","10人普通",卓婉清,武器,随染,-,
"68","荻花圣殿·正殿","10人普通",卓婉清,装备,映湖袍,-,
"68","荻花圣殿·正殿","10人普通",卓婉清,装备,劫飞袍,-,
"68","荻花圣殿·正殿","10人普通",卓婉清,饰品,惑灵指环,-,
"68","荻花圣殿·正殿","10人普通",卓婉清,装备,云晓袍,-,
"68","荻花圣殿·正殿","10人普通",卓婉清,饰品,映湖指环,-,
"68","荻花圣殿·正殿","10人普通",卓婉清,武器,贪狼撼天戟,-,
"68","荻花圣殿·正殿","10人普通",卓婉清,武器,不染,-,
"68","荻花圣殿·正殿","10人普通",卓婉清,武器,恒界,-,
"68","荻花圣殿·正殿","10人普通",卓婉清,装备,韧霜袍,-,
"68","荻花圣殿·正殿","10人普通",卓婉清,饰品,酌仙戒,-,
"68","荻花圣殿·正殿","10人普通",卓婉清,饰品,寄锋戒,-,
"68","荻花圣殿·正殿","10人普通",卓婉清,武器,蛮熊尖椎枪,-,
"68","荻花圣殿·正殿","10人普通",卓婉清,武器,肇衅,-,
"68","荻花圣殿·正殿","10人普通",卓婉清,武器,悲嗥,-,
"68","荻花圣殿·正殿","10人普通",卓婉清,饰品,棕寒指环,-,
"68","荻花圣殿·正殿","10人普通",卓婉清,饰品,劫飞指环,-,
"68","荻花圣殿·正殿","10人普通",卓婉清,武器,星殄,-,
"68","荻花圣殿·正殿","10人普通",卓婉清,武器,哀祈,-,
"68","荻花圣殿·正殿","10人普通",卓婉清,武器,妙相,-,
"68","荻花圣殿·正殿","10人普通",卓婉清,饰品,云晓指环,-,
"68","荻花圣殿·正殿","10人普通",卓婉清,装备,棕寒袍,-,
"68","荻花圣殿·正殿","10人普通",卓婉清,武器,霜莹刃,-,
"68","荻花圣殿·正殿","10人普通",卓婉清,武器,青龙重戟,-,
"68","荻花圣殿·正殿","10人普通",卓婉清,装备,藏尘衣,-,
"68","荻花圣殿·正殿","10人普通",卓婉清,装备,芦戈衣,-,
"68","荻花圣殿·正殿","10人普通",卓婉清,武器,黄钟音,-,
"68","荻花圣殿·正殿","10人普通",卓婉清,武器,幽都玄虎枪,-,
"68","荻花圣殿·正殿","10人普通",卓婉清,武器,玉烛烬,-,
"68","荻花圣殿·正殿","10人普通",卓婉清,武器,碧虹,-,
"68","荻花圣殿·正殿","10人普通",卓婉清,武器,熊怒重剑,-,
"68","荻花圣殿·正殿","10人普通",卓婉清,武器,扁诸,-,
"68","荻花圣殿·正殿","10人普通",卓婉清,武器,佞舌,-,
"68","荻花圣殿·正殿","10人普通",卓婉清,武器,璜台飞星,-,
"68","荻花圣殿·正殿","10人普通",沙利亚,武器,佞舌,-,
"68","荻花圣殿·正殿","10人普通",沙利亚,武器,扁诸,-,
"68","荻花圣殿·正殿","10人普通",沙利亚,武器,舞天,-,
"68","荻花圣殿·正殿","10人普通",沙利亚,武器,云烟沸波,-,
"68","荻花圣殿·正殿","10人普通",沙利亚,装备,寄锋裤,-,
"68","荻花圣殿·正殿","10人普通",沙利亚,装备,酌仙裤,-,
"68","荻花圣殿·正殿","10人普通",沙利亚,装备,藏尘裤,-,
"68","荻花圣殿·正殿","10人普通",沙利亚,武器,落梅烟雨,-,
"68","荻花圣殿·正殿","10人普通",沙利亚,武器,梦寐萦怀,-,
"68","荻花圣殿·正殿","10人普通",沙利亚,武器,雾卷晴漪,-,
"68","荻花圣殿·正殿","10人普通",沙利亚,武器,谤言,-,
"68","荻花圣殿·正殿","10人普通",沙利亚,武器,贪狼铎鞘,-,
"68","荻花圣殿·正殿","10人普通",沙利亚,武器,招潮,-,
"68","荻花圣殿·正殿","10人普通",沙利亚,武器,铁脊蟒刃,-,
"68","荻花圣殿·正殿","10人普通",沙利亚,武器,陵迟,-,
"68","荻花圣殿·正殿","10人普通",沙利亚,饰品,秋烛戒,-,
"68","荻花圣殿·正殿","10人普通",沙利亚,武器,僧稠断煞杵,-,
"68","荻花圣殿·正殿","10人普通",沙利亚,武器,无忌,-,
"68","荻花圣殿·正殿","10人普通",沙利亚,装备,惑灵护腿,-,
"68","荻花圣殿·正殿","10人普通",沙利亚,装备,映湖护腿,-,
"68","荻花圣殿·正殿","10人普通",沙利亚,饰品,芦戈戒,-,
"68","荻花圣殿·正殿","10人普通",沙利亚,武器,昙霍锡杖,-,
"68","荻花圣殿·正殿","10人普通",沙利亚,武器,飞猿影刃,-,
"68","荻花圣殿·正殿","10人普通",沙利亚,装备,劫飞护腿,-,
"68","荻花圣殿·正殿","10人普通",沙利亚,装备,云晓护腿,-,
"68","荻花圣殿·正殿","10人普通",沙利亚,饰品,寄锋戒,-,
"68","荻花圣殿·正殿","10人普通",沙利亚,装备,韧霜护腿,-,
"68","荻花圣殿·正殿","10人普通",沙利亚,武器,璜台飞星,-,
"68","荻花圣殿·正殿","10人普通",沙利亚,武器,熊怒重剑,-,
"68","荻花圣殿·正殿","10人普通",沙利亚,饰品,酌仙戒,-,
"68","荻花圣殿·正殿","10人普通",沙利亚,武器,荻祀祭笔,-,
"68","荻花圣殿·正殿","10人普通",沙利亚,武器,截断众流,-,
"68","荻花圣殿·正殿","10人普通",沙利亚,武器,随染,-,
"68","荻花圣殿·正殿","10人普通",沙利亚,装备,棕寒护腿,-,
"68","荻花圣殿·正殿","10人普通",沙利亚,饰品,惑灵指环,-,
"68","荻花圣殿·正殿","10人普通",沙利亚,饰品,云晓指环,-,
"68","荻花圣殿·正殿","10人普通",沙利亚,武器,贪狼撼天戟,-,
"68","荻花圣殿·正殿","10人普通",沙利亚,武器,不染,-,
"68","荻花圣殿·正殿","10人普通",沙利亚,武器,恒界,-,
"68","荻花圣殿·正殿","10人普通",沙利亚,饰品,劫飞指环,-,
"68","荻花圣殿·正殿","10人普通",沙利亚,饰品,藏尘戒,-,
"68","荻花圣殿·正殿","10人普通",沙利亚,饰品,映湖指环,-,
"68","荻花圣殿·正殿","10人普通",沙利亚,武器,蛮熊尖椎枪,-,
"68","荻花圣殿·正殿","10人普通",沙利亚,武器,肇衅,-,
"68","荻花圣殿·正殿","10人普通",沙利亚,武器,悲嗥,-,
"68","荻花圣殿·正殿","10人普通",沙利亚,饰品,棕寒指环,-,
"68","荻花圣殿·正殿","10人普通",沙利亚,饰品,影寂戒,-,
"68","荻花圣殿·正殿","10人普通",沙利亚,武器,星殄,-,
"68","荻花圣殿·正殿","10人普通",沙利亚,武器,哀祈,-,
"68","荻花圣殿·正殿","10人普通",沙利亚,武器,妙相,-,
"68","荻花圣殿·正殿","10人普通",沙利亚,武器,霜莹刃,-,
"68","荻花圣殿·正殿","10人普通",沙利亚,武器,青龙重戟,-,
"68","荻花圣殿·正殿","10人普通",沙利亚,饰品,韧霜指环,-,
"68","荻花圣殿·正殿","10人普通",沙利亚,武器,黄钟音,-,
"68","荻花圣殿·正殿","10人普通",沙利亚,武器,幽都玄虎枪,-,
"68","荻花圣殿·正殿","10人普通",沙利亚,装备,芦戈裤,-,
"68","荻花圣殿·正殿","10人普通",沙利亚,装备,影寂裤,-,
"68","荻花圣殿·正殿","10人普通",沙利亚,装备,秋烛裤,-,
"68","荻花圣殿·正殿","10人普通",沙利亚,武器,玉烛烬,-,
"68","荻花圣殿·正殿","10人普通",沙利亚,武器,碧虹,-,
"70","荻花圣殿·正殿","25人英雄",卫栖梧、阿里曼执法长老,武器,蒲元环首刃,-,
"70","荻花圣殿·正殿","25人英雄",卫栖梧、阿里曼执法长老,武器,青莲白狮,-,
"70","荻花圣殿·正殿","25人英雄",卫栖梧、阿里曼执法长老,装备,宠劳握,-,
"70","荻花圣殿·正殿","25人英雄",卫栖梧、阿里曼执法长老,装备,义归无邪,-,
"70","荻花圣殿·正殿","25人英雄",卫栖梧、阿里曼执法长老,武器,深红断罪舞者,-,
"70","荻花圣殿·正殿","25人英雄",卫栖梧、阿里曼执法长老,装备,雕璞指,-,
"70","荻花圣殿·正殿","25人英雄",卫栖梧、阿里曼执法长老,武器,穿骨链·桦,-,
"70","荻花圣殿·正殿","25人英雄",卫栖梧、阿里曼执法长老,装备,铦锷铁握,-,
"70","荻花圣殿·正殿","25人英雄",卫栖梧、阿里曼执法长老,武器,天路引归,-,
"70","荻花圣殿·正殿","25人英雄",卫栖梧、阿里曼执法长老,武器,枭皇,-,
"70","荻花圣殿·正殿","25人英雄",卫栖梧、阿里曼执法长老,装备,垂天翼,-,
"70","荻花圣殿·正殿","25人英雄",卫栖梧、阿里曼执法长老,装备,凌江护腕,-,
"70","荻花圣殿·正殿","25人英雄",卫栖梧、阿里曼执法长老,装备,泽芦褐袖,-,
"70","荻花圣殿·正殿","25人英雄",卫栖梧、阿里曼执法长老,装备,德玄古履,-,
"70","荻花圣殿·正殿","25人英雄",卫栖梧、阿里曼执法长老,武器,斩颚巨剑,-,
"70","荻花圣殿·正殿","25人英雄",卫栖梧、阿里曼执法长老,装备,伯珪奋武腕,-,
"70","荻花圣殿·正殿","25人英雄",卫栖梧、阿里曼执法长老,装备,祖莹玉履,-,
"70","荻花圣殿·正殿","25人英雄",卫栖梧、阿里曼执法长老,装备,竹弦护腕,-,
"70","荻花圣殿·正殿","25人英雄",卫栖梧、阿里曼执法长老,装备,破锋护腕,-,
"70","荻花圣殿·正殿","25人英雄",卫栖梧、阿里曼执法长老,武器,穿骨链·息,-,
"70","荻花圣殿·正殿","25人英雄",卫栖梧、阿里曼执法长老,装备,恶党黑胫,-,
"70","荻花圣殿·正殿","25人英雄",卫栖梧、阿里曼执法长老,武器,邃初巫笛,-,
"70","荻花圣殿·正殿","25人英雄",卫栖梧、阿里曼执法长老,装备,轻吕逸屐,-,
"70","荻花圣殿·正殿","25人英雄",卫栖梧、阿里曼执法长老,装备,载魂护腕,-,
"70","荻花圣殿·正殿","25人英雄",卫栖梧、阿里曼执法长老,装备,碎尘护腕,-,
"70","荻花圣殿·正殿","25人英雄",卫栖梧、阿里曼执法长老,装备,松明白洁履,-,
"70","荻花圣殿·正殿","25人英雄",卫栖梧、阿里曼执法长老,装备,棠云护腕,-,
"70","荻花圣殿·正殿","25人英雄",卫栖梧、阿里曼执法长老,武器,烨世,-,
"70","荻花圣殿·正殿","25人英雄",卫栖梧、阿里曼执法长老,装备,士不旋踵,-,
"70","荻花圣殿·正殿","25人英雄",卫栖梧、阿里曼执法长老,装备,霜渺护腕,-,
"70","荻花圣殿·正殿","25人英雄",卫栖梧、阿里曼执法长老,装备,风落护腕,-,
"70","荻花圣殿·正殿","25人英雄",卫栖梧、阿里曼执法长老,武器,穿骨链·林,-,
"70","荻花圣殿·正殿","25人英雄",卫栖梧、阿里曼执法长老,装备,舟辰护腕,-,
"70","荻花圣殿·正殿","25人英雄",卫栖梧、阿里曼执法长老,武器,魑荼祸,-,
"70","荻花圣殿·正殿","25人英雄",卫栖梧、阿里曼执法长老,装备,风魄护腕,-,
"70","荻花圣殿·正殿","25人英雄",卫栖梧、阿里曼执法长老,装备,流颜护腕,-,
"70","荻花圣殿·正殿","25人英雄",卫栖梧、阿里曼执法长老,装备,漠寂护腕,-,
"70","荻花圣殿·正殿","25人英雄",卫栖梧、阿里曼执法长老,武器,千程如梦,-,
"70","荻花圣殿·正殿","25人英雄",卫栖梧、阿里曼执法长老,装备,溪浅护腕,-,
"70","荻花圣殿·正殿","25人英雄",卫栖梧、阿里曼执法长老,武器,白鹭霜皇笛,-,
"70","荻花圣殿·正殿","25人英雄",卫栖梧、阿里曼执法长老,武器,参同云牙剑,-,
"70","荻花圣殿·正殿","25人英雄",卫栖梧、阿里曼执法长老,武器,岚云翠涛,-,
"70","荻花圣殿·正殿","25人英雄",卫栖梧、阿里曼执法长老,装备,素云护腕,-,
"70","荻花圣殿·正殿","25人英雄",卫栖梧、阿里曼执法长老,装备,沧镜护腕,-,
"70","荻花圣殿·正殿","25人英雄",卫栖梧、阿里曼执法长老,武器,穿骨链·愈,-,
"70","荻花圣殿·正殿","25人英雄",卫栖梧、阿里曼执法长老,武器,清光腾黄,-,
"70","荻花圣殿·正殿","25人英雄",卫栖梧、阿里曼执法长老,武器,威如秋霜,-,
"70","荻花圣殿·正殿","25人英雄",卫栖梧、阿里曼执法长老,武器,九曲霜绝,-,
"70","荻花圣殿·正殿","25人英雄",卫栖梧、阿里曼执法长老,武器,穿骨链·岳,-,
"70","荻花圣殿·正殿","25人英雄",卫栖梧、阿里曼执法长老,装备,宵烛霓衣,-,
"70","荻花圣殿·正殿","25人英雄",卫栖梧、阿里曼执法长老,武器,焚世邪焰,-,
"70","荻花圣殿·正殿","25人英雄",卫栖梧、阿里曼执法长老,武器,砺光裂岩,-,
"70","荻花圣殿·正殿","25人英雄",卫栖梧、阿里曼执法长老,装备,玉京鸿桥衣,-,
"70","荻花圣殿·正殿","25人英雄",卫栖梧、阿里曼执法长老,武器,曜日映川,-,
"70","荻花圣殿·正殿","25人英雄",卫栖梧、阿里曼执法长老,武器,接引,-,
"70","荻花圣殿·正殿","25人英雄",卫栖梧、阿里曼执法长老,装备,映舞护腕,-,
"70","荻花圣殿·正殿","25人英雄",卫栖梧、阿里曼执法长老,装备,铜驼暮雨,-,
"70","荻花圣殿·正殿","25人英雄",卫栖梧、阿里曼执法长老,武器,决逆万川,-,
"70","荻花圣殿·正殿","25人英雄",卫栖梧、阿里曼执法长老,武器,瑜光,-,
"70","荻花圣殿·正殿","25人英雄",卫栖梧、阿里曼执法长老,武器,洄纠粼波,-,
"70","荻花圣殿·正殿","25人英雄",卫栖梧、阿里曼执法长老,武器,风霜,-,
"70","荻花圣殿·正殿","25人英雄",卫栖梧、阿里曼执法长老,装备,紫阳洞真衣,-,
"70","荻花圣殿·正殿","25人英雄",卫栖梧、阿里曼执法长老,装备,离殃裳,-,
"70","荻花圣殿·正殿","25人英雄",卫栖梧、阿里曼执法长老,武器,穿骨链·霜,-,
"70","荻花圣殿·正殿","25人英雄",阿萨辛,武器,天路引归,-,
"70","荻花圣殿·正殿","25人英雄",阿萨辛,武器,深红断罪舞者,-,
"70","荻花圣殿·正殿","25人英雄",阿萨辛,装备,沧镜腰带,-,
"70","荻花圣殿·正殿","25人英雄",阿萨辛,武器,穿骨链·桦,-,
"70","荻花圣殿·正殿","25人英雄",阿萨辛,武器,枭皇,-,
"70","荻花圣殿·正殿","25人英雄",阿萨辛,饰品,孤魂绝域,-,
"70","荻花圣殿·正殿","25人英雄",阿萨辛,武器,斩颚巨剑,-,
"70","荻花圣殿·正殿","25人英雄",阿萨辛,饰品,赤帝洞浮,-,
"70","荻花圣殿·正殿","25人英雄",阿萨辛,武器,穿骨链·息,-,
"70","荻花圣殿·正殿","25人英雄",阿萨辛,武器,邃初巫笛,-,
"70","荻花圣殿·正殿","25人英雄",阿萨辛,饰品,良将金印,-,
"70","荻花圣殿·正殿","25人英雄",阿萨辛,装备,延螭华装,-,
"70","荻花圣殿·正殿","25人英雄",阿萨辛,武器,烨世,-,
"70","荻花圣殿·正殿","25人英雄",阿萨辛,饰品,墨上龙宾戒,-,
"70","荻花圣殿·正殿","25人英雄",阿萨辛,武器,穿骨链·林,-,
"70","荻花圣殿·正殿","25人英雄",阿萨辛,装备,偃松荡云,-,
"70","荻花圣殿·正殿","25人英雄",阿萨辛,饰品,天门无尘环,-,
"70","荻花圣殿·正殿","25人英雄",阿萨辛,装备,瞻岐,-,
"70","荻花圣殿·正殿","25人英雄",阿萨辛,武器,白鹭霜皇笛,-,
"70","荻花圣殿·正殿","25人英雄",阿萨辛,武器,千程如梦,-,
"70","荻花圣殿·正殿","25人英雄",阿萨辛,饰品,乞伏炽盘戒,-,
"70","荻花圣殿·正殿","25人英雄",阿萨辛,武器,穿骨链·霜,-,
"70","荻花圣殿·正殿","25人英雄",阿萨辛,装备,封君裹腿,-,
"70","荻花圣殿·正殿","25人英雄",阿萨辛,武器,参同云牙剑,-,
"70","荻花圣殿·正殿","25人英雄",阿萨辛,装备,映舞腰带,-,
"70","荻花圣殿·正殿","25人英雄",阿萨辛,装备,棠云腰带,-,
"70","荻花圣殿·正殿","25人英雄",阿萨辛,武器,穿骨链·愈,-,
"70","荻花圣殿·正殿","25人英雄",阿萨辛,装备,若弼护腿,-,
"70","荻花圣殿·正殿","25人英雄",阿萨辛,武器,清光腾黄,-,
"70","荻花圣殿·正殿","25人英雄",阿萨辛,装备,舟辰腰带,-,
"70","荻花圣殿·正殿","25人英雄",阿萨辛,装备,簪星曳月,-,
"70","荻花圣殿·正殿","25人英雄",阿萨辛,装备,凌江腰带,-,
"70","荻花圣殿·正殿","25人英雄",阿萨辛,武器,焚世邪焰,-,
"70","荻花圣殿·正殿","25人英雄",阿萨辛,武器,九曲霜绝,-,
"70","荻花圣殿·正殿","25人英雄",阿萨辛,装备,晋阳昂霄帽,-,
"70","荻花圣殿·正殿","25人英雄",阿萨辛,装备,漠寂腰带,-,
"70","荻花圣殿·正殿","25人英雄",阿萨辛,武器,穿骨链·岳,-,
"70","荻花圣殿·正殿","25人英雄",阿萨辛,装备,英布面甲,-,
"70","荻花圣殿·正殿","25人英雄",阿萨辛,装备,竹弦腰带,-,
"70","荻花圣殿·正殿","25人英雄",阿萨辛,装备,金阙玄皇冠,-,
"70","荻花圣殿·正殿","25人英雄",阿萨辛,装备,风落腰带,-,
"70","荻花圣殿·正殿","25人英雄",阿萨辛,装备,流颜腰带,-,
"70","荻花圣殿·正殿","25人英雄",阿萨辛,饰品,节并玉坠,-,
"70","荻花圣殿·正殿","25人英雄",阿萨辛,装备,坎愁帽,-,
"70","荻花圣殿·正殿","25人英雄",阿萨辛,装备,载魂腰带,-,
"70","荻花圣殿·正殿","25人英雄",阿萨辛,武器,决逆万川,-,
"70","荻花圣殿·正殿","25人英雄",阿萨辛,武器,曜日映川,-,
"70","荻花圣殿·正殿","25人英雄",阿萨辛,装备,屈突通战盔,-,
"70","荻花圣殿·正殿","25人英雄",阿萨辛,武器,接引,-,
"70","荻花圣殿·正殿","25人英雄",阿萨辛,装备,霜渺腰带,-,
"70","荻花圣殿·正殿","25人英雄",阿萨辛,饰品,九思贤者戒,-,
"70","荻花圣殿·正殿","25人英雄",阿萨辛,饰品,天命之殛,-,
"70","荻花圣殿·正殿","25人英雄",阿萨辛,饰品,入众不怯,-,
"70","荻花圣殿·正殿","25人英雄",阿萨辛,饰品,月畔秋草坠,-,
"70","荻花圣殿·正殿","25人英雄",阿萨辛,饰品,戒慎之铭,-,
"70","荻花圣殿·正殿","25人英雄",阿萨辛,武器,瑜光,-,
"70","荻花圣殿·正殿","25人英雄",阿萨辛,饰品,红莲足饰,-,
"70","荻花圣殿·正殿","25人英雄",阿萨辛,装备,素云腰带,-,
"70","荻花圣殿·正殿","25人英雄",阿萨辛,装备,风魄腰带,-,
"70","荻花圣殿·正殿","25人英雄",阿萨辛,武器,风霜,-,
"70","荻花圣殿·正殿","25人英雄",阿萨辛,装备,碎尘腰带,-,
"70","荻花圣殿·正殿","25人英雄",阿萨辛,装备,破锋腰带,-,
"70","荻花圣殿·正殿","25人英雄",阿萨辛,装备,溪浅腰带,-,
"70","荻花圣殿·正殿","25人英雄",阿萨辛,装备,宓穆云裳,-,
"70","荻花圣殿·正殿","25人英雄",阿萨辛,武器,蒲元环首刃,-,
"70","荻花圣殿·正殿","25人英雄",卓婉清,武器,风霜,-,
"70","荻花圣殿·正殿","25人英雄",卓婉清,装备,奉先重铠,-,
"70","荻花圣殿·正殿","25人英雄",卓婉清,装备,紫阳洞真衣,-,
"70","荻花圣殿·正殿","25人英雄",卓婉清,武器,决逆万川,-,
"70","荻花圣殿·正殿","25人英雄",卓婉清,装备,离殃裳,-,
"70","荻花圣殿·正殿","25人英雄",卓婉清,饰品,霜野云龙,-,
"70","荻花圣殿·正殿","25人英雄",卓婉清,饰品,瑚琏珠链,-,
"70","荻花圣殿·正殿","25人英雄",卓婉清,饰品,超世功,-,
"70","荻花圣殿·正殿","25人英雄",卓婉清,武器,蒲元环首刃,-,
"70","荻花圣殿·正殿","25人英雄",卓婉清,装备,义归无邪,-,
"70","荻花圣殿·正殿","25人英雄",卓婉清,武器,深红断罪舞者,-,
"70","荻花圣殿·正殿","25人英雄",卓婉清,武器,穿骨链·桦,-,
"70","荻花圣殿·正殿","25人英雄",卓婉清,武器,枭皇,-,
"70","荻花圣殿·正殿","25人英雄",卓婉清,武器,天路引归,-,
"70","荻花圣殿·正殿","25人英雄",卓婉清,武器,斩颚巨剑,-,
"70","荻花圣殿·正殿","25人英雄",卓婉清,武器,穿骨链·息,-,
"70","荻花圣殿·正殿","25人英雄",卓婉清,武器,邃初巫笛,-,
"70","荻花圣殿·正殿","25人英雄",卓婉清,武器,烨世,-,
"70","荻花圣殿·正殿","25人英雄",卓婉清,武器,穿骨链·林,-,
"70","荻花圣殿·正殿","25人英雄",卓婉清,装备,妙行劫会裤,-,
"70","荻花圣殿·正殿","25人英雄",卓婉清,装备,心王铭带,-,
"70","荻花圣殿·正殿","25人英雄",卓婉清,饰品,凌江戒,-,
"70","荻花圣殿·正殿","25人英雄",卓婉清,武器,千程如梦,-,
"70","荻花圣殿·正殿","25人英雄",卓婉清,武器,穿骨链·霜,-,
"70","荻花圣殿·正殿","25人英雄",卓婉清,装备,马援皮袴,-,
"70","荻花圣殿·正殿","25人英雄",卓婉清,饰品,载魂戒,-,
"70","荻花圣殿·正殿","25人英雄",卓婉清,饰品,霜渺戒,-,
"70","荻花圣殿·正殿","25人英雄",卓婉清,武器,参同云牙剑,-,
"70","荻花圣殿·正殿","25人英雄",卓婉清,装备,澹台子胥甲,-,
"70","荻花圣殿·正殿","25人英雄",卓婉清,饰品,风魄戒,-,
"70","荻花圣殿·正殿","25人英雄",卓婉清,饰品,溪浅戒,-,
"70","荻花圣殿·正殿","25人英雄",卓婉清,武器,白鹭霜皇笛,-,
"70","荻花圣殿·正殿","25人英雄",卓婉清,武器,穿骨链·愈,-,
"70","荻花圣殿·正殿","25人英雄",卓婉清,装备,瑟彼玉裳,-,
"70","荻花圣殿·正殿","25人英雄",卓婉清,饰品,素云戒,-,
"70","荻花圣殿·正殿","25人英雄",卓婉清,饰品,沧镜戒,-,
"70","荻花圣殿·正殿","25人英雄",卓婉清,武器,清光腾黄,-,
"70","荻花圣殿·正殿","25人英雄",卓婉清,装备,空谷偈,-,
"70","荻花圣殿·正殿","25人英雄",卓婉清,饰品,破锋戒,-,
"70","荻花圣殿·正殿","25人英雄",卓婉清,武器,九曲霜绝,-,
"70","荻花圣殿·正殿","25人英雄",卓婉清,武器,穿骨链·岳,-,
"70","荻花圣殿·正殿","25人英雄",卓婉清,装备,宵烛霓衣,-,
"70","荻花圣殿·正殿","25人英雄",卓婉清,饰品,碎尘戒,-,
"70","荻花圣殿·正殿","25人英雄",卓婉清,饰品,映舞戒,-,
"70","荻花圣殿·正殿","25人英雄",卓婉清,饰品,竹弦戒,-,
"70","荻花圣殿·正殿","25人英雄",卓婉清,装备,蝉翼纱衣,-,
"70","荻花圣殿·正殿","25人英雄",卓婉清,饰品,棠云戒,-,
"70","荻花圣殿·正殿","25人英雄",卓婉清,装备,灵夔墨衣,-,
"70","荻花圣殿·正殿","25人英雄",卓婉清,装备,玉京鸿桥衣,-,
"70","荻花圣殿·正殿","25人英雄",卓婉清,饰品,风落戒,-,
"70","荻花圣殿·正殿","25人英雄",卓婉清,饰品,逆谋护颈,-,
"70","荻花圣殿·正殿","25人英雄",卓婉清,饰品,神曜无方,-,
"70","荻花圣殿·正殿","25人英雄",卓婉清,饰品,祖状齿饰,-,
"70","荻花圣殿·正殿","25人英雄",卓婉清,武器,接引,-,
"70","荻花圣殿·正殿","25人英雄",卓婉清,装备,龙骧帝子甲,-,
"70","荻花圣殿·正殿","25人英雄",卓婉清,饰品,红莲头饰,-,
"70","荻花圣殿·正殿","25人英雄",卓婉清,饰品,舟辰戒,-,
"70","荻花圣殿·正殿","25人英雄",卓婉清,武器,焚世邪焰,-,
"70","荻花圣殿·正殿","25人英雄",卓婉清,武器,曜日映川,-,
"70","荻花圣殿·正殿","25人英雄",卓婉清,装备,破岳剑衣,-,
"70","荻花圣殿·正殿","25人英雄",卓婉清,装备,铜驼暮雨,-,
"70","荻花圣殿·正殿","25人英雄",卓婉清,饰品,流颜戒,-,
"70","荻花圣殿·正殿","25人英雄",卓婉清,装备,慕义长衣,-,
"70","荻花圣殿·正殿","25人英雄",卓婉清,饰品,漠寂戒,-,
"70","荻花圣殿·正殿","25人英雄",卓婉清,武器,瑜光,-,
"70","荻花圣殿·正殿","25人英雄",沙利亚,武器,刻诛,-,
"70","荻花圣殿·正殿","25人英雄",沙利亚,饰品,火炎昆岗,-,
"70","荻花圣殿·正殿","25人英雄",沙利亚,武器,辟沌,-,
"70","荻花圣殿·正殿","25人英雄",沙利亚,武器,息灾,-,
"70","荻花圣殿·正殿","25人英雄",沙利亚,装备,楮叶锦带,-,
"70","荻花圣殿·正殿","25人英雄",沙利亚,装备,素云腰带,-,
"70","荻花圣殿·正殿","25人英雄",沙利亚,装备,勾武,-,
"70","荻花圣殿·正殿","25人英雄",沙利亚,装备,沧镜腰带,-,
"70","荻花圣殿·正殿","25人英雄",沙利亚,武器,大道无相,-,
"70","荻花圣殿·正殿","25人英雄",沙利亚,武器,穿骨链·桦,-,
"70","荻花圣殿·正殿","25人英雄",沙利亚,装备,疏勒赤石带,-,
"70","荻花圣殿·正殿","25人英雄",沙利亚,装备,竹弦裤,-,
"70","荻花圣殿·正殿","25人英雄",沙利亚,饰品,节并玉坠,-,
"70","荻花圣殿·正殿","25人英雄",沙利亚,装备,载魂裤,-,
"70","荻花圣殿·正殿","25人英雄",沙利亚,装备,遐荒绲带,-,
"70","荻花圣殿·正殿","25人英雄",沙利亚,装备,凌江护腕,-,
"70","荻花圣殿·正殿","25人英雄",沙利亚,装备,霜渺裤,-,
"70","荻花圣殿·正殿","25人英雄",沙利亚,饰品,孤魂绝域,-,
"70","荻花圣殿·正殿","25人英雄",沙利亚,武器,万像无名,-,
"70","荻花圣殿·正殿","25人英雄",沙利亚,装备,仙窟公严带,-,
"70","荻花圣殿·正殿","25人英雄",沙利亚,装备,溪浅裤,-,
"70","荻花圣殿·正殿","25人英雄",沙利亚,饰品,戒慎之铭,-,
"70","荻花圣殿·正殿","25人英雄",沙利亚,装备,素云裤,-,
"70","荻花圣殿·正殿","25人英雄",沙利亚,装备,竹弦护腕,-,
"70","荻花圣殿·正殿","25人英雄",沙利亚,装备,沧镜裤,-,
"70","荻花圣殿·正殿","25人英雄",沙利亚,饰品,赤帝洞浮,-,
"70","荻花圣殿·正殿","25人英雄",沙利亚,武器,雪凤冰王笛,-,
"70","荻花圣殿·正殿","25人英雄",沙利亚,武器,穿骨链·息,-,
"70","荻花圣殿·正殿","25人英雄",沙利亚,饰品,月畔秋草坠,-,
"70","荻花圣殿·正殿","25人英雄",沙利亚,装备,映舞护腕,-,
"70","荻花圣殿·正殿","25人英雄",沙利亚,装备,载魂护腕,-,
"70","荻花圣殿·正殿","25人英雄",沙利亚,武器,山涛笔,-,
"70","荻花圣殿·正殿","25人英雄",沙利亚,装备,延螭华装,-,
"70","荻花圣殿·正殿","25人英雄",沙利亚,饰品,入众不怯,-,
"70","荻花圣殿·正殿","25人英雄",沙利亚,装备,棠云护腕,-,
"70","荻花圣殿·正殿","25人英雄",沙利亚,装备,霜渺护腕,-,
"70","荻花圣殿·正殿","25人英雄",沙利亚,饰品,墨上龙宾戒,-,
"70","荻花圣殿·正殿","25人英雄",沙利亚,武器,魑荼祸,-,
"70","荻花圣殿·正殿","25人英雄",沙利亚,武器,炀火月牙戟,-,
"70","荻花圣殿·正殿","25人英雄",沙利亚,武器,穿骨链·林,-,
"70","荻花圣殿·正殿","25人英雄",沙利亚,装备,偃松荡云,-,
"70","荻花圣殿·正殿","25人英雄",沙利亚,饰品,天命之殛,-,
"70","荻花圣殿·正殿","25人英雄",沙利亚,装备,舟辰护腕,-,
"70","荻花圣殿·正殿","25人英雄",沙利亚,装备,妙行劫会裤,-,
"70","荻花圣殿·正殿","25人英雄",沙利亚,装备,风魄护腕,-,
"70","荻花圣殿·正殿","25人英雄",沙利亚,饰品,天门无尘环,-,
"70","荻花圣殿·正殿","25人英雄",沙利亚,武器,文远战枪,-,
"70","荻花圣殿·正殿","25人英雄",沙利亚,装备,瞻岐,-,
"70","荻花圣殿·正殿","25人英雄",沙利亚,饰品,九思贤者戒,-,
"70","荻花圣殿·正殿","25人英雄",沙利亚,装备,漠寂护腕,-,
"70","荻花圣殿·正殿","25人英雄",沙利亚,装备,心王铭带,-,
"70","荻花圣殿·正殿","25人英雄",沙利亚,装备,溪浅护腕,-,
"70","荻花圣殿·正殿","25人英雄",沙利亚,饰品,乞伏炽盘戒,-,
"70","荻花圣殿·正殿","25人英雄",沙利亚,武器,岚云翠涛,-,
"70","荻花圣殿·正殿","25人英雄",沙利亚,武器,太清天剑,-,
"70","荻花圣殿·正殿","25人英雄",沙利亚,武器,穿骨链·霜,-,
"70","荻花圣殿·正殿","25人英雄",沙利亚,装备,封君裹腿,-,
"70","荻花圣殿·正殿","25人英雄",沙利亚,装备,破锋腰带,-,
"70","荻花圣殿·正殿","25人英雄",沙利亚,饰品,竹弦戒,-,
"70","荻花圣殿·正殿","25人英雄",沙利亚,武器,五岳地剑,-,
"70","荻花圣殿·正殿","25人英雄",沙利亚,装备,宓穆云裳,-,
"70","荻花圣殿·正殿","25人英雄",沙利亚,装备,碎尘腰带,-,
"70","荻花圣殿·正殿","25人英雄",沙利亚,饰品,霜渺戒,-,
"70","荻花圣殿·正殿","25人英雄",沙利亚,装备,澹台子胥甲,-,
"70","荻花圣殿·正殿","25人英雄",沙利亚,装备,沧镜护腕,-,
"70","荻花圣殿·正殿","25人英雄",沙利亚,装备,棠云腰带,-,
"70","荻花圣殿·正殿","25人英雄",沙利亚,武器,威如秋霜,-,
"70","荻花圣殿·正殿","25人英雄",沙利亚,武器,濯邪,-,
"70","荻花圣殿·正殿","25人英雄",沙利亚,武器,穿骨链·愈,-,
"70","荻花圣殿·正殿","25人英雄",沙利亚,装备,若弼护腿,-,
"70","荻花圣殿·正殿","25人英雄",沙利亚,装备,风落腰带,-,
"70","荻花圣殿·正殿","25人英雄",沙利亚,饰品,溪浅戒,-,
"70","荻花圣殿·正殿","25人英雄",沙利亚,装备,瑟彼玉裳,-,
"70","荻花圣殿·正殿","25人英雄",沙利亚,装备,舟辰腰带,-,
"70","荻花圣殿·正殿","25人英雄",沙利亚,武器,血影天宇舞姬,-,
"70","荻花圣殿·正殿","25人英雄",沙利亚,装备,凌江腰带,-,
"70","荻花圣殿·正殿","25人英雄",沙利亚,装备,流颜腰带,-,
"70","荻花圣殿·正殿","25人英雄",沙利亚,饰品,沧镜戒,-,
"70","荻花圣殿·正殿","25人英雄",沙利亚,装备,空谷偈,-,
"70","荻花圣殿·正殿","25人英雄",沙利亚,装备,漠寂腰带,-,
"70","荻花圣殿·正殿","25人英雄",沙利亚,武器,砺光裂岩,-,
"70","荻花圣殿·正殿","25人英雄",沙利亚,武器,诅魇,-,
"70","荻花圣殿·正殿","25人英雄",沙利亚,武器,穿骨链·岳,-,
"70","荻花圣殿·正殿","25人英雄",沙利亚,装备,竹弦腰带,-,
"70","荻花圣殿·正殿","25人英雄",沙利亚,装备,映舞裤,-,
"70","荻花圣殿·正殿","25人英雄",沙利亚,装备,溪浅腰带,-,
"70","荻花圣殿·正殿","25人英雄",沙利亚,装备,破锋护腕,-,
"70","荻花圣殿·正殿","25人英雄",沙利亚,饰品,流颜戒,-,
"70","荻花圣殿·正殿","25人英雄",沙利亚,装备,风落裤,-,
"70","荻花圣殿·正殿","25人英雄",沙利亚,装备,碎尘裤,-,
"70","荻花圣殿·正殿","25人英雄",沙利亚,饰品,映舞戒,-,
"70","荻花圣殿·正殿","25人英雄",沙利亚,饰品,风落戒,-,
"70","荻花圣殿·正殿","25人英雄",沙利亚,武器,寒月山阳笛,-,
"70","荻花圣殿·正殿","25人英雄",沙利亚,装备,载魂腰带,-,
"70","荻花圣殿·正殿","25人英雄",沙利亚,装备,舟辰裤,-,
"70","荻花圣殿·正殿","25人英雄",沙利亚,饰品,凌江戒,-,
"70","荻花圣殿·正殿","25人英雄",沙利亚,饰品,风魄戒,-,
"70","荻花圣殿·正殿","25人英雄",沙利亚,饰品,碎尘戒,-,
"70","荻花圣殿·正殿","25人英雄",沙利亚,饰品,破锋戒,-,
"70","荻花圣殿·正殿","25人英雄",沙利亚,饰品,素云戒,-,
"70","荻花圣殿·正殿","25人英雄",沙利亚,装备,流颜裤,-,
"70","荻花圣殿·正殿","25人英雄",沙利亚,饰品,棠云戒,-,
"70","荻花圣殿·正殿","25人英雄",沙利亚,饰品,载魂戒,-,
"70","荻花圣殿·正殿","25人英雄",沙利亚,装备,漠寂裤,-,
"70","荻花圣殿·正殿","25人英雄",沙利亚,饰品,良将金印,-,
"70","荻花圣殿·正殿","25人英雄",沙利亚,武器,洄纠粼波,-,
"70","荻花圣殿·正殿","25人英雄",沙利亚,武器,紫蒙野风,-,
"70","荻花圣殿·正殿","25人英雄",沙利亚,装备,霜渺腰带,-,
"70","荻花圣殿·正殿","25人英雄",沙利亚,饰品,菱歌羽翮,-,
"70","荻花圣殿·正殿","25人英雄",沙利亚,饰品,红莲鞍饰,-,
"70","荻花圣殿·正殿","25人英雄",沙利亚,饰品,舟辰戒,-,
"70","荻花圣殿·正殿","25人英雄",沙利亚,饰品,伶伦古戒,-,
"70","荻花圣殿·正殿","25人英雄",沙利亚,饰品,霜刃残,-,
"70","荻花圣殿·正殿","25人英雄",沙利亚,装备,棠云裤,-,
"70","荻花圣殿·正殿","25人英雄",沙利亚,装备,破锋裤,-,
"70","荻花圣殿·正殿","25人英雄",沙利亚,武器,裂石百寻,-,
"70","荻花圣殿·正殿","25人英雄",沙利亚,装备,风魄腰带,-,
"70","荻花圣殿·正殿","25人英雄",沙利亚,饰品,苍璧祭,-,
"70","荻花圣殿·正殿","25人英雄",沙利亚,装备,映舞腰带,-,
"70","荻花圣殿·正殿","25人英雄",沙利亚,装备,流颜护腕,-,
"70","荻花圣殿·正殿","25人英雄",沙利亚,装备,风落护腕,-,
"70","荻花圣殿·正殿","25人英雄",沙利亚,装备,碎尘护腕,-,
"70","荻花圣殿·正殿","25人英雄",沙利亚,饰品,权覆宇内,-,
"70","荻花圣殿·正殿","25人英雄",沙利亚,饰品,漠寂戒,-,
"70","荻花圣殿·正殿","25人英雄",沙利亚,装备,风魄裤,-,
"70","荻花圣殿·正殿","25人英雄",沙利亚,装备,凌江裤,-,
"70","荻花圣殿·正殿","25人英雄",沙利亚,饰品,稷丘扳指,-,
"70","荻花圣殿·正殿","25人英雄",沙利亚,装备,素云护腕,-,
"70","荻花圣殿·正殿","25人英雄",沙利亚,装备,马援皮袴,-,
"70","荻花圣殿·正殿","25人英雄",沙利亚,装备,沈建束腰,-,
"70","荻花圣殿·正殿","25人英雄",沙利亚,武器,痴爱,-,
"70","荻花圣殿·正殿","25人英雄",沙利亚,武器,青莲白狮,-,
"119","龙渊泽","10人普通",慕容野狐、殷青丝,装备,秋烛护手,-,
"119","龙渊泽","10人普通",慕容野狐、殷青丝,装备,芦戈护手,-,
"119","龙渊泽","10人普通",慕容野狐、殷青丝,装备,酌仙护手,-,
"119","龙渊泽","10人普通",慕容野狐、殷青丝,装备,劫飞袖,-,
"119","龙渊泽","10人普通",慕容野狐、殷青丝,饰品,影寂链,-,
"119","龙渊泽","10人普通",慕容野狐、殷青丝,饰品,寄锋链,-,
"119","龙渊泽","10人普通",慕容野狐、殷青丝,饰品,藏尘链,-,
"119","龙渊泽","10人普通",慕容野狐、殷青丝,饰品,棕寒护颈,-,
"119","龙渊泽","10人普通",慕容野狐、殷青丝,装备,棕寒袖,-,
"119","龙渊泽","10人普通",慕容野狐、殷青丝,装备,影寂护手,-,
"119","龙渊泽","10人普通",慕容野狐、殷青丝,装备,寄锋护手,-,
"119","龙渊泽","10人普通",慕容野狐、殷青丝,装备,藏尘护手,-,
"119","龙渊泽","10人普通",慕容野狐、殷青丝,装备,映湖袖,-,
"119","龙渊泽","10人普通",慕容野狐、殷青丝,装备,韧霜袖,-,
"119","龙渊泽","10人普通",慕容野狐、殷青丝,饰品,秋烛链,-,
"119","龙渊泽","10人普通",慕容野狐、殷青丝,饰品,芦戈链,-,
"119","龙渊泽","10人普通",慕容野狐、殷青丝,饰品,酌仙链,-,
"119","龙渊泽","10人普通",慕容野狐、殷青丝,饰品,惑灵护颈,-,
"119","龙渊泽","10人普通",慕容野狐、殷青丝,饰品,云晓护颈,-,
"119","龙渊泽","10人普通",慕容野狐、殷青丝,装备,惑灵袖,-,
"119","龙渊泽","10人普通",慕容野狐、殷青丝,装备,云晓袖,-,
"119","龙渊泽","10人普通",慕容野狐、殷青丝,饰品,映湖护颈,-,
"119","龙渊泽","10人普通",慕容野狐、殷青丝,饰品,韧霜护颈,-,
"119","龙渊泽","10人普通",慕容野狐、殷青丝,饰品,劫飞护颈,-,
"119","龙渊泽","10人普通",里赤梅、苏贝德哈,装备,秋烛腰带,-,
"119","龙渊泽","10人普通",里赤梅、苏贝德哈,装备,藏尘腰带,-,
"119","龙渊泽","10人普通",里赤梅、苏贝德哈,装备,映湖束带,-,
"119","龙渊泽","10人普通",里赤梅、苏贝德哈,装备,韧霜束带,-,
"119","龙渊泽","10人普通",里赤梅、苏贝德哈,饰品,影寂坠,-,
"119","龙渊泽","10人普通",里赤梅、苏贝德哈,饰品,酌仙坠,-,
"119","龙渊泽","10人普通",里赤梅、苏贝德哈,饰品,惑灵佩,-,
"119","龙渊泽","10人普通",里赤梅、苏贝德哈,饰品,云晓佩,-,
"119","龙渊泽","10人普通",里赤梅、苏贝德哈,装备,酌仙腰带,-,
"119","龙渊泽","10人普通",里赤梅、苏贝德哈,装备,云晓束带,-,
"119","龙渊泽","10人普通",里赤梅、苏贝德哈,饰品,藏尘坠,-,
"119","龙渊泽","10人普通",里赤梅、苏贝德哈,饰品,映湖佩,-,
"119","龙渊泽","10人普通",里赤梅、苏贝德哈,装备,影寂腰带,-,
"119","龙渊泽","10人普通",里赤梅、苏贝德哈,装备,寄锋腰带,-,
"119","龙渊泽","10人普通",里赤梅、苏贝德哈,装备,劫飞束带,-,
"119","龙渊泽","10人普通",里赤梅、苏贝德哈,饰品,秋烛坠,-,
"119","龙渊泽","10人普通",里赤梅、苏贝德哈,饰品,芦戈坠,-,
"119","龙渊泽","10人普通",里赤梅、苏贝德哈,饰品,棕寒佩,-,
"119","龙渊泽","10人普通",里赤梅、苏贝德哈,装备,芦戈腰带,-,
"119","龙渊泽","10人普通",里赤梅、苏贝德哈,装备,棕寒束带,-,
"119","龙渊泽","10人普通",里赤梅、苏贝德哈,饰品,寄锋坠,-,
"119","龙渊泽","10人普通",里赤梅、苏贝德哈,饰品,劫飞佩,-,
"119","龙渊泽","10人普通",里赤梅、苏贝德哈,饰品,韧霜佩,-,
"119","龙渊泽","10人普通",里赤梅、苏贝德哈,装备,惑灵束带,-,
"117","龙渊泽","25人英雄",慕容野狐、殷青丝,饰品,希庄项链,-,
"117","龙渊泽","25人英雄",慕容野狐、殷青丝,装备,典禁善恶履,-,
"117","龙渊泽","25人英雄",慕容野狐、殷青丝,装备,奉湛恩,-,
"117","龙渊泽","25人英雄",慕容野狐、殷青丝,饰品,乾陀佛牙链,-,
"117","龙渊泽","25人英雄",慕容野狐、殷青丝,装备,羡鱼长靴,-,
"117","龙渊泽","25人英雄",慕容野狐、殷青丝,装备,役灵太极帽,-,
"117","龙渊泽","25人英雄",慕容野狐、殷青丝,装备,玄机隐语,-,
"117","龙渊泽","25人英雄",慕容野狐、殷青丝,装备,贯桑,-,
"117","龙渊泽","25人英雄",慕容野狐、殷青丝,装备,蔡祐战靴,-,
"117","龙渊泽","25人英雄",慕容野狐、殷青丝,装备,青罗碧玉,-,
"117","龙渊泽","25人英雄",慕容野狐、殷青丝,装备,预睹三世,-,
"117","龙渊泽","25人英雄",慕容野狐、殷青丝,装备,荻草黑雾袖,-,
"117","龙渊泽","25人英雄",慕容野狐、殷青丝,武器,穿骨链·桦,-,
"117","龙渊泽","25人英雄",慕容野狐、殷青丝,装备,玄绫袖,-,
"117","龙渊泽","25人英雄",慕容野狐、殷青丝,武器,穿骨链·息,-,
"117","龙渊泽","25人英雄",慕容野狐、殷青丝,饰品,曙霞星斗链,-,
"117","龙渊泽","25人英雄",慕容野狐、殷青丝,装备,庆霄丝履,-,
"117","龙渊泽","25人英雄",慕容野狐、殷青丝,武器,穿骨链·林,-,
"117","龙渊泽","25人英雄",慕容野狐、殷青丝,武器,穿骨链·霜,-,
"117","龙渊泽","25人英雄",慕容野狐、殷青丝,装备,翰飞戾天,-,
"117","龙渊泽","25人英雄",慕容野狐、殷青丝,装备,绝尘清信,-,
"117","龙渊泽","25人英雄",慕容野狐、殷青丝,武器,穿骨链·愈,-,
"117","龙渊泽","25人英雄",慕容野狐、殷青丝,饰品,边城镇异链,-,
"117","龙渊泽","25人英雄",慕容野狐、殷青丝,饰品,藻朗项饰,-,
"117","龙渊泽","25人英雄",慕容野狐、殷青丝,武器,穿骨链·岳,-,
"117","龙渊泽","25人英雄",慕容野狐、殷青丝,装备,金颜平天冠,-,
"117","龙渊泽","25人英雄",慕容野狐、殷青丝,装备,蛰龙云,-,
"117","龙渊泽","25人英雄",慕容野狐、殷青丝,装备,厌水犀皮靴,-,
"117","龙渊泽","25人英雄",慕容野狐、殷青丝,装备,冢宰护手,-,
"117","龙渊泽","25人英雄",慕容野狐、殷青丝,饰品,腾影护颈,-,
"117","龙渊泽","25人英雄",里赤梅、苏贝德哈,饰品,火炎昆岗,-,
"117","龙渊泽","25人英雄",里赤梅、苏贝德哈,武器,膏梁梦,-,
"117","龙渊泽","25人英雄",里赤梅、苏贝德哈,装备,御金钩络带,-,
"117","龙渊泽","25人英雄",里赤梅、苏贝德哈,武器,血谏,-,
"117","龙渊泽","25人英雄",里赤梅、苏贝德哈,饰品,博记绀珠,-,
"117","龙渊泽","25人英雄",里赤梅、苏贝德哈,装备,弥纶太虚带,-,
"117","龙渊泽","25人英雄",里赤梅、苏贝德哈,武器,玄象,-,
"117","龙渊泽","25人英雄",里赤梅、苏贝德哈,饰品,黄泽药风,-,
"117","龙渊泽","25人英雄",里赤梅、苏贝德哈,武器,梧凤之鸣,-,
"117","龙渊泽","25人英雄",里赤梅、苏贝德哈,装备,丝竹恋,-,
"117","龙渊泽","25人英雄",里赤梅、苏贝德哈,饰品,燕然山铭,-,
"117","龙渊泽","25人英雄",里赤梅、苏贝德哈,武器,虎衔珠,-,
"117","龙渊泽","25人英雄",里赤梅、苏贝德哈,武器,穿骨链·桦,-,
"117","龙渊泽","25人英雄",里赤梅、苏贝德哈,装备,黑煞烈阳带,-,
"117","龙渊泽","25人英雄",里赤梅、苏贝德哈,饰品,海月镜,-,
"117","龙渊泽","25人英雄",里赤梅、苏贝德哈,武器,穿骨链·息,-,
"117","龙渊泽","25人英雄",里赤梅、苏贝德哈,武器,穿骨链·林,-,
"117","龙渊泽","25人英雄",里赤梅、苏贝德哈,饰品,意树菩提,-,
"117","龙渊泽","25人英雄",里赤梅、苏贝德哈,饰品,伶伦古戒,-,
"117","龙渊泽","25人英雄",里赤梅、苏贝德哈,饰品,权覆宇内,-,
"117","龙渊泽","25人英雄",里赤梅、苏贝德哈,武器,穿骨链·霜,-,
"117","龙渊泽","25人英雄",里赤梅、苏贝德哈,武器,簇浪河星,-,
"117","龙渊泽","25人英雄",里赤梅、苏贝德哈,装备,高义薄云,-,
"117","龙渊泽","25人英雄",里赤梅、苏贝德哈,饰品,苍璧祭,-,
"117","龙渊泽","25人英雄",里赤梅、苏贝德哈,饰品,琅函剑佩,-,
"117","龙渊泽","25人英雄",里赤梅、苏贝德哈,武器,穿骨链·愈,-,
"117","龙渊泽","25人英雄",里赤梅、苏贝德哈,武器,穿骨链·岳,-,
"117","龙渊泽","25人英雄",里赤梅、苏贝德哈,饰品,稷丘扳指,-,
"117","龙渊泽","25人英雄",里赤梅、苏贝德哈,饰品,菱歌羽翮,-,
"117","龙渊泽","25人英雄",里赤梅、苏贝德哈,装备,蔡邕束腰,-,
"75","毒神殿","5人普通",塔丹茂伯,装备,迷嵘袖,-,
"75","毒神殿","5人普通",塔丹茂伯,装备,皓风袖,-,
"75","毒神殿","5人普通",塔丹茂伯,装备,空韶束带,-,
"75","毒神殿","5人普通",塔丹茂伯,装备,迷嵘束带,-,
"75","毒神殿","5人普通",塔丹茂伯,装备,皓风束带,-,
"75","毒神殿","5人普通",塔丹茂伯,装备,云心靴,-,
"75","毒神殿","5人普通",塔丹茂伯,装备,松河裤,-,
"75","毒神殿","5人普通",塔丹茂伯,装备,落绘帽,-,
"75","毒神殿","5人普通",塔丹茂伯,装备,云心帽,-,
"75","毒神殿","5人普通",塔丹茂伯,装备,松河衣,-,
"75","毒神殿","5人普通",塔丹茂伯,武器,落绘囊,-,
"75","毒神殿","5人普通",塔丹茂伯,武器,空韶囊,-,
"75","毒神殿","5人普通",塔丹茂伯,武器,松河囊,-,
"75","毒神殿","5人普通",塔丹茂伯,武器,迷嵘囊,-,
"75","毒神殿","5人普通",塔丹茂伯,装备,迷嵘靴,-,
"75","毒神殿","5人普通",塔丹茂伯,武器,云心囊,-,
"75","毒神殿","5人普通",塔丹茂伯,装备,空韶裤,-,
"75","毒神殿","5人普通",塔丹茂伯,武器,皓风囊,-,
"75","毒神殿","5人普通",塔丹茂伯,装备,迷嵘帽,-,
"75","毒神殿","5人普通",塔丹茂伯,装备,空韶衣,-,
"75","毒神殿","5人普通",塔丹茂伯,装备,落绘袖,-,
"75","毒神殿","5人普通",塔丹茂伯,装备,空韶袖,-,
"75","毒神殿","5人普通",塔丹茂伯,装备,松河袖,-,
"75","毒神殿","5人普通",塔丹茂伯,装备,云心袖,-,
"75","毒神殿","5人普通",塔丹茂伯,装备,落绘束带,-,
"75","毒神殿","5人普通",塔丹茂伯,装备,松河束带,-,
"75","毒神殿","5人普通",塔丹茂伯,装备,云心束带,-,
"75","毒神殿","5人普通",塔丹茂伯,装备,落绘靴,-,
"75","毒神殿","5人普通",塔丹茂伯,装备,松河靴,-,
"75","毒神殿","5人普通",塔丹茂伯,装备,落绘裤,-,
"75","毒神殿","5人普通",塔丹茂伯,装备,云心裤,-,
"75","毒神殿","5人普通",塔丹茂伯,装备,松河帽,-,
"75","毒神殿","5人普通",塔丹茂伯,装备,落绘衣,-,
"75","毒神殿","5人普通",塔丹茂伯,装备,云心衣,-,
"75","毒神殿","5人普通",塔丹茂伯,装备,空韶靴,-,
"75","毒神殿","5人普通",塔丹茂伯,装备,皓风靴,-,
"75","毒神殿","5人普通",塔丹茂伯,装备,迷嵘裤,-,
"75","毒神殿","5人普通",塔丹茂伯,装备,空韶帽,-,
"75","毒神殿","5人普通",塔丹茂伯,装备,皓风帽,-,
"75","毒神殿","5人普通",塔丹茂伯,装备,迷嵘衣,-,
"75","毒神殿","5人普通",塔丹茂伯,装备,皓风衣,-,
"75","毒神殿","5人普通",塔丹茂伯,装备,皓风裤,-,
"75","毒神殿","5人普通",鲍穆侠,装备,云心袖,-,
"75","毒神殿","5人普通",鲍穆侠,装备,落绘束带,-,
"75","毒神殿","5人普通",鲍穆侠,装备,松河束带,-,
"75","毒神殿","5人普通",鲍穆侠,装备,云心束带,-,
"75","毒神殿","5人普通",鲍穆侠,装备,落绘靴,-,
"75","毒神殿","5人普通",鲍穆侠,装备,迷嵘靴,-,
"75","毒神殿","5人普通",鲍穆侠,装备,空韶裤,-,
"75","毒神殿","5人普通",鲍穆侠,装备,皓风裤,-,
"75","毒神殿","5人普通",鲍穆侠,装备,迷嵘帽,-,
"75","毒神殿","5人普通",鲍穆侠,装备,空韶衣,-,
"75","毒神殿","5人普通",鲍穆侠,饰品,空韶佩,-,
"75","毒神殿","5人普通",鲍穆侠,饰品,迷嵘戒,-,
"75","毒神殿","5人普通",鲍穆侠,饰品,落绘护颈,-,
"75","毒神殿","5人普通",鲍穆侠,饰品,松河佩,-,
"75","毒神殿","5人普通",鲍穆侠,饰品,云心戒,-,
"75","毒神殿","5人普通",鲍穆侠,装备,松河靴,-,
"75","毒神殿","5人普通",鲍穆侠,装备,云心裤,-,
"75","毒神殿","5人普通",鲍穆侠,装备,松河帽,-,
"75","毒神殿","5人普通",鲍穆侠,装备,落绘衣,-,
"75","毒神殿","5人普通",鲍穆侠,饰品,空韶护颈,-,
"75","毒神殿","5人普通",鲍穆侠,饰品,皓风戒,-,
"75","毒神殿","5人普通",鲍穆侠,装备,落绘袖,-,
"75","毒神殿","5人普通",鲍穆侠,装备,空韶袖,-,
"75","毒神殿","5人普通",鲍穆侠,装备,松河袖,-,
"75","毒神殿","5人普通",鲍穆侠,装备,迷嵘袖,-,
"75","毒神殿","5人普通",鲍穆侠,装备,皓风袖,-,
"75","毒神殿","5人普通",鲍穆侠,装备,空韶束带,-,
"75","毒神殿","5人普通",鲍穆侠,装备,迷嵘束带,-,
"75","毒神殿","5人普通",鲍穆侠,装备,皓风束带,-,
"75","毒神殿","5人普通",鲍穆侠,装备,空韶靴,-,
"75","毒神殿","5人普通",鲍穆侠,装备,皓风靴,-,
"75","毒神殿","5人普通",鲍穆侠,装备,迷嵘裤,-,
"75","毒神殿","5人普通",鲍穆侠,装备,空韶帽,-,
"75","毒神殿","5人普通",鲍穆侠,装备,皓风帽,-,
"75","毒神殿","5人普通",鲍穆侠,装备,迷嵘衣,-,
"75","毒神殿","5人普通",鲍穆侠,饰品,迷嵘护颈,-,
"75","毒神殿","5人普通",鲍穆侠,饰品,皓风佩,-,
"75","毒神殿","5人普通",鲍穆侠,饰品,云心护颈,-,
"75","毒神殿","5人普通",鲍穆侠,饰品,落绘戒,-,
"75","毒神殿","5人普通",鲍穆侠,装备,云心靴,-,
"75","毒神殿","5人普通",鲍穆侠,装备,松河裤,-,
"75","毒神殿","5人普通",鲍穆侠,装备,落绘帽,-,
"75","毒神殿","5人普通",鲍穆侠,装备,云心帽,-,
"75","毒神殿","5人普通",鲍穆侠,装备,松河衣,-,
"75","毒神殿","5人普通",鲍穆侠,装备,皓风衣,-,
"75","毒神殿","5人普通",鲍穆侠,饰品,皓风护颈,-,
"75","毒神殿","5人普通",鲍穆侠,饰品,空韶戒,-,
"75","毒神殿","5人普通",鲍穆侠,饰品,松河戒,-,
"75","毒神殿","5人普通",鲍穆侠,饰品,云心佩,-,
"75","毒神殿","5人普通",鲍穆侠,饰品,迷嵘佩,-,
"75","毒神殿","5人普通",鲍穆侠,饰品,落绘佩,-,
"75","毒神殿","5人普通",鲍穆侠,饰品,松河护颈,-,
"75","毒神殿","5人普通",鲍穆侠,装备,云心衣,-,
"75","毒神殿","5人普通",鲍穆侠,装备,落绘裤,-,
"75","毒神殿","5人普通",乌灵风,装备,松河袖,-,
"75","毒神殿","5人普通",乌灵风,装备,云心袖,-,
"75","毒神殿","5人普通",乌灵风,装备,落绘束带,-,
"75","毒神殿","5人普通",乌灵风,装备,松河束带,-,
"75","毒神殿","5人普通",乌灵风,装备,云心束带,-,
"75","毒神殿","5人普通",乌灵风,装备,落绘靴,-,
"75","毒神殿","5人普通",乌灵风,装备,空韶靴,-,
"75","毒神殿","5人普通",乌灵风,装备,皓风靴,-,
"75","毒神殿","5人普通",乌灵风,装备,迷嵘裤,-,
"75","毒神殿","5人普通",乌灵风,装备,空韶帽,-,
"75","毒神殿","5人普通",乌灵风,装备,皓风帽,-,
"75","毒神殿","5人普通",乌灵风,装备,迷嵘衣,-,
"75","毒神殿","5人普通",乌灵风,装备,皓风衣,-,
"75","毒神殿","5人普通",乌灵风,装备,云心靴,-,
"75","毒神殿","5人普通",乌灵风,装备,松河裤,-,
"75","毒神殿","5人普通",乌灵风,装备,落绘帽,-,
"75","毒神殿","5人普通",乌灵风,武器,空韶棍,-,
"75","毒神殿","5人普通",乌灵风,装备,松河衣,-,
"75","毒神殿","5人普通",乌灵风,武器,皓风棍,-,
"75","毒神殿","5人普通",乌灵风,武器,空韶笔,-,
"75","毒神殿","5人普通",乌灵风,武器,云心笔,-,
"75","毒神殿","5人普通",乌灵风,武器,松河枪,-,
"75","毒神殿","5人普通",乌灵风,武器,皓风枪,-,
"75","毒神殿","5人普通",乌灵风,武器,落绘剑,-,
"75","毒神殿","5人普通",乌灵风,武器,迷嵘剑,-,
"75","毒神殿","5人普通",乌灵风,武器,落绘双剑,-,
"75","毒神殿","5人普通",乌灵风,武器,云心双剑,-,
"75","毒神殿","5人普通",乌灵风,武器,落绘笛,-,
"75","毒神殿","5人普通",乌灵风,武器,云心笛,-,
"75","毒神殿","5人普通",乌灵风,武器,空韶弩,-,
"75","毒神殿","5人普通",乌灵风,武器,松河弩,-,
"75","毒神殿","5人普通",乌灵风,武器,迷嵘轻剑,-,
"75","毒神殿","5人普通",乌灵风,武器,迷嵘重剑,-,
"75","毒神殿","5人普通",乌灵风,武器,空韶刀,-,
"75","毒神殿","5人普通",乌灵风,武器,皓风刀,-,
"75","毒神殿","5人普通",乌灵风,装备,落绘袖,-,
"75","毒神殿","5人普通",乌灵风,装备,空韶袖,-,
"75","毒神殿","5人普通",乌灵风,装备,迷嵘袖,-,
"75","毒神殿","5人普通",乌灵风,装备,皓风袖,-,
"75","毒神殿","5人普通",乌灵风,装备,空韶束带,-,
"75","毒神殿","5人普通",乌灵风,装备,迷嵘束带,-,
"75","毒神殿","5人普通",乌灵风,装备,皓风束带,-,
"75","毒神殿","5人普通",乌灵风,装备,迷嵘靴,-,
"75","毒神殿","5人普通",乌灵风,装备,空韶裤,-,
"75","毒神殿","5人普通",乌灵风,装备,皓风裤,-,
"75","毒神殿","5人普通",乌灵风,装备,迷嵘帽,-,
"75","毒神殿","5人普通",乌灵风,装备,空韶衣,-,
"75","毒神殿","5人普通",乌灵风,装备,云心衣,-,
"75","毒神殿","5人普通",乌灵风,装备,松河靴,-,
"75","毒神殿","5人普通",乌灵风,装备,落绘裤,-,
"75","毒神殿","5人普通",乌灵风,装备,云心裤,-,
"75","毒神殿","5人普通",乌灵风,装备,松河帽,-,
"75","毒神殿","5人普通",乌灵风,装备,落绘衣,-,
"75","毒神殿","5人普通",乌灵风,装备,云心帽,-,
"112","毒神殿","5人英雄",塔丹茂伯,武器,蝶音笛,-,
"112","毒神殿","5人英雄",塔丹茂伯,武器,落梦弩,-,
"112","毒神殿","5人英雄",塔丹茂伯,武器,松桐轻剑,-,
"112","毒神殿","5人英雄",塔丹茂伯,武器,絮星棍,-,
"112","毒神殿","5人英雄",塔丹茂伯,武器,絮星笔,-,
"112","毒神殿","5人英雄",塔丹茂伯,武器,闲幽笔,-,
"112","毒神殿","5人英雄",塔丹茂伯,武器,烽舟剑,-,
"112","毒神殿","5人英雄",塔丹茂伯,武器,闲幽笛,-,
"112","毒神殿","5人英雄",塔丹茂伯,武器,烽舟重剑,-,
"112","毒神殿","5人英雄",塔丹茂伯,装备,音雪袖,-,
"112","毒神殿","5人英雄",塔丹茂伯,装备,闲幽袖,-,
"112","毒神殿","5人英雄",塔丹茂伯,装备,傲刃束带,-,
"112","毒神殿","5人英雄",塔丹茂伯,饰品,傲刃链,-,
"112","毒神殿","5人英雄",塔丹茂伯,饰品,闲幽坠,-,
"112","毒神殿","5人英雄",塔丹茂伯,饰品,烽舟链,-,
"112","毒神殿","5人英雄",塔丹茂伯,饰品,苍承坠,-,
"112","毒神殿","5人英雄",塔丹茂伯,武器,落梦棍,-,
"112","毒神殿","5人英雄",塔丹茂伯,武器,音雪剑,-,
"112","毒神殿","5人英雄",塔丹茂伯,武器,音雪笛,-,
"112","毒神殿","5人英雄",塔丹茂伯,武器,烈庭棍,-,
"112","毒神殿","5人英雄",塔丹茂伯,武器,烽舟轻剑,-,
"112","毒神殿","5人英雄",塔丹茂伯,装备,苍承袖,-,
"112","毒神殿","5人英雄",塔丹茂伯,装备,烽舟束带,-,
"112","毒神殿","5人英雄",塔丹茂伯,武器,落梦笔,-,
"112","毒神殿","5人英雄",塔丹茂伯,饰品,闲幽链,-,
"112","毒神殿","5人英雄",塔丹茂伯,武器,梨烟笔,-,
"112","毒神殿","5人英雄",塔丹茂伯,武器,征南枪,-,
"112","毒神殿","5人英雄",塔丹茂伯,武器,烈庭枪,-,
"112","毒神殿","5人英雄",塔丹茂伯,武器,蝶音剑,-,
"112","毒神殿","5人英雄",塔丹茂伯,武器,松桐剑,-,
"112","毒神殿","5人英雄",塔丹茂伯,武器,蝶音双剑,-,
"112","毒神殿","5人英雄",塔丹茂伯,武器,梨烟双剑,-,
"112","毒神殿","5人英雄",塔丹茂伯,武器,梨烟笛,-,
"112","毒神殿","5人英雄",塔丹茂伯,武器,征南弩,-,
"112","毒神殿","5人英雄",塔丹茂伯,武器,松桐重剑,-,
"112","毒神殿","5人英雄",塔丹茂伯,武器,苍承棍,-,
"112","毒神殿","5人英雄",塔丹茂伯,武器,苍承枪,-,
"112","毒神殿","5人英雄",塔丹茂伯,武器,闲幽双剑,-,
"112","毒神殿","5人英雄",塔丹茂伯,武器,傲刃弩,-,
"112","毒神殿","5人英雄",塔丹茂伯,武器,烈庭刀,-,
"112","毒神殿","5人英雄",塔丹茂伯,装备,傲刃袖,-,
"112","毒神殿","5人英雄",塔丹茂伯,装备,音雪束带,-,
"112","毒神殿","5人英雄",塔丹茂伯,装备,闲幽束带,-,
"112","毒神殿","5人英雄",塔丹茂伯,饰品,音雪坠,-,
"112","毒神殿","5人英雄",塔丹茂伯,饰品,絮星坠,-,
"112","毒神殿","5人英雄",塔丹茂伯,武器,傲刃枪,-,
"112","毒神殿","5人英雄",塔丹茂伯,武器,音雪双剑,-,
"112","毒神殿","5人英雄",塔丹茂伯,武器,絮星弩,-,
"112","毒神殿","5人英雄",塔丹茂伯,武器,落梦刀,-,
"112","毒神殿","5人英雄",塔丹茂伯,装备,烽舟袖,-,
"112","毒神殿","5人英雄",塔丹茂伯,装备,絮星束带,-,
"112","毒神殿","5人英雄",塔丹茂伯,装备,苍承束带,-,
"112","毒神殿","5人英雄",塔丹茂伯,饰品,音雪链,-,
"112","毒神殿","5人英雄",塔丹茂伯,饰品,傲刃坠,-,
"112","毒神殿","5人英雄",塔丹茂伯,饰品,烽舟坠,-,
"112","毒神殿","5人英雄",塔丹茂伯,饰品,苍承链,-,
"112","毒神殿","5人英雄",塔丹茂伯,饰品,絮星链,-,
"112","毒神殿","5人英雄",塔丹茂伯,装备,絮星袖,-,
"112","毒神殿","5人英雄",鲍穆侠,武器,梨烟笛,-,
"112","毒神殿","5人英雄",鲍穆侠,武器,征南弩,-,
"112","毒神殿","5人英雄",鲍穆侠,武器,松桐重剑,-,
"112","毒神殿","5人英雄",鲍穆侠,武器,苍承棍,-,
"112","毒神殿","5人英雄",鲍穆侠,武器,音雪剑,-,
"112","毒神殿","5人英雄",鲍穆侠,武器,音雪笛,-,
"112","毒神殿","5人英雄",鲍穆侠,武器,烽舟轻剑,-,
"112","毒神殿","5人英雄",鲍穆侠,装备,音雪靴,-,
"112","毒神殿","5人英雄",鲍穆侠,装备,闲幽靴,-,
"112","毒神殿","5人英雄",鲍穆侠,装备,闲幽护腿,-,
"112","毒神殿","5人英雄",鲍穆侠,装备,音雪衣,-,
"112","毒神殿","5人英雄",鲍穆侠,武器,落梦棍,-,
"112","毒神殿","5人英雄",鲍穆侠,装备,苍承护腿,-,
"112","毒神殿","5人英雄",鲍穆侠,装备,絮星衣,-,
"112","毒神殿","5人英雄",鲍穆侠,武器,苍承枪,-,
"112","毒神殿","5人英雄",鲍穆侠,武器,烈庭棍,-,
"112","毒神殿","5人英雄",鲍穆侠,武器,闲幽双剑,-,
"112","毒神殿","5人英雄",鲍穆侠,武器,烈庭刀,-,
"112","毒神殿","5人英雄",鲍穆侠,装备,絮星靴,-,
"112","毒神殿","5人英雄",鲍穆侠,武器,落梦笔,-,
"112","毒神殿","5人英雄",鲍穆侠,装备,音雪帽,-,
"112","毒神殿","5人英雄",鲍穆侠,武器,梨烟笔,-,
"112","毒神殿","5人英雄",鲍穆侠,武器,征南枪,-,
"112","毒神殿","5人英雄",鲍穆侠,武器,烈庭枪,-,
"112","毒神殿","5人英雄",鲍穆侠,武器,蝶音剑,-,
"112","毒神殿","5人英雄",鲍穆侠,武器,松桐剑,-,
"112","毒神殿","5人英雄",鲍穆侠,武器,蝶音双剑,-,
"112","毒神殿","5人英雄",鲍穆侠,武器,梨烟双剑,-,
"112","毒神殿","5人英雄",鲍穆侠,武器,蝶音笛,-,
"112","毒神殿","5人英雄",鲍穆侠,武器,落梦弩,-,
"112","毒神殿","5人英雄",鲍穆侠,武器,松桐轻剑,-,
"112","毒神殿","5人英雄",鲍穆侠,武器,絮星棍,-,
"112","毒神殿","5人英雄",鲍穆侠,武器,絮星笔,-,
"112","毒神殿","5人英雄",鲍穆侠,武器,傲刃枪,-,
"112","毒神殿","5人英雄",鲍穆侠,武器,音雪双剑,-,
"112","毒神殿","5人英雄",鲍穆侠,武器,絮星弩,-,
"112","毒神殿","5人英雄",鲍穆侠,武器,落梦刀,-,
"112","毒神殿","5人英雄",鲍穆侠,装备,傲刃靴,-,
"112","毒神殿","5人英雄",鲍穆侠,装备,音雪护腿,-,
"112","毒神殿","5人英雄",鲍穆侠,装备,傲刃帽,-,
"112","毒神殿","5人英雄",鲍穆侠,装备,闲幽衣,-,
"112","毒神殿","5人英雄",鲍穆侠,装备,絮星护腿,-,
"112","毒神殿","5人英雄",鲍穆侠,装备,烽舟帽,-,
"112","毒神殿","5人英雄",鲍穆侠,装备,苍承衣,-,
"112","毒神殿","5人英雄",鲍穆侠,武器,闲幽笔,-,
"112","毒神殿","5人英雄",鲍穆侠,武器,烽舟剑,-,
"112","毒神殿","5人英雄",鲍穆侠,武器,闲幽笛,-,
"112","毒神殿","5人英雄",鲍穆侠,武器,烽舟重剑,-,
"112","毒神殿","5人英雄",鲍穆侠,装备,烽舟靴,-,
"112","毒神殿","5人英雄",鲍穆侠,装备,傲刃护腿,-,
"112","毒神殿","5人英雄",鲍穆侠,装备,闲幽帽,-,
"112","毒神殿","5人英雄",鲍穆侠,装备,烽舟衣,-,
"112","毒神殿","5人英雄",鲍穆侠,装备,傲刃衣,-,
"112","毒神殿","5人英雄",鲍穆侠,装备,苍承帽,-,
"112","毒神殿","5人英雄",鲍穆侠,装备,絮星帽,-,
"112","毒神殿","5人英雄",鲍穆侠,装备,烽舟护腿,-,
"112","毒神殿","5人英雄",鲍穆侠,装备,苍承靴,-,
"112","毒神殿","5人英雄",鲍穆侠,武器,傲刃弩,-,
"112","毒神殿","5人英雄",乌灵风,武器,梨烟笛,-,
"112","毒神殿","5人英雄",乌灵风,武器,征南弩,-,
"112","毒神殿","5人英雄",乌灵风,武器,松桐重剑,-,
"112","毒神殿","5人英雄",乌灵风,武器,絮星囊,-,
"112","毒神殿","5人英雄",乌灵风,武器,烽舟囊,-,
"112","毒神殿","5人英雄",乌灵风,武器,苍承囊,-,
"112","毒神殿","5人英雄",乌灵风,武器,苍承棍,-,
"112","毒神殿","5人英雄",乌灵风,武器,傲刃枪,-,
"112","毒神殿","5人英雄",乌灵风,武器,音雪双剑,-,
"112","毒神殿","5人英雄",乌灵风,武器,絮星弩,-,
"112","毒神殿","5人英雄",乌灵风,武器,落梦刀,-,
"112","毒神殿","5人英雄",乌灵风,武器,落梦棍,-,
"112","毒神殿","5人英雄",乌灵风,武器,闲幽笔,-,
"112","毒神殿","5人英雄",乌灵风,武器,闲幽笛,-,
"112","毒神殿","5人英雄",乌灵风,武器,烽舟重剑,-,
"112","毒神殿","5人英雄",乌灵风,武器,烈庭棍,-,
"112","毒神殿","5人英雄",乌灵风,武器,落梦笔,-,
"112","毒神殿","5人英雄",乌灵风,武器,梨烟笔,-,
"112","毒神殿","5人英雄",乌灵风,武器,征南枪,-,
"112","毒神殿","5人英雄",乌灵风,武器,烈庭枪,-,
"112","毒神殿","5人英雄",乌灵风,武器,蝶音剑,-,
"112","毒神殿","5人英雄",乌灵风,武器,松桐剑,-,
"112","毒神殿","5人英雄",乌灵风,武器,蝶音双剑,-,
"112","毒神殿","5人英雄",乌灵风,武器,梨烟双剑,-,
"112","毒神殿","5人英雄",乌灵风,武器,蝶音笛,-,
"112","毒神殿","5人英雄",乌灵风,武器,落梦弩,-,
"112","毒神殿","5人英雄",乌灵风,武器,松桐轻剑,-,
"112","毒神殿","5人英雄",乌灵风,武器,音雪囊,-,
"112","毒神殿","5人英雄",乌灵风,武器,傲刃囊,-,
"112","毒神殿","5人英雄",乌灵风,武器,闲幽囊,-,
"112","毒神殿","5人英雄",乌灵风,武器,絮星棍,-,
"112","毒神殿","5人英雄",乌灵风,武器,絮星笔,-,
"112","毒神殿","5人英雄",乌灵风,武器,音雪剑,-,
"112","毒神殿","5人英雄",乌灵风,武器,音雪笛,-,
"112","毒神殿","5人英雄",乌灵风,武器,烽舟轻剑,-,
"112","毒神殿","5人英雄",乌灵风,饰品,傲刃戒,-,
"112","毒神殿","5人英雄",乌灵风,饰品,烽舟戒,-,
"112","毒神殿","5人英雄",乌灵风,武器,苍承枪,-,
"112","毒神殿","5人英雄",乌灵风,武器,闲幽双剑,-,
"112","毒神殿","5人英雄",乌灵风,武器,傲刃弩,-,
"112","毒神殿","5人英雄",乌灵风,武器,烈庭刀,-,
"112","毒神殿","5人英雄",乌灵风,饰品,闲幽戒,-,
"112","毒神殿","5人英雄",乌灵风,饰品,苍承戒,-,
"112","毒神殿","5人英雄",乌灵风,饰品,絮星戒,-,
"112","毒神殿","5人英雄",乌灵风,饰品,音雪戒,-,
"112","毒神殿","5人英雄",乌灵风,武器,烽舟剑,-,
"106","法王窟","5人普通",胡鞑,装备,云心袖,-,
"106","法王窟","5人普通",胡鞑,装备,落绘束带,-,
"106","法王窟","5人普通",胡鞑,装备,松河束带,-,
"106","法王窟","5人普通",胡鞑,装备,云心束带,-,
"106","法王窟","5人普通",胡鞑,装备,落绘靴,-,
"106","法王窟","5人普通",胡鞑,装备,迷嵘靴,-,
"106","法王窟","5人普通",胡鞑,装备,空韶裤,-,
"106","法王窟","5人普通",胡鞑,装备,皓风裤,-,
"106","法王窟","5人普通",胡鞑,装备,迷嵘帽,-,
"106","法王窟","5人普通",胡鞑,装备,空韶衣,-,
"106","法王窟","5人普通",胡鞑,武器,落绘囊,-,
"106","法王窟","5人普通",胡鞑,武器,空韶囊,-,
"106","法王窟","5人普通",胡鞑,武器,松河囊,-,
"106","法王窟","5人普通",胡鞑,武器,迷嵘囊,-,
"106","法王窟","5人普通",胡鞑,装备,松河靴,-,
"106","法王窟","5人普通",胡鞑,武器,云心囊,-,
"106","法王窟","5人普通",胡鞑,装备,云心裤,-,
"106","法王窟","5人普通",胡鞑,武器,皓风囊,-,
"106","法王窟","5人普通",胡鞑,装备,松河帽,-,
"106","法王窟","5人普通",胡鞑,装备,落绘衣,-,
"106","法王窟","5人普通",胡鞑,装备,落绘袖,-,
"106","法王窟","5人普通",胡鞑,装备,空韶袖,-,
"106","法王窟","5人普通",胡鞑,装备,松河袖,-,
"106","法王窟","5人普通",胡鞑,装备,迷嵘袖,-,
"106","法王窟","5人普通",胡鞑,装备,皓风袖,-,
"106","法王窟","5人普通",胡鞑,装备,空韶束带,-,
"106","法王窟","5人普通",胡鞑,装备,迷嵘束带,-,
"106","法王窟","5人普通",胡鞑,装备,皓风束带,-,
"106","法王窟","5人普通",胡鞑,装备,空韶靴,-,
"106","法王窟","5人普通",胡鞑,装备,皓风靴,-,
"106","法王窟","5人普通",胡鞑,装备,迷嵘裤,-,
"106","法王窟","5人普通",胡鞑,装备,空韶帽,-,
"106","法王窟","5人普通",胡鞑,装备,皓风帽,-,
"106","法王窟","5人普通",胡鞑,装备,迷嵘衣,-,
"106","法王窟","5人普通",胡鞑,装备,云心靴,-,
"106","法王窟","5人普通",胡鞑,装备,松河裤,-,
"106","法王窟","5人普通",胡鞑,装备,落绘帽,-,
"106","法王窟","5人普通",胡鞑,装备,云心帽,-,
"106","法王窟","5人普通",胡鞑,装备,松河衣,-,
"106","法王窟","5人普通",胡鞑,装备,皓风衣,-,
"106","法王窟","5人普通",胡鞑,装备,云心衣,-,
"106","法王窟","5人普通",胡鞑,装备,落绘裤,-,
"106","法王窟","5人普通",武逸青,装备,迷嵘袖,-,
"106","法王窟","5人普通",武逸青,装备,皓风袖,-,
"106","法王窟","5人普通",武逸青,装备,空韶束带,-,
"106","法王窟","5人普通",武逸青,装备,迷嵘束带,-,
"106","法王窟","5人普通",武逸青,装备,皓风束带,-,
"106","法王窟","5人普通",武逸青,装备,云心靴,-,
"106","法王窟","5人普通",武逸青,装备,松河裤,-,
"106","法王窟","5人普通",武逸青,装备,落绘帽,-,
"106","法王窟","5人普通",武逸青,装备,云心帽,-,
"106","法王窟","5人普通",武逸青,装备,松河衣,-,
"106","法王窟","5人普通",武逸青,饰品,空韶佩,-,
"106","法王窟","5人普通",武逸青,饰品,迷嵘戒,-,
"106","法王窟","5人普通",武逸青,饰品,落绘护颈,-,
"106","法王窟","5人普通",武逸青,饰品,松河佩,-,
"106","法王窟","5人普通",武逸青,饰品,云心戒,-,
"106","法王窟","5人普通",武逸青,装备,迷嵘靴,-,
"106","法王窟","5人普通",武逸青,装备,空韶裤,-,
"106","法王窟","5人普通",武逸青,装备,迷嵘帽,-,
"106","法王窟","5人普通",武逸青,装备,空韶衣,-,
"106","法王窟","5人普通",武逸青,饰品,空韶护颈,-,
"106","法王窟","5人普通",武逸青,饰品,皓风戒,-,
"106","法王窟","5人普通",武逸青,装备,落绘袖,-,
"106","法王窟","5人普通",武逸青,装备,空韶袖,-,
"106","法王窟","5人普通",武逸青,装备,松河袖,-,
"106","法王窟","5人普通",武逸青,装备,云心袖,-,
"106","法王窟","5人普通",武逸青,装备,落绘束带,-,
"106","法王窟","5人普通",武逸青,装备,松河束带,-,
"106","法王窟","5人普通",武逸青,装备,云心束带,-,
"106","法王窟","5人普通",武逸青,装备,落绘靴,-,
"106","法王窟","5人普通",武逸青,装备,松河靴,-,
"106","法王窟","5人普通",武逸青,装备,落绘裤,-,
"106","法王窟","5人普通",武逸青,装备,云心裤,-,
"106","法王窟","5人普通",武逸青,装备,松河帽,-,
"106","法王窟","5人普通",武逸青,装备,落绘衣,-,
"106","法王窟","5人普通",武逸青,装备,云心衣,-,
"106","法王窟","5人普通",武逸青,饰品,迷嵘护颈,-,
"106","法王窟","5人普通",武逸青,饰品,皓风佩,-,
"106","法王窟","5人普通",武逸青,饰品,云心护颈,-,
"106","法王窟","5人普通",武逸青,饰品,落绘戒,-,
"106","法王窟","5人普通",武逸青,装备,空韶靴,-,
"106","法王窟","5人普通",武逸青,装备,皓风靴,-,
"106","法王窟","5人普通",武逸青,装备,迷嵘裤,-,
"106","法王窟","5人普通",武逸青,装备,空韶帽,-,
"106","法王窟","5人普通",武逸青,装备,皓风帽,-,
"106","法王窟","5人普通",武逸青,装备,迷嵘衣,-,
"106","法王窟","5人普通",武逸青,饰品,皓风护颈,-,
"106","法王窟","5人普通",武逸青,饰品,空韶戒,-,
"106","法王窟","5人普通",武逸青,饰品,松河戒,-,
"106","法王窟","5人普通",武逸青,饰品,云心佩,-,
"106","法王窟","5人普通",武逸青,饰品,迷嵘佩,-,
"106","法王窟","5人普通",武逸青,饰品,落绘佩,-,
"106","法王窟","5人普通",武逸青,饰品,松河护颈,-,
"106","法王窟","5人普通",武逸青,装备,皓风衣,-,
"106","法王窟","5人普通",武逸青,装备,皓风裤,-,
"106","法王窟","5人普通",智慧,装备,松河袖,-,
"106","法王窟","5人普通",智慧,装备,云心袖,-,
"106","法王窟","5人普通",智慧,装备,落绘束带,-,
"106","法王窟","5人普通",智慧,装备,松河束带,-,
"106","法王窟","5人普通",智慧,装备,云心束带,-,
"106","法王窟","5人普通",智慧,装备,落绘靴,-,
"106","法王窟","5人普通",智慧,装备,空韶靴,-,
"106","法王窟","5人普通",智慧,装备,皓风靴,-,
"106","法王窟","5人普通",智慧,装备,迷嵘裤,-,
"106","法王窟","5人普通",智慧,装备,空韶帽,-,
"106","法王窟","5人普通",智慧,装备,皓风帽,-,
"106","法王窟","5人普通",智慧,装备,迷嵘衣,-,
"106","法王窟","5人普通",智慧,装备,皓风衣,-,
"106","法王窟","5人普通",智慧,装备,云心靴,-,
"106","法王窟","5人普通",智慧,装备,松河裤,-,
"106","法王窟","5人普通",智慧,装备,落绘帽,-,
"106","法王窟","5人普通",智慧,武器,空韶棍,-,
"106","法王窟","5人普通",智慧,装备,松河衣,-,
"106","法王窟","5人普通",智慧,武器,皓风棍,-,
"106","法王窟","5人普通",智慧,武器,空韶笔,-,
"106","法王窟","5人普通",智慧,武器,云心笔,-,
"106","法王窟","5人普通",智慧,武器,松河枪,-,
"106","法王窟","5人普通",智慧,武器,皓风枪,-,
"106","法王窟","5人普通",智慧,武器,落绘剑,-,
"106","法王窟","5人普通",智慧,武器,迷嵘剑,-,
"106","法王窟","5人普通",智慧,武器,落绘双剑,-,
"106","法王窟","5人普通",智慧,武器,云心双剑,-,
"106","法王窟","5人普通",智慧,武器,落绘笛,-,
"106","法王窟","5人普通",智慧,武器,云心笛,-,
"106","法王窟","5人普通",智慧,武器,空韶弩,-,
"106","法王窟","5人普通",智慧,武器,松河弩,-,
"106","法王窟","5人普通",智慧,武器,迷嵘轻剑,-,
"106","法王窟","5人普通",智慧,武器,迷嵘重剑,-,
"106","法王窟","5人普通",智慧,武器,空韶刀,-,
"106","法王窟","5人普通",智慧,武器,皓风刀,-,
"106","法王窟","5人普通",智慧,装备,落绘袖,-,
"106","法王窟","5人普通",智慧,装备,空韶袖,-,
"106","法王窟","5人普通",智慧,装备,迷嵘袖,-,
"106","法王窟","5人普通",智慧,装备,皓风袖,-,
"106","法王窟","5人普通",智慧,装备,空韶束带,-,
"106","法王窟","5人普通",智慧,装备,迷嵘束带,-,
"106","法王窟","5人普通",智慧,装备,皓风束带,-,
"106","法王窟","5人普通",智慧,装备,迷嵘靴,-,
"106","法王窟","5人普通",智慧,装备,空韶裤,-,
"106","法王窟","5人普通",智慧,装备,皓风裤,-,
"106","法王窟","5人普通",智慧,装备,迷嵘帽,-,
"106","法王窟","5人普通",智慧,装备,空韶衣,-,
"106","法王窟","5人普通",智慧,装备,云心衣,-,
"106","法王窟","5人普通",智慧,装备,松河靴,-,
"106","法王窟","5人普通",智慧,装备,落绘裤,-,
"106","法王窟","5人普通",智慧,装备,云心裤,-,
"106","法王窟","5人普通",智慧,装备,松河帽,-,
"106","法王窟","5人普通",智慧,装备,落绘衣,-,
"106","法王窟","5人普通",智慧,装备,云心帽,-,
"115","法王窟","5人英雄",胡鞑,武器,梨烟笛,-,
"115","法王窟","5人英雄",胡鞑,武器,征南弩,-,
"115","法王窟","5人英雄",胡鞑,武器,松桐重剑,-,
"115","法王窟","5人英雄",胡鞑,武器,苍承棍,-,
"115","法王窟","5人英雄",胡鞑,武器,音雪剑,-,
"115","法王窟","5人英雄",胡鞑,武器,音雪笛,-,
"115","法王窟","5人英雄",胡鞑,武器,烽舟轻剑,-,
"115","法王窟","5人英雄",胡鞑,装备,音雪袖,-,
"115","法王窟","5人英雄",胡鞑,装备,闲幽袖,-,
"115","法王窟","5人英雄",胡鞑,装备,傲刃束带,-,
"115","法王窟","5人英雄",胡鞑,装备,音雪靴,-,
"115","法王窟","5人英雄",胡鞑,装备,闲幽靴,-,
"115","法王窟","5人英雄",胡鞑,装备,闲幽护腿,-,
"115","法王窟","5人英雄",胡鞑,武器,落梦棍,-,
"115","法王窟","5人英雄",胡鞑,装备,苍承护腿,-,
"115","法王窟","5人英雄",胡鞑,武器,苍承枪,-,
"115","法王窟","5人英雄",胡鞑,武器,烈庭棍,-,
"115","法王窟","5人英雄",胡鞑,武器,闲幽双剑,-,
"115","法王窟","5人英雄",胡鞑,武器,烈庭刀,-,
"115","法王窟","5人英雄",胡鞑,装备,苍承袖,-,
"115","法王窟","5人英雄",胡鞑,装备,烽舟束带,-,
"115","法王窟","5人英雄",胡鞑,装备,絮星靴,-,
"115","法王窟","5人英雄",胡鞑,武器,落梦笔,-,
"115","法王窟","5人英雄",胡鞑,武器,梨烟笔,-,
"115","法王窟","5人英雄",胡鞑,武器,征南枪,-,
"115","法王窟","5人英雄",胡鞑,武器,烈庭枪,-,
"115","法王窟","5人英雄",胡鞑,武器,蝶音剑,-,
"115","法王窟","5人英雄",胡鞑,武器,松桐剑,-,
"115","法王窟","5人英雄",胡鞑,武器,蝶音双剑,-,
"115","法王窟","5人英雄",胡鞑,武器,梨烟双剑,-,
"115","法王窟","5人英雄",胡鞑,武器,蝶音笛,-,
"115","法王窟","5人英雄",胡鞑,武器,落梦弩,-,
"115","法王窟","5人英雄",胡鞑,武器,松桐轻剑,-,
"115","法王窟","5人英雄",胡鞑,武器,絮星棍,-,
"115","法王窟","5人英雄",胡鞑,武器,絮星笔,-,
"115","法王窟","5人英雄",胡鞑,武器,傲刃枪,-,
"115","法王窟","5人英雄",胡鞑,武器,音雪双剑,-,
"115","法王窟","5人英雄",胡鞑,武器,絮星弩,-,
"115","法王窟","5人英雄",胡鞑,武器,落梦刀,-,
"115","法王窟","5人英雄",胡鞑,装备,傲刃袖,-,
"115","法王窟","5人英雄",胡鞑,装备,音雪束带,-,
"115","法王窟","5人英雄",胡鞑,装备,闲幽束带,-,
"115","法王窟","5人英雄",胡鞑,装备,傲刃靴,-,
"115","法王窟","5人英雄",胡鞑,装备,音雪护腿,-,
"115","法王窟","5人英雄",胡鞑,装备,絮星护腿,-,
"115","法王窟","5人英雄",胡鞑,武器,闲幽笔,-,
"115","法王窟","5人英雄",胡鞑,武器,烽舟剑,-,
"115","法王窟","5人英雄",胡鞑,武器,闲幽笛,-,
"115","法王窟","5人英雄",胡鞑,武器,烽舟重剑,-,
"115","法王窟","5人英雄",胡鞑,装备,烽舟袖,-,
"115","法王窟","5人英雄",胡鞑,装备,絮星束带,-,
"115","法王窟","5人英雄",胡鞑,装备,苍承束带,-,
"115","法王窟","5人英雄",胡鞑,装备,烽舟靴,-,
"115","法王窟","5人英雄",胡鞑,装备,傲刃护腿,-,
"115","法王窟","5人英雄",胡鞑,装备,烽舟护腿,-,
"115","法王窟","5人英雄",胡鞑,装备,苍承靴,-,
"115","法王窟","5人英雄",胡鞑,装备,絮星袖,-,
"115","法王窟","5人英雄",胡鞑,武器,傲刃弩,-,
"115","法王窟","5人英雄",武逸青,武器,蝶音笛,-,
"115","法王窟","5人英雄",武逸青,武器,落梦弩,-,
"115","法王窟","5人英雄",武逸青,武器,松桐轻剑,-,
"115","法王窟","5人英雄",武逸青,武器,絮星棍,-,
"115","法王窟","5人英雄",武逸青,武器,絮星笔,-,
"115","法王窟","5人英雄",武逸青,武器,闲幽笔,-,
"115","法王窟","5人英雄",武逸青,武器,烽舟剑,-,
"115","法王窟","5人英雄",武逸青,武器,闲幽笛,-,
"115","法王窟","5人英雄",武逸青,武器,烽舟重剑,-,
"115","法王窟","5人英雄",武逸青,装备,音雪衣,-,
"115","法王窟","5人英雄",武逸青,饰品,傲刃链,-,
"115","法王窟","5人英雄",武逸青,饰品,闲幽坠,-,
"115","法王窟","5人英雄",武逸青,装备,絮星衣,-,
"115","法王窟","5人英雄",武逸青,饰品,烽舟链,-,
"115","法王窟","5人英雄",武逸青,饰品,苍承坠,-,
"115","法王窟","5人英雄",武逸青,武器,落梦棍,-,
"115","法王窟","5人英雄",武逸青,武器,音雪剑,-,
"115","法王窟","5人英雄",武逸青,武器,音雪笛,-,
"115","法王窟","5人英雄",武逸青,武器,烈庭棍,-,
"115","法王窟","5人英雄",武逸青,武器,烽舟轻剑,-,
"115","法王窟","5人英雄",武逸青,装备,音雪帽,-,
"115","法王窟","5人英雄",武逸青,武器,落梦笔,-,
"115","法王窟","5人英雄",武逸青,饰品,闲幽链,-,
"115","法王窟","5人英雄",武逸青,武器,梨烟笔,-,
"115","法王窟","5人英雄",武逸青,武器,征南枪,-,
"115","法王窟","5人英雄",武逸青,武器,烈庭枪,-,
"115","法王窟","5人英雄",武逸青,武器,蝶音剑,-,
"115","法王窟","5人英雄",武逸青,武器,松桐剑,-,
"115","法王窟","5人英雄",武逸青,武器,蝶音双剑,-,
"115","法王窟","5人英雄",武逸青,武器,梨烟双剑,-,
"115","法王窟","5人英雄",武逸青,武器,梨烟笛,-,
"115","法王窟","5人英雄",武逸青,武器,征南弩,-,
"115","法王窟","5人英雄",武逸青,武器,松桐重剑,-,
"115","法王窟","5人英雄",武逸青,武器,苍承棍,-,
"115","法王窟","5人英雄",武逸青,武器,苍承枪,-,
"115","法王窟","5人英雄",武逸青,武器,闲幽双剑,-,
"115","法王窟","5人英雄",武逸青,武器,傲刃弩,-,
"115","法王窟","5人英雄",武逸青,武器,烈庭刀,-,
"115","法王窟","5人英雄",武逸青,装备,傲刃帽,-,
"115","法王窟","5人英雄",武逸青,装备,闲幽衣,-,
"115","法王窟","5人英雄",武逸青,饰品,音雪坠,-,
"115","法王窟","5人英雄",武逸青,装备,烽舟帽,-,
"115","法王窟","5人英雄",武逸青,装备,苍承衣,-,
"115","法王窟","5人英雄",武逸青,饰品,絮星坠,-,
"115","法王窟","5人英雄",武逸青,武器,傲刃枪,-,
"115","法王窟","5人英雄",武逸青,武器,音雪双剑,-,
"115","法王窟","5人英雄",武逸青,武器,絮星弩,-,
"115","法王窟","5人英雄",武逸青,武器,落梦刀,-,
"115","法王窟","5人英雄",武逸青,装备,闲幽帽,-,
"115","法王窟","5人英雄",武逸青,饰品,音雪链,-,
"115","法王窟","5人英雄",武逸青,饰品,傲刃坠,-,
"115","法王窟","5人英雄",武逸青,饰品,烽舟坠,-,
"115","法王窟","5人英雄",武逸青,饰品,苍承链,-,
"115","法王窟","5人英雄",武逸青,饰品,絮星链,-,
"115","法王窟","5人英雄",武逸青,装备,烽舟衣,-,
"115","法王窟","5人英雄",武逸青,装备,傲刃衣,-,
"115","法王窟","5人英雄",武逸青,装备,苍承帽,-,
"115","法王窟","5人英雄",武逸青,装备,絮星帽,-,
"115","法王窟","5人英雄",智慧,武器,梨烟笛,-,
"115","法王窟","5人英雄",智慧,武器,征南弩,-,
"115","法王窟","5人英雄",智慧,武器,松桐重剑,-,
"115","法王窟","5人英雄",智慧,武器,絮星囊,-,
"115","法王窟","5人英雄",智慧,武器,烽舟囊,-,
"115","法王窟","5人英雄",智慧,武器,苍承囊,-,
"115","法王窟","5人英雄",智慧,武器,苍承棍,-,
"115","法王窟","5人英雄",智慧,武器,傲刃枪,-,
"115","法王窟","5人英雄",智慧,武器,音雪双剑,-,
"115","法王窟","5人英雄",智慧,武器,絮星弩,-,
"115","法王窟","5人英雄",智慧,武器,落梦刀,-,
"115","法王窟","5人英雄",智慧,武器,落梦棍,-,
"115","法王窟","5人英雄",智慧,武器,闲幽笔,-,
"115","法王窟","5人英雄",智慧,武器,闲幽笛,-,
"115","法王窟","5人英雄",智慧,武器,烽舟重剑,-,
"115","法王窟","5人英雄",智慧,武器,烈庭棍,-,
"115","法王窟","5人英雄",智慧,武器,落梦笔,-,
"115","法王窟","5人英雄",智慧,武器,梨烟笔,-,
"115","法王窟","5人英雄",智慧,武器,征南枪,-,
"115","法王窟","5人英雄",智慧,武器,烈庭枪,-,
"115","法王窟","5人英雄",智慧,武器,蝶音剑,-,
"115","法王窟","5人英雄",智慧,武器,松桐剑,-,
"115","法王窟","5人英雄",智慧,武器,蝶音双剑,-,
"115","法王窟","5人英雄",智慧,武器,梨烟双剑,-,
"115","法王窟","5人英雄",智慧,武器,蝶音笛,-,
"115","法王窟","5人英雄",智慧,武器,落梦弩,-,
"115","法王窟","5人英雄",智慧,武器,松桐轻剑,-,
"115","法王窟","5人英雄",智慧,武器,音雪囊,-,
"115","法王窟","5人英雄",智慧,武器,傲刃囊,-,
"115","法王窟","5人英雄",智慧,武器,闲幽囊,-,
"115","法王窟","5人英雄",智慧,武器,絮星棍,-,
"115","法王窟","5人英雄",智慧,武器,絮星笔,-,
"115","法王窟","5人英雄",智慧,武器,音雪剑,-,
"115","法王窟","5人英雄",智慧,武器,音雪笛,-,
"115","法王窟","5人英雄",智慧,武器,烽舟轻剑,-,
"115","法王窟","5人英雄",智慧,饰品,傲刃戒,-,
"115","法王窟","5人英雄",智慧,饰品,烽舟戒,-,
"115","法王窟","5人英雄",智慧,武器,苍承枪,-,
"115","法王窟","5人英雄",智慧,武器,闲幽双剑,-,
"115","法王窟","5人英雄",智慧,武器,傲刃弩,-,
"115","法王窟","5人英雄",智慧,武器,烈庭刀,-,
"115","法王窟","5人英雄",智慧,饰品,闲幽戒,-,
"115","法王窟","5人英雄",智慧,饰品,苍承戒,-,
"115","法王窟","5人英雄",智慧,饰品,絮星戒,-,
"115","法王窟","5人英雄",智慧,饰品,音雪戒,-,
"115","法王窟","5人英雄",智慧,武器,烽舟剑,-,
"107","无量宫","5人普通",桃叶仙,装备,松河袖,-,
"107","无量宫","5人普通",桃叶仙,装备,云心袖,-,
"107","无量宫","5人普通",桃叶仙,装备,落绘束带,-,
"107","无量宫","5人普通",桃叶仙,装备,松河束带,-,
"107","无量宫","5人普通",桃叶仙,装备,云心束带,-,
"107","无量宫","5人普通",桃叶仙,装备,落绘靴,-,
"107","无量宫","5人普通",桃叶仙,装备,空韶靴,-,
"107","无量宫","5人普通",桃叶仙,装备,皓风靴,-,
"107","无量宫","5人普通",桃叶仙,装备,迷嵘裤,-,
"107","无量宫","5人普通",桃叶仙,装备,空韶帽,-,
"107","无量宫","5人普通",桃叶仙,装备,皓风帽,-,
"107","无量宫","5人普通",桃叶仙,装备,迷嵘衣,-,
"107","无量宫","5人普通",桃叶仙,装备,皓风衣,-,
"107","无量宫","5人普通",桃叶仙,武器,落绘囊,-,
"107","无量宫","5人普通",桃叶仙,武器,空韶囊,-,
"107","无量宫","5人普通",桃叶仙,武器,松河囊,-,
"107","无量宫","5人普通",桃叶仙,装备,云心靴,-,
"107","无量宫","5人普通",桃叶仙,武器,迷嵘囊,-,
"107","无量宫","5人普通",桃叶仙,装备,松河裤,-,
"107","无量宫","5人普通",桃叶仙,武器,云心囊,-,
"107","无量宫","5人普通",桃叶仙,装备,落绘帽,-,
"107","无量宫","5人普通",桃叶仙,武器,皓风囊,-,
"107","无量宫","5人普通",桃叶仙,装备,松河衣,-,
"107","无量宫","5人普通",桃叶仙,装备,落绘袖,-,
"107","无量宫","5人普通",桃叶仙,装备,空韶袖,-,
"107","无量宫","5人普通",桃叶仙,装备,迷嵘袖,-,
"107","无量宫","5人普通",桃叶仙,装备,皓风袖,-,
"107","无量宫","5人普通",桃叶仙,装备,空韶束带,-,
"107","无量宫","5人普通",桃叶仙,装备,迷嵘束带,-,
"107","无量宫","5人普通",桃叶仙,装备,皓风束带,-,
"107","无量宫","5人普通",桃叶仙,装备,迷嵘靴,-,
"107","无量宫","5人普通",桃叶仙,装备,空韶裤,-,
"107","无量宫","5人普通",桃叶仙,装备,皓风裤,-,
"107","无量宫","5人普通",桃叶仙,装备,迷嵘帽,-,
"107","无量宫","5人普通",桃叶仙,装备,空韶衣,-,
"107","无量宫","5人普通",桃叶仙,装备,云心衣,-,
"107","无量宫","5人普通",桃叶仙,装备,松河靴,-,
"107","无量宫","5人普通",桃叶仙,装备,落绘裤,-,
"107","无量宫","5人普通",桃叶仙,装备,云心裤,-,
"107","无量宫","5人普通",桃叶仙,装备,松河帽,-,
"107","无量宫","5人普通",桃叶仙,装备,落绘衣,-,
"107","无量宫","5人普通",桃叶仙,装备,云心帽,-,
"107","无量宫","5人普通",濯尘,装备,迷嵘袖,-,
"107","无量宫","5人普通",濯尘,装备,皓风袖,-,
"107","无量宫","5人普通",濯尘,装备,空韶束带,-,
"107","无量宫","5人普通",濯尘,装备,迷嵘束带,-,
"107","无量宫","5人普通",濯尘,装备,皓风束带,-,
"107","无量宫","5人普通",濯尘,装备,松河靴,-,
"107","无量宫","5人普通",濯尘,装备,落绘裤,-,
"107","无量宫","5人普通",濯尘,装备,云心裤,-,
"107","无量宫","5人普通",濯尘,装备,松河帽,-,
"107","无量宫","5人普通",濯尘,装备,落绘衣,-,
"107","无量宫","5人普通",濯尘,饰品,落绘佩,-,
"107","无量宫","5人普通",濯尘,饰品,松河戒,-,
"107","无量宫","5人普通",濯尘,装备,皓风衣,-,
"107","无量宫","5人普通",濯尘,饰品,空韶佩,-,
"107","无量宫","5人普通",濯尘,饰品,迷嵘戒,-,
"107","无量宫","5人普通",濯尘,装备,空韶靴,-,
"107","无量宫","5人普通",濯尘,装备,迷嵘裤,-,
"107","无量宫","5人普通",濯尘,装备,空韶帽,-,
"107","无量宫","5人普通",濯尘,装备,皓风帽,-,
"107","无量宫","5人普通",濯尘,饰品,落绘护颈,-,
"107","无量宫","5人普通",濯尘,饰品,云心戒,-,
"107","无量宫","5人普通",濯尘,装备,落绘袖,-,
"107","无量宫","5人普通",濯尘,装备,空韶袖,-,
"107","无量宫","5人普通",濯尘,装备,松河袖,-,
"107","无量宫","5人普通",濯尘,装备,云心袖,-,
"107","无量宫","5人普通",濯尘,装备,落绘束带,-,
"107","无量宫","5人普通",濯尘,装备,松河束带,-,
"107","无量宫","5人普通",濯尘,装备,云心束带,-,
"107","无量宫","5人普通",濯尘,装备,落绘靴,-,
"107","无量宫","5人普通",濯尘,装备,云心靴,-,
"107","无量宫","5人普通",濯尘,装备,松河裤,-,
"107","无量宫","5人普通",濯尘,装备,落绘帽,-,
"107","无量宫","5人普通",濯尘,装备,云心帽,-,
"107","无量宫","5人普通",濯尘,装备,松河衣,-,
"107","无量宫","5人普通",濯尘,饰品,松河护颈,-,
"107","无量宫","5人普通",濯尘,饰品,云心佩,-,
"107","无量宫","5人普通",濯尘,饰品,迷嵘护颈,-,
"107","无量宫","5人普通",濯尘,饰品,皓风佩,-,
"107","无量宫","5人普通",濯尘,装备,迷嵘靴,-,
"107","无量宫","5人普通",濯尘,装备,空韶裤,-,
"107","无量宫","5人普通",濯尘,装备,皓风裤,-,
"107","无量宫","5人普通",濯尘,装备,迷嵘帽,-,
"107","无量宫","5人普通",濯尘,装备,空韶衣,-,
"107","无量宫","5人普通",濯尘,装备,云心衣,-,
"107","无量宫","5人普通",濯尘,饰品,云心护颈,-,
"107","无量宫","5人普通",濯尘,饰品,落绘戒,-,
"107","无量宫","5人普通",濯尘,饰品,皓风戒,-,
"107","无量宫","5人普通",濯尘,饰品,空韶戒,-,
"107","无量宫","5人普通",濯尘,饰品,迷嵘佩,-,
"107","无量宫","5人普通",濯尘,饰品,松河佩,-,
"107","无量宫","5人普通",濯尘,饰品,皓风护颈,-,
"107","无量宫","5人普通",濯尘,饰品,空韶护颈,-,
"107","无量宫","5人普通",濯尘,装备,迷嵘衣,-,
"107","无量宫","5人普通",濯尘,装备,皓风靴,-,
"107","无量宫","5人普通",多多,装备,迷嵘袖,-,
"107","无量宫","5人普通",多多,装备,皓风袖,-,
"107","无量宫","5人普通",多多,装备,空韶束带,-,
"107","无量宫","5人普通",多多,装备,迷嵘束带,-,
"107","无量宫","5人普通",多多,装备,皓风束带,-,
"107","无量宫","5人普通",多多,装备,云心靴,-,
"107","无量宫","5人普通",多多,装备,松河裤,-,
"107","无量宫","5人普通",多多,装备,落绘帽,-,
"107","无量宫","5人普通",多多,装备,云心帽,-,
"107","无量宫","5人普通",多多,装备,松河衣,-,
"107","无量宫","5人普通",多多,装备,迷嵘靴,-,
"107","无量宫","5人普通",多多,装备,空韶裤,-,
"107","无量宫","5人普通",多多,装备,迷嵘帽,-,
"107","无量宫","5人普通",多多,装备,空韶衣,-,
"107","无量宫","5人普通",多多,武器,空韶棍,-,
"107","无量宫","5人普通",多多,武器,皓风棍,-,
"107","无量宫","5人普通",多多,武器,空韶笔,-,
"107","无量宫","5人普通",多多,武器,云心笔,-,
"107","无量宫","5人普通",多多,武器,松河枪,-,
"107","无量宫","5人普通",多多,武器,皓风枪,-,
"107","无量宫","5人普通",多多,武器,落绘剑,-,
"107","无量宫","5人普通",多多,武器,迷嵘剑,-,
"107","无量宫","5人普通",多多,武器,落绘双剑,-,
"107","无量宫","5人普通",多多,武器,云心双剑,-,
"107","无量宫","5人普通",多多,武器,落绘笛,-,
"107","无量宫","5人普通",多多,武器,云心笛,-,
"107","无量宫","5人普通",多多,武器,空韶弩,-,
"107","无量宫","5人普通",多多,武器,松河弩,-,
"107","无量宫","5人普通",多多,武器,迷嵘轻剑,-,
"107","无量宫","5人普通",多多,武器,迷嵘重剑,-,
"107","无量宫","5人普通",多多,武器,空韶刀,-,
"107","无量宫","5人普通",多多,武器,皓风刀,-,
"107","无量宫","5人普通",多多,装备,落绘袖,-,
"107","无量宫","5人普通",多多,装备,空韶袖,-,
"107","无量宫","5人普通",多多,装备,松河袖,-,
"107","无量宫","5人普通",多多,装备,云心袖,-,
"107","无量宫","5人普通",多多,装备,落绘束带,-,
"107","无量宫","5人普通",多多,装备,松河束带,-,
"107","无量宫","5人普通",多多,装备,云心束带,-,
"107","无量宫","5人普通",多多,装备,落绘靴,-,
"107","无量宫","5人普通",多多,装备,松河靴,-,
"107","无量宫","5人普通",多多,装备,落绘裤,-,
"107","无量宫","5人普通",多多,装备,云心裤,-,
"107","无量宫","5人普通",多多,装备,松河帽,-,
"107","无量宫","5人普通",多多,装备,落绘衣,-,
"107","无量宫","5人普通",多多,装备,云心衣,-,
"107","无量宫","5人普通",多多,装备,空韶靴,-,
"107","无量宫","5人普通",多多,装备,皓风靴,-,
"107","无量宫","5人普通",多多,装备,迷嵘裤,-,
"107","无量宫","5人普通",多多,装备,空韶帽,-,
"107","无量宫","5人普通",多多,装备,皓风帽,-,
"107","无量宫","5人普通",多多,装备,迷嵘衣,-,
"107","无量宫","5人普通",多多,装备,皓风衣,-,
"107","无量宫","5人普通",多多,装备,皓风裤,-,
"114","无量宫","5人英雄",桃叶仙,武器,梨烟笛,-,
"114","无量宫","5人英雄",桃叶仙,武器,征南弩,-,
"114","无量宫","5人英雄",桃叶仙,武器,松桐重剑,-,
"114","无量宫","5人英雄",桃叶仙,武器,苍承棍,-,
"114","无量宫","5人英雄",桃叶仙,武器,傲刃枪,-,
"114","无量宫","5人英雄",桃叶仙,武器,音雪双剑,-,
"114","无量宫","5人英雄",桃叶仙,武器,絮星弩,-,
"114","无量宫","5人英雄",桃叶仙,武器,落梦刀,-,
"114","无量宫","5人英雄",桃叶仙,装备,烽舟袖,-,
"114","无量宫","5人英雄",桃叶仙,装备,絮星束带,-,
"114","无量宫","5人英雄",桃叶仙,装备,苍承束带,-,
"114","无量宫","5人英雄",桃叶仙,装备,苍承帽,-,
"114","无量宫","5人英雄",桃叶仙,装备,音雪衣,-,
"114","无量宫","5人英雄",桃叶仙,武器,落梦棍,-,
"114","无量宫","5人英雄",桃叶仙,武器,闲幽笔,-,
"114","无量宫","5人英雄",桃叶仙,武器,闲幽笛,-,
"114","无量宫","5人英雄",桃叶仙,武器,烽舟重剑,-,
"114","无量宫","5人英雄",桃叶仙,武器,烈庭棍,-,
"114","无量宫","5人英雄",桃叶仙,装备,闲幽袖,-,
"114","无量宫","5人英雄",桃叶仙,装备,傲刃束带,-,
"114","无量宫","5人英雄",桃叶仙,武器,落梦笔,-,
"114","无量宫","5人英雄",桃叶仙,武器,梨烟笔,-,
"114","无量宫","5人英雄",桃叶仙,武器,征南枪,-,
"114","无量宫","5人英雄",桃叶仙,武器,烈庭枪,-,
"114","无量宫","5人英雄",桃叶仙,武器,蝶音剑,-,
"114","无量宫","5人英雄",桃叶仙,武器,松桐剑,-,
"114","无量宫","5人英雄",桃叶仙,武器,蝶音双剑,-,
"114","无量宫","5人英雄",桃叶仙,武器,梨烟双剑,-,
"114","无量宫","5人英雄",桃叶仙,武器,蝶音笛,-,
"114","无量宫","5人英雄",桃叶仙,武器,落梦弩,-,
"114","无量宫","5人英雄",桃叶仙,武器,松桐轻剑,-,
"114","无量宫","5人英雄",桃叶仙,武器,絮星棍,-,
"114","无量宫","5人英雄",桃叶仙,武器,絮星笔,-,
"114","无量宫","5人英雄",桃叶仙,武器,音雪剑,-,
"114","无量宫","5人英雄",桃叶仙,武器,音雪笛,-,
"114","无量宫","5人英雄",桃叶仙,武器,烽舟轻剑,-,
"114","无量宫","5人英雄",桃叶仙,装备,絮星袖,-,
"114","无量宫","5人英雄",桃叶仙,装备,苍承袖,-,
"114","无量宫","5人英雄",桃叶仙,装备,烽舟束带,-,
"114","无量宫","5人英雄",桃叶仙,装备,絮星帽,-,
"114","无量宫","5人英雄",桃叶仙,装备,烽舟衣,-,
"114","无量宫","5人英雄",桃叶仙,装备,傲刃帽,-,
"114","无量宫","5人英雄",桃叶仙,装备,闲幽衣,-,
"114","无量宫","5人英雄",桃叶仙,武器,苍承枪,-,
"114","无量宫","5人英雄",桃叶仙,武器,闲幽双剑,-,
"114","无量宫","5人英雄",桃叶仙,武器,傲刃弩,-,
"114","无量宫","5人英雄",桃叶仙,武器,烈庭刀,-,
"114","无量宫","5人英雄",桃叶仙,装备,傲刃袖,-,
"114","无量宫","5人英雄",桃叶仙,装备,音雪束带,-,
"114","无量宫","5人英雄",桃叶仙,装备,闲幽束带,-,
"114","无量宫","5人英雄",桃叶仙,装备,烽舟帽,-,
"114","无量宫","5人英雄",桃叶仙,装备,苍承衣,-,
"114","无量宫","5人英雄",桃叶仙,装备,傲刃衣,-,
"114","无量宫","5人英雄",桃叶仙,装备,絮星衣,-,
"114","无量宫","5人英雄",桃叶仙,装备,闲幽帽,-,
"114","无量宫","5人英雄",桃叶仙,装备,音雪帽,-,
"114","无量宫","5人英雄",桃叶仙,装备,音雪袖,-,
"114","无量宫","5人英雄",桃叶仙,武器,烽舟剑,-,
"114","无量宫","5人英雄",濯尘,武器,蝶音笛,-,
"114","无量宫","5人英雄",濯尘,武器,落梦弩,-,
"114","无量宫","5人英雄",濯尘,武器,松桐轻剑,-,
"114","无量宫","5人英雄",濯尘,武器,絮星棍,-,
"114","无量宫","5人英雄",濯尘,武器,苍承枪,-,
"114","无量宫","5人英雄",濯尘,武器,闲幽双剑,-,
"114","无量宫","5人英雄",濯尘,武器,傲刃弩,-,
"114","无量宫","5人英雄",濯尘,武器,烈庭刀,-,
"114","无量宫","5人英雄",濯尘,装备,烽舟靴,-,
"114","无量宫","5人英雄",濯尘,装备,烽舟护腿,-,
"114","无量宫","5人英雄",濯尘,饰品,絮星链,-,
"114","无量宫","5人英雄",濯尘,饰品,烽舟坠,-,
"114","无量宫","5人英雄",濯尘,装备,闲幽护腿,-,
"114","无量宫","5人英雄",濯尘,饰品,傲刃链,-,
"114","无量宫","5人英雄",濯尘,饰品,闲幽坠,-,
"114","无量宫","5人英雄",濯尘,武器,傲刃枪,-,
"114","无量宫","5人英雄",濯尘,武器,落梦棍,-,
"114","无量宫","5人英雄",濯尘,武器,音雪双剑,-,
"114","无量宫","5人英雄",濯尘,武器,落梦刀,-,
"114","无量宫","5人英雄",濯尘,装备,音雪靴,-,
"114","无量宫","5人英雄",濯尘,武器,烈庭棍,-,
"114","无量宫","5人英雄",濯尘,装备,苍承护腿,-,
"114","无量宫","5人英雄",濯尘,饰品,烽舟链,-,
"114","无量宫","5人英雄",濯尘,武器,落梦笔,-,
"114","无量宫","5人英雄",濯尘,武器,梨烟笔,-,
"114","无量宫","5人英雄",濯尘,武器,征南枪,-,
"114","无量宫","5人英雄",濯尘,武器,烈庭枪,-,
"114","无量宫","5人英雄",濯尘,武器,蝶音剑,-,
"114","无量宫","5人英雄",濯尘,武器,松桐剑,-,
"114","无量宫","5人英雄",濯尘,武器,蝶音双剑,-,
"114","无量宫","5人英雄",濯尘,武器,梨烟双剑,-,
"114","无量宫","5人英雄",濯尘,武器,梨烟笛,-,
"114","无量宫","5人英雄",濯尘,武器,征南弩,-,
"114","无量宫","5人英雄",濯尘,武器,松桐重剑,-,
"114","无量宫","5人英雄",濯尘,武器,苍承棍,-,
"114","无量宫","5人英雄",濯尘,武器,闲幽笔,-,
"114","无量宫","5人英雄",濯尘,武器,烽舟剑,-,
"114","无量宫","5人英雄",濯尘,武器,闲幽笛,-,
"114","无量宫","5人英雄",濯尘,武器,烽舟重剑,-,
"114","无量宫","5人英雄",濯尘,装备,絮星靴,-,
"114","无量宫","5人英雄",濯尘,装备,苍承靴,-,
"114","无量宫","5人英雄",濯尘,饰品,苍承链,-,
"114","无量宫","5人英雄",濯尘,装备,音雪护腿,-,
"114","无量宫","5人英雄",濯尘,饰品,音雪坠,-,
"114","无量宫","5人英雄",濯尘,武器,絮星笔,-,
"114","无量宫","5人英雄",濯尘,武器,音雪剑,-,
"114","无量宫","5人英雄",濯尘,武器,音雪笛,-,
"114","无量宫","5人英雄",濯尘,武器,烽舟轻剑,-,
"114","无量宫","5人英雄",濯尘,装备,傲刃靴,-,
"114","无量宫","5人英雄",濯尘,装备,絮星护腿,-,
"114","无量宫","5人英雄",濯尘,饰品,絮星坠,-,
"114","无量宫","5人英雄",濯尘,饰品,苍承坠,-,
"114","无量宫","5人英雄",濯尘,饰品,傲刃坠,-,
"114","无量宫","5人英雄",濯尘,饰品,闲幽链,-,
"114","无量宫","5人英雄",濯尘,饰品,音雪链,-,
"114","无量宫","5人英雄",濯尘,装备,傲刃护腿,-,
"114","无量宫","5人英雄",濯尘,装备,闲幽靴,-,
"114","无量宫","5人英雄",濯尘,武器,絮星弩,-,
"114","无量宫","5人英雄",多多,武器,蝶音笛,-,
"114","无量宫","5人英雄",多多,武器,落梦弩,-,
"114","无量宫","5人英雄",多多,武器,松桐轻剑,-,
"114","无量宫","5人英雄",多多,武器,音雪囊,-,
"114","无量宫","5人英雄",多多,武器,傲刃囊,-,
"114","无量宫","5人英雄",多多,武器,闲幽囊,-,
"114","无量宫","5人英雄",多多,武器,絮星棍,-,
"114","无量宫","5人英雄",多多,武器,絮星笔,-,
"114","无量宫","5人英雄",多多,武器,闲幽笔,-,
"114","无量宫","5人英雄",多多,武器,烽舟剑,-,
"114","无量宫","5人英雄",多多,武器,闲幽笛,-,
"114","无量宫","5人英雄",多多,武器,烽舟重剑,-,
"114","无量宫","5人英雄",多多,饰品,苍承戒,-,
"114","无量宫","5人英雄",多多,武器,落梦棍,-,
"114","无量宫","5人英雄",多多,武器,音雪剑,-,
"114","无量宫","5人英雄",多多,武器,音雪笛,-,
"114","无量宫","5人英雄",多多,武器,烈庭棍,-,
"114","无量宫","5人英雄",多多,武器,烽舟轻剑,-,
"114","无量宫","5人英雄",多多,武器,落梦笔,-,
"114","无量宫","5人英雄",多多,武器,梨烟笔,-,
"114","无量宫","5人英雄",多多,武器,征南枪,-,
"114","无量宫","5人英雄",多多,武器,烈庭枪,-,
"114","无量宫","5人英雄",多多,武器,蝶音剑,-,
"114","无量宫","5人英雄",多多,武器,松桐剑,-,
"114","无量宫","5人英雄",多多,武器,蝶音双剑,-,
"114","无量宫","5人英雄",多多,武器,梨烟双剑,-,
"114","无量宫","5人英雄",多多,武器,梨烟笛,-,
"114","无量宫","5人英雄",多多,武器,征南弩,-,
"114","无量宫","5人英雄",多多,武器,松桐重剑,-,
"114","无量宫","5人英雄",多多,武器,絮星囊,-,
"114","无量宫","5人英雄",多多,武器,烽舟囊,-,
"114","无量宫","5人英雄",多多,武器,苍承囊,-,
"114","无量宫","5人英雄",多多,武器,苍承棍,-,
"114","无量宫","5人英雄",多多,武器,苍承枪,-,
"114","无量宫","5人英雄",多多,武器,闲幽双剑,-,
"114","无量宫","5人英雄",多多,武器,傲刃弩,-,
"114","无量宫","5人英雄",多多,武器,烈庭刀,-,
"114","无量宫","5人英雄",多多,饰品,絮星戒,-,
"114","无量宫","5人英雄",多多,饰品,傲刃戒,-,
"114","无量宫","5人英雄",多多,武器,傲刃枪,-,
"114","无量宫","5人英雄",多多,武器,音雪双剑,-,
"114","无量宫","5人英雄",多多,武器,絮星弩,-,
"114","无量宫","5人英雄",多多,武器,落梦刀,-,
"114","无量宫","5人英雄",多多,饰品,烽舟戒,-,
"114","无量宫","5人英雄",多多,饰品,闲幽戒,-,
"114","无量宫","5人英雄",多多,饰品,音雪戒,-,
"110","寂灭厅","5人普通",藏·剑邪鸠,装备,松河袖,-,
"110","寂灭厅","5人普通",藏·剑邪鸠,装备,迷嵘袖,-,
"110","寂灭厅","5人普通",藏·剑邪鸠,装备,云心袖,-,
"110","寂灭厅","5人普通",藏·剑邪鸠,装备,皓风袖,-,
"110","寂灭厅","5人普通",藏·剑邪鸠,装备,落绘束带,-,
"110","寂灭厅","5人普通",藏·剑邪鸠,装备,空韶束带,-,
"110","寂灭厅","5人普通",藏·剑邪鸠,装备,松河束带,-,
"110","寂灭厅","5人普通",藏·剑邪鸠,装备,迷嵘束带,-,
"110","寂灭厅","5人普通",藏·剑邪鸠,武器,落绘囊,-,
"110","寂灭厅","5人普通",藏·剑邪鸠,武器,空韶囊,-,
"110","寂灭厅","5人普通",藏·剑邪鸠,装备,迷嵘帽,-,
"110","寂灭厅","5人普通",藏·剑邪鸠,装备,皓风帽,-,
"110","寂灭厅","5人普通",藏·剑邪鸠,装备,空韶衣,-,
"110","寂灭厅","5人普通",藏·剑邪鸠,装备,迷嵘衣,-,
"110","寂灭厅","5人普通",藏·剑邪鸠,装备,皓风衣,-,
"110","寂灭厅","5人普通",藏·剑邪鸠,武器,松河囊,-,
"110","寂灭厅","5人普通",藏·剑邪鸠,武器,迷嵘囊,-,
"110","寂灭厅","5人普通",藏·剑邪鸠,武器,云心囊,-,
"110","寂灭厅","5人普通",藏·剑邪鸠,武器,皓风囊,-,
"110","寂灭厅","5人普通",藏·剑邪鸠,装备,落绘袖,-,
"110","寂灭厅","5人普通",藏·剑邪鸠,装备,空韶袖,-,
"110","寂灭厅","5人普通",藏·剑邪鸠,装备,松河帽,-,
"110","寂灭厅","5人普通",藏·剑邪鸠,装备,云心帽,-,
"110","寂灭厅","5人普通",藏·剑邪鸠,装备,落绘衣,-,
"110","寂灭厅","5人普通",藏·剑邪鸠,装备,松河衣,-,
"110","寂灭厅","5人普通",藏·剑邪鸠,装备,云心衣,-,
"110","寂灭厅","5人普通",藏·剑邪鸠,装备,云心束带,-,
"110","寂灭厅","5人普通",藏·剑邪鸠,装备,皓风束带,-,
"110","寂灭厅","5人普通",藏·剑邪鸠,装备,落绘靴,-,
"110","寂灭厅","5人普通",藏·剑邪鸠,装备,空韶靴,-,
"110","寂灭厅","5人普通",藏·剑邪鸠,装备,松河靴,-,
"110","寂灭厅","5人普通",藏·剑邪鸠,装备,迷嵘靴,-,
"110","寂灭厅","5人普通",藏·剑邪鸠,装备,云心靴,-,
"110","寂灭厅","5人普通",藏·剑邪鸠,装备,皓风靴,-,
"110","寂灭厅","5人普通",藏·剑邪鸠,装备,落绘裤,-,
"110","寂灭厅","5人普通",藏·剑邪鸠,装备,空韶裤,-,
"110","寂灭厅","5人普通",藏·剑邪鸠,装备,松河裤,-,
"110","寂灭厅","5人普通",藏·剑邪鸠,装备,迷嵘裤,-,
"110","寂灭厅","5人普通",藏·剑邪鸠,装备,云心裤,-,
"110","寂灭厅","5人普通",藏·剑邪鸠,装备,皓风裤,-,
"110","寂灭厅","5人普通",藏·剑邪鸠,装备,落绘帽,-,
"110","寂灭厅","5人普通",藏·剑邪鸠,装备,空韶帽,-,
"110","寂灭厅","5人普通",剑心的包裹,装备,松河袖,-,
"110","寂灭厅","5人普通",剑心的包裹,装备,迷嵘袖,-,
"110","寂灭厅","5人普通",剑心的包裹,装备,云心袖,-,
"110","寂灭厅","5人普通",剑心的包裹,装备,皓风袖,-,
"110","寂灭厅","5人普通",剑心的包裹,装备,落绘束带,-,
"110","寂灭厅","5人普通",剑心的包裹,装备,空韶束带,-,
"110","寂灭厅","5人普通",剑心的包裹,装备,松河束带,-,
"110","寂灭厅","5人普通",剑心的包裹,装备,迷嵘束带,-,
"110","寂灭厅","5人普通",剑心,装备,云心束带,-,
"110","寂灭厅","5人普通",剑心,装备,皓风束带,-,
"110","寂灭厅","5人普通",剑心,装备,落绘靴,-,
"110","寂灭厅","5人普通",剑心,装备,空韶靴,-,
"110","寂灭厅","5人普通",剑心,装备,松河靴,-,
"110","寂灭厅","5人普通",剑心,装备,迷嵘靴,-,
"110","寂灭厅","5人普通",剑心,装备,云心靴,-,
"110","寂灭厅","5人普通",剑心,装备,皓风靴,-,
"110","寂灭厅","5人普通",剑心,装备,落绘裤,-,
"110","寂灭厅","5人普通",剑心,装备,空韶裤,-,
"110","寂灭厅","5人普通",剑心,装备,松河裤,-,
"110","寂灭厅","5人普通",剑心,装备,迷嵘裤,-,
"110","寂灭厅","5人普通",剑心,装备,云心裤,-,
"110","寂灭厅","5人普通",剑心,装备,皓风裤,-,
"110","寂灭厅","5人普通",剑心,装备,落绘帽,-,
"110","寂灭厅","5人普通",剑心,装备,空韶帽,-,
"110","寂灭厅","5人普通",剑心的包裹,饰品,空韶护颈,-,
"110","寂灭厅","5人普通",剑心的包裹,饰品,皓风护颈,-,
"110","寂灭厅","5人普通",剑心的包裹,饰品,迷嵘佩,-,
"110","寂灭厅","5人普通",剑心的包裹,饰品,空韶戒,-,
"110","寂灭厅","5人普通",剑心的包裹,饰品,皓风戒,-,
"110","寂灭厅","5人普通",剑心,饰品,松河护颈,-,
"110","寂灭厅","5人普通",剑心,饰品,落绘佩,-,
"110","寂灭厅","5人普通",剑心,饰品,松河戒,-,
"110","寂灭厅","5人普通",剑心的包裹,装备,云心束带,-,
"110","寂灭厅","5人普通",剑心的包裹,装备,皓风束带,-,
"110","寂灭厅","5人普通",剑心的包裹,装备,落绘靴,-,
"110","寂灭厅","5人普通",剑心的包裹,装备,松河靴,-,
"110","寂灭厅","5人普通",剑心的包裹,装备,迷嵘靴,-,
"110","寂灭厅","5人普通",剑心的包裹,装备,云心靴,-,
"110","寂灭厅","5人普通",剑心的包裹,装备,落绘裤,-,
"110","寂灭厅","5人普通",剑心的包裹,装备,空韶裤,-,
"110","寂灭厅","5人普通",剑心的包裹,装备,松河裤,-,
"110","寂灭厅","5人普通",剑心的包裹,装备,云心裤,-,
"110","寂灭厅","5人普通",剑心的包裹,装备,皓风裤,-,
"110","寂灭厅","5人普通",剑心的包裹,装备,落绘帽,-,
"110","寂灭厅","5人普通",剑心,装备,迷嵘帽,-,
"110","寂灭厅","5人普通",剑心,装备,空韶衣,-,
"110","寂灭厅","5人普通",剑心,装备,皓风衣,-,
"110","寂灭厅","5人普通",剑心的包裹,饰品,落绘佩,-,
"110","寂灭厅","5人普通",剑心的包裹,饰品,松河戒,-,
"110","寂灭厅","5人普通",剑心,装备,落绘袖,-,
"110","寂灭厅","5人普通",剑心的包裹,装备,落绘袖,-,
"110","寂灭厅","5人普通",剑心,装备,空韶袖,-,
"110","寂灭厅","5人普通",剑心的包裹,装备,空韶袖,-,
"110","寂灭厅","5人普通",剑心,装备,松河袖,-,
"110","寂灭厅","5人普通",剑心,装备,迷嵘袖,-,
"110","寂灭厅","5人普通",剑心,装备,云心袖,-,
"110","寂灭厅","5人普通",剑心,装备,皓风袖,-,
"110","寂灭厅","5人普通",剑心,装备,落绘束带,-,
"110","寂灭厅","5人普通",剑心,装备,空韶束带,-,
"110","寂灭厅","5人普通",剑心,装备,松河束带,-,
"110","寂灭厅","5人普通",剑心,装备,迷嵘束带,-,
"110","寂灭厅","5人普通",剑心的包裹,饰品,迷嵘护颈,-,
"110","寂灭厅","5人普通",剑心的包裹,饰品,空韶佩,-,
"110","寂灭厅","5人普通",剑心的包裹,饰品,皓风佩,-,
"110","寂灭厅","5人普通",剑心的包裹,饰品,迷嵘戒,-,
"110","寂灭厅","5人普通",剑心,饰品,落绘护颈,-,
"110","寂灭厅","5人普通",剑心,饰品,云心护颈,-,
"110","寂灭厅","5人普通",剑心,饰品,松河佩,-,
"110","寂灭厅","5人普通",剑心,饰品,落绘戒,-,
"110","寂灭厅","5人普通",剑心,饰品,云心戒,-,
"110","寂灭厅","5人普通",剑心,饰品,皓风戒,-,
"110","寂灭厅","5人普通",剑心,饰品,云心佩,-,
"110","寂灭厅","5人普通",剑心,饰品,迷嵘戒,-,
"110","寂灭厅","5人普通",剑心,饰品,空韶戒,-,
"110","寂灭厅","5人普通",剑心的包裹,饰品,云心佩,-,
"110","寂灭厅","5人普通",剑心,饰品,皓风佩,-,
"110","寂灭厅","5人普通",剑心,装备,松河帽,-,
"110","寂灭厅","5人普通",剑心,装备,云心帽,-,
"110","寂灭厅","5人普通",剑心,装备,落绘衣,-,
"110","寂灭厅","5人普通",剑心,装备,松河衣,-,
"110","寂灭厅","5人普通",剑心,装备,云心衣,-,
"110","寂灭厅","5人普通",剑心的包裹,饰品,落绘护颈,-,
"110","寂灭厅","5人普通",剑心的包裹,饰品,云心护颈,-,
"110","寂灭厅","5人普通",剑心的包裹,饰品,松河佩,-,
"110","寂灭厅","5人普通",剑心的包裹,饰品,落绘戒,-,
"110","寂灭厅","5人普通",剑心的包裹,饰品,云心戒,-,
"110","寂灭厅","5人普通",剑心,饰品,迷嵘佩,-,
"110","寂灭厅","5人普通",剑心,饰品,空韶佩,-,
"110","寂灭厅","5人普通",剑心,饰品,皓风护颈,-,
"110","寂灭厅","5人普通",剑心,饰品,迷嵘护颈,-,
"110","寂灭厅","5人普通",剑心的包裹,饰品,松河护颈,-,
"110","寂灭厅","5人普通",剑心,饰品,空韶护颈,-,
"110","寂灭厅","5人普通",剑心的包裹,装备,皓风衣,-,
"110","寂灭厅","5人普通",剑心的包裹,装备,云心衣,-,
"110","寂灭厅","5人普通",剑心的包裹,装备,迷嵘衣,-,
"110","寂灭厅","5人普通",剑心,装备,迷嵘衣,-,
"110","寂灭厅","5人普通",剑心的包裹,装备,松河衣,-,
"110","寂灭厅","5人普通",剑心的包裹,装备,空韶衣,-,
"110","寂灭厅","5人普通",剑心的包裹,装备,落绘衣,-,
"110","寂灭厅","5人普通",剑心的包裹,装备,皓风帽,-,
"110","寂灭厅","5人普通",剑心,装备,皓风帽,-,
"110","寂灭厅","5人普通",剑心的包裹,装备,云心帽,-,
"110","寂灭厅","5人普通",剑心的包裹,装备,迷嵘帽,-,
"110","寂灭厅","5人普通",剑心的包裹,装备,松河帽,-,
"110","寂灭厅","5人普通",剑心的包裹,装备,空韶帽,-,
"110","寂灭厅","5人普通",剑心的包裹,装备,迷嵘裤,-,
"110","寂灭厅","5人普通",剑心的包裹,装备,皓风靴,-,
"110","寂灭厅","5人普通",剑心的包裹,装备,空韶靴,-,
"110","寂灭厅","5人普通",摩提耶罗,装备,松河帽,-,
"110","寂灭厅","5人普通",摩提耶罗,装备,云心帽,-,
"110","寂灭厅","5人普通",摩提耶罗,装备,落绘衣,-,
"110","寂灭厅","5人普通",摩提耶罗,装备,松河衣,-,
"110","寂灭厅","5人普通",摩提耶罗,装备,云心衣,-,
"110","寂灭厅","5人普通",摩提耶罗,武器,空韶棍,-,
"110","寂灭厅","5人普通",摩提耶罗,武器,皓风棍,-,
"110","寂灭厅","5人普通",摩提耶罗,武器,空韶笔,-,
"110","寂灭厅","5人普通",摩提耶罗,武器,云心笔,-,
"110","寂灭厅","5人普通",摩提耶罗,武器,松河枪,-,
"110","寂灭厅","5人普通",摩提耶罗,武器,皓风枪,-,
"110","寂灭厅","5人普通",摩提耶罗,武器,落绘剑,-,
"110","寂灭厅","5人普通",摩提耶罗,武器,迷嵘剑,-,
"110","寂灭厅","5人普通",摩提耶罗,武器,落绘双剑,-,
"110","寂灭厅","5人普通",摩提耶罗,武器,云心双剑,-,
"110","寂灭厅","5人普通",摩提耶罗,武器,落绘笛,-,
"110","寂灭厅","5人普通",摩提耶罗,武器,云心笛,-,
"110","寂灭厅","5人普通",摩提耶罗,武器,空韶弩,-,
"110","寂灭厅","5人普通",摩提耶罗,武器,松河弩,-,
"110","寂灭厅","5人普通",摩提耶罗,武器,迷嵘轻剑,-,
"110","寂灭厅","5人普通",摩提耶罗,武器,迷嵘重剑,-,
"110","寂灭厅","5人普通",摩提耶罗,武器,空韶刀,-,
"110","寂灭厅","5人普通",摩提耶罗,武器,皓风刀,-,
"110","寂灭厅","5人普通",摩提耶罗,装备,落绘袖,-,
"110","寂灭厅","5人普通",摩提耶罗,装备,空韶袖,-,
"110","寂灭厅","5人普通",摩提耶罗,装备,松河袖,-,
"110","寂灭厅","5人普通",摩提耶罗,装备,迷嵘袖,-,
"110","寂灭厅","5人普通",摩提耶罗,装备,云心袖,-,
"110","寂灭厅","5人普通",摩提耶罗,装备,皓风袖,-,
"110","寂灭厅","5人普通",摩提耶罗,装备,落绘束带,-,
"110","寂灭厅","5人普通",摩提耶罗,装备,空韶束带,-,
"110","寂灭厅","5人普通",摩提耶罗,装备,松河束带,-,
"110","寂灭厅","5人普通",摩提耶罗,装备,迷嵘束带,-,
"110","寂灭厅","5人普通",摩提耶罗,装备,云心束带,-,
"110","寂灭厅","5人普通",摩提耶罗,装备,皓风束带,-,
"110","寂灭厅","5人普通",摩提耶罗,装备,落绘靴,-,
"110","寂灭厅","5人普通",摩提耶罗,装备,空韶靴,-,
"110","寂灭厅","5人普通",摩提耶罗,装备,松河靴,-,
"110","寂灭厅","5人普通",摩提耶罗,装备,迷嵘靴,-,
"110","寂灭厅","5人普通",摩提耶罗,装备,云心靴,-,
"110","寂灭厅","5人普通",摩提耶罗,装备,皓风靴,-,
"110","寂灭厅","5人普通",摩提耶罗,装备,落绘裤,-,
"110","寂灭厅","5人普通",摩提耶罗,装备,空韶裤,-,
"110","寂灭厅","5人普通",摩提耶罗,装备,松河裤,-,
"110","寂灭厅","5人普通",摩提耶罗,装备,迷嵘裤,-,
"110","寂灭厅","5人普通",摩提耶罗,装备,云心裤,-,
"110","寂灭厅","5人普通",摩提耶罗,装备,皓风裤,-,
"110","寂灭厅","5人普通",摩提耶罗,装备,落绘帽,-,
"110","寂灭厅","5人普通",摩提耶罗,装备,空韶帽,-,
"110","寂灭厅","5人普通",摩提耶罗,装备,迷嵘帽,-,
"110","寂灭厅","5人普通",摩提耶罗,装备,皓风帽,-,
"110","寂灭厅","5人普通",摩提耶罗,装备,空韶衣,-,
"110","寂灭厅","5人普通",摩提耶罗,装备,迷嵘衣,-,
"110","寂灭厅","5人普通",摩提耶罗,装备,皓风衣,-,
"113","寂灭厅","5人英雄",藏·剑邪鸠,武器,烽舟重剑,-,
"113","寂灭厅","5人英雄",藏·剑邪鸠,武器,烈庭刀,-,
"113","寂灭厅","5人英雄",藏·剑邪鸠,饰品,梨烟指环,-,
"113","寂灭厅","5人英雄",藏·剑邪鸠,武器,蝶音囊,-,
"113","寂灭厅","5人英雄",藏·剑邪鸠,武器,落梦囊,-,
"113","寂灭厅","5人英雄",藏·剑邪鸠,饰品,烈庭指环,-,
"113","寂灭厅","5人英雄",藏·剑邪鸠,武器,征南囊,-,
"113","寂灭厅","5人英雄",藏·剑邪鸠,武器,松桐囊,-,
"113","寂灭厅","5人英雄",藏·剑邪鸠,武器,梨烟囊,-,
"113","寂灭厅","5人英雄",藏·剑邪鸠,武器,烈庭囊,-,
"113","寂灭厅","5人英雄",藏·剑邪鸠,武器,落梦棍,-,
"113","寂灭厅","5人英雄",藏·剑邪鸠,武器,烈庭棍,-,
"113","寂灭厅","5人英雄",藏·剑邪鸠,武器,落梦笔,-,
"113","寂灭厅","5人英雄",藏·剑邪鸠,武器,梨烟笔,-,
"113","寂灭厅","5人英雄",藏·剑邪鸠,武器,征南枪,-,
"113","寂灭厅","5人英雄",藏·剑邪鸠,武器,烈庭枪,-,
"113","寂灭厅","5人英雄",藏·剑邪鸠,武器,蝶音剑,-,
"113","寂灭厅","5人英雄",藏·剑邪鸠,武器,松桐剑,-,
"113","寂灭厅","5人英雄",藏·剑邪鸠,武器,蝶音双剑,-,
"113","寂灭厅","5人英雄",藏·剑邪鸠,武器,梨烟双剑,-,
"113","寂灭厅","5人英雄",藏·剑邪鸠,武器,蝶音笛,-,
"113","寂灭厅","5人英雄",藏·剑邪鸠,武器,梨烟笛,-,
"113","寂灭厅","5人英雄",藏·剑邪鸠,武器,落梦弩,-,
"113","寂灭厅","5人英雄",藏·剑邪鸠,武器,征南弩,-,
"113","寂灭厅","5人英雄",藏·剑邪鸠,武器,松桐轻剑,-,
"113","寂灭厅","5人英雄",藏·剑邪鸠,武器,松桐重剑,-,
"113","寂灭厅","5人英雄",藏·剑邪鸠,武器,絮星棍,-,
"113","寂灭厅","5人英雄",藏·剑邪鸠,武器,苍承棍,-,
"113","寂灭厅","5人英雄",藏·剑邪鸠,武器,絮星笔,-,
"113","寂灭厅","5人英雄",藏·剑邪鸠,武器,闲幽笔,-,
"113","寂灭厅","5人英雄",藏·剑邪鸠,武器,傲刃枪,-,
"113","寂灭厅","5人英雄",藏·剑邪鸠,武器,苍承枪,-,
"113","寂灭厅","5人英雄",藏·剑邪鸠,武器,音雪剑,-,
"113","寂灭厅","5人英雄",藏·剑邪鸠,武器,烽舟剑,-,
"113","寂灭厅","5人英雄",藏·剑邪鸠,武器,音雪双剑,-,
"113","寂灭厅","5人英雄",藏·剑邪鸠,武器,闲幽双剑,-,
"113","寂灭厅","5人英雄",藏·剑邪鸠,武器,音雪笛,-,
"113","寂灭厅","5人英雄",藏·剑邪鸠,武器,闲幽笛,-,
"113","寂灭厅","5人英雄",藏·剑邪鸠,武器,絮星弩,-,
"113","寂灭厅","5人英雄",藏·剑邪鸠,武器,傲刃弩,-,
"113","寂灭厅","5人英雄",藏·剑邪鸠,武器,烽舟轻剑,-,
"113","寂灭厅","5人英雄",藏·剑邪鸠,武器,落梦刀,-,
"113","寂灭厅","5人英雄",藏·剑邪鸠,饰品,蝶音指环,-,
"113","寂灭厅","5人英雄",藏·剑邪鸠,饰品,松桐指环,-,
"113","寂灭厅","5人英雄",藏·剑邪鸠,饰品,落梦指环,-,
"113","寂灭厅","5人英雄",藏·剑邪鸠,饰品,征南指环,-,
"113","寂灭厅","5人英雄",剑心,武器,蝶音剑,-,
"113","寂灭厅","5人英雄",剑心,武器,松桐剑,-,
"113","寂灭厅","5人英雄",剑心,武器,蝶音双剑,-,
"113","寂灭厅","5人英雄",剑心,武器,梨烟双剑,-,
"113","寂灭厅","5人英雄",剑心,武器,蝶音笛,-,
"113","寂灭厅","5人英雄",剑心,武器,梨烟笛,-,
"113","寂灭厅","5人英雄",剑心,武器,落梦弩,-,
"113","寂灭厅","5人英雄",剑心,武器,征南弩,-,
"113","寂灭厅","5人英雄",剑心的包裹,武器,松桐轻剑,-,
"113","寂灭厅","5人英雄",剑心的包裹,武器,松桐重剑,-,
"113","寂灭厅","5人英雄",剑心的包裹,武器,絮星棍,-,
"113","寂灭厅","5人英雄",剑心的包裹,武器,苍承棍,-,
"113","寂灭厅","5人英雄",剑心的包裹,武器,絮星笔,-,
"113","寂灭厅","5人英雄",剑心的包裹,武器,闲幽笔,-,
"113","寂灭厅","5人英雄",剑心的包裹,武器,傲刃枪,-,
"113","寂灭厅","5人英雄",剑心的包裹,武器,苍承枪,-,
"113","寂灭厅","5人英雄",剑心的包裹,武器,音雪剑,-,
"113","寂灭厅","5人英雄",剑心的包裹,武器,烽舟剑,-,
"113","寂灭厅","5人英雄",剑心的包裹,武器,音雪双剑,-,
"113","寂灭厅","5人英雄",剑心的包裹,武器,闲幽双剑,-,
"113","寂灭厅","5人英雄",剑心的包裹,武器,音雪笛,-,
"113","寂灭厅","5人英雄",剑心的包裹,武器,闲幽笛,-,
"113","寂灭厅","5人英雄",剑心的包裹,武器,絮星弩,-,
"113","寂灭厅","5人英雄",剑心的包裹,武器,傲刃弩,-,
"113","寂灭厅","5人英雄",剑心,装备,征南护手,-,
"113","寂灭厅","5人英雄",剑心,装备,蝶音护腰,-,
"113","寂灭厅","5人英雄",剑心,装备,梨烟护腰,-,
"113","寂灭厅","5人英雄",剑心,装备,征南履,-,
"113","寂灭厅","5人英雄",剑心,装备,蝶音裤,-,
"113","寂灭厅","5人英雄",剑心,装备,梨烟裤,-,
"113","寂灭厅","5人英雄",剑心,武器,烽舟重剑,-,
"113","寂灭厅","5人英雄",剑心,武器,烈庭刀,-,
"113","寂灭厅","5人英雄",剑心的包裹,装备,征南护手,-,
"113","寂灭厅","5人英雄",剑心的包裹,装备,蝶音护腰,-,
"113","寂灭厅","5人英雄",剑心的包裹,装备,梨烟护腰,-,
"113","寂灭厅","5人英雄",剑心的包裹,装备,征南履,-,
"113","寂灭厅","5人英雄",剑心的包裹,装备,蝶音裤,-,
"113","寂灭厅","5人英雄",剑心的包裹,武器,烽舟重剑,-,
"113","寂灭厅","5人英雄",剑心,武器,落梦棍,-,
"113","寂灭厅","5人英雄",剑心,装备,松桐护手,-,
"113","寂灭厅","5人英雄",剑心的包裹,武器,落梦棍,-,
"113","寂灭厅","5人英雄",剑心,装备,烈庭护腰,-,
"113","寂灭厅","5人英雄",剑心,装备,落梦裤,-,
"113","寂灭厅","5人英雄",剑心,武器,烈庭棍,-,
"113","寂灭厅","5人英雄",剑心的包裹,武器,烈庭棍,-,
"113","寂灭厅","5人英雄",剑心,武器,落梦笔,-,
"113","寂灭厅","5人英雄",剑心的包裹,武器,落梦笔,-,
"113","寂灭厅","5人英雄",剑心,武器,梨烟笔,-,
"113","寂灭厅","5人英雄",剑心的包裹,武器,梨烟笔,-,
"113","寂灭厅","5人英雄",剑心,武器,征南枪,-,
"113","寂灭厅","5人英雄",剑心的包裹,武器,征南枪,-,
"113","寂灭厅","5人英雄",剑心,武器,烈庭枪,-,
"113","寂灭厅","5人英雄",剑心的包裹,武器,烈庭枪,-,
"113","寂灭厅","5人英雄",剑心的包裹,武器,蝶音剑,-,
"113","寂灭厅","5人英雄",剑心的包裹,武器,松桐剑,-,
"113","寂灭厅","5人英雄",剑心的包裹,武器,蝶音双剑,-,
"113","寂灭厅","5人英雄",剑心的包裹,武器,梨烟双剑,-,
"113","寂灭厅","5人英雄",剑心的包裹,武器,蝶音笛,-,
"113","寂灭厅","5人英雄",剑心的包裹,武器,梨烟笛,-,
"113","寂灭厅","5人英雄",剑心的包裹,武器,落梦弩,-,
"113","寂灭厅","5人英雄",剑心的包裹,武器,征南弩,-,
"113","寂灭厅","5人英雄",剑心,装备,蝶音护手,-,
"113","寂灭厅","5人英雄",剑心,装备,梨烟护手,-,
"113","寂灭厅","5人英雄",剑心,装备,征南护腰,-,
"113","寂灭厅","5人英雄",剑心,装备,蝶音履,-,
"113","寂灭厅","5人英雄",剑心,装备,梨烟履,-,
"113","寂灭厅","5人英雄",剑心,装备,征南裤,-,
"113","寂灭厅","5人英雄",剑心的包裹,装备,落梦裤,-,
"113","寂灭厅","5人英雄",剑心的包裹,装备,梨烟裤,-,
"113","寂灭厅","5人英雄",剑心的包裹,装备,松桐裤,-,
"113","寂灭厅","5人英雄",剑心,武器,烽舟轻剑,-,
"113","寂灭厅","5人英雄",剑心,武器,落梦刀,-,
"113","寂灭厅","5人英雄",剑心的包裹,装备,蝶音护手,-,
"113","寂灭厅","5人英雄",剑心的包裹,装备,梨烟护手,-,
"113","寂灭厅","5人英雄",剑心的包裹,装备,征南护腰,-,
"113","寂灭厅","5人英雄",剑心的包裹,装备,蝶音履,-,
"113","寂灭厅","5人英雄",剑心的包裹,装备,梨烟履,-,
"113","寂灭厅","5人英雄",剑心的包裹,装备,征南裤,-,
"113","寂灭厅","5人英雄",剑心,装备,烈庭裤,-,
"113","寂灭厅","5人英雄",剑心的包裹,装备,烈庭裤,-,
"113","寂灭厅","5人英雄",剑心,武器,松桐轻剑,-,
"113","寂灭厅","5人英雄",剑心,武器,松桐重剑,-,
"113","寂灭厅","5人英雄",剑心,武器,絮星棍,-,
"113","寂灭厅","5人英雄",剑心,武器,苍承棍,-,
"113","寂灭厅","5人英雄",剑心,武器,絮星笔,-,
"113","寂灭厅","5人英雄",剑心,武器,闲幽笔,-,
"113","寂灭厅","5人英雄",剑心,武器,傲刃枪,-,
"113","寂灭厅","5人英雄",剑心,武器,苍承枪,-,
"113","寂灭厅","5人英雄",剑心,武器,音雪剑,-,
"113","寂灭厅","5人英雄",剑心,武器,烽舟剑,-,
"113","寂灭厅","5人英雄",剑心,武器,音雪双剑,-,
"113","寂灭厅","5人英雄",剑心,武器,闲幽双剑,-,
"113","寂灭厅","5人英雄",剑心,武器,音雪笛,-,
"113","寂灭厅","5人英雄",剑心,武器,闲幽笛,-,
"113","寂灭厅","5人英雄",剑心,武器,絮星弩,-,
"113","寂灭厅","5人英雄",剑心,武器,傲刃弩,-,
"113","寂灭厅","5人英雄",剑心的包裹,武器,烽舟轻剑,-,
"113","寂灭厅","5人英雄",剑心的包裹,武器,落梦刀,-,
"113","寂灭厅","5人英雄",剑心,装备,落梦护手,-,
"113","寂灭厅","5人英雄",剑心,装备,烈庭护手,-,
"113","寂灭厅","5人英雄",剑心,装备,松桐护腰,-,
"113","寂灭厅","5人英雄",剑心,装备,落梦履,-,
"113","寂灭厅","5人英雄",剑心,装备,烈庭履,-,
"113","寂灭厅","5人英雄",剑心,装备,松桐裤,-,
"113","寂灭厅","5人英雄",剑心的包裹,装备,烈庭履,-,
"113","寂灭厅","5人英雄",剑心的包裹,装备,松桐履,-,
"113","寂灭厅","5人英雄",剑心,装备,松桐履,-,
"113","寂灭厅","5人英雄",剑心的包裹,装备,落梦履,-,
"113","寂灭厅","5人英雄",剑心的包裹,装备,烈庭护腰,-,
"113","寂灭厅","5人英雄",剑心的包裹,装备,松桐护腰,-,
"113","寂灭厅","5人英雄",剑心的包裹,装备,落梦护腰,-,
"113","寂灭厅","5人英雄",剑心,装备,落梦护腰,-,
"113","寂灭厅","5人英雄",剑心的包裹,装备,烈庭护手,-,
"113","寂灭厅","5人英雄",剑心的包裹,装备,松桐护手,-,
"113","寂灭厅","5人英雄",剑心的包裹,装备,落梦护手,-,
"113","寂灭厅","5人英雄",剑心的包裹,武器,烈庭刀,-,
"113","寂灭厅","5人英雄",摩提耶罗,武器,蝶音剑,-,
"113","寂灭厅","5人英雄",摩提耶罗,武器,松桐剑,-,
"113","寂灭厅","5人英雄",摩提耶罗,武器,蝶音双剑,-,
"113","寂灭厅","5人英雄",摩提耶罗,武器,梨烟双剑,-,
"113","寂灭厅","5人英雄",摩提耶罗,武器,蝶音笛,-,
"113","寂灭厅","5人英雄",摩提耶罗,武器,梨烟笛,-,
"113","寂灭厅","5人英雄",摩提耶罗,武器,落梦弩,-,
"113","寂灭厅","5人英雄",摩提耶罗,武器,征南弩,-,
"113","寂灭厅","5人英雄",摩提耶罗,装备,梨烟帽,-,
"113","寂灭厅","5人英雄",摩提耶罗,饰品,蝶音链,-,
"113","寂灭厅","5人英雄",摩提耶罗,饰品,征南腰坠,-,
"113","寂灭厅","5人英雄",摩提耶罗,装备,烈庭帽,-,
"113","寂灭厅","5人英雄",摩提耶罗,饰品,落梦链,-,
"113","寂灭厅","5人英雄",摩提耶罗,饰品,松桐腰坠,-,
"113","寂灭厅","5人英雄",摩提耶罗,武器,松桐轻剑,-,
"113","寂灭厅","5人英雄",摩提耶罗,武器,松桐重剑,-,
"113","寂灭厅","5人英雄",摩提耶罗,武器,絮星棍,-,
"113","寂灭厅","5人英雄",摩提耶罗,武器,絮星笔,-,
"113","寂灭厅","5人英雄",摩提耶罗,武器,闲幽笔,-,
"113","寂灭厅","5人英雄",摩提耶罗,武器,傲刃枪,-,
"113","寂灭厅","5人英雄",摩提耶罗,武器,音雪剑,-,
"113","寂灭厅","5人英雄",摩提耶罗,武器,烽舟剑,-,
"113","寂灭厅","5人英雄",摩提耶罗,武器,音雪双剑,-,
"113","寂灭厅","5人英雄",摩提耶罗,武器,音雪笛,-,
"113","寂灭厅","5人英雄",摩提耶罗,武器,闲幽笛,-,
"113","寂灭厅","5人英雄",摩提耶罗,武器,絮星弩,-,
"113","寂灭厅","5人英雄",摩提耶罗,武器,落梦棍,-,
"113","寂灭厅","5人英雄",摩提耶罗,装备,蝶音衣,-,
"113","寂灭厅","5人英雄",摩提耶罗,饰品,梨烟腰坠,-,
"113","寂灭厅","5人英雄",摩提耶罗,武器,烈庭棍,-,
"113","寂灭厅","5人英雄",摩提耶罗,武器,落梦笔,-,
"113","寂灭厅","5人英雄",摩提耶罗,武器,梨烟笔,-,
"113","寂灭厅","5人英雄",摩提耶罗,武器,征南枪,-,
"113","寂灭厅","5人英雄",摩提耶罗,武器,烈庭枪,-,
"113","寂灭厅","5人英雄",摩提耶罗,装备,蝶音帽,-,
"113","寂灭厅","5人英雄",摩提耶罗,装备,征南衣,-,
"113","寂灭厅","5人英雄",摩提耶罗,饰品,梨烟链,-,
"113","寂灭厅","5人英雄",摩提耶罗,饰品,烈庭腰坠,-,
"113","寂灭厅","5人英雄",摩提耶罗,饰品,落梦腰坠,-,
"113","寂灭厅","5人英雄",摩提耶罗,装备,烈庭衣,-,
"113","寂灭厅","5人英雄",摩提耶罗,饰品,松桐链,-,
"113","寂灭厅","5人英雄",摩提耶罗,饰品,征南链,-,
"113","寂灭厅","5人英雄",摩提耶罗,装备,落梦帽,-,
"113","寂灭厅","5人英雄",摩提耶罗,装备,松桐衣,-,
"113","寂灭厅","5人英雄",摩提耶罗,饰品,烈庭链,-,
"113","寂灭厅","5人英雄",摩提耶罗,装备,落梦衣,-,
"113","寂灭厅","5人英雄",摩提耶罗,装备,松桐帽,-,
"113","寂灭厅","5人英雄",摩提耶罗,装备,征南帽,-,
"113","寂灭厅","5人英雄",摩提耶罗,装备,梨烟衣,-,
"113","寂灭厅","5人英雄",摩提耶罗,饰品,蝶音腰坠,-,
"113","寂灭厅","5人英雄",摩提耶罗,武器,烈庭刀,-,
"113","寂灭厅","5人英雄",摩提耶罗,武器,落梦刀,-,
"113","寂灭厅","5人英雄",摩提耶罗,武器,烽舟重剑,-,
"113","寂灭厅","5人英雄",摩提耶罗,武器,烽舟轻剑,-,
"113","寂灭厅","5人英雄",摩提耶罗,武器,傲刃弩,-,
"113","寂灭厅","5人英雄",摩提耶罗,武器,闲幽双剑,-,
"113","寂灭厅","5人英雄",摩提耶罗,武器,苍承枪,-,
"113","寂灭厅","5人英雄",摩提耶罗,武器,苍承棍,-,
"123","唐门密室","5人普通",柳惊涛,武器,解祟,-,
"123","唐门密室","5人普通",柳惊涛,装备,象罔,-,
"123","唐门密室","5人普通",柳惊涛,饰品,浮寄,-,
"123","唐门密室","5人普通",柳惊涛,装备,烈裔护腕,-,
"123","唐门密室","5人普通",柳惊涛,装备,孤悬,-,
"123","唐门密室","5人普通",机关骰子,武器,木鸦,-,
"123","唐门密室","5人普通",机关骰子,装备,火浣护腿,-,
"123","唐门密室","5人普通",机关骰子,饰品,醉迷,-,
"123","唐门密室","5人普通",机关骰子,装备,死渊行,-,
"123","唐门密室","5人普通",机关骰子,武器,无心,-,
"123","唐门密室","5人普通",汉唐,装备,恚痴,-,
"123","唐门密室","5人普通",汉唐,装备,狂侠悲歌,-,
"123","唐门密室","5人普通",汉唐,装备,千面,-,
"123","唐门密室","5人普通",汉唐,装备,依心,-,
"123","唐门密室","5人普通",汉唐,装备,旷劫,-,
"123","唐门密室","5人普通",密室机关,武器,阑星,-,
"123","唐门密室","5人普通",密室机关,装备,思变,-,
"123","唐门密室","5人普通",密室机关,武器,忍恶,-,
"123","唐门密室","5人普通",密室机关,饰品,易惑,-,
"123","唐门密室","5人普通",密室机关,饰品,无瞋,-,
"125","唐门密室","5人英雄",柳惊涛,武器,傲刃弩,-,
"125","唐门密室","5人英雄",柳惊涛,武器,烽舟重剑,-,
"125","唐门密室","5人英雄",柳惊涛,武器,烈庭刀,-,
"125","唐门密室","5人英雄",柳惊涛,装备,征南履,-,
"125","唐门密室","5人英雄",柳惊涛,装备,梨烟裤,-,
"125","唐门密室","5人英雄",柳惊涛,装备,蝶音衣,-,
"125","唐门密室","5人英雄",柳惊涛,装备,松桐履,-,
"125","唐门密室","5人英雄",柳惊涛,装备,烈庭裤,-,
"125","唐门密室","5人英雄",柳惊涛,装备,落梦衣,-,
"125","唐门密室","5人英雄",柳惊涛,装备,梨烟履,-,
"125","唐门密室","5人英雄",柳惊涛,装备,征南衣,-,
"125","唐门密室","5人英雄",柳惊涛,武器,落梦棍,-,
"125","唐门密室","5人英雄",柳惊涛,武器,烈庭棍,-,
"125","唐门密室","5人英雄",柳惊涛,武器,落梦笔,-,
"125","唐门密室","5人英雄",柳惊涛,武器,梨烟笔,-,
"125","唐门密室","5人英雄",柳惊涛,武器,征南枪,-,
"125","唐门密室","5人英雄",柳惊涛,武器,烈庭枪,-,
"125","唐门密室","5人英雄",柳惊涛,武器,蝶音剑,-,
"125","唐门密室","5人英雄",柳惊涛,武器,松桐剑,-,
"125","唐门密室","5人英雄",柳惊涛,武器,蝶音双剑,-,
"125","唐门密室","5人英雄",柳惊涛,武器,梨烟双剑,-,
"125","唐门密室","5人英雄",柳惊涛,武器,蝶音笛,-,
"125","唐门密室","5人英雄",柳惊涛,武器,梨烟笛,-,
"125","唐门密室","5人英雄",柳惊涛,武器,落梦弩,-,
"125","唐门密室","5人英雄",柳惊涛,武器,征南弩,-,
"125","唐门密室","5人英雄",柳惊涛,武器,松桐轻剑,-,
"125","唐门密室","5人英雄",柳惊涛,武器,松桐重剑,-,
"125","唐门密室","5人英雄",柳惊涛,武器,絮星棍,-,
"125","唐门密室","5人英雄",柳惊涛,武器,苍承棍,-,
"125","唐门密室","5人英雄",柳惊涛,武器,絮星笔,-,
"125","唐门密室","5人英雄",柳惊涛,武器,闲幽笔,-,
"125","唐门密室","5人英雄",柳惊涛,武器,傲刃枪,-,
"125","唐门密室","5人英雄",柳惊涛,武器,苍承枪,-,
"125","唐门密室","5人英雄",柳惊涛,武器,音雪剑,-,
"125","唐门密室","5人英雄",柳惊涛,武器,烽舟剑,-,
"125","唐门密室","5人英雄",柳惊涛,武器,音雪双剑,-,
"125","唐门密室","5人英雄",柳惊涛,武器,闲幽双剑,-,
"125","唐门密室","5人英雄",柳惊涛,武器,音雪笛,-,
"125","唐门密室","5人英雄",柳惊涛,武器,闲幽笛,-,
"125","唐门密室","5人英雄",柳惊涛,武器,絮星弩,-,
"125","唐门密室","5人英雄",柳惊涛,武器,烽舟轻剑,-,
"125","唐门密室","5人英雄",柳惊涛,武器,落梦刀,-,
"125","唐门密室","5人英雄",柳惊涛,装备,蝶音裤,-,
"125","唐门密室","5人英雄",柳惊涛,装备,征南帽,-,
"125","唐门密室","5人英雄",柳惊涛,装备,梨烟衣,-,
"125","唐门密室","5人英雄",柳惊涛,装备,落梦裤,-,
"125","唐门密室","5人英雄",柳惊涛,装备,松桐帽,-,
"125","唐门密室","5人英雄",柳惊涛,装备,烈庭衣,-,
"125","唐门密室","5人英雄",柳惊涛,装备,蝶音履,-,
"125","唐门密室","5人英雄",柳惊涛,装备,征南裤,-,
"125","唐门密室","5人英雄",柳惊涛,装备,梨烟帽,-,
"125","唐门密室","5人英雄",柳惊涛,装备,松桐衣,-,
"125","唐门密室","5人英雄",柳惊涛,装备,烈庭帽,-,
"125","唐门密室","5人英雄",柳惊涛,装备,落梦帽,-,
"125","唐门密室","5人英雄",柳惊涛,装备,蝶音帽,-,
"125","唐门密室","5人英雄",柳惊涛,装备,松桐裤,-,
"125","唐门密室","5人英雄",柳惊涛,装备,烈庭履,-,
"125","唐门密室","5人英雄",柳惊涛,装备,落梦履,-,
"125","唐门密室","5人英雄",机关骰子,武器,烈庭枪,-,
"125","唐门密室","5人英雄",机关骰子,武器,蝶音剑,-,
"125","唐门密室","5人英雄",机关骰子,武器,松桐剑,-,
"125","唐门密室","5人英雄",机关骰子,武器,蝶音双剑,-,
"125","唐门密室","5人英雄",机关骰子,武器,梨烟双剑,-,
"125","唐门密室","5人英雄",机关骰子,武器,蝶音笛,-,
"125","唐门密室","5人英雄",机关骰子,武器,梨烟笛,-,
"125","唐门密室","5人英雄",机关骰子,武器,落梦弩,-,
"125","唐门密室","5人英雄",机关骰子,装备,蝶音护腰,-,
"125","唐门密室","5人英雄",机关骰子,饰品,征南链,-,
"125","唐门密室","5人英雄",机关骰子,饰品,梨烟腰坠,-,
"125","唐门密室","5人英雄",机关骰子,装备,落梦护腰,-,
"125","唐门密室","5人英雄",机关骰子,饰品,烈庭腰坠,-,
"125","唐门密室","5人英雄",机关骰子,武器,征南弩,-,
"125","唐门密室","5人英雄",机关骰子,武器,松桐轻剑,-,
"125","唐门密室","5人英雄",机关骰子,武器,松桐重剑,-,
"125","唐门密室","5人英雄",机关骰子,武器,苍承棍,-,
"125","唐门密室","5人英雄",机关骰子,武器,絮星笔,-,
"125","唐门密室","5人英雄",机关骰子,武器,闲幽笔,-,
"125","唐门密室","5人英雄",机关骰子,武器,苍承枪,-,
"125","唐门密室","5人英雄",机关骰子,武器,音雪剑,-,
"125","唐门密室","5人英雄",机关骰子,武器,烽舟剑,-,
"125","唐门密室","5人英雄",机关骰子,武器,闲幽双剑,-,
"125","唐门密室","5人英雄",机关骰子,武器,音雪笛,-,
"125","唐门密室","5人英雄",机关骰子,武器,闲幽笛,-,
"125","唐门密室","5人英雄",机关骰子,装备,蝶音护手,-,
"125","唐门密室","5人英雄",机关骰子,武器,落梦棍,-,
"125","唐门密室","5人英雄",机关骰子,武器,烈庭棍,-,
"125","唐门密室","5人英雄",机关骰子,武器,落梦笔,-,
"125","唐门密室","5人英雄",机关骰子,武器,梨烟笔,-,
"125","唐门密室","5人英雄",机关骰子,武器,征南枪,-,
"125","唐门密室","5人英雄",机关骰子,装备,征南护手,-,
"125","唐门密室","5人英雄",机关骰子,装备,梨烟护腰,-,
"125","唐门密室","5人英雄",机关骰子,饰品,蝶音腰坠,-,
"125","唐门密室","5人英雄",机关骰子,装备,松桐护手,-,
"125","唐门密室","5人英雄",机关骰子,装备,烈庭护腰,-,
"125","唐门密室","5人英雄",机关骰子,饰品,落梦腰坠,-,
"125","唐门密室","5人英雄",机关骰子,饰品,松桐链,-,
"125","唐门密室","5人英雄",机关骰子,饰品,松桐腰坠,-,
"125","唐门密室","5人英雄",机关骰子,饰品,梨烟链,-,
"125","唐门密室","5人英雄",机关骰子,饰品,烈庭链,-,
"125","唐门密室","5人英雄",机关骰子,装备,梨烟护手,-,
"125","唐门密室","5人英雄",机关骰子,饰品,蝶音链,-,
"125","唐门密室","5人英雄",机关骰子,饰品,征南腰坠,-,
"125","唐门密室","5人英雄",机关骰子,饰品,落梦链,-,
"125","唐门密室","5人英雄",机关骰子,装备,松桐护腰,-,
"125","唐门密室","5人英雄",机关骰子,装备,征南护腰,-,
"125","唐门密室","5人英雄",机关骰子,装备,烈庭护手,-,
"125","唐门密室","5人英雄",机关骰子,装备,落梦护手,-,
"125","唐门密室","5人英雄",机关骰子,武器,烈庭刀,-,
"125","唐门密室","5人英雄",机关骰子,武器,落梦刀,-,
"125","唐门密室","5人英雄",机关骰子,武器,烽舟重剑,-,
"125","唐门密室","5人英雄",机关骰子,武器,烽舟轻剑,-,
"125","唐门密室","5人英雄",机关骰子,武器,傲刃弩,-,
"125","唐门密室","5人英雄",机关骰子,武器,絮星弩,-,
"125","唐门密室","5人英雄",机关骰子,武器,音雪双剑,-,
"125","唐门密室","5人英雄",机关骰子,武器,傲刃枪,-,
"125","唐门密室","5人英雄",机关骰子,武器,絮星棍,-,
"125","唐门密室","5人英雄",汉唐,武器,征南弩,-,
"125","唐门密室","5人英雄",汉唐,武器,松桐轻剑,-,
"125","唐门密室","5人英雄",汉唐,武器,松桐重剑,-,
"125","唐门密室","5人英雄",汉唐,武器,絮星棍,-,
"125","唐门密室","5人英雄",汉唐,武器,苍承棍,-,
"125","唐门密室","5人英雄",汉唐,武器,絮星笔,-,
"125","唐门密室","5人英雄",汉唐,武器,闲幽笔,-,
"125","唐门密室","5人英雄",汉唐,武器,傲刃枪,-,
"125","唐门密室","5人英雄",汉唐,武器,苍承枪,-,
"125","唐门密室","5人英雄",汉唐,武器,音雪剑,-,
"125","唐门密室","5人英雄",汉唐,武器,烽舟剑,-,
"125","唐门密室","5人英雄",汉唐,武器,音雪双剑,-,
"125","唐门密室","5人英雄",汉唐,武器,闲幽双剑,-,
"125","唐门密室","5人英雄",汉唐,武器,音雪笛,-,
"125","唐门密室","5人英雄",汉唐,武器,闲幽笛,-,
"125","唐门密室","5人英雄",汉唐,武器,絮星弩,-,
"125","唐门密室","5人英雄",汉唐,饰品,松桐指环,-,
"125","唐门密室","5人英雄",汉唐,武器,蝶音囊,-,
"125","唐门密室","5人英雄",汉唐,武器,落梦囊,-,
"125","唐门密室","5人英雄",汉唐,武器,征南囊,-,
"125","唐门密室","5人英雄",汉唐,武器,松桐囊,-,
"125","唐门密室","5人英雄",汉唐,武器,烽舟轻剑,-,
"125","唐门密室","5人英雄",汉唐,武器,梨烟囊,-,
"125","唐门密室","5人英雄",汉唐,武器,烈庭囊,-,
"125","唐门密室","5人英雄",汉唐,饰品,蝶音指环,-,
"125","唐门密室","5人英雄",汉唐,武器,落梦棍,-,
"125","唐门密室","5人英雄",汉唐,武器,烈庭棍,-,
"125","唐门密室","5人英雄",汉唐,武器,落梦笔,-,
"125","唐门密室","5人英雄",汉唐,武器,梨烟笔,-,
"125","唐门密室","5人英雄",汉唐,武器,征南枪,-,
"125","唐门密室","5人英雄",汉唐,武器,烈庭枪,-,
"125","唐门密室","5人英雄",汉唐,武器,蝶音剑,-,
"125","唐门密室","5人英雄",汉唐,武器,松桐剑,-,
"125","唐门密室","5人英雄",汉唐,武器,蝶音双剑,-,
"125","唐门密室","5人英雄",汉唐,武器,梨烟双剑,-,
"125","唐门密室","5人英雄",汉唐,武器,蝶音笛,-,
"125","唐门密室","5人英雄",汉唐,武器,梨烟笛,-,
"125","唐门密室","5人英雄",汉唐,武器,落梦弩,-,
"125","唐门密室","5人英雄",汉唐,饰品,落梦指环,-,
"125","唐门密室","5人英雄",汉唐,饰品,烈庭指环,-,
"125","唐门密室","5人英雄",汉唐,饰品,梨烟指环,-,
"125","唐门密室","5人英雄",汉唐,武器,傲刃弩,-,
"125","唐门密室","5人英雄",汉唐,武器,烽舟重剑,-,
"125","唐门密室","5人英雄",汉唐,武器,烈庭刀,-,
"125","唐门密室","5人英雄",汉唐,饰品,征南指环,-,
"125","唐门密室","5人英雄",汉唐,武器,落梦刀,-,
"125","唐门密室","5人英雄",密室机关,武器,征南枪,-,
"125","唐门密室","5人英雄",密室机关,武器,烈庭枪,-,
"125","唐门密室","5人英雄",密室机关,武器,蝶音剑,-,
"125","唐门密室","5人英雄",密室机关,武器,松桐剑,-,
"125","唐门密室","5人英雄",密室机关,武器,蝶音双剑,-,
"125","唐门密室","5人英雄",密室机关,武器,梨烟双剑,-,
"125","唐门密室","5人英雄",密室机关,武器,蝶音笛,-,
"125","唐门密室","5人英雄",密室机关,武器,梨烟笛,-,
"125","唐门密室","5人英雄",密室机关,武器,傲刃弩,-,
"125","唐门密室","5人英雄",密室机关,武器,烽舟重剑,-,
"125","唐门密室","5人英雄",密室机关,武器,烈庭刀,-,
"125","唐门密室","5人英雄",密室机关,武器,蝶音囊,-,
"125","唐门密室","5人英雄",密室机关,饰品,松桐指环,-,
"125","唐门密室","5人英雄",密室机关,武器,落梦囊,-,
"125","唐门密室","5人英雄",密室机关,武器,征南囊,-,
"125","唐门密室","5人英雄",密室机关,武器,松桐囊,-,
"125","唐门密室","5人英雄",密室机关,武器,梨烟囊,-,
"125","唐门密室","5人英雄",密室机关,武器,烈庭囊,-,
"125","唐门密室","5人英雄",密室机关,武器,落梦棍,-,
"125","唐门密室","5人英雄",密室机关,武器,烈庭棍,-,
"125","唐门密室","5人英雄",密室机关,武器,落梦笔,-,
"125","唐门密室","5人英雄",密室机关,武器,梨烟笔,-,
"125","唐门密室","5人英雄",密室机关,饰品,征南指环,-,
"125","唐门密室","5人英雄",密室机关,饰品,梨烟指环,-,
"125","唐门密室","5人英雄",密室机关,武器,絮星弩,-,
"125","唐门密室","5人英雄",密室机关,武器,烽舟轻剑,-,
"125","唐门密室","5人英雄",密室机关,武器,落梦刀,-,
"125","唐门密室","5人英雄",密室机关,饰品,落梦指环,-,
"125","唐门密室","5人英雄",密室机关,饰品,烈庭指环,-,
"125","唐门密室","5人英雄",密室机关,饰品,蝶音指环,-,
"125","唐门密室","5人英雄",密室机关,武器,落梦弩,-,
"125","唐门密室","5人英雄",密室机关,武器,征南弩,-,
"125","唐门密室","5人英雄",密室机关,武器,松桐轻剑,-,
"125","唐门密室","5人英雄",密室机关,武器,松桐重剑,-,
"125","唐门密室","5人英雄",密室机关,武器,絮星棍,-,
"125","唐门密室","5人英雄",密室机关,武器,苍承棍,-,
"125","唐门密室","5人英雄",密室机关,武器,絮星笔,-,
"125","唐门密室","5人英雄",密室机关,武器,闲幽笔,-,
"125","唐门密室","5人英雄",密室机关,武器,傲刃枪,-,
"125","唐门密室","5人英雄",密室机关,武器,苍承枪,-,
"125","唐门密室","5人英雄",密室机关,武器,音雪剑,-,
"125","唐门密室","5人英雄",密室机关,武器,烽舟剑,-,
"125","唐门密室","5人英雄",密室机关,武器,音雪双剑,-,
"125","唐门密室","5人英雄",密室机关,武器,闲幽双剑,-,
"125","唐门密室","5人英雄",密室机关,武器,音雪笛,-,
"125","唐门密室","5人英雄",密室机关,武器,闲幽笛,-,
"71","仙踪林","5人英雄",塔纳刀王,武器,黑杀棍,-,
"71","仙踪林","5人英雄",塔纳刀王,武器,伏鹰枪,-,
"71","仙踪林","5人英雄",塔纳刀王,武器,帝恨,-,
"71","仙踪林","5人英雄",塔纳刀王,武器,轻侯,-,
"71","仙踪林","5人英雄",塔纳刀王,武器,池鱼思渊,-,
"71","仙踪林","5人英雄",塔纳刀王,武器,听风,-,
"71","仙踪林","5人英雄",塔纳刀王,武器,黛雪剑,-,
"71","仙踪林","5人英雄",塔纳刀王,武器,奈何清风,-,
"71","仙踪林","5人英雄",塔纳刀王,武器,彼岸蝶海,-,
"71","仙踪林","5人英雄",塔纳刀王,武器,古德僧棍,-,
"71","仙踪林","5人英雄",塔纳刀王,饰品,黑罡铁环,-,
"71","仙踪林","5人英雄",塔纳刀王,武器,问皓剑,-,
"71","仙踪林","5人英雄",塔纳刀王,装备,合纵护手,-,
"71","仙踪林","5人英雄",塔纳刀王,武器,止水剑,-,
"71","仙踪林","5人英雄",塔纳刀王,武器,悲华剑,-,
"71","仙踪林","5人英雄",塔纳刀王,武器,一夜飞霜,-,
"71","仙踪林","5人英雄",塔纳刀王,武器,醉卧幽梦,-,
"71","仙踪林","5人英雄",塔纳刀王,武器,凝霜,-,
"71","仙踪林","5人英雄",塔纳刀王,武器,横江锁,-,
"71","仙踪林","5人英雄",塔纳刀王,武器,忆秋,-,
"71","仙踪林","5人英雄",塔纳刀王,武器,孤行,-,
"71","仙踪林","5人英雄",塔纳刀王,武器,蜮影劫,-,
"71","仙踪林","5人英雄",塔纳刀王,武器,孤心笔,-,
"71","仙踪林","5人英雄",塔纳刀王,武器,恶蛟双钩,-,
"71","仙踪林","5人英雄",塔纳刀王,武器,秋隼啸,-,
"71","仙踪林","5人英雄",塔纳刀王,武器,碧落黄泉,-,
"71","仙踪林","5人英雄",塔纳刀王,装备,蓬莱青腕,-,
"71","仙踪林","5人英雄",塔纳刀王,武器,飞星流彩,-,
"71","仙踪林","5人英雄",塔纳刀王,装备,易水护手,-,
"71","仙踪林","5人英雄",塔纳刀王,装备,邃世护手,-,
"71","仙踪林","5人英雄",塔纳刀王,武器,猿骨笛,-,
"71","仙踪林","5人英雄",塔纳刀王,饰品,孔雀石戒指,-,
"71","仙踪林","5人英雄",塔纳刀王,饰品,督御守指环,-,
"71","仙踪林","5人英雄",塔纳刀王,武器,盘龙齐眉棍,-,
"71","仙踪林","5人英雄",塔纳刀王,饰品,尸灵戒,-,
"71","仙踪林","5人英雄",塔纳刀王,饰品,悸怖玉戒,-,
"71","仙踪林","5人英雄",塔纳刀王,武器,静徐佛杖,-,
"71","仙踪林","5人英雄",水云,武器,帝恨,-,
"71","仙踪林","5人英雄",水云,武器,黛雪剑,-,
"71","仙踪林","5人英雄",水云,武器,轻侯,-,
"71","仙踪林","5人英雄",水云,武器,池鱼思渊,-,
"71","仙踪林","5人英雄",水云,武器,奈何清风,-,
"71","仙踪林","5人英雄",水云,武器,蜮影劫,-,
"71","仙踪林","5人英雄",水云,武器,静徐佛杖,-,
"71","仙踪林","5人英雄",水云,饰品,聚力坠,-,
"71","仙踪林","5人英雄",水云,武器,秋隼啸,-,
"71","仙踪林","5人英雄",水云,武器,孤心笔,-,
"71","仙踪林","5人英雄",水云,武器,止水剑,-,
"71","仙踪林","5人英雄",水云,武器,古德僧棍,-,
"71","仙踪林","5人英雄",水云,武器,问皓剑,-,
"71","仙踪林","5人英雄",水云,武器,悲华剑,-,
"71","仙踪林","5人英雄",水云,装备,燃墨冠,-,
"71","仙踪林","5人英雄",水云,武器,一夜飞霜,-,
"71","仙踪林","5人英雄",水云,武器,横江锁,-,
"71","仙踪林","5人英雄",水云,武器,醉卧幽梦,-,
"71","仙踪林","5人英雄",水云,装备,澈露头饰,-,
"71","仙踪林","5人英雄",水云,武器,忆秋,-,
"71","仙踪林","5人英雄",水云,武器,听风,-,
"71","仙踪林","5人英雄",水云,武器,恶蛟双钩,-,
"71","仙踪林","5人英雄",水云,武器,孤行,-,
"71","仙踪林","5人英雄",水云,武器,彼岸蝶海,-,
"71","仙踪林","5人英雄",水云,武器,飞星流彩,-,
"71","仙踪林","5人英雄",水云,武器,碧落黄泉,-,
"71","仙踪林","5人英雄",水云,装备,摄魂冠,-,
"71","仙踪林","5人英雄",水云,装备,尊者帽,-,
"71","仙踪林","5人英雄",水云,武器,黑杀棍,-,
"71","仙踪林","5人英雄",水云,武器,猿骨笛,-,
"71","仙踪林","5人英雄",水云,装备,方瞳人顶戴,-,
"71","仙踪林","5人英雄",水云,装备,虎溪冠,-,
"71","仙踪林","5人英雄",水云,武器,盘龙齐眉棍,-,
"71","仙踪林","5人英雄",水云,饰品,凤舞坠,-,
"71","仙踪林","5人英雄",水云,饰品,气阀,-,
"71","仙踪林","5人英雄",水云,武器,伏鹰枪,-,
"71","仙踪林","5人英雄",水云,武器,凝霜,-,
"71","仙踪林","5人英雄",苏髓,武器,伏鹰枪,-,
"71","仙踪林","5人英雄",苏髓,武器,帝恨,-,
"71","仙踪林","5人英雄",苏髓,武器,轻侯,-,
"71","仙踪林","5人英雄",苏髓,武器,黛雪剑,-,
"71","仙踪林","5人英雄",苏髓,武器,池鱼思渊,-,
"71","仙踪林","5人英雄",苏髓,武器,忆秋,-,
"71","仙踪林","5人英雄",苏髓,武器,奈何清风,-,
"71","仙踪林","5人英雄",苏髓,武器,静徐佛杖,-,
"71","仙踪林","5人英雄",苏髓,武器,秋隼啸,-,
"71","仙踪林","5人英雄",苏髓,武器,古德僧棍,-,
"71","仙踪林","5人英雄",苏髓,饰品,闪击玉石,-,
"71","仙踪林","5人英雄",苏髓,武器,止水剑,-,
"71","仙踪林","5人英雄",苏髓,武器,问皓剑,-,
"71","仙踪林","5人英雄",苏髓,武器,悲华剑,-,
"71","仙踪林","5人英雄",苏髓,装备,霜鳞带,-,
"71","仙踪林","5人英雄",苏髓,装备,灵鹰上衣,-,
"71","仙踪林","5人英雄",苏髓,武器,一夜飞霜,-,
"71","仙踪林","5人英雄",苏髓,装备,君天上衣,-,
"71","仙踪林","5人英雄",苏髓,装备,思故衣,-,
"71","仙踪林","5人英雄",苏髓,武器,醉卧幽梦,-,
"71","仙踪林","5人英雄",苏髓,武器,孤心笔,-,
"71","仙踪林","5人英雄",苏髓,武器,横江锁,-,
"71","仙踪林","5人英雄",苏髓,武器,凝霜,-,
"71","仙踪林","5人英雄",苏髓,武器,听风,-,
"71","仙踪林","5人英雄",苏髓,武器,孤行,-,
"71","仙踪林","5人英雄",苏髓,武器,恶蛟双钩,-,
"71","仙踪林","5人英雄",苏髓,武器,蜮影劫,-,
"71","仙踪林","5人英雄",苏髓,武器,彼岸蝶海,-,
"71","仙踪林","5人英雄",苏髓,武器,碧落黄泉,-,
"71","仙踪林","5人英雄",苏髓,武器,飞星流彩,-,
"71","仙踪林","5人英雄",苏髓,装备,寸劲罗汉衣,-,
"71","仙踪林","5人英雄",苏髓,装备,银虎上衣,-,
"71","仙踪林","5人英雄",苏髓,武器,猿骨笛,-,
"71","仙踪林","5人英雄",苏髓,装备,霜鳞腕,-,
"71","仙踪林","5人英雄",苏髓,装备,霜鳞冠,-,
"71","仙踪林","5人英雄",苏髓,装备,霜鳞衫,-,
"71","仙踪林","5人英雄",苏髓,装备,斑荆血袍,-,
"71","仙踪林","5人英雄",苏髓,装备,霜鳞屐,-,
"71","仙踪林","5人英雄",苏髓,武器,黑杀棍,-,
"71","仙踪林","5人英雄",苏髓,武器,盘龙齐眉棍,-,
"71","仙踪林","5人英雄",苏髓,饰品,慧眼项饰,-,
"71","仙踪林","5人英雄",苏髓,饰品,裂风链,-,
"116","仙踪林","5人普通",塔纳刀王,饰品,蝎窟扳指,-,
"116","仙踪林","5人普通",塔纳刀王,武器,青渊啸,-,
"116","仙踪林","5人普通",塔纳刀王,武器,春染芫华,-,
"116","仙踪林","5人普通",塔纳刀王,饰品,藤虹蟒骨链,-,
"116","仙踪林","5人普通",塔纳刀王,饰品,霓薄朝日,-,
"116","仙踪林","5人普通",塔纳刀王,装备,夜遁长袖,-,
"116","仙踪林","5人普通",塔纳刀王,武器,慕光古笛,-,
"116","仙踪林","5人普通",塔纳刀王,装备,雷泽赤蜈索,-,
"116","仙踪林","5人普通",塔纳刀王,装备,澹容冠,-,
"116","仙踪林","5人普通",塔纳刀王,饰品,戚施腾月,-,
"116","仙踪林","5人普通",水云,武器,秋夜独倚,-,
"116","仙踪林","5人普通",水云,武器,春染芫华,-,
"116","仙踪林","5人普通",水云,装备,晏青藤屐,-,
"116","仙踪林","5人普通",水云,装备,澹容冠,-,
"116","仙踪林","5人普通",水云,饰品,蛇师血坠,-,
"116","仙踪林","5人普通",水云,饰品,戚施腾月,-,
"116","仙踪林","5人普通",水云,武器,鳞语,-,
"116","仙踪林","5人普通",水云,武器,慕光古笛,-,
"116","仙踪林","5人普通",水云,装备,枫魂裹腿,-,
"116","仙踪林","5人普通",水云,饰品,霓薄朝日,-,
"116","仙踪林","5人普通",苏髓,武器,浮景熙焰,-,
"116","仙踪林","5人普通",苏髓,武器,慕光古笛,-,
"116","仙踪林","5人普通",苏髓,饰品,霓薄朝日,-,
"116","仙踪林","5人普通",苏髓,装备,藻野九蜕,-,
"116","仙踪林","5人普通",苏髓,装备,澹容冠,-,
"116","仙踪林","5人普通",苏髓,武器,春染芫华,-,
"116","仙踪林","5人普通",苏髓,装备,海曲蛇莲帽,-,
"116","仙踪林","5人普通",苏髓,饰品,玄目石戒,-,
"116","仙踪林","5人普通",苏髓,饰品,戚施腾月,-,
"116","仙踪林","5人普通",苏髓,装备,樵牧乐,-,
"69","荻花圣殿·前厅","10人普通",牡丹,饰品,鸿嗷,-,
"69","荻花圣殿·前厅","10人普通",牡丹,饰品,楚郊凤,-,
"69","荻花圣殿·前厅","10人普通",牡丹,装备,赤城朱袖,-,
"69","荻花圣殿·前厅","10人普通",牡丹,装备,霸侯拥世,-,
"69","荻花圣殿·前厅","10人普通",牡丹,武器,禹梦,-,
"69","荻花圣殿·前厅","10人普通",牡丹,装备,琳琅珠袖,-,
"69","荻花圣殿·前厅","10人普通",牡丹,饰品,三径项链,-,
"69","荻花圣殿·前厅","10人普通",牡丹,饰品,熙国铁戒,-,
"69","荻花圣殿·前厅","10人普通",牡丹,饰品,鼎族项饰,-,
"69","荻花圣殿·前厅","10人普通",牡丹,饰品,风扶垂珠,-,
"69","荻花圣殿·前厅","10人普通",牡丹,饰品,星重辉,-,
"69","荻花圣殿·前厅","10人普通",牡丹,装备,纵恶护手,-,
"69","荻花圣殿·前厅","10人普通",牡丹,饰品,桐柏真人戒,-,
"69","荻花圣殿·前厅","10人普通",牡丹,装备,宝积法成袖,-,
"69","荻花圣殿·前厅","10人普通",牡丹,武器,犀照牛渚,-,
"69","荻花圣殿·前厅","10人普通",牡丹,装备,振九原,-,
"69","荻花圣殿·前厅","10人普通",牡丹,饰品,追风血链,-,
"69","荻花圣殿·前厅","10人普通",牡丹,饰品,僧璨正法链,-,
"69","荻花圣殿·前厅","10人普通",牡丹,武器,歧舌殁,-,
"69","荻花圣殿·前厅","10人普通",牡丹,饰品,萦灵青玉戒,-,
"69","荻花圣殿·前厅","10人普通",牡丹,饰品,览冥玉戒,-,
"69","荻花圣殿·前厅","10人普通",牡丹,饰品,景星紫气链,-,
"69","荻花圣殿·前厅","10人普通",牡丹,饰品,佛骨谏,-,
"69","荻花圣殿·前厅","10人普通",牡丹,饰品,抒诚戒,-,
"69","荻花圣殿·前厅","10人普通",牡丹,装备,封泥谷,-,
"69","荻花圣殿·前厅","10人普通",牡丹,武器,藏千怒,-,
"69","荻花圣殿·前厅","10人普通",牡丹,装备,凤采珠实,-,
"69","荻花圣殿·前厅","10人普通",牡丹,饰品,雍塞护颈,-,
"69","荻花圣殿·前厅","10人普通",牡丹,饰品,龟龙日月链,-,
"69","荻花圣殿·前厅","10人普通",牡丹,饰品,金屏链,-,
"69","荻花圣殿·前厅","10人普通",牡丹,武器,托形立影,-,
"69","荻花圣殿·前厅","10人普通",牡丹,武器,拔山志,-,
"69","荻花圣殿·前厅","10人普通",牡丹,武器,仲蔚蒿,-,
"69","荻花圣殿·前厅","10人普通",牡丹,装备,野狐裂空腕,-,
"69","荻花圣殿·前厅","10人普通",牡丹,装备,禅窟护腕,-,
"69","荻花圣殿·前厅","10人普通",牡丹,武器,长风义,-,
"69","荻花圣殿·前厅","10人普通",牡丹,武器,惜园葵,-,
"69","荻花圣殿·前厅","10人普通",牡丹,武器,东行月,-,
"69","荻花圣殿·前厅","10人普通",牡丹,武器,僧伽歌,-,
"69","荻花圣殿·前厅","10人普通",牡丹,装备,弄玉手,-,
"69","荻花圣殿·前厅","10人普通",牡丹,饰品,典韦血链,-,
"69","荻花圣殿·前厅","10人普通",牡丹,装备,三洞传法袖,-,
"69","荻花圣殿·前厅","10人普通",牡丹,饰品,高阳古戒,-,
"69","荻花圣殿·前厅","10人普通",牡丹,饰品,丰城龙戒,-,
"69","荻花圣殿·前厅","10人普通",牡丹,饰品,赫连扳指,-,
"69","荻花圣殿·前厅","10人普通",牡丹,武器,玄谟命,-,
"69","荻花圣殿·前厅","10人普通",牡丹,装备,鸿泉护手,-,
"69","荻花圣殿·前厅","10人普通",牡丹,饰品,阳回指环,-,
"69","荻花圣殿·前厅","10人普通",牡丹,饰品,佛发环,-,
"69","荻花圣殿·前厅","10人普通",牡丹,武器,随风花,-,
"69","荻花圣殿·前厅","10人普通",牡丹,饰品,诋巫骨戒,-,
"69","荻花圣殿·前厅","10人普通",牡丹,饰品,珠泪戒,-,
"69","荻花圣殿·前厅","10人普通",塔洛马蒂、姬无双,装备,混茫真气索,-,
"69","荻花圣殿·前厅","10人普通",塔洛马蒂、姬无双,饰品,楚郊凤,-,
"69","荻花圣殿·前厅","10人普通",塔洛马蒂、姬无双,武器,随风花,-,
"69","荻花圣殿·前厅","10人普通",塔洛马蒂、姬无双,饰品,珠泪戒,-,
"69","荻花圣殿·前厅","10人普通",塔洛马蒂、姬无双,饰品,翔鸾振羽,-,
"69","荻花圣殿·前厅","10人普通",塔洛马蒂、姬无双,饰品,普曜坠,-,
"69","荻花圣殿·前厅","10人普通",塔洛马蒂、姬无双,饰品,龙马斗印,-,
"69","荻花圣殿·前厅","10人普通",塔洛马蒂、姬无双,饰品,诋巫骨戒,-,
"69","荻花圣殿·前厅","10人普通",塔洛马蒂、姬无双,武器,禹梦,-,
"69","荻花圣殿·前厅","10人普通",塔洛马蒂、姬无双,装备,无双剑束,-,
"69","荻花圣殿·前厅","10人普通",塔洛马蒂、姬无双,装备,修梵金刚带,-,
"69","荻花圣殿·前厅","10人普通",塔洛马蒂、姬无双,饰品,鲤庭玉坠,-,
"69","荻花圣殿·前厅","10人普通",塔洛马蒂、姬无双,饰品,萦灵青玉戒,-,
"69","荻花圣殿·前厅","10人普通",塔洛马蒂、姬无双,武器,犀照牛渚,-,
"69","荻花圣殿·前厅","10人普通",塔洛马蒂、姬无双,饰品,览冥玉戒,-,
"69","荻花圣殿·前厅","10人普通",塔洛马蒂、姬无双,装备,轩峙护腰,-,
"69","荻花圣殿·前厅","10人普通",塔洛马蒂、姬无双,饰品,阳回指环,-,
"69","荻花圣殿·前厅","10人普通",塔洛马蒂、姬无双,装备,化诲腰带,-,
"69","荻花圣殿·前厅","10人普通",塔洛马蒂、姬无双,装备,惠恤赤索,-,
"69","荻花圣殿·前厅","10人普通",塔洛马蒂、姬无双,饰品,赫连扳指,-,
"69","荻花圣殿·前厅","10人普通",塔洛马蒂、姬无双,武器,歧舌殁,-,
"69","荻花圣殿·前厅","10人普通",塔洛马蒂、姬无双,饰品,缓决令,-,
"69","荻花圣殿·前厅","10人普通",塔洛马蒂、姬无双,饰品,高阳古戒,-,
"69","荻花圣殿·前厅","10人普通",塔洛马蒂、姬无双,武器,藏千怒,-,
"69","荻花圣殿·前厅","10人普通",塔洛马蒂、姬无双,装备,鹿蕉索,-,
"69","荻花圣殿·前厅","10人普通",塔洛马蒂、姬无双,饰品,天澄坠,-,
"69","荻花圣殿·前厅","10人普通",塔洛马蒂、姬无双,饰品,拂柳坠,-,
"69","荻花圣殿·前厅","10人普通",塔洛马蒂、姬无双,饰品,风休坠,-,
"69","荻花圣殿·前厅","10人普通",塔洛马蒂、姬无双,装备,醉晴茜裙,-,
"69","荻花圣殿·前厅","10人普通",塔洛马蒂、姬无双,装备,惠悟禅束,-,
"69","荻花圣殿·前厅","10人普通",塔洛马蒂、姬无双,武器,托形立影,-,
"69","荻花圣殿·前厅","10人普通",塔洛马蒂、姬无双,武器,拔山志,-,
"69","荻花圣殿·前厅","10人普通",塔洛马蒂、姬无双,武器,仲蔚蒿,-,
"69","荻花圣殿·前厅","10人普通",塔洛马蒂、姬无双,装备,济川仙索,-,
"69","荻花圣殿·前厅","10人普通",塔洛马蒂、姬无双,装备,越析铁腰,-,
"69","荻花圣殿·前厅","10人普通",塔洛马蒂、姬无双,武器,长风义,-,
"69","荻花圣殿·前厅","10人普通",塔洛马蒂、姬无双,武器,惜园葵,-,
"69","荻花圣殿·前厅","10人普通",塔洛马蒂、姬无双,武器,东行月,-,
"69","荻花圣殿·前厅","10人普通",塔洛马蒂、姬无双,武器,僧伽歌,-,
"69","荻花圣殿·前厅","10人普通",塔洛马蒂、姬无双,饰品,濛雨坠,-,
"69","荻花圣殿·前厅","10人普通",塔洛马蒂、姬无双,饰品,少微隐士坠,-,
"69","荻花圣殿·前厅","10人普通",塔洛马蒂、姬无双,饰品,丰城龙戒,-,
"69","荻花圣殿·前厅","10人普通",塔洛马蒂、姬无双,饰品,抒诚戒,-,
"69","荻花圣殿·前厅","10人普通",塔洛马蒂、姬无双,饰品,弋仲帅印,-,
"69","荻花圣殿·前厅","10人普通",塔洛马蒂、姬无双,饰品,桐柏真人戒,-,
"69","荻花圣殿·前厅","10人普通",塔洛马蒂、姬无双,饰品,佛发环,-,
"69","荻花圣殿·前厅","10人普通",塔洛马蒂、姬无双,饰品,肴域坠,-,
"69","荻花圣殿·前厅","10人普通",塔洛马蒂、姬无双,饰品,熙国铁戒,-,
"69","荻花圣殿·前厅","10人普通",塔洛马蒂、姬无双,饰品,夙憾佩,-,
"69","荻花圣殿·前厅","10人普通",塔洛马蒂、姬无双,武器,玄谟命,-,
"69","荻花圣殿·前厅","10人普通",塔洛马蒂、姬无双,装备,元宗缠腰,-,
"69","荻花圣殿·前厅","10人普通",塔洛马蒂、姬无双,装备,晴婉束腰,-,
"69","荻花圣殿·前厅","10人普通",慕容追风,武器,随风花,-,
"69","荻花圣殿·前厅","10人普通",慕容追风,饰品,楚郊凤,-,
"69","荻花圣殿·前厅","10人普通",慕容追风,饰品,夙憾佩,-,
"69","荻花圣殿·前厅","10人普通",慕容追风,饰品,翔鸾振羽,-,
"69","荻花圣殿·前厅","10人普通",慕容追风,饰品,普曜坠,-,
"69","荻花圣殿·前厅","10人普通",慕容追风,武器,禹梦,-,
"69","荻花圣殿·前厅","10人普通",慕容追风,饰品,诋巫骨戒,-,
"69","荻花圣殿·前厅","10人普通",慕容追风,饰品,熙国铁戒,-,
"69","荻花圣殿·前厅","10人普通",慕容追风,饰品,肴域坠,-,
"69","荻花圣殿·前厅","10人普通",慕容追风,饰品,佛发环,-,
"69","荻花圣殿·前厅","10人普通",慕容追风,饰品,桐柏真人戒,-,
"69","荻花圣殿·前厅","10人普通",慕容追风,饰品,鲤庭玉坠,-,
"69","荻花圣殿·前厅","10人普通",慕容追风,武器,犀照牛渚,-,
"69","荻花圣殿·前厅","10人普通",慕容追风,饰品,萦灵青玉戒,-,
"69","荻花圣殿·前厅","10人普通",慕容追风,饰品,弋仲帅印,-,
"69","荻花圣殿·前厅","10人普通",慕容追风,武器,歧舌殁,-,
"69","荻花圣殿·前厅","10人普通",慕容追风,饰品,阳回指环,-,
"69","荻花圣殿·前厅","10人普通",慕容追风,饰品,赫连扳指,-,
"69","荻花圣殿·前厅","10人普通",慕容追风,饰品,抒诚戒,-,
"69","荻花圣殿·前厅","10人普通",慕容追风,饰品,缓决令,-,
"69","荻花圣殿·前厅","10人普通",慕容追风,武器,藏千怒,-,
"69","荻花圣殿·前厅","10人普通",慕容追风,饰品,高阳古戒,-,
"69","荻花圣殿·前厅","10人普通",慕容追风,饰品,少微隐士坠,-,
"69","荻花圣殿·前厅","10人普通",慕容追风,饰品,濛雨坠,-,
"69","荻花圣殿·前厅","10人普通",慕容追风,饰品,拂柳坠,-,
"69","荻花圣殿·前厅","10人普通",慕容追风,饰品,风休坠,-,
"69","荻花圣殿·前厅","10人普通",慕容追风,武器,托形立影,-,
"69","荻花圣殿·前厅","10人普通",慕容追风,武器,拔山志,-,
"69","荻花圣殿·前厅","10人普通",慕容追风,装备,上清紫宸袍,-,
"69","荻花圣殿·前厅","10人普通",慕容追风,装备,伯益云裳,-,
"69","荻花圣殿·前厅","10人普通",慕容追风,武器,仲蔚蒿,-,
"69","荻花圣殿·前厅","10人普通",慕容追风,装备,龙吟震天甲,-,
"69","荻花圣殿·前厅","10人普通",慕容追风,武器,长风义,-,
"69","荻花圣殿·前厅","10人普通",慕容追风,装备,瑶星维玉衫,-,
"69","荻花圣殿·前厅","10人普通",慕容追风,装备,葛玄道袍,-,
"69","荻花圣殿·前厅","10人普通",慕容追风,武器,惜园葵,-,
"69","荻花圣殿·前厅","10人普通",慕容追风,装备,虔肃袈裟,-,
"69","荻花圣殿·前厅","10人普通",慕容追风,装备,诅师祭袍,-,
"69","荻花圣殿·前厅","10人普通",慕容追风,装备,晓岚秋露衣,-,
"69","荻花圣殿·前厅","10人普通",慕容追风,装备,厉侯文则铠,-,
"69","荻花圣殿·前厅","10人普通",慕容追风,武器,东行月,-,
"69","荻花圣殿·前厅","10人普通",慕容追风,装备,躬化长衫,-,
"69","荻花圣殿·前厅","10人普通",慕容追风,装备,阿育王护胸,-,
"69","荻花圣殿·前厅","10人普通",慕容追风,武器,僧伽歌,-,
"69","荻花圣殿·前厅","10人普通",慕容追风,装备,冰厄劲装,-,
"69","荻花圣殿·前厅","10人普通",慕容追风,饰品,天澄坠,-,
"69","荻花圣殿·前厅","10人普通",慕容追风,饰品,丰城龙戒,-,
"69","荻花圣殿·前厅","10人普通",慕容追风,饰品,览冥玉戒,-,
"69","荻花圣殿·前厅","10人普通",慕容追风,武器,玄谟命,-,
"69","荻花圣殿·前厅","10人普通",慕容追风,饰品,龙马斗印,-,
"69","荻花圣殿·前厅","10人普通",慕容追风,饰品,珠泪戒,-,
"69","荻花圣殿·前厅","10人普通",慕容追风,装备,瑶池云裳,-,
"69","荻花圣殿·前厅","10人普通",蛮熊之力,饰品,鸿嗷,-,
"69","荻花圣殿·前厅","10人普通",蛮熊之力,装备,参天履,-,
"69","荻花圣殿·前厅","10人普通",蛮熊之力,饰品,珠泪戒,-,
"69","荻花圣殿·前厅","10人普通",蛮熊之力,武器,禹梦,-,
"69","荻花圣殿·前厅","10人普通",蛮熊之力,饰品,诋巫骨戒,-,
"69","荻花圣殿·前厅","10人普通",蛮熊之力,装备,纡紫桂屐,-,
"69","荻花圣殿·前厅","10人普通",蛮熊之力,饰品,熙国铁戒,-,
"69","荻花圣殿·前厅","10人普通",蛮熊之力,装备,竦戎重靴,-,
"69","荻花圣殿·前厅","10人普通",蛮熊之力,饰品,鼎族项饰,-,
"69","荻花圣殿·前厅","10人普通",蛮熊之力,饰品,风扶垂珠,-,
"69","荻花圣殿·前厅","10人普通",蛮熊之力,饰品,佛发环,-,
"69","荻花圣殿·前厅","10人普通",蛮熊之力,武器,歧舌殁,-,
"69","荻花圣殿·前厅","10人普通",蛮熊之力,武器,犀照牛渚,-,
"69","荻花圣殿·前厅","10人普通",蛮熊之力,饰品,桐柏真人戒,-,
"69","荻花圣殿·前厅","10人普通",蛮熊之力,饰品,追风血链,-,
"69","荻花圣殿·前厅","10人普通",蛮熊之力,饰品,僧璨正法链,-,
"69","荻花圣殿·前厅","10人普通",蛮熊之力,装备,沧世风行,-,
"69","荻花圣殿·前厅","10人普通",蛮熊之力,装备,苻洪战靴,-,
"69","荻花圣殿·前厅","10人普通",蛮熊之力,饰品,览冥玉戒,-,
"69","荻花圣殿·前厅","10人普通",蛮熊之力,装备,兆蒙履,-,
"69","荻花圣殿·前厅","10人普通",蛮熊之力,饰品,景星紫气链,-,
"69","荻花圣殿·前厅","10人普通",蛮熊之力,饰品,赫连扳指,-,
"69","荻花圣殿·前厅","10人普通",蛮熊之力,武器,藏千怒,-,
"69","荻花圣殿·前厅","10人普通",蛮熊之力,饰品,抒诚戒,-,
"69","荻花圣殿·前厅","10人普通",蛮熊之力,饰品,雍塞护颈,-,
"69","荻花圣殿·前厅","10人普通",蛮熊之力,饰品,丰城龙戒,-,
"69","荻花圣殿·前厅","10人普通",蛮熊之力,饰品,高阳古戒,-,
"69","荻花圣殿·前厅","10人普通",蛮熊之力,饰品,龟龙日月链,-,
"69","荻花圣殿·前厅","10人普通",蛮熊之力,饰品,金屏链,-,
"69","荻花圣殿·前厅","10人普通",蛮熊之力,装备,孤峰独行,-,
"69","荻花圣殿·前厅","10人普通",蛮熊之力,武器,拔山志,-,
"69","荻花圣殿·前厅","10人普通",蛮熊之力,武器,托形立影,-,
"69","荻花圣殿·前厅","10人普通",蛮熊之力,武器,仲蔚蒿,-,
"69","荻花圣殿·前厅","10人普通",蛮熊之力,武器,东行月,-,
"69","荻花圣殿·前厅","10人普通",蛮熊之力,武器,惜园葵,-,
"69","荻花圣殿·前厅","10人普通",蛮熊之力,武器,长风义,-,
"69","荻花圣殿·前厅","10人普通",蛮熊之力,装备,百载降真履,-,
"69","荻花圣殿·前厅","10人普通",蛮熊之力,装备,祝良紫云踏,-,
"69","荻花圣殿·前厅","10人普通",蛮熊之力,装备,彦深履,-,
"69","荻花圣殿·前厅","10人普通",蛮熊之力,武器,僧伽歌,-,
"69","荻花圣殿·前厅","10人普通",蛮熊之力,武器,随风花,-,
"69","荻花圣殿·前厅","10人普通",蛮熊之力,武器,玄谟命,-,
"69","荻花圣殿·前厅","10人普通",蛮熊之力,饰品,典韦血链,-,
"69","荻花圣殿·前厅","10人普通",蛮熊之力,饰品,佛骨谏,-,
"69","荻花圣殿·前厅","10人普通",蛮熊之力,饰品,阳回指环,-,
"69","荻花圣殿·前厅","10人普通",蛮熊之力,饰品,萦灵青玉戒,-,
"69","荻花圣殿·前厅","10人普通",蛮熊之力,装备,愁魂丝履,-,
"69","荻花圣殿·前厅","10人普通",蛮熊之力,饰品,星重辉,-,
"69","荻花圣殿·前厅","10人普通",蛮熊之力,饰品,三径项链,-,
"69","荻花圣殿·前厅","10人普通",蛮熊之力,装备,释皈靴,-,
"69","荻花圣殿·前厅","10人普通",蛮熊之力,饰品,楚郊凤,-,
"69","荻花圣殿·前厅","10人普通",蛮熊之力,装备,知路长靴,-,
"69","荻花圣殿·前厅","10人普通",贪狼之牙,武器,玄谟命,-,
"69","荻花圣殿·前厅","10人普通",贪狼之牙,饰品,珠泪戒,-,
"69","荻花圣殿·前厅","10人普通",贪狼之牙,饰品,夙憾佩,-,
"69","荻花圣殿·前厅","10人普通",贪狼之牙,饰品,普曜坠,-,
"69","荻花圣殿·前厅","10人普通",贪狼之牙,饰品,龙马斗印,-,
"69","荻花圣殿·前厅","10人普通",贪狼之牙,武器,随风花,-,
"69","荻花圣殿·前厅","10人普通",贪狼之牙,饰品,诋巫骨戒,-,
"69","荻花圣殿·前厅","10人普通",贪狼之牙,饰品,熙国铁戒,-,
"69","荻花圣殿·前厅","10人普通",贪狼之牙,武器,禹梦,-,
"69","荻花圣殿·前厅","10人普通",贪狼之牙,饰品,桐柏真人戒,-,
"69","荻花圣殿·前厅","10人普通",贪狼之牙,饰品,览冥玉戒,-,
"69","荻花圣殿·前厅","10人普通",贪狼之牙,饰品,弋仲帅印,-,
"69","荻花圣殿·前厅","10人普通",贪狼之牙,武器,犀照牛渚,-,
"69","荻花圣殿·前厅","10人普通",贪狼之牙,饰品,阳回指环,-,
"69","荻花圣殿·前厅","10人普通",贪狼之牙,饰品,抒诚戒,-,
"69","荻花圣殿·前厅","10人普通",贪狼之牙,武器,歧舌殁,-,
"69","荻花圣殿·前厅","10人普通",贪狼之牙,饰品,丰城龙戒,-,
"69","荻花圣殿·前厅","10人普通",贪狼之牙,装备,芳庭白眉,-,
"69","荻花圣殿·前厅","10人普通",贪狼之牙,饰品,高阳古戒,-,
"69","荻花圣殿·前厅","10人普通",贪狼之牙,装备,归义王冠,-,
"69","荻花圣殿·前厅","10人普通",贪狼之牙,饰品,少微隐士坠,-,
"69","荻花圣殿·前厅","10人普通",贪狼之牙,武器,藏千怒,-,
"69","荻花圣殿·前厅","10人普通",贪狼之牙,饰品,天澄坠,-,
"69","荻花圣殿·前厅","10人普通",贪狼之牙,饰品,濛雨坠,-,
"69","荻花圣殿·前厅","10人普通",贪狼之牙,装备,厌火皮帽,-,
"69","荻花圣殿·前厅","10人普通",贪狼之牙,装备,伏生古冠,-,
"69","荻花圣殿·前厅","10人普通",贪狼之牙,武器,托形立影,-,
"69","荻花圣殿·前厅","10人普通",贪狼之牙,装备,戒杀金环,-,
"69","荻花圣殿·前厅","10人普通",贪狼之牙,装备,豹眼战盔,-,
"69","荻花圣殿·前厅","10人普通",贪狼之牙,装备,青陵吟,-,
"69","荻花圣殿·前厅","10人普通",贪狼之牙,武器,拔山志,-,
"69","荻花圣殿·前厅","10人普通",贪狼之牙,武器,仲蔚蒿,-,
"69","荻花圣殿·前厅","10人普通",贪狼之牙,装备,碧潭方瞳,-,
"69","荻花圣殿·前厅","10人普通",贪狼之牙,装备,歆尝帽,-,
"69","荻花圣殿·前厅","10人普通",贪狼之牙,装备,优填王冠,-,
"69","荻花圣殿·前厅","10人普通",贪狼之牙,武器,长风义,-,
"69","荻花圣殿·前厅","10人普通",贪狼之牙,武器,惜园葵,-,
"69","荻花圣殿·前厅","10人普通",贪狼之牙,武器,东行月,-,
"69","荻花圣殿·前厅","10人普通",贪狼之牙,装备,明绚珠钗,-,
"69","荻花圣殿·前厅","10人普通",贪狼之牙,装备,绝岩真皇冠,-,
"69","荻花圣殿·前厅","10人普通",贪狼之牙,武器,僧伽歌,-,
"69","荻花圣殿·前厅","10人普通",贪狼之牙,装备,五千言,-,
"69","荻花圣殿·前厅","10人普通",贪狼之牙,饰品,风休坠,-,
"69","荻花圣殿·前厅","10人普通",贪狼之牙,饰品,拂柳坠,-,
"69","荻花圣殿·前厅","10人普通",贪狼之牙,饰品,缓决令,-,
"69","荻花圣殿·前厅","10人普通",贪狼之牙,饰品,赫连扳指,-,
"69","荻花圣殿·前厅","10人普通",贪狼之牙,饰品,萦灵青玉戒,-,
"69","荻花圣殿·前厅","10人普通",贪狼之牙,饰品,鲤庭玉坠,-,
"69","荻花圣殿·前厅","10人普通",贪狼之牙,饰品,佛发环,-,
"69","荻花圣殿·前厅","10人普通",贪狼之牙,饰品,肴域坠,-,
"69","荻花圣殿·前厅","10人普通",贪狼之牙,饰品,翔鸾振羽,-,
"69","荻花圣殿·前厅","10人普通",贪狼之牙,饰品,楚郊凤,-,
"69","荻花圣殿·前厅","10人普通",飞猿之影、镰鼬之影,饰品,楚郊凤,-,
"69","荻花圣殿·前厅","10人普通",飞猿之影、镰鼬之影,武器,禹梦,-,
"69","荻花圣殿·前厅","10人普通",飞猿之影、镰鼬之影,饰品,珠泪戒,-,
"69","荻花圣殿·前厅","10人普通",飞猿之影、镰鼬之影,饰品,诋巫骨戒,-,
"69","荻花圣殿·前厅","10人普通",飞猿之影、镰鼬之影,武器,歧舌殁,-,
"69","荻花圣殿·前厅","10人普通",飞猿之影、镰鼬之影,饰品,鼎族项饰,-,
"69","荻花圣殿·前厅","10人普通",飞猿之影、镰鼬之影,饰品,星重辉,-,
"69","荻花圣殿·前厅","10人普通",飞猿之影、镰鼬之影,武器,犀照牛渚,-,
"69","荻花圣殿·前厅","10人普通",飞猿之影、镰鼬之影,饰品,佛发环,-,
"69","荻花圣殿·前厅","10人普通",飞猿之影、镰鼬之影,饰品,追风血链,-,
"69","荻花圣殿·前厅","10人普通",飞猿之影、镰鼬之影,饰品,览冥玉戒,-,
"69","荻花圣殿·前厅","10人普通",飞猿之影、镰鼬之影,饰品,阳回指环,-,
"69","荻花圣殿·前厅","10人普通",飞猿之影、镰鼬之影,饰品,佛骨谏,-,
"69","荻花圣殿·前厅","10人普通",飞猿之影、镰鼬之影,武器,藏千怒,-,
"69","荻花圣殿·前厅","10人普通",飞猿之影、镰鼬之影,饰品,赫连扳指,-,
"69","荻花圣殿·前厅","10人普通",飞猿之影、镰鼬之影,饰品,雍塞护颈,-,
"69","荻花圣殿·前厅","10人普通",飞猿之影、镰鼬之影,饰品,高阳古戒,-,
"69","荻花圣殿·前厅","10人普通",飞猿之影、镰鼬之影,饰品,典韦血链,-,
"69","荻花圣殿·前厅","10人普通",飞猿之影、镰鼬之影,武器,拔山志,-,
"69","荻花圣殿·前厅","10人普通",飞猿之影、镰鼬之影,饰品,金屏链,-,
"69","荻花圣殿·前厅","10人普通",飞猿之影、镰鼬之影,武器,托形立影,-,
"69","荻花圣殿·前厅","10人普通",飞猿之影、镰鼬之影,装备,砺山琉璃裤,-,
"69","荻花圣殿·前厅","10人普通",飞猿之影、镰鼬之影,装备,策厉腿甲,-,
"69","荻花圣殿·前厅","10人普通",飞猿之影、镰鼬之影,武器,仲蔚蒿,-,
"69","荻花圣殿·前厅","10人普通",飞猿之影、镰鼬之影,武器,东行月,-,
"69","荻花圣殿·前厅","10人普通",飞猿之影、镰鼬之影,装备,吴猛长裤,-,
"69","荻花圣殿·前厅","10人普通",飞猿之影、镰鼬之影,装备,宽绰长裤,-,
"69","荻花圣殿·前厅","10人普通",飞猿之影、镰鼬之影,武器,惜园葵,-,
"69","荻花圣殿·前厅","10人普通",飞猿之影、镰鼬之影,装备,异傀绑腿,-,
"69","荻花圣殿·前厅","10人普通",飞猿之影、镰鼬之影,装备,激迫腿甲,-,
"69","荻花圣殿·前厅","10人普通",飞猿之影、镰鼬之影,武器,长风义,-,
"69","荻花圣殿·前厅","10人普通",飞猿之影、镰鼬之影,装备,重赎敕戒裤,-,
"69","荻花圣殿·前厅","10人普通",飞猿之影、镰鼬之影,装备,服善锦裤,-,
"69","荻花圣殿·前厅","10人普通",飞猿之影、镰鼬之影,武器,僧伽歌,-,
"69","荻花圣殿·前厅","10人普通",飞猿之影、镰鼬之影,装备,善道贤者裾,-,
"69","荻花圣殿·前厅","10人普通",飞猿之影、镰鼬之影,装备,纵囚黑裤,-,
"69","荻花圣殿·前厅","10人普通",飞猿之影、镰鼬之影,装备,野葛裤,-,
"69","荻花圣殿·前厅","10人普通",飞猿之影、镰鼬之影,装备,鸠罗忍甲,-,
"69","荻花圣殿·前厅","10人普通",飞猿之影、镰鼬之影,武器,随风花,-,
"69","荻花圣殿·前厅","10人普通",飞猿之影、镰鼬之影,武器,玄谟命,-,
"69","荻花圣殿·前厅","10人普通",飞猿之影、镰鼬之影,饰品,龟龙日月链,-,
"69","荻花圣殿·前厅","10人普通",飞猿之影、镰鼬之影,饰品,丰城龙戒,-,
"69","荻花圣殿·前厅","10人普通",飞猿之影、镰鼬之影,饰品,抒诚戒,-,
"69","荻花圣殿·前厅","10人普通",飞猿之影、镰鼬之影,饰品,景星紫气链,-,
"69","荻花圣殿·前厅","10人普通",飞猿之影、镰鼬之影,饰品,萦灵青玉戒,-,
"69","荻花圣殿·前厅","10人普通",飞猿之影、镰鼬之影,饰品,僧璨正法链,-,
"69","荻花圣殿·前厅","10人普通",飞猿之影、镰鼬之影,饰品,桐柏真人戒,-,
"69","荻花圣殿·前厅","10人普通",飞猿之影、镰鼬之影,饰品,风扶垂珠,-,
"69","荻花圣殿·前厅","10人普通",飞猿之影、镰鼬之影,饰品,熙国铁戒,-,
"69","荻花圣殿·前厅","10人普通",飞猿之影、镰鼬之影,饰品,三径项链,-,
"69","荻花圣殿·前厅","10人普通",飞猿之影、镰鼬之影,饰品,鸿嗷,-,
"69","荻花圣殿·前厅","10人普通",飞猿之影、镰鼬之影,装备,章震玄裳,-,
"72","荻花圣殿·前厅","25人英雄",牡丹宝箱2,装备,白鲨束腕,-,
"72","荻花圣殿·前厅","25人英雄",牡丹宝箱4,装备,白鲨束腕,-,
"72","荻花圣殿·前厅","25人英雄",牡丹,装备,毗尼护臂,-,
"72","荻花圣殿·前厅","25人英雄",牡丹宝箱3,装备,毗尼护臂,-,
"72","荻花圣殿·前厅","25人英雄",牡丹宝箱5,装备,毗尼护臂,-,
"72","荻花圣殿·前厅","25人英雄",牡丹宝箱2,装备,微雾彩袖,-,
"72","荻花圣殿·前厅","25人英雄",牡丹宝箱4,装备,微雾彩袖,-,
"72","荻花圣殿·前厅","25人英雄",牡丹,装备,袭明护手,-,
"72","荻花圣殿·前厅","25人英雄",牡丹宝箱3,装备,袭明护手,-,
"72","荻花圣殿·前厅","25人英雄",牡丹宝箱5,装备,袭明护手,-,
"72","荻花圣殿·前厅","25人英雄",牡丹宝箱2,装备,玑贝腕饰,-,
"72","荻花圣殿·前厅","25人英雄",牡丹宝箱4,装备,玑贝腕饰,-,
"72","荻花圣殿·前厅","25人英雄",牡丹,装备,流激千寻袖,-,
"72","荻花圣殿·前厅","25人英雄",牡丹宝箱3,装备,流激千寻袖,-,
"72","荻花圣殿·前厅","25人英雄",牡丹宝箱5,装备,流激千寻袖,-,
"72","荻花圣殿·前厅","25人英雄",牡丹宝箱2,装备,驭邦臂甲,-,
"72","荻花圣殿·前厅","25人英雄",牡丹宝箱4,装备,驭邦臂甲,-,
"72","荻花圣殿·前厅","25人英雄",牡丹,装备,韶钟红袖,-,
"72","荻花圣殿·前厅","25人英雄",牡丹宝箱3,装备,韶钟红袖,-,
"72","荻花圣殿·前厅","25人英雄",牡丹宝箱5,装备,韶钟红袖,-,
"72","荻花圣殿·前厅","25人英雄",牡丹宝箱2,装备,暮迟握,-,
"72","荻花圣殿·前厅","25人英雄",牡丹宝箱2,装备,铁轮佛陀腕,-,
"72","荻花圣殿·前厅","25人英雄",牡丹,装备,沐昭束腕,-,
"72","荻花圣殿·前厅","25人英雄",牡丹宝箱5,装备,沐昭束腕,-,
"72","荻花圣殿·前厅","25人英雄",牡丹宝箱3,装备,朔客钢腕,-,
"72","荻花圣殿·前厅","25人英雄",牡丹宝箱2,装备,濯缨袖,-,
"72","荻花圣殿·前厅","25人英雄",牡丹宝箱3,饰品,颇辞链,-,
"72","荻花圣殿·前厅","25人英雄",牡丹宝箱1,饰品,商山芝,-,
"72","荻花圣殿·前厅","25人英雄",牡丹,饰品,歌芝栖,-,
"72","荻花圣殿·前厅","25人英雄",牡丹宝箱2,饰品,鹭涛链,-,
"72","荻花圣殿·前厅","25人英雄",牡丹宝箱2,饰品,斩尸者护颈,-,
"72","荻花圣殿·前厅","25人英雄",牡丹宝箱4,饰品,三藐三佛,-,
"72","荻花圣殿·前厅","25人英雄",牡丹宝箱2,饰品,霄琅石,-,
"72","荻花圣殿·前厅","25人英雄",牡丹宝箱4,饰品,淹明围颈,-,
"72","荻花圣殿·前厅","25人英雄",牡丹宝箱1,饰品,燕颔虎颈,-,
"72","荻花圣殿·前厅","25人英雄",牡丹宝箱3,饰品,苏峻功,-,
"72","荻花圣殿·前厅","25人英雄",牡丹宝箱1,饰品,百璎链,-,
"72","荻花圣殿·前厅","25人英雄",牡丹宝箱4,饰品,颇辞链,-,
"72","荻花圣殿·前厅","25人英雄",牡丹宝箱2,饰品,商山芝,-,
"72","荻花圣殿·前厅","25人英雄",牡丹宝箱1,饰品,歌芝栖,-,
"72","荻花圣殿·前厅","25人英雄",牡丹宝箱3,饰品,斩尸者护颈,-,
"72","荻花圣殿·前厅","25人英雄",牡丹宝箱5,饰品,三藐三佛,-,
"72","荻花圣殿·前厅","25人英雄",牡丹宝箱3,饰品,霄琅石,-,
"72","荻花圣殿·前厅","25人英雄",牡丹宝箱5,饰品,淹明围颈,-,
"72","荻花圣殿·前厅","25人英雄",牡丹宝箱2,饰品,燕颔虎颈,-,
"72","荻花圣殿·前厅","25人英雄",牡丹,饰品,青龙伏气链,-,
"72","荻花圣殿·前厅","25人英雄",牡丹宝箱4,饰品,苏峻功,-,
"72","荻花圣殿·前厅","25人英雄",牡丹宝箱2,饰品,百璎链,-,
"72","荻花圣殿·前厅","25人英雄",牡丹宝箱3,装备,铁轮佛陀腕,-,
"72","荻花圣殿·前厅","25人英雄",牡丹宝箱2,装备,沐昭束腕,-,
"72","荻花圣殿·前厅","25人英雄",牡丹宝箱3,装备,濯缨袖,-,
"72","荻花圣殿·前厅","25人英雄",牡丹宝箱5,饰品,颇辞链,-,
"72","荻花圣殿·前厅","25人英雄",牡丹宝箱3,饰品,商山芝,-,
"72","荻花圣殿·前厅","25人英雄",牡丹宝箱2,饰品,歌芝栖,-,
"72","荻花圣殿·前厅","25人英雄",牡丹宝箱1,饰品,青龙伏气链,-,
"72","荻花圣殿·前厅","25人英雄",牡丹宝箱5,饰品,苏峻功,-,
"72","荻花圣殿·前厅","25人英雄",牡丹,武器,锁骨钉·云,-,
"72","荻花圣殿·前厅","25人英雄",牡丹,武器,锁骨钉·林,-,
"72","荻花圣殿·前厅","25人英雄",牡丹,武器,锁骨钉·霜,-,
"72","荻花圣殿·前厅","25人英雄",牡丹,武器,锁骨钉·柳,-,
"72","荻花圣殿·前厅","25人英雄",牡丹,武器,锁骨钉·秀,-,
"72","荻花圣殿·前厅","25人英雄",牡丹,武器,锁骨钉·桦,-,
"72","荻花圣殿·前厅","25人英雄",牡丹,武器,锁骨钉·梅,-,
"72","荻花圣殿·前厅","25人英雄",牡丹,武器,锁骨钉·蛊,-,
"72","荻花圣殿·前厅","25人英雄",牡丹,武器,锁骨钉·岳,-,
"72","荻花圣殿·前厅","25人英雄",牡丹,武器,锁骨钉·栖,-,
"72","荻花圣殿·前厅","25人英雄",牡丹,武器,锁骨钉·息,-,
"72","荻花圣殿·前厅","25人英雄",牡丹,武器,锁骨钉·净,-,
"72","荻花圣殿·前厅","25人英雄",牡丹,武器,锁骨钉·愈,-,
"72","荻花圣殿·前厅","25人英雄",牡丹,武器,晞露,-,
"72","荻花圣殿·前厅","25人英雄",牡丹宝箱3,武器,晞露,-,
"72","荻花圣殿·前厅","25人英雄",牡丹宝箱4,武器,晞露,-,
"72","荻花圣殿·前厅","25人英雄",牡丹宝箱5,武器,晞露,-,
"72","荻花圣殿·前厅","25人英雄",牡丹,武器,飞白掩星,-,
"72","荻花圣殿·前厅","25人英雄",牡丹宝箱3,武器,飞白掩星,-,
"72","荻花圣殿·前厅","25人英雄",牡丹宝箱4,武器,飞白掩星,-,
"72","荻花圣殿·前厅","25人英雄",牡丹宝箱5,武器,飞白掩星,-,
"72","荻花圣殿·前厅","25人英雄",牡丹,武器,匿百怨,-,
"72","荻花圣殿·前厅","25人英雄",牡丹宝箱3,武器,匿百怨,-,
"72","荻花圣殿·前厅","25人英雄",牡丹宝箱4,武器,匿百怨,-,
"72","荻花圣殿·前厅","25人英雄",牡丹宝箱5,武器,匿百怨,-,
"72","荻花圣殿·前厅","25人英雄",牡丹,武器,羸师策,-,
"72","荻花圣殿·前厅","25人英雄",牡丹宝箱3,武器,羸师策,-,
"72","荻花圣殿·前厅","25人英雄",牡丹宝箱4,武器,羸师策,-,
"72","荻花圣殿·前厅","25人英雄",牡丹宝箱5,武器,羸师策,-,
"72","荻花圣殿·前厅","25人英雄",牡丹,武器,破阵乐,-,
"72","荻花圣殿·前厅","25人英雄",牡丹宝箱3,武器,破阵乐,-,
"72","荻花圣殿·前厅","25人英雄",牡丹宝箱4,武器,破阵乐,-,
"72","荻花圣殿·前厅","25人英雄",牡丹宝箱5,武器,破阵乐,-,
"72","荻花圣殿·前厅","25人英雄",牡丹,武器,疑情识锁,-,
"72","荻花圣殿·前厅","25人英雄",牡丹宝箱3,武器,疑情识锁,-,
"72","荻花圣殿·前厅","25人英雄",牡丹宝箱4,武器,疑情识锁,-,
"72","荻花圣殿·前厅","25人英雄",牡丹宝箱5,武器,疑情识锁,-,
"72","荻花圣殿·前厅","25人英雄",牡丹,武器,蕴魔着相,-,
"72","荻花圣殿·前厅","25人英雄",牡丹宝箱3,武器,蕴魔着相,-,
"72","荻花圣殿·前厅","25人英雄",牡丹宝箱4,武器,蕴魔着相,-,
"72","荻花圣殿·前厅","25人英雄",牡丹宝箱5,武器,蕴魔着相,-,
"72","荻花圣殿·前厅","25人英雄",牡丹,武器,十里留香,-,
"72","荻花圣殿·前厅","25人英雄",牡丹宝箱3,武器,十里留香,-,
"72","荻花圣殿·前厅","25人英雄",牡丹宝箱4,武器,十里留香,-,
"72","荻花圣殿·前厅","25人英雄",牡丹宝箱5,武器,十里留香,-,
"72","荻花圣殿·前厅","25人英雄",牡丹,武器,顺命,-,
"72","荻花圣殿·前厅","25人英雄",牡丹宝箱3,武器,顺命,-,
"72","荻花圣殿·前厅","25人英雄",牡丹宝箱4,武器,顺命,-,
"72","荻花圣殿·前厅","25人英雄",牡丹宝箱5,武器,顺命,-,
"72","荻花圣殿·前厅","25人英雄",牡丹,武器,冯跋怒,-,
"72","荻花圣殿·前厅","25人英雄",牡丹宝箱3,武器,冯跋怒,-,
"72","荻花圣殿·前厅","25人英雄",牡丹宝箱4,武器,冯跋怒,-,
"72","荻花圣殿·前厅","25人英雄",牡丹宝箱5,武器,冯跋怒,-,
"72","荻花圣殿·前厅","25人英雄",牡丹,武器,制煞,-,
"72","荻花圣殿·前厅","25人英雄",牡丹宝箱3,武器,制煞,-,
"72","荻花圣殿·前厅","25人英雄",牡丹宝箱4,武器,制煞,-,
"72","荻花圣殿·前厅","25人英雄",牡丹宝箱5,武器,制煞,-,
"72","荻花圣殿·前厅","25人英雄",牡丹,武器,舜琴桐音,-,
"72","荻花圣殿·前厅","25人英雄",牡丹宝箱3,武器,舜琴桐音,-,
"72","荻花圣殿·前厅","25人英雄",牡丹宝箱4,武器,舜琴桐音,-,
"72","荻花圣殿·前厅","25人英雄",牡丹宝箱5,武器,舜琴桐音,-,
"72","荻花圣殿·前厅","25人英雄",牡丹,武器,刺臂盟,-,
"72","荻花圣殿·前厅","25人英雄",牡丹宝箱3,武器,刺臂盟,-,
"72","荻花圣殿·前厅","25人英雄",牡丹宝箱4,武器,刺臂盟,-,
"72","荻花圣殿·前厅","25人英雄",牡丹宝箱5,武器,刺臂盟,-,
"72","荻花圣殿·前厅","25人英雄",牡丹,装备,白鲨束腕,-,
"72","荻花圣殿·前厅","25人英雄",牡丹宝箱3,装备,白鲨束腕,-,
"72","荻花圣殿·前厅","25人英雄",牡丹宝箱5,装备,白鲨束腕,-,
"72","荻花圣殿·前厅","25人英雄",牡丹宝箱2,装备,毗尼护臂,-,
"72","荻花圣殿·前厅","25人英雄",牡丹宝箱4,装备,毗尼护臂,-,
"72","荻花圣殿·前厅","25人英雄",牡丹,装备,微雾彩袖,-,
"72","荻花圣殿·前厅","25人英雄",牡丹宝箱3,装备,微雾彩袖,-,
"72","荻花圣殿·前厅","25人英雄",牡丹宝箱5,装备,微雾彩袖,-,
"72","荻花圣殿·前厅","25人英雄",牡丹宝箱2,装备,袭明护手,-,
"72","荻花圣殿·前厅","25人英雄",牡丹宝箱4,装备,袭明护手,-,
"72","荻花圣殿·前厅","25人英雄",牡丹,装备,玑贝腕饰,-,
"72","荻花圣殿·前厅","25人英雄",牡丹宝箱3,装备,玑贝腕饰,-,
"72","荻花圣殿·前厅","25人英雄",牡丹宝箱5,装备,玑贝腕饰,-,
"72","荻花圣殿·前厅","25人英雄",牡丹宝箱2,装备,流激千寻袖,-,
"72","荻花圣殿·前厅","25人英雄",牡丹宝箱4,装备,流激千寻袖,-,
"72","荻花圣殿·前厅","25人英雄",牡丹,装备,驭邦臂甲,-,
"72","荻花圣殿·前厅","25人英雄",牡丹宝箱3,装备,驭邦臂甲,-,
"72","荻花圣殿·前厅","25人英雄",牡丹宝箱5,装备,驭邦臂甲,-,
"72","荻花圣殿·前厅","25人英雄",牡丹宝箱2,装备,韶钟红袖,-,
"72","荻花圣殿·前厅","25人英雄",牡丹宝箱4,装备,韶钟红袖,-,
"72","荻花圣殿·前厅","25人英雄",牡丹,装备,暮迟握,-,
"72","荻花圣殿·前厅","25人英雄",牡丹宝箱3,装备,暮迟握,-,
"72","荻花圣殿·前厅","25人英雄",牡丹宝箱5,装备,暮迟握,-,
"72","荻花圣殿·前厅","25人英雄",牡丹宝箱4,装备,铁轮佛陀腕,-,
"72","荻花圣殿·前厅","25人英雄",牡丹宝箱3,装备,沐昭束腕,-,
"72","荻花圣殿·前厅","25人英雄",牡丹,装备,朔客钢腕,-,
"72","荻花圣殿·前厅","25人英雄",牡丹宝箱5,装备,朔客钢腕,-,
"72","荻花圣殿·前厅","25人英雄",牡丹宝箱4,装备,濯缨袖,-,
"72","荻花圣殿·前厅","25人英雄",牡丹宝箱5,饰品,商山芝,-,
"72","荻花圣殿·前厅","25人英雄",牡丹宝箱2,饰品,孚释项链,-,
"72","荻花圣殿·前厅","25人英雄",牡丹宝箱4,饰品,歌芝栖,-,
"72","荻花圣殿·前厅","25人英雄",牡丹,饰品,三藐三佛,-,
"72","荻花圣殿·前厅","25人英雄",牡丹,饰品,淹明围颈,-,
"72","荻花圣殿·前厅","25人英雄",牡丹宝箱5,饰品,燕颔虎颈,-,
"72","荻花圣殿·前厅","25人英雄",牡丹宝箱3,饰品,青龙伏气链,-,
"72","荻花圣殿·前厅","25人英雄",牡丹宝箱5,饰品,百璎链,-,
"72","荻花圣殿·前厅","25人英雄",牡丹,饰品,颇辞链,-,
"72","荻花圣殿·前厅","25人英雄",牡丹宝箱3,饰品,孚释项链,-,
"72","荻花圣殿·前厅","25人英雄",牡丹宝箱5,饰品,歌芝栖,-,
"72","荻花圣殿·前厅","25人英雄",牡丹宝箱1,饰品,三藐三佛,-,
"72","荻花圣殿·前厅","25人英雄",牡丹宝箱1,饰品,淹明围颈,-,
"72","荻花圣殿·前厅","25人英雄",牡丹宝箱4,饰品,青龙伏气链,-,
"72","荻花圣殿·前厅","25人英雄",牡丹,饰品,苏峻功,-,
"72","荻花圣殿·前厅","25人英雄",牡丹,装备,铁轮佛陀腕,-,
"72","荻花圣殿·前厅","25人英雄",牡丹宝箱5,装备,铁轮佛陀腕,-,
"72","荻花圣殿·前厅","25人英雄",牡丹宝箱4,装备,沐昭束腕,-,
"72","荻花圣殿·前厅","25人英雄",牡丹宝箱2,装备,朔客钢腕,-,
"72","荻花圣殿·前厅","25人英雄",牡丹,装备,濯缨袖,-,
"72","荻花圣殿·前厅","25人英雄",牡丹宝箱5,装备,濯缨袖,-,
"72","荻花圣殿·前厅","25人英雄",牡丹宝箱1,饰品,颇辞链,-,
"72","荻花圣殿·前厅","25人英雄",牡丹宝箱4,饰品,孚释项链,-,
"72","荻花圣殿·前厅","25人英雄",牡丹,饰品,鹭涛链,-,
"72","荻花圣殿·前厅","25人英雄",牡丹,饰品,斩尸者护颈,-,
"72","荻花圣殿·前厅","25人英雄",牡丹宝箱2,饰品,三藐三佛,-,
"72","荻花圣殿·前厅","25人英雄",牡丹,饰品,霄琅石,-,
"72","荻花圣殿·前厅","25人英雄",牡丹宝箱2,饰品,淹明围颈,-,
"72","荻花圣殿·前厅","25人英雄",牡丹宝箱5,饰品,青龙伏气链,-,
"72","荻花圣殿·前厅","25人英雄",牡丹宝箱1,饰品,苏峻功,-,
"72","荻花圣殿·前厅","25人英雄",牡丹宝箱4,饰品,百璎链,-,
"72","荻花圣殿·前厅","25人英雄",牡丹宝箱3,饰品,百璎链,-,
"72","荻花圣殿·前厅","25人英雄",牡丹,饰品,百璎链,-,
"72","荻花圣殿·前厅","25人英雄",牡丹宝箱2,饰品,苏峻功,-,
"72","荻花圣殿·前厅","25人英雄",牡丹宝箱2,饰品,青龙伏气链,-,
"72","荻花圣殿·前厅","25人英雄",牡丹宝箱4,饰品,燕颔虎颈,-,
"72","荻花圣殿·前厅","25人英雄",牡丹宝箱3,饰品,燕颔虎颈,-,
"72","荻花圣殿·前厅","25人英雄",牡丹,饰品,燕颔虎颈,-,
"72","荻花圣殿·前厅","25人英雄",牡丹宝箱3,饰品,淹明围颈,-,
"72","荻花圣殿·前厅","25人英雄",牡丹宝箱5,饰品,霄琅石,-,
"72","荻花圣殿·前厅","25人英雄",牡丹宝箱4,饰品,霄琅石,-,
"72","荻花圣殿·前厅","25人英雄",牡丹宝箱1,饰品,霄琅石,-,
"72","荻花圣殿·前厅","25人英雄",牡丹宝箱3,饰品,三藐三佛,-,
"72","荻花圣殿·前厅","25人英雄",牡丹宝箱5,饰品,斩尸者护颈,-,
"72","荻花圣殿·前厅","25人英雄",牡丹宝箱4,饰品,斩尸者护颈,-,
"72","荻花圣殿·前厅","25人英雄",牡丹宝箱1,饰品,斩尸者护颈,-,
"72","荻花圣殿·前厅","25人英雄",牡丹宝箱5,饰品,鹭涛链,-,
"72","荻花圣殿·前厅","25人英雄",牡丹宝箱4,饰品,鹭涛链,-,
"72","荻花圣殿·前厅","25人英雄",牡丹宝箱3,饰品,鹭涛链,-,
"72","荻花圣殿·前厅","25人英雄",牡丹宝箱1,饰品,鹭涛链,-,
"72","荻花圣殿·前厅","25人英雄",牡丹宝箱3,饰品,歌芝栖,-,
"72","荻花圣殿·前厅","25人英雄",牡丹宝箱5,饰品,孚释项链,-,
"72","荻花圣殿·前厅","25人英雄",牡丹宝箱1,饰品,孚释项链,-,
"72","荻花圣殿·前厅","25人英雄",牡丹,饰品,孚释项链,-,
"72","荻花圣殿·前厅","25人英雄",牡丹宝箱4,饰品,商山芝,-,
"72","荻花圣殿·前厅","25人英雄",牡丹,饰品,商山芝,-,
"72","荻花圣殿·前厅","25人英雄",牡丹宝箱2,饰品,颇辞链,-,
"72","荻花圣殿·前厅","25人英雄",牡丹宝箱4,装备,朔客钢腕,-,
"72","荻花圣殿·前厅","25人英雄",牡丹宝箱4,装备,暮迟握,-,
"72","荻花圣殿·前厅","25人英雄",塔洛马蒂、姬无双,装备,忠渊护腰,-,
"72","荻花圣殿·前厅","25人英雄",塔洛马蒂、姬无双,装备,明坦围腰,-,
"72","荻花圣殿·前厅","25人英雄",塔洛马蒂、姬无双,装备,祗庸围腰,-,
"72","荻花圣殿·前厅","25人英雄",塔洛马蒂、姬无双,装备,梦楹束腰,-,
"72","荻花圣殿·前厅","25人英雄",塔洛马蒂、姬无双,装备,藏玺朱绶,-,
"72","荻花圣殿·前厅","25人英雄",塔洛马蒂、姬无双,装备,秀甯护腕,-,
"72","荻花圣殿·前厅","25人英雄",塔洛马蒂、姬无双,装备,行盟护腕,-,
"72","荻花圣殿·前厅","25人英雄",塔洛马蒂、姬无双,饰品,龙渊禅坠,-,
"72","荻花圣殿·前厅","25人英雄",塔洛马蒂、姬无双,饰品,明如链,-,
"72","荻花圣殿·前厅","25人英雄",塔洛马蒂、姬无双,饰品,叠国神珠,-,
"72","荻花圣殿·前厅","25人英雄",塔洛马蒂、姬无双,饰品,尸仙玉链,-,
"72","荻花圣殿·前厅","25人英雄",塔洛马蒂、姬无双,装备,蟠幽青虹,-,
"72","荻花圣殿·前厅","25人英雄",塔洛马蒂、姬无双,装备,伯远缠腰,-,
"72","荻花圣殿·前厅","25人英雄",塔洛马蒂、姬无双,装备,踏湫护腕,-,
"72","荻花圣殿·前厅","25人英雄",塔洛马蒂、姬无双,饰品,炼秋石,-,
"72","荻花圣殿·前厅","25人英雄",塔洛马蒂、姬无双,饰品,印手菩萨链,-,
"72","荻花圣殿·前厅","25人英雄",塔洛马蒂、姬无双,饰品,夜火坠,-,
"72","荻花圣殿·前厅","25人英雄",塔洛马蒂、姬无双,武器,锁骨钉·云,-,
"72","荻花圣殿·前厅","25人英雄",塔洛马蒂、姬无双,武器,锁骨钉·林,-,
"72","荻花圣殿·前厅","25人英雄",塔洛马蒂、姬无双,武器,锁骨钉·霜,-,
"72","荻花圣殿·前厅","25人英雄",塔洛马蒂、姬无双,武器,锁骨钉·柳,-,
"72","荻花圣殿·前厅","25人英雄",塔洛马蒂、姬无双,武器,锁骨钉·秀,-,
"72","荻花圣殿·前厅","25人英雄",塔洛马蒂、姬无双,武器,锁骨钉·桦,-,
"72","荻花圣殿·前厅","25人英雄",塔洛马蒂、姬无双,武器,锁骨钉·梅,-,
"72","荻花圣殿·前厅","25人英雄",塔洛马蒂、姬无双,武器,锁骨钉·蛊,-,
"72","荻花圣殿·前厅","25人英雄",塔洛马蒂、姬无双,武器,锁骨钉·岳,-,
"72","荻花圣殿·前厅","25人英雄",塔洛马蒂、姬无双,武器,锁骨钉·栖,-,
"72","荻花圣殿·前厅","25人英雄",塔洛马蒂、姬无双,武器,锁骨钉·息,-,
"72","荻花圣殿·前厅","25人英雄",塔洛马蒂、姬无双,武器,锁骨钉·净,-,
"72","荻花圣殿·前厅","25人英雄",塔洛马蒂、姬无双,武器,锁骨钉·愈,-,
"72","荻花圣殿·前厅","25人英雄",塔洛马蒂、姬无双,装备,海空何监带,-,
"72","荻花圣殿·前厅","25人英雄",塔洛马蒂、姬无双,装备,万流束腰,-,
"72","荻花圣殿·前厅","25人英雄",塔洛马蒂、姬无双,装备,无双狂蛇索,-,
"72","荻花圣殿·前厅","25人英雄",塔洛马蒂、姬无双,装备,凤翔昭德带,-,
"72","荻花圣殿·前厅","25人英雄",塔洛马蒂、姬无双,装备,曦月护腕,-,
"72","荻花圣殿·前厅","25人英雄",塔洛马蒂、姬无双,装备,路蘅护腕,-,
"72","荻花圣殿·前厅","25人英雄",塔洛马蒂、姬无双,饰品,怨咎腰饰,-,
"72","荻花圣殿·前厅","25人英雄",塔洛马蒂、姬无双,饰品,白猿剑符,-,
"72","荻花圣殿·前厅","25人英雄",塔洛马蒂、姬无双,饰品,凝岭坠,-,
"72","荻花圣殿·前厅","25人英雄",塔洛马蒂、姬无双,饰品,玄绪坠,-,
"72","荻花圣殿·前厅","25人英雄",塔洛马蒂、姬无双,饰品,妙入幽微,-,
"72","荻花圣殿·前厅","25人英雄",塔洛马蒂、姬无双,饰品,元范诛兽环,-,
"72","荻花圣殿·前厅","25人英雄",塔洛马蒂、姬无双,装备,怀魏裹腰,-,
"72","荻花圣殿·前厅","25人英雄",塔洛马蒂、姬无双,装备,无忏咒师索,-,
"72","荻花圣殿·前厅","25人英雄",塔洛马蒂、姬无双,装备,刹贤护腕,-,
"72","荻花圣殿·前厅","25人英雄",塔洛马蒂、姬无双,装备,醉盈护腕,-,
"72","荻花圣殿·前厅","25人英雄",塔洛马蒂、姬无双,饰品,弓挂天山,-,
"72","荻花圣殿·前厅","25人英雄",塔洛马蒂、姬无双,饰品,丹渊珠,-,
"72","荻花圣殿·前厅","25人英雄",塔洛马蒂、姬无双,饰品,巫蛊血石链,-,
"72","荻花圣殿·前厅","25人英雄",塔洛马蒂、姬无双,饰品,张绪柳环,-,
"72","荻花圣殿·前厅","25人英雄",塔洛马蒂、姬无双,饰品,恺豫项链,-,
"72","荻花圣殿·前厅","25人英雄",塔洛马蒂、姬无双,饰品,孙皎志,-,
"72","荻花圣殿·前厅","25人英雄",塔洛马蒂、姬无双,饰品,寒枫坠,-,
"72","荻花圣殿·前厅","25人英雄",塔洛马蒂、姬无双,饰品,海羽坠,-,
"72","荻花圣殿·前厅","25人英雄",塔洛马蒂、姬无双,饰品,韩嫣珠链,-,
"72","荻花圣殿·前厅","25人英雄",塔洛马蒂、姬无双,饰品,悒戚项饰,-,
"72","荻花圣殿·前厅","25人英雄",塔洛马蒂、姬无双,饰品,鲮鲤玄珠,-,
"72","荻花圣殿·前厅","25人英雄",塔洛马蒂、姬无双,饰品,睿鉴腰坠,-,
"72","荻花圣殿·前厅","25人英雄",塔洛马蒂、姬无双,装备,玖飞护腕,-,
"72","荻花圣殿·前厅","25人英雄",慕容追风,武器,昊苍玄剑,-,
"72","荻花圣殿·前厅","25人英雄",慕容追风,武器,妖世浮屠柱,-,
"72","荻花圣殿·前厅","25人英雄",慕容追风,武器,真空绝相,-,
"72","荻花圣殿·前厅","25人英雄",慕容追风,武器,雪翎对剑,-,
"72","荻花圣殿·前厅","25人英雄",慕容追风,武器,煌萤双刃,-,
"72","荻花圣殿·前厅","25人英雄",慕容追风,武器,血虓,-,
"72","荻花圣殿·前厅","25人英雄",慕容追风,武器,霸王神戟,-,
"72","荻花圣殿·前厅","25人英雄",慕容追风,武器,天枢蟠龙笔,-,
"72","荻花圣殿·前厅","25人英雄",慕容追风,武器,季海风骨,-,
"72","荻花圣殿·前厅","25人英雄",慕容追风,武器,独语未央,-,
"72","荻花圣殿·前厅","25人英雄",慕容追风,武器,天阎魔笛,-,
"72","荻花圣殿·前厅","25人英雄",慕容追风宝箱1,装备,惭离纹龙袖,-,
"72","荻花圣殿·前厅","25人英雄",慕容追风宝箱5,装备,惭离纹龙袖,-,
"72","荻花圣殿·前厅","25人英雄",慕容追风宝箱1,装备,九华真人带,-,
"72","荻花圣殿·前厅","25人英雄",慕容追风宝箱5,装备,九华真人带,-,
"72","荻花圣殿·前厅","25人英雄",慕容追风宝箱3,装备,蛮虎帅印,-,
"72","荻花圣殿·前厅","25人英雄",慕容追风宝箱2,装备,正一法履,-,
"72","荻花圣殿·前厅","25人英雄",慕容追风,装备,东夷明月履,-,
"72","荻花圣殿·前厅","25人英雄",慕容追风宝箱5,装备,东夷明月履,-,
"72","荻花圣殿·前厅","25人英雄",慕容追风宝箱4,装备,胜力金刚靴,-,
"72","荻花圣殿·前厅","25人英雄",慕容追风宝箱3,装备,孚瑜长衣,-,
"72","荻花圣殿·前厅","25人英雄",慕容追风宝箱2,装备,大乘弘福袈裟,-,
"72","荻花圣殿·前厅","25人英雄",慕容追风,装备,竦峙衣,-,
"72","荻花圣殿·前厅","25人英雄",慕容追风宝箱5,装备,竦峙衣,-,
"72","荻花圣殿·前厅","25人英雄",慕容追风宝箱3,装备,丹姬玉指,-,
"72","荻花圣殿·前厅","25人英雄",慕容追风宝箱1,装备,龙威丈人腕,-,
"72","荻花圣殿·前厅","25人英雄",慕容追风宝箱5,装备,龙威丈人腕,-,
"72","荻花圣殿·前厅","25人英雄",慕容追风宝箱3,装备,百岁伏翼,-,
"72","荻花圣殿·前厅","25人英雄",慕容追风宝箱2,装备,寻狐迹,-,
"72","荻花圣殿·前厅","25人英雄",慕容追风,装备,灵润千圣履,-,
"72","荻花圣殿·前厅","25人英雄",慕容追风宝箱5,装备,灵润千圣履,-,
"72","荻花圣殿·前厅","25人英雄",慕容追风宝箱3,装备,刻铭天蜈带,-,
"72","荻花圣殿·前厅","25人英雄",慕容追风宝箱1,装备,虎寿常在带,-,
"72","荻花圣殿·前厅","25人英雄",慕容追风宝箱5,装备,虎寿常在带,-,
"72","荻花圣殿·前厅","25人英雄",慕容追风宝箱4,装备,超虚步空,-,
"72","荻花圣殿·前厅","25人英雄",慕容追风宝箱2,装备,仲居护腕,-,
"72","荻花圣殿·前厅","25人英雄",慕容追风,装备,海陵王护臂,-,
"72","荻花圣殿·前厅","25人英雄",慕容追风宝箱4,装备,海陵王护臂,-,
"72","荻花圣殿·前厅","25人英雄",慕容追风宝箱2,装备,绛绫锻腕,-,
"72","荻花圣殿·前厅","25人英雄",慕容追风,装备,瀛仙腾玉履,-,
"72","荻花圣殿·前厅","25人英雄",慕容追风宝箱5,装备,瀛仙腾玉履,-,
"72","荻花圣殿·前厅","25人英雄",慕容追风宝箱4,装备,沓浪碧屐,-,
"72","荻花圣殿·前厅","25人英雄",慕容追风宝箱3,装备,威侯文谦靴,-,
"72","荻花圣殿·前厅","25人英雄",慕容追风宝箱1,装备,铁诺护腰,-,
"72","荻花圣殿·前厅","25人英雄",慕容追风宝箱5,装备,铁诺护腰,-,
"72","荻花圣殿·前厅","25人英雄",慕容追风宝箱3,装备,均善途,-,
"72","荻花圣殿·前厅","25人英雄",慕容追风宝箱1,装备,孚蝎束腕,-,
"72","荻花圣殿·前厅","25人英雄",慕容追风宝箱5,装备,孚蝎束腕,-,
"72","荻花圣殿·前厅","25人英雄",慕容追风宝箱3,装备,紫绀佛迹,-,
"72","荻花圣殿·前厅","25人英雄",慕容追风宝箱1,装备,荡佞护手,-,
"72","荻花圣殿·前厅","25人英雄",慕容追风宝箱5,装备,荡佞护手,-,
"72","荻花圣殿·前厅","25人英雄",慕容追风宝箱4,装备,鲠谔履,-,
"72","荻花圣殿·前厅","25人英雄",慕容追风宝箱3,装备,庆忌马靴,-,
"72","荻花圣殿·前厅","25人英雄",慕容追风宝箱2,装备,幽草熙焰,-,
"72","荻花圣殿·前厅","25人英雄",慕容追风,装备,槐里义真带,-,
"72","荻花圣殿·前厅","25人英雄",慕容追风宝箱4,装备,槐里义真带,-,
"72","荻花圣殿·前厅","25人英雄",慕容追风宝箱2,装备,慕蔺束腰,-,
"72","荻花圣殿·前厅","25人英雄",慕容追风,装备,怒螯,-,
"72","荻花圣殿·前厅","25人英雄",慕容追风宝箱4,装备,怒螯,-,
"72","荻花圣殿·前厅","25人英雄",慕容追风宝箱2,装备,壮侯令明腕,-,
"72","荻花圣殿·前厅","25人英雄",慕容追风,装备,激楚长袖,-,
"72","荻花圣殿·前厅","25人英雄",慕容追风宝箱4,装备,激楚长袖,-,
"72","荻花圣殿·前厅","25人英雄",慕容追风宝箱2,装备,紫陌竹伶带,-,
"72","荻花圣殿·前厅","25人英雄",慕容追风,装备,懿明腰带,-,
"72","荻花圣殿·前厅","25人英雄",慕容追风宝箱4,装备,懿明腰带,-,
"72","荻花圣殿·前厅","25人英雄",慕容追风宝箱3,装备,琼瑰玉带,-,
"72","荻花圣殿·前厅","25人英雄",慕容追风宝箱1,装备,海深日耀,-,
"72","荻花圣殿·前厅","25人英雄",慕容追风宝箱5,装备,海深日耀,-,
"72","荻花圣殿·前厅","25人英雄",慕容追风宝箱2,装备,灵宝奔辰衣,-,
"72","荻花圣殿·前厅","25人英雄",慕容追风,装备,震泽龙宫衫,-,
"72","荻花圣殿·前厅","25人英雄",慕容追风宝箱5,装备,震泽龙宫衫,-,
"72","荻花圣殿·前厅","25人英雄",慕容追风宝箱4,装备,冰蚕鞠裳,-,
"72","荻花圣殿·前厅","25人英雄",慕容追风宝箱2,装备,邓遐斩蛟铠,-,
"72","荻花圣殿·前厅","25人英雄",慕容追风,装备,子方狐裘,-,
"72","荻花圣殿·前厅","25人英雄",慕容追风宝箱5,装备,子方狐裘,-,
"72","荻花圣殿·前厅","25人英雄",慕容追风宝箱4,装备,元放七星袍,-,
"72","荻花圣殿·前厅","25人英雄",慕容追风宝箱3,装备,古塔寂灭袈裟,-,
"72","荻花圣殿·前厅","25人英雄",慕容追风宝箱2,装备,海曲复莲袍,-,
"72","荻花圣殿·前厅","25人英雄",慕容追风,装备,蝶蔓熠衣,-,
"72","荻花圣殿·前厅","25人英雄",慕容追风宝箱5,装备,蝶蔓熠衣,-,
"72","荻花圣殿·前厅","25人英雄",慕容追风宝箱4,装备,祖逖胸铠,-,
"72","荻花圣殿·前厅","25人英雄",慕容追风宝箱5,装备,玖飞护腕,-,
"72","荻花圣殿·前厅","25人英雄",慕容追风宝箱4,装备,曦月护腕,-,
"72","荻花圣殿·前厅","25人英雄",慕容追风宝箱3,装备,刹贤护腕,-,
"72","荻花圣殿·前厅","25人英雄",慕容追风,装备,秀甯护腕,-,
"72","荻花圣殿·前厅","25人英雄",慕容追风宝箱5,装备,踏湫护腕,-,
"72","荻花圣殿·前厅","25人英雄",慕容追风宝箱4,装备,路蘅护腕,-,
"72","荻花圣殿·前厅","25人英雄",慕容追风宝箱3,装备,醉盈护腕,-,
"72","荻花圣殿·前厅","25人英雄",慕容追风,装备,行盟护腕,-,
"72","荻花圣殿·前厅","25人英雄",慕容追风宝箱4,装备,玖飞腰带,-,
"72","荻花圣殿·前厅","25人英雄",慕容追风宝箱3,装备,曦月腰带,-,
"72","荻花圣殿·前厅","25人英雄",慕容追风,装备,刹贤腰带,-,
"72","荻花圣殿·前厅","25人英雄",慕容追风宝箱5,装备,秀甯腰带,-,
"72","荻花圣殿·前厅","25人英雄",慕容追风宝箱4,装备,踏湫腰带,-,
"72","荻花圣殿·前厅","25人英雄",慕容追风宝箱3,装备,路蘅腰带,-,
"72","荻花圣殿·前厅","25人英雄",慕容追风,装备,醉盈腰带,-,
"72","荻花圣殿·前厅","25人英雄",慕容追风宝箱5,装备,行盟腰带,-,
"72","荻花圣殿·前厅","25人英雄",慕容追风宝箱5,饰品,宿怨指环,-,
"72","荻花圣殿·前厅","25人英雄",慕容追风,饰品,郁盎指环,-,
"72","荻花圣殿·前厅","25人英雄",慕容追风,饰品,苍云灭,-,
"72","荻花圣殿·前厅","25人英雄",慕容追风,饰品,秀甯戒,-,
"72","荻花圣殿·前厅","25人英雄",慕容追风宝箱5,饰品,踏湫戒,-,
"72","荻花圣殿·前厅","25人英雄",慕容追风宝箱5,饰品,墨雁戒,-,
"72","荻花圣殿·前厅","25人英雄",慕容追风宝箱5,饰品,郁盎指环,-,
"72","荻花圣殿·前厅","25人英雄",慕容追风宝箱5,饰品,苍云灭,-,
"72","荻花圣殿·前厅","25人英雄",慕容追风,饰品,刹贤戒,-,
"72","荻花圣殿·前厅","25人英雄",慕容追风宝箱5,饰品,秀甯戒,-,
"72","荻花圣殿·前厅","25人英雄",慕容追风宝箱2,装备,惭离纹龙袖,-,
"72","荻花圣殿·前厅","25人英雄",慕容追风,装备,天弥解纷,-,
"72","荻花圣殿·前厅","25人英雄",慕容追风宝箱2,装备,九华真人带,-,
"72","荻花圣殿·前厅","25人英雄",慕容追风,装备,蛮虎帅印,-,
"72","荻花圣殿·前厅","25人英雄",慕容追风宝箱4,装备,蛮虎帅印,-,
"72","荻花圣殿·前厅","25人英雄",慕容追风宝箱2,装备,东夷明月履,-,
"72","荻花圣殿·前厅","25人英雄",慕容追风,装备,胜力金刚靴,-,
"72","荻花圣殿·前厅","25人英雄",慕容追风宝箱5,装备,胜力金刚靴,-,
"72","荻花圣殿·前厅","25人英雄",慕容追风宝箱3,装备,大乘弘福袈裟,-,
"72","荻花圣殿·前厅","25人英雄",慕容追风宝箱2,装备,竦峙衣,-,
"72","荻花圣殿·前厅","25人英雄",慕容追风,装备,丹姬玉指,-,
"72","荻花圣殿·前厅","25人英雄",慕容追风宝箱2,装备,龙威丈人腕,-,
"72","荻花圣殿·前厅","25人英雄",慕容追风,装备,百岁伏翼,-,
"72","荻花圣殿·前厅","25人英雄",慕容追风宝箱4,装备,百岁伏翼,-,
"72","荻花圣殿·前厅","25人英雄",慕容追风宝箱2,装备,灵润千圣履,-,
"72","荻花圣殿·前厅","25人英雄",慕容追风,装备,刻铭天蜈带,-,
"72","荻花圣殿·前厅","25人英雄",慕容追风宝箱4,装备,刻铭天蜈带,-,
"72","荻花圣殿·前厅","25人英雄",慕容追风,装备,超虚步空,-,
"72","荻花圣殿·前厅","25人英雄",慕容追风宝箱5,装备,超虚步空,-,
"72","荻花圣殿·前厅","25人英雄",慕容追风宝箱3,装备,仲居护腕,-,
"72","荻花圣殿·前厅","25人英雄",慕容追风宝箱5,装备,海陵王护臂,-,
"72","荻花圣殿·前厅","25人英雄",慕容追风宝箱3,装备,绛绫锻腕,-,
"72","荻花圣殿·前厅","25人英雄",慕容追风宝箱2,装备,瀛仙腾玉履,-,
"72","荻花圣殿·前厅","25人英雄",慕容追风宝箱5,装备,沓浪碧屐,-,
"72","荻花圣殿·前厅","25人英雄",慕容追风宝箱4,装备,威侯文谦靴,-,
"72","荻花圣殿·前厅","25人英雄",慕容追风宝箱2,装备,铁诺护腰,-,
"72","荻花圣殿·前厅","25人英雄",慕容追风宝箱4,装备,均善途,-,
"72","荻花圣殿·前厅","25人英雄",慕容追风宝箱2,装备,孚蝎束腕,-,
"72","荻花圣殿·前厅","25人英雄",慕容追风,装备,紫绀佛迹,-,
"72","荻花圣殿·前厅","25人英雄",慕容追风宝箱2,装备,荡佞护手,-,
"72","荻花圣殿·前厅","25人英雄",慕容追风,装备,鲠谔履,-,
"72","荻花圣殿·前厅","25人英雄",慕容追风宝箱5,装备,鲠谔履,-,
"72","荻花圣殿·前厅","25人英雄",慕容追风宝箱3,装备,幽草熙焰,-,
"72","荻花圣殿·前厅","25人英雄",慕容追风宝箱1,装备,槐里义真带,-,
"72","荻花圣殿·前厅","25人英雄",慕容追风宝箱5,装备,槐里义真带,-,
"72","荻花圣殿·前厅","25人英雄",慕容追风宝箱1,装备,怒螯,-,
"72","荻花圣殿·前厅","25人英雄",慕容追风宝箱5,装备,怒螯,-,
"72","荻花圣殿·前厅","25人英雄",慕容追风宝箱3,装备,壮侯令明腕,-,
"72","荻花圣殿·前厅","25人英雄",慕容追风宝箱5,装备,激楚长袖,-,
"72","荻花圣殿·前厅","25人英雄",慕容追风宝箱3,装备,紫陌竹伶带,-,
"72","荻花圣殿·前厅","25人英雄",慕容追风宝箱1,装备,懿明腰带,-,
"72","荻花圣殿·前厅","25人英雄",慕容追风宝箱5,装备,懿明腰带,-,
"72","荻花圣殿·前厅","25人英雄",慕容追风,装备,琼瑰玉带,-,
"72","荻花圣殿·前厅","25人英雄",慕容追风宝箱2,装备,海深日耀,-,
"72","荻花圣殿·前厅","25人英雄",慕容追风宝箱3,装备,灵宝奔辰衣,-,
"72","荻花圣殿·前厅","25人英雄",慕容追风宝箱2,装备,震泽龙宫衫,-,
"72","荻花圣殿·前厅","25人英雄",慕容追风宝箱5,装备,冰蚕鞠裳,-,
"72","荻花圣殿·前厅","25人英雄",慕容追风宝箱3,装备,邓遐斩蛟铠,-,
"72","荻花圣殿·前厅","25人英雄",慕容追风宝箱2,装备,子方狐裘,-,
"72","荻花圣殿·前厅","25人英雄",慕容追风宝箱5,装备,元放七星袍,-,
"72","荻花圣殿·前厅","25人英雄",慕容追风宝箱4,装备,古塔寂灭袈裟,-,
"72","荻花圣殿·前厅","25人英雄",慕容追风宝箱3,装备,海曲复莲袍,-,
"72","荻花圣殿·前厅","25人英雄",慕容追风,装备,祖逖胸铠,-,
"72","荻花圣殿·前厅","25人英雄",慕容追风宝箱5,装备,祖逖胸铠,-,
"72","荻花圣殿·前厅","25人英雄",慕容追风,装备,玖飞护腕,-,
"72","荻花圣殿·前厅","25人英雄",慕容追风宝箱5,装备,曦月护腕,-,
"72","荻花圣殿·前厅","25人英雄",慕容追风宝箱4,装备,刹贤护腕,-,
"72","荻花圣殿·前厅","25人英雄",慕容追风宝箱3,装备,秀甯护腕,-,
"72","荻花圣殿·前厅","25人英雄",慕容追风,装备,踏湫护腕,-,
"72","荻花圣殿·前厅","25人英雄",慕容追风宝箱5,装备,路蘅护腕,-,
"72","荻花圣殿·前厅","25人英雄",慕容追风宝箱3,装备,行盟护腕,-,
"72","荻花圣殿·前厅","25人英雄",慕容追风宝箱5,装备,玖飞腰带,-,
"72","荻花圣殿·前厅","25人英雄",慕容追风宝箱3,装备,刹贤腰带,-,
"72","荻花圣殿·前厅","25人英雄",慕容追风宝箱5,装备,踏湫腰带,-,
"72","荻花圣殿·前厅","25人英雄",慕容追风宝箱4,装备,路蘅腰带,-,
"72","荻花圣殿·前厅","25人英雄",慕容追风宝箱3,装备,醉盈腰带,-,
"72","荻花圣殿·前厅","25人英雄",慕容追风,装备,行盟腰带,-,
"72","荻花圣殿·前厅","25人英雄",慕容追风宝箱5,饰品,刹贤戒,-,
"72","荻花圣殿·前厅","25人英雄",慕容追风,武器,锁骨钉·云,-,
"72","荻花圣殿·前厅","25人英雄",慕容追风,武器,锁骨钉·林,-,
"72","荻花圣殿·前厅","25人英雄",慕容追风,武器,锁骨钉·霜,-,
"72","荻花圣殿·前厅","25人英雄",慕容追风,武器,锁骨钉·柳,-,
"72","荻花圣殿·前厅","25人英雄",慕容追风,武器,锁骨钉·秀,-,
"72","荻花圣殿·前厅","25人英雄",慕容追风,武器,锁骨钉·桦,-,
"72","荻花圣殿·前厅","25人英雄",慕容追风,武器,锁骨钉·梅,-,
"72","荻花圣殿·前厅","25人英雄",慕容追风,武器,锁骨钉·蛊,-,
"72","荻花圣殿·前厅","25人英雄",慕容追风,武器,锁骨钉·岳,-,
"72","荻花圣殿·前厅","25人英雄",慕容追风,武器,锁骨钉·栖,-,
"72","荻花圣殿·前厅","25人英雄",慕容追风,武器,锁骨钉·息,-,
"72","荻花圣殿·前厅","25人英雄",慕容追风,武器,锁骨钉·净,-,
"72","荻花圣殿·前厅","25人英雄",慕容追风,武器,锁骨钉·愈,-,
"72","荻花圣殿·前厅","25人英雄",慕容追风,武器,破军斩马剑,-,
"72","荻花圣殿·前厅","25人英雄",慕容追风,武器,玉柄龙仞,-,
"72","荻花圣殿·前厅","25人英雄",慕容追风,武器,沥冥,-,
"72","荻花圣殿·前厅","25人英雄",慕容追风宝箱3,装备,惭离纹龙袖,-,
"72","荻花圣殿·前厅","25人英雄",慕容追风宝箱1,装备,天弥解纷,-,
"72","荻花圣殿·前厅","25人英雄",慕容追风宝箱5,装备,天弥解纷,-,
"72","荻花圣殿·前厅","25人英雄",慕容追风宝箱3,装备,九华真人带,-,
"72","荻花圣殿·前厅","25人英雄",慕容追风宝箱1,装备,蛮虎帅印,-,
"72","荻花圣殿·前厅","25人英雄",慕容追风宝箱5,装备,蛮虎帅印,-,
"72","荻花圣殿·前厅","25人英雄",慕容追风宝箱4,装备,正一法履,-,
"72","荻花圣殿·前厅","25人英雄",慕容追风宝箱3,装备,东夷明月履,-,
"72","荻花圣殿·前厅","25人英雄",慕容追风宝箱2,装备,胜力金刚靴,-,
"72","荻花圣殿·前厅","25人英雄",慕容追风,装备,孚瑜长衣,-,
"72","荻花圣殿·前厅","25人英雄",慕容追风宝箱5,装备,孚瑜长衣,-,
"72","荻花圣殿·前厅","25人英雄",慕容追风宝箱4,装备,大乘弘福袈裟,-,
"72","荻花圣殿·前厅","25人英雄",慕容追风宝箱3,装备,竦峙衣,-,
"72","荻花圣殿·前厅","25人英雄",慕容追风宝箱1,装备,丹姬玉指,-,
"72","荻花圣殿·前厅","25人英雄",慕容追风宝箱5,装备,丹姬玉指,-,
"72","荻花圣殿·前厅","25人英雄",慕容追风宝箱3,装备,龙威丈人腕,-,
"72","荻花圣殿·前厅","25人英雄",慕容追风宝箱1,装备,百岁伏翼,-,
"72","荻花圣殿·前厅","25人英雄",慕容追风宝箱5,装备,百岁伏翼,-,
"72","荻花圣殿·前厅","25人英雄",慕容追风宝箱4,装备,寻狐迹,-,
"72","荻花圣殿·前厅","25人英雄",慕容追风宝箱3,装备,灵润千圣履,-,
"72","荻花圣殿·前厅","25人英雄",慕容追风宝箱1,装备,刻铭天蜈带,-,
"72","荻花圣殿·前厅","25人英雄",慕容追风宝箱5,装备,刻铭天蜈带,-,
"72","荻花圣殿·前厅","25人英雄",慕容追风宝箱3,装备,虎寿常在带,-,
"72","荻花圣殿·前厅","25人英雄",慕容追风宝箱2,装备,超虚步空,-,
"72","荻花圣殿·前厅","25人英雄",慕容追风,装备,仲居护腕,-,
"72","荻花圣殿·前厅","25人英雄",慕容追风宝箱4,装备,仲居护腕,-,
"72","荻花圣殿·前厅","25人英雄",慕容追风宝箱2,装备,海陵王护臂,-,
"72","荻花圣殿·前厅","25人英雄",慕容追风,装备,绛绫锻腕,-,
"72","荻花圣殿·前厅","25人英雄",慕容追风宝箱4,装备,绛绫锻腕,-,
"72","荻花圣殿·前厅","25人英雄",慕容追风宝箱3,装备,瀛仙腾玉履,-,
"72","荻花圣殿·前厅","25人英雄",慕容追风宝箱2,装备,沓浪碧屐,-,
"72","荻花圣殿·前厅","25人英雄",慕容追风,装备,威侯文谦靴,-,
"72","荻花圣殿·前厅","25人英雄",慕容追风宝箱5,装备,威侯文谦靴,-,
"72","荻花圣殿·前厅","25人英雄",慕容追风宝箱3,装备,铁诺护腰,-,
"72","荻花圣殿·前厅","25人英雄",慕容追风宝箱1,装备,均善途,-,
"72","荻花圣殿·前厅","25人英雄",慕容追风宝箱5,装备,均善途,-,
"72","荻花圣殿·前厅","25人英雄",慕容追风宝箱3,装备,孚蝎束腕,-,
"72","荻花圣殿·前厅","25人英雄",慕容追风宝箱1,装备,紫绀佛迹,-,
"72","荻花圣殿·前厅","25人英雄",慕容追风宝箱5,装备,紫绀佛迹,-,
"72","荻花圣殿·前厅","25人英雄",慕容追风宝箱3,装备,荡佞护手,-,
"72","荻花圣殿·前厅","25人英雄",慕容追风宝箱2,装备,鲠谔履,-,
"72","荻花圣殿·前厅","25人英雄",慕容追风,装备,庆忌马靴,-,
"72","荻花圣殿·前厅","25人英雄",慕容追风宝箱5,装备,庆忌马靴,-,
"72","荻花圣殿·前厅","25人英雄",慕容追风宝箱4,装备,幽草熙焰,-,
"72","荻花圣殿·前厅","25人英雄",慕容追风宝箱2,装备,槐里义真带,-,
"72","荻花圣殿·前厅","25人英雄",慕容追风,装备,慕蔺束腰,-,
"72","荻花圣殿·前厅","25人英雄",慕容追风宝箱4,装备,慕蔺束腰,-,
"72","荻花圣殿·前厅","25人英雄",慕容追风宝箱2,装备,怒螯,-,
"72","荻花圣殿·前厅","25人英雄",慕容追风,装备,壮侯令明腕,-,
"72","荻花圣殿·前厅","25人英雄",慕容追风宝箱4,装备,壮侯令明腕,-,
"72","荻花圣殿·前厅","25人英雄",慕容追风宝箱2,装备,激楚长袖,-,
"72","荻花圣殿·前厅","25人英雄",慕容追风,装备,紫陌竹伶带,-,
"72","荻花圣殿·前厅","25人英雄",慕容追风宝箱4,装备,紫陌竹伶带,-,
"72","荻花圣殿·前厅","25人英雄",慕容追风宝箱2,装备,懿明腰带,-,
"72","荻花圣殿·前厅","25人英雄",慕容追风,装备,蜚影,-,
"72","荻花圣殿·前厅","25人英雄",慕容追风宝箱5,装备,蜚影,-,
"72","荻花圣殿·前厅","25人英雄",慕容追风宝箱1,装备,琼瑰玉带,-,
"72","荻花圣殿·前厅","25人英雄",慕容追风宝箱5,装备,琼瑰玉带,-,
"72","荻花圣殿·前厅","25人英雄",慕容追风宝箱3,装备,海深日耀,-,
"72","荻花圣殿·前厅","25人英雄",慕容追风宝箱4,装备,灵宝奔辰衣,-,
"72","荻花圣殿·前厅","25人英雄",慕容追风宝箱3,装备,震泽龙宫衫,-,
"72","荻花圣殿·前厅","25人英雄",慕容追风宝箱2,装备,冰蚕鞠裳,-,
"72","荻花圣殿·前厅","25人英雄",慕容追风宝箱4,装备,邓遐斩蛟铠,-,
"72","荻花圣殿·前厅","25人英雄",慕容追风宝箱3,装备,子方狐裘,-,
"72","荻花圣殿·前厅","25人英雄",慕容追风宝箱2,装备,元放七星袍,-,
"72","荻花圣殿·前厅","25人英雄",慕容追风,装备,古塔寂灭袈裟,-,
"72","荻花圣殿·前厅","25人英雄",慕容追风宝箱5,装备,古塔寂灭袈裟,-,
"72","荻花圣殿·前厅","25人英雄",慕容追风宝箱4,装备,海曲复莲袍,-,
"72","荻花圣殿·前厅","25人英雄",慕容追风宝箱3,装备,蝶蔓熠衣,-,
"72","荻花圣殿·前厅","25人英雄",慕容追风宝箱2,装备,祖逖胸铠,-,
"72","荻花圣殿·前厅","25人英雄",慕容追风宝箱3,装备,玖飞护腕,-,
"72","荻花圣殿·前厅","25人英雄",慕容追风,装备,曦月护腕,-,
"72","荻花圣殿·前厅","25人英雄",慕容追风宝箱5,装备,刹贤护腕,-,
"72","荻花圣殿·前厅","25人英雄",慕容追风宝箱4,装备,秀甯护腕,-,
"72","荻花圣殿·前厅","25人英雄",慕容追风宝箱3,装备,踏湫护腕,-,
"72","荻花圣殿·前厅","25人英雄",慕容追风,装备,路蘅护腕,-,
"72","荻花圣殿·前厅","25人英雄",慕容追风宝箱5,装备,醉盈护腕,-,
"72","荻花圣殿·前厅","25人英雄",慕容追风宝箱4,装备,行盟护腕,-,
"72","荻花圣殿·前厅","25人英雄",慕容追风,装备,玖飞腰带,-,
"72","荻花圣殿·前厅","25人英雄",慕容追风宝箱5,装备,曦月腰带,-,
"72","荻花圣殿·前厅","25人英雄",慕容追风宝箱4,装备,刹贤腰带,-,
"72","荻花圣殿·前厅","25人英雄",慕容追风宝箱3,装备,秀甯腰带,-,
"72","荻花圣殿·前厅","25人英雄",慕容追风,装备,踏湫腰带,-,
"72","荻花圣殿·前厅","25人英雄",慕容追风宝箱5,装备,路蘅腰带,-,
"72","荻花圣殿·前厅","25人英雄",慕容追风宝箱4,装备,醉盈腰带,-,
"72","荻花圣殿·前厅","25人英雄",慕容追风宝箱3,装备,行盟腰带,-,
"72","荻花圣殿·前厅","25人英雄",慕容追风,饰品,蕙心戒,-,
"72","荻花圣殿·前厅","25人英雄",慕容追风宝箱5,饰品,摄摩腾禅戒,-,
"72","荻花圣殿·前厅","25人英雄",慕容追风宝箱5,饰品,田横扳指,-,
"72","荻花圣殿·前厅","25人英雄",慕容追风,饰品,鹿鸣剑戒,-,
"72","荻花圣殿·前厅","25人英雄",慕容追风,饰品,辛攀昆玉戒,-,
"72","荻花圣殿·前厅","25人英雄",慕容追风宝箱5,饰品,玖飞戒,-,
"72","荻花圣殿·前厅","25人英雄",慕容追风,饰品,行盟戒,-,
"72","荻花圣殿·前厅","25人英雄",慕容追风宝箱5,饰品,蕙心戒,-,
"72","荻花圣殿·前厅","25人英雄",慕容追风,饰品,竺法仰之戒,-,
"72","荻花圣殿·前厅","25人英雄",慕容追风,饰品,九华安祀戒,-,
"72","荻花圣殿·前厅","25人英雄",慕容追风宝箱5,饰品,鹿鸣剑戒,-,
"72","荻花圣殿·前厅","25人英雄",慕容追风宝箱5,饰品,辛攀昆玉戒,-,
"72","荻花圣殿·前厅","25人英雄",慕容追风,饰品,醉盈戒,-,
"72","荻花圣殿·前厅","25人英雄",慕容追风宝箱5,饰品,行盟戒,-,
"72","荻花圣殿·前厅","25人英雄",慕容追风,饰品,墨雁戒,-,
"72","荻花圣殿·前厅","25人英雄",慕容追风,装备,惭离纹龙袖,-,
"72","荻花圣殿·前厅","25人英雄",慕容追风宝箱4,装备,惭离纹龙袖,-,
"72","荻花圣殿·前厅","25人英雄",慕容追风宝箱2,装备,天弥解纷,-,
"72","荻花圣殿·前厅","25人英雄",慕容追风,装备,九华真人带,-,
"72","荻花圣殿·前厅","25人英雄",慕容追风宝箱4,装备,九华真人带,-,
"72","荻花圣殿·前厅","25人英雄",慕容追风宝箱2,装备,蛮虎帅印,-,
"72","荻花圣殿·前厅","25人英雄",慕容追风,装备,正一法履,-,
"72","荻花圣殿·前厅","25人英雄",慕容追风宝箱5,装备,正一法履,-,
"72","荻花圣殿·前厅","25人英雄",慕容追风宝箱4,装备,东夷明月履,-,
"72","荻花圣殿·前厅","25人英雄",慕容追风宝箱3,装备,胜力金刚靴,-,
"72","荻花圣殿·前厅","25人英雄",慕容追风宝箱2,装备,孚瑜长衣,-,
"72","荻花圣殿·前厅","25人英雄",慕容追风,装备,大乘弘福袈裟,-,
"72","荻花圣殿·前厅","25人英雄",慕容追风宝箱5,装备,大乘弘福袈裟,-,
"72","荻花圣殿·前厅","25人英雄",慕容追风宝箱4,装备,竦峙衣,-,
"72","荻花圣殿·前厅","25人英雄",慕容追风宝箱2,装备,丹姬玉指,-,
"72","荻花圣殿·前厅","25人英雄",慕容追风,装备,龙威丈人腕,-,
"72","荻花圣殿·前厅","25人英雄",慕容追风宝箱4,装备,龙威丈人腕,-,
"72","荻花圣殿·前厅","25人英雄",慕容追风宝箱2,装备,百岁伏翼,-,
"72","荻花圣殿·前厅","25人英雄",慕容追风,装备,寻狐迹,-,
"72","荻花圣殿·前厅","25人英雄",慕容追风宝箱5,装备,寻狐迹,-,
"72","荻花圣殿·前厅","25人英雄",慕容追风宝箱4,装备,灵润千圣履,-,
"72","荻花圣殿·前厅","25人英雄",慕容追风宝箱2,装备,刻铭天蜈带,-,
"72","荻花圣殿·前厅","25人英雄",慕容追风,装备,虎寿常在带,-,
"72","荻花圣殿·前厅","25人英雄",慕容追风宝箱4,装备,虎寿常在带,-,
"72","荻花圣殿·前厅","25人英雄",慕容追风宝箱3,装备,超虚步空,-,
"72","荻花圣殿·前厅","25人英雄",慕容追风宝箱1,装备,仲居护腕,-,
"72","荻花圣殿·前厅","25人英雄",慕容追风宝箱5,装备,仲居护腕,-,
"72","荻花圣殿·前厅","25人英雄",慕容追风宝箱3,装备,海陵王护臂,-,
"72","荻花圣殿·前厅","25人英雄",慕容追风宝箱1,装备,绛绫锻腕,-,
"72","荻花圣殿·前厅","25人英雄",慕容追风宝箱5,装备,绛绫锻腕,-,
"72","荻花圣殿·前厅","25人英雄",慕容追风宝箱4,装备,瀛仙腾玉履,-,
"72","荻花圣殿·前厅","25人英雄",慕容追风宝箱3,装备,沓浪碧屐,-,
"72","荻花圣殿·前厅","25人英雄",慕容追风宝箱2,装备,威侯文谦靴,-,
"72","荻花圣殿·前厅","25人英雄",慕容追风,装备,铁诺护腰,-,
"72","荻花圣殿·前厅","25人英雄",慕容追风宝箱4,装备,铁诺护腰,-,
"72","荻花圣殿·前厅","25人英雄",慕容追风宝箱2,装备,均善途,-,
"72","荻花圣殿·前厅","25人英雄",慕容追风,装备,孚蝎束腕,-,
"72","荻花圣殿·前厅","25人英雄",慕容追风宝箱4,装备,孚蝎束腕,-,
"72","荻花圣殿·前厅","25人英雄",慕容追风宝箱2,装备,紫绀佛迹,-,
"72","荻花圣殿·前厅","25人英雄",慕容追风,装备,荡佞护手,-,
"72","荻花圣殿·前厅","25人英雄",慕容追风宝箱4,装备,荡佞护手,-,
"72","荻花圣殿·前厅","25人英雄",慕容追风宝箱3,装备,鲠谔履,-,
"72","荻花圣殿·前厅","25人英雄",慕容追风宝箱2,装备,庆忌马靴,-,
"72","荻花圣殿·前厅","25人英雄",慕容追风,装备,幽草熙焰,-,
"72","荻花圣殿·前厅","25人英雄",慕容追风宝箱5,装备,幽草熙焰,-,
"72","荻花圣殿·前厅","25人英雄",慕容追风宝箱3,装备,槐里义真带,-,
"72","荻花圣殿·前厅","25人英雄",慕容追风宝箱1,装备,慕蔺束腰,-,
"72","荻花圣殿·前厅","25人英雄",慕容追风宝箱5,装备,慕蔺束腰,-,
"72","荻花圣殿·前厅","25人英雄",慕容追风宝箱3,装备,怒螯,-,
"72","荻花圣殿·前厅","25人英雄",慕容追风宝箱1,装备,壮侯令明腕,-,
"72","荻花圣殿·前厅","25人英雄",慕容追风宝箱5,装备,壮侯令明腕,-,
"72","荻花圣殿·前厅","25人英雄",慕容追风宝箱3,装备,激楚长袖,-,
"72","荻花圣殿·前厅","25人英雄",慕容追风宝箱1,装备,紫陌竹伶带,-,
"72","荻花圣殿·前厅","25人英雄",慕容追风宝箱5,装备,紫陌竹伶带,-,
"72","荻花圣殿·前厅","25人英雄",慕容追风宝箱3,装备,懿明腰带,-,
"72","荻花圣殿·前厅","25人英雄",慕容追风宝箱2,装备,蜚影,-,
"72","荻花圣殿·前厅","25人英雄",慕容追风宝箱2,装备,琼瑰玉带,-,
"72","荻花圣殿·前厅","25人英雄",慕容追风,装备,海深日耀,-,
"72","荻花圣殿·前厅","25人英雄",慕容追风宝箱4,装备,海深日耀,-,
"72","荻花圣殿·前厅","25人英雄",慕容追风,装备,灵宝奔辰衣,-,
"72","荻花圣殿·前厅","25人英雄",慕容追风宝箱5,装备,灵宝奔辰衣,-,
"72","荻花圣殿·前厅","25人英雄",慕容追风宝箱4,装备,震泽龙宫衫,-,
"72","荻花圣殿·前厅","25人英雄",慕容追风宝箱3,装备,冰蚕鞠裳,-,
"72","荻花圣殿·前厅","25人英雄",慕容追风,装备,邓遐斩蛟铠,-,
"72","荻花圣殿·前厅","25人英雄",慕容追风宝箱5,装备,邓遐斩蛟铠,-,
"72","荻花圣殿·前厅","25人英雄",慕容追风宝箱4,装备,子方狐裘,-,
"72","荻花圣殿·前厅","25人英雄",慕容追风宝箱3,装备,元放七星袍,-,
"72","荻花圣殿·前厅","25人英雄",慕容追风宝箱2,装备,古塔寂灭袈裟,-,
"72","荻花圣殿·前厅","25人英雄",慕容追风,装备,海曲复莲袍,-,
"72","荻花圣殿·前厅","25人英雄",慕容追风宝箱5,装备,海曲复莲袍,-,
"72","荻花圣殿·前厅","25人英雄",慕容追风宝箱4,装备,蝶蔓熠衣,-,
"72","荻花圣殿·前厅","25人英雄",慕容追风宝箱3,装备,祖逖胸铠,-,
"72","荻花圣殿·前厅","25人英雄",慕容追风宝箱4,装备,玖飞护腕,-,
"72","荻花圣殿·前厅","25人英雄",慕容追风宝箱3,装备,曦月护腕,-,
"72","荻花圣殿·前厅","25人英雄",慕容追风,装备,刹贤护腕,-,
"72","荻花圣殿·前厅","25人英雄",慕容追风宝箱5,装备,秀甯护腕,-,
"72","荻花圣殿·前厅","25人英雄",慕容追风宝箱4,装备,踏湫护腕,-,
"72","荻花圣殿·前厅","25人英雄",慕容追风宝箱3,装备,路蘅护腕,-,
"72","荻花圣殿·前厅","25人英雄",慕容追风,装备,醉盈护腕,-,
"72","荻花圣殿·前厅","25人英雄",慕容追风宝箱5,装备,行盟护腕,-,
"72","荻花圣殿·前厅","25人英雄",慕容追风宝箱3,装备,玖飞腰带,-,
"72","荻花圣殿·前厅","25人英雄",慕容追风,装备,曦月腰带,-,
"72","荻花圣殿·前厅","25人英雄",慕容追风宝箱5,装备,刹贤腰带,-,
"72","荻花圣殿·前厅","25人英雄",慕容追风宝箱4,装备,秀甯腰带,-,
"72","荻花圣殿·前厅","25人英雄",慕容追风宝箱3,装备,踏湫腰带,-,
"72","荻花圣殿·前厅","25人英雄",慕容追风,装备,路蘅腰带,-,
"72","荻花圣殿·前厅","25人英雄",慕容追风宝箱5,装备,醉盈腰带,-,
"72","荻花圣殿·前厅","25人英雄",慕容追风宝箱4,装备,行盟腰带,-,
"72","荻花圣殿·前厅","25人英雄",慕容追风,饰品,睿谋扳指,-,
"72","荻花圣殿·前厅","25人英雄",慕容追风宝箱5,饰品,竺法仰之戒,-,
"72","荻花圣殿·前厅","25人英雄",慕容追风宝箱5,饰品,九华安祀戒,-,
"72","荻花圣殿·前厅","25人英雄",慕容追风,饰品,望鱼目,-,
"72","荻花圣殿·前厅","25人英雄",慕容追风,饰品,镇魂,-,
"72","荻花圣殿·前厅","25人英雄",慕容追风,饰品,路蘅戒,-,
"72","荻花圣殿·前厅","25人英雄",慕容追风宝箱5,饰品,醉盈戒,-,
"72","荻花圣殿·前厅","25人英雄",慕容追风宝箱5,饰品,路蘅戒,-,
"72","荻花圣殿·前厅","25人英雄",慕容追风,饰品,踏湫戒,-,
"72","荻花圣殿·前厅","25人英雄",慕容追风宝箱5,饰品,曦月戒,-,
"72","荻花圣殿·前厅","25人英雄",慕容追风,饰品,曦月戒,-,
"72","荻花圣殿·前厅","25人英雄",慕容追风,饰品,玖飞戒,-,
"72","荻花圣殿·前厅","25人英雄",慕容追风宝箱5,饰品,望鱼目,-,
"72","荻花圣殿·前厅","25人英雄",慕容追风,饰品,田横扳指,-,
"72","荻花圣殿·前厅","25人英雄",慕容追风,饰品,摄摩腾禅戒,-,
"72","荻花圣殿·前厅","25人英雄",慕容追风宝箱5,饰品,睿谋扳指,-,
"72","荻花圣殿·前厅","25人英雄",慕容追风,饰品,宿怨指环,-,
"72","荻花圣殿·前厅","25人英雄",慕容追风,装备,秀甯腰带,-,
"72","荻花圣殿·前厅","25人英雄",慕容追风宝箱4,装备,曦月腰带,-,
"72","荻花圣殿·前厅","25人英雄",慕容追风宝箱4,装备,醉盈护腕,-,
"72","荻花圣殿·前厅","25人英雄",慕容追风宝箱2,装备,蝶蔓熠衣,-,
"72","荻花圣殿·前厅","25人英雄",慕容追风,装备,元放七星袍,-,
"72","荻花圣殿·前厅","25人英雄",慕容追风,装备,冰蚕鞠裳,-,
"72","荻花圣殿·前厅","25人英雄",慕容追风宝箱4,装备,琼瑰玉带,-,
"72","荻花圣殿·前厅","25人英雄",慕容追风宝箱4,装备,蜚影,-,
"72","荻花圣殿·前厅","25人英雄",慕容追风宝箱3,装备,蜚影,-,
"72","荻花圣殿·前厅","25人英雄",慕容追风宝箱1,装备,激楚长袖,-,
"72","荻花圣殿·前厅","25人英雄",慕容追风宝箱3,装备,慕蔺束腰,-,
"72","荻花圣殿·前厅","25人英雄",慕容追风宝箱4,装备,庆忌马靴,-,
"72","荻花圣殿·前厅","25人英雄",慕容追风宝箱4,装备,紫绀佛迹,-,
"72","荻花圣殿·前厅","25人英雄",慕容追风,装备,均善途,-,
"72","荻花圣殿·前厅","25人英雄",慕容追风,装备,沓浪碧屐,-,
"72","荻花圣殿·前厅","25人英雄",慕容追风宝箱1,装备,海陵王护臂,-,
"72","荻花圣殿·前厅","25人英雄",慕容追风宝箱2,装备,虎寿常在带,-,
"72","荻花圣殿·前厅","25人英雄",慕容追风宝箱3,装备,寻狐迹,-,
"72","荻花圣殿·前厅","25人英雄",慕容追风宝箱4,装备,丹姬玉指,-,
"72","荻花圣殿·前厅","25人英雄",慕容追风宝箱4,装备,孚瑜长衣,-,
"72","荻花圣殿·前厅","25人英雄",慕容追风宝箱3,装备,正一法履,-,
"72","荻花圣殿·前厅","25人英雄",慕容追风宝箱4,装备,天弥解纷,-,
"72","荻花圣殿·前厅","25人英雄",慕容追风宝箱3,装备,天弥解纷,-,
"72","荻花圣殿·前厅","25人英雄",蛮熊之力,武器,桓山泣,-,
"72","荻花圣殿·前厅","25人英雄",蛮熊之力,武器,炽腾囊,-,
"72","荻花圣殿·前厅","25人英雄",蛮熊之力,武器,鸠婆利之悼,-,
"72","荻花圣殿·前厅","25人英雄",蛮熊之力,武器,紫草缘,-,
"72","荻花圣殿·前厅","25人英雄",蛮熊之力,武器,凌统怒,-,
"72","荻花圣殿·前厅","25人英雄",蛮熊之力,武器,楚辞招魂,-,
"72","荻花圣殿·前厅","25人英雄",蛮熊之力,武器,山猿斩,-,
"72","荻花圣殿·前厅","25人英雄",蛮熊之力,武器,庞鸿剑,-,
"72","荻花圣殿·前厅","25人英雄",蛮熊之力,武器,龙树禅杖,-,
"72","荻花圣殿·前厅","25人英雄",蛮熊之力,武器,孚信袖,-,
"72","荻花圣殿·前厅","25人英雄",蛮熊之力,武器,剔麒,-,
"72","荻花圣殿·前厅","25人英雄",蛮熊之力,武器,销祸,-,
"72","荻花圣殿·前厅","25人英雄",蛮熊之力,武器,慎刑,-,
"72","荻花圣殿·前厅","25人英雄",蛮熊之力,武器,陵迟,-,
"72","荻花圣殿·前厅","25人英雄",蛮熊之力,武器,刺霄,-,
"72","荻花圣殿·前厅","25人英雄",蛮熊之力,装备,龙渊飞仙履,-,
"72","荻花圣殿·前厅","25人英雄",蛮熊之力,装备,龙伯国人屐,-,
"72","荻花圣殿·前厅","25人英雄",蛮熊之力,装备,立雪僧履,-,
"72","荻花圣殿·前厅","25人英雄",蛮熊之力,装备,金楼履,-,
"72","荻花圣殿·前厅","25人英雄",蛮熊之力,装备,秋歌阵舞履,-,
"72","荻花圣殿·前厅","25人英雄",蛮熊之力,装备,践伐战靴,-,
"72","荻花圣殿·前厅","25人英雄",蛮熊之力,装备,血盟钢胫,-,
"72","荻花圣殿·前厅","25人英雄",蛮熊之力,装备,行盟腰带,-,
"72","荻花圣殿·前厅","25人英雄",蛮熊之力,饰品,仙都飞虹戒,-,
"72","荻花圣殿·前厅","25人英雄",蛮熊之力,饰品,浪礴蛊印,-,
"72","荻花圣殿·前厅","25人英雄",蛮熊之力,饰品,佞道腰坠,-,
"72","荻花圣殿·前厅","25人英雄",蛮熊之力,饰品,苍龙负图坠,-,
"72","荻花圣殿·前厅","25人英雄",蛮熊之力,饰品,晖纹坠,-,
"72","荻花圣殿·前厅","25人英雄",蛮熊之力,饰品,铨判丹戒,-,
"72","荻花圣殿·前厅","25人英雄",蛮熊之力,饰品,煌若旃檀戒,-,
"72","荻花圣殿·前厅","25人英雄",蛮熊之力,饰品,韩子古戒,-,
"72","荻花圣殿·前厅","25人英雄",蛮熊之力,饰品,晰智辉,-,
"72","荻花圣殿·前厅","25人英雄",蛮熊之力,饰品,蜀湮令,-,
"72","荻花圣殿·前厅","25人英雄",蛮熊之力,饰品,蛇国哀诏,-,
"72","荻花圣殿·前厅","25人英雄",蛮熊之力,饰品,青灵蛇丹,-,
"72","荻花圣殿·前厅","25人英雄",蛮熊之力,装备,玖飞腰带,-,
"72","荻花圣殿·前厅","25人英雄",蛮熊之力,装备,踏湫腰带,-,
"72","荻花圣殿·前厅","25人英雄",蛮熊之力,饰品,文君徽戒,-,
"72","荻花圣殿·前厅","25人英雄",蛮熊之力,饰品,天钺戒,-,
"72","荻花圣殿·前厅","25人英雄",蛮熊之力,武器,锁骨钉·云,-,
"72","荻花圣殿·前厅","25人英雄",蛮熊之力,武器,锁骨钉·林,-,
"72","荻花圣殿·前厅","25人英雄",蛮熊之力,武器,锁骨钉·霜,-,
"72","荻花圣殿·前厅","25人英雄",蛮熊之力,武器,锁骨钉·柳,-,
"72","荻花圣殿·前厅","25人英雄",蛮熊之力,武器,锁骨钉·秀,-,
"72","荻花圣殿·前厅","25人英雄",蛮熊之力,武器,锁骨钉·桦,-,
"72","荻花圣殿·前厅","25人英雄",蛮熊之力,武器,锁骨钉·梅,-,
"72","荻花圣殿·前厅","25人英雄",蛮熊之力,武器,锁骨钉·蛊,-,
"72","荻花圣殿·前厅","25人英雄",蛮熊之力,武器,锁骨钉·岳,-,
"72","荻花圣殿·前厅","25人英雄",蛮熊之力,武器,锁骨钉·栖,-,
"72","荻花圣殿·前厅","25人英雄",蛮熊之力,武器,锁骨钉·息,-,
"72","荻花圣殿·前厅","25人英雄",蛮熊之力,武器,锁骨钉·净,-,
"72","荻花圣殿·前厅","25人英雄",蛮熊之力,武器,锁骨钉·愈,-,
"72","荻花圣殿·前厅","25人英雄",蛮熊之力,武器,破军斩马剑,-,
"72","荻花圣殿·前厅","25人英雄",蛮熊之力,武器,玉柄龙仞,-,
"72","荻花圣殿·前厅","25人英雄",蛮熊之力,武器,沥冥,-,
"72","荻花圣殿·前厅","25人英雄",蛮熊之力,武器,昊苍玄剑,-,
"72","荻花圣殿·前厅","25人英雄",蛮熊之力,武器,妖世浮屠柱,-,
"72","荻花圣殿·前厅","25人英雄",蛮熊之力,武器,真空绝相,-,
"72","荻花圣殿·前厅","25人英雄",蛮熊之力,武器,雪翎对剑,-,
"72","荻花圣殿·前厅","25人英雄",蛮熊之力,武器,煌萤双刃,-,
"72","荻花圣殿·前厅","25人英雄",蛮熊之力,武器,血虓,-,
"72","荻花圣殿·前厅","25人英雄",蛮熊之力,武器,霸王神戟,-,
"72","荻花圣殿·前厅","25人英雄",蛮熊之力,武器,天枢蟠龙笔,-,
"72","荻花圣殿·前厅","25人英雄",蛮熊之力,武器,季海风骨,-,
"72","荻花圣殿·前厅","25人英雄",蛮熊之力,武器,独语未央,-,
"72","荻花圣殿·前厅","25人英雄",蛮熊之力,武器,天阎魔笛,-,
"72","荻花圣殿·前厅","25人英雄",蛮熊之力,武器,虹颖,-,
"72","荻花圣殿·前厅","25人英雄",蛮熊之力,武器,蚺蛇藤,-,
"72","荻花圣殿·前厅","25人英雄",蛮熊之力,武器,媚景悦,-,
"72","荻花圣殿·前厅","25人英雄",蛮熊之力,武器,枯石生泉,-,
"72","荻花圣殿·前厅","25人英雄",蛮熊之力,武器,尹思目,-,
"72","荻花圣殿·前厅","25人英雄",蛮熊之力,武器,大道无形,-,
"72","荻花圣殿·前厅","25人英雄",蛮熊之力,武器,赤堇辉,-,
"72","荻花圣殿·前厅","25人英雄",蛮熊之力,武器,雷狼利刃,-,
"72","荻花圣殿·前厅","25人英雄",蛮熊之力,武器,刑克刃,-,
"72","荻花圣殿·前厅","25人英雄",蛮熊之力,武器,无心法界,-,
"72","荻花圣殿·前厅","25人英雄",蛮熊之力,武器,龙威丈人袖,-,
"72","荻花圣殿·前厅","25人英雄",蛮熊之力,武器,狩荻槊,-,
"72","荻花圣殿·前厅","25人英雄",蛮熊之力,武器,悯叹,-,
"72","荻花圣殿·前厅","25人英雄",蛮熊之力,武器,悲风徽行,-,
"72","荻花圣殿·前厅","25人英雄",蛮熊之力,武器,无忌,-,
"72","荻花圣殿·前厅","25人英雄",蛮熊之力,武器,屠蛟,-,
"72","荻花圣殿·前厅","25人英雄",蛮熊之力,装备,海泰朱明靴,-,
"72","荻花圣殿·前厅","25人英雄",蛮熊之力,装备,善毗律部屐,-,
"72","荻花圣殿·前厅","25人英雄",蛮熊之力,装备,灵化长靴,-,
"72","荻花圣殿·前厅","25人英雄",蛮熊之力,装备,践鬼重靴,-,
"72","荻花圣殿·前厅","25人英雄",蛮熊之力,装备,泽骨鞋,-,
"72","荻花圣殿·前厅","25人英雄",蛮熊之力,装备,曦月腰带,-,
"72","荻花圣殿·前厅","25人英雄",蛮熊之力,装备,路蘅腰带,-,
"72","荻花圣殿·前厅","25人英雄",蛮熊之力,饰品,彭泽元亮戒,-,
"72","荻花圣殿·前厅","25人英雄",蛮熊之力,饰品,朱异蝉珥,-,
"72","荻花圣殿·前厅","25人英雄",蛮熊之力,饰品,恩临坠,-,
"72","荻花圣殿·前厅","25人英雄",蛮熊之力,饰品,红旭坠,-,
"72","荻花圣殿·前厅","25人英雄",蛮熊之力,饰品,梨宵坠,-,
"72","荻花圣殿·前厅","25人英雄",蛮熊之力,装备,决毒木屐,-,
"72","荻花圣殿·前厅","25人英雄",蛮熊之力,装备,刹贤腰带,-,
"72","荻花圣殿·前厅","25人英雄",蛮熊之力,装备,醉盈腰带,-,
"72","荻花圣殿·前厅","25人英雄",蛮熊之力,饰品,无竭归命坠,-,
"72","荻花圣殿·前厅","25人英雄",蛮熊之力,饰品,僧岩壶,-,
"72","荻花圣殿·前厅","25人英雄",蛮熊之力,饰品,文豹黑玉,-,
"72","荻花圣殿·前厅","25人英雄",蛮熊之力,饰品,武城宰,-,
"72","荻花圣殿·前厅","25人英雄",蛮熊之力,饰品,赤枝杨,-,
"72","荻花圣殿·前厅","25人英雄",蛮熊之力,饰品,飞龙翼辕戒,-,
"72","荻花圣殿·前厅","25人英雄",蛮熊之力,饰品,泓蛟扳指,-,
"72","荻花圣殿·前厅","25人英雄",蛮熊之力,装备,秀甯腰带,-,
"72","荻花圣殿·前厅","25人英雄",贪狼之牙,武器,虹颖,-,
"72","荻花圣殿·前厅","25人英雄",贪狼之牙,武器,蚺蛇藤,-,
"72","荻花圣殿·前厅","25人英雄",贪狼之牙,武器,媚景悦,-,
"72","荻花圣殿·前厅","25人英雄",贪狼之牙,武器,枯石生泉,-,
"72","荻花圣殿·前厅","25人英雄",贪狼之牙,武器,尹思目,-,
"72","荻花圣殿·前厅","25人英雄",贪狼之牙,武器,大道无形,-,
"72","荻花圣殿·前厅","25人英雄",贪狼之牙,武器,赤堇辉,-,
"72","荻花圣殿·前厅","25人英雄",贪狼之牙,武器,雷狼利刃,-,
"72","荻花圣殿·前厅","25人英雄",贪狼之牙,武器,刑克刃,-,
"72","荻花圣殿·前厅","25人英雄",贪狼之牙,武器,无心法界,-,
"72","荻花圣殿·前厅","25人英雄",贪狼之牙,武器,龙威丈人袖,-,
"72","荻花圣殿·前厅","25人英雄",贪狼之牙,武器,狩荻槊,-,
"72","荻花圣殿·前厅","25人英雄",贪狼之牙,武器,悯叹,-,
"72","荻花圣殿·前厅","25人英雄",贪狼之牙,武器,悲风徽行,-,
"72","荻花圣殿·前厅","25人英雄",贪狼之牙,武器,无忌,-,
"72","荻花圣殿·前厅","25人英雄",贪狼之牙,武器,屠蛟,-,
"72","荻花圣殿·前厅","25人英雄",贪狼之牙,装备,拥离裹腿,-,
"72","荻花圣殿·前厅","25人英雄",贪狼之牙,装备,皇侃持孝襟,-,
"72","荻花圣殿·前厅","25人英雄",贪狼之牙,装备,颊涡香罗,-,
"72","荻花圣殿·前厅","25人英雄",贪狼之牙,装备,句曲金冠,-,
"72","荻花圣殿·前厅","25人英雄",贪狼之牙,装备,樊英冠,-,
"72","荻花圣殿·前厅","25人英雄",贪狼之牙,装备,吕隆辅国冠,-,
"72","荻花圣殿·前厅","25人英雄",贪狼之牙,装备,火浣流裳,-,
"72","荻花圣殿·前厅","25人英雄",贪狼之牙,装备,伐智裳,-,
"72","荻花圣殿·前厅","25人英雄",贪狼之牙,装备,帛尸梨密襟,-,
"72","荻花圣殿·前厅","25人英雄",贪狼之牙,饰品,睿谋扳指,-,
"72","荻花圣殿·前厅","25人英雄",贪狼之牙,饰品,路蘅戒,-,
"72","荻花圣殿·前厅","25人英雄",贪狼之牙,饰品,佞道腰坠,-,
"72","荻花圣殿·前厅","25人英雄",贪狼之牙,饰品,苍龙负图坠,-,
"72","荻花圣殿·前厅","25人英雄",贪狼之牙,饰品,踏湫戒,-,
"72","荻花圣殿·前厅","25人英雄",贪狼之牙,饰品,晖纹坠,-,
"72","荻花圣殿·前厅","25人英雄",贪狼之牙,饰品,墨雁戒,-,
"72","荻花圣殿·前厅","25人英雄",贪狼之牙,装备,穆之腿甲,-,
"72","荻花圣殿·前厅","25人英雄",贪狼之牙,装备,九蟠紫金冠,-,
"72","荻花圣殿·前厅","25人英雄",贪狼之牙,装备,阇崛明王帽,-,
"72","荻花圣殿·前厅","25人英雄",贪狼之牙,装备,誓天顶戴,-,
"72","荻花圣殿·前厅","25人英雄",贪狼之牙,装备,方等驰心冠,-,
"72","荻花圣殿·前厅","25人英雄",贪狼之牙,饰品,苍云灭,-,
"72","荻花圣殿·前厅","25人英雄",贪狼之牙,饰品,青灵蛇丹,-,
"72","荻花圣殿·前厅","25人英雄",贪狼之牙,武器,锁骨钉·云,-,
"72","荻花圣殿·前厅","25人英雄",贪狼之牙,武器,锁骨钉·林,-,
"72","荻花圣殿·前厅","25人英雄",贪狼之牙,武器,锁骨钉·霜,-,
"72","荻花圣殿·前厅","25人英雄",贪狼之牙,武器,锁骨钉·柳,-,
"72","荻花圣殿·前厅","25人英雄",贪狼之牙,武器,锁骨钉·秀,-,
"72","荻花圣殿·前厅","25人英雄",贪狼之牙,武器,锁骨钉·桦,-,
"72","荻花圣殿·前厅","25人英雄",贪狼之牙,武器,锁骨钉·梅,-,
"72","荻花圣殿·前厅","25人英雄",贪狼之牙,武器,锁骨钉·蛊,-,
"72","荻花圣殿·前厅","25人英雄",贪狼之牙,武器,锁骨钉·岳,-,
"72","荻花圣殿·前厅","25人英雄",贪狼之牙,武器,锁骨钉·栖,-,
"72","荻花圣殿·前厅","25人英雄",贪狼之牙,武器,锁骨钉·息,-,
"72","荻花圣殿·前厅","25人英雄",贪狼之牙,武器,锁骨钉·净,-,
"72","荻花圣殿·前厅","25人英雄",贪狼之牙,武器,锁骨钉·愈,-,
"72","荻花圣殿·前厅","25人英雄",贪狼之牙,武器,破军斩马剑,-,
"72","荻花圣殿·前厅","25人英雄",贪狼之牙,武器,玉柄龙仞,-,
"72","荻花圣殿·前厅","25人英雄",贪狼之牙,武器,沥冥,-,
"72","荻花圣殿·前厅","25人英雄",贪狼之牙,武器,昊苍玄剑,-,
"72","荻花圣殿·前厅","25人英雄",贪狼之牙,武器,妖世浮屠柱,-,
"72","荻花圣殿·前厅","25人英雄",贪狼之牙,武器,真空绝相,-,
"72","荻花圣殿·前厅","25人英雄",贪狼之牙,武器,雪翎对剑,-,
"72","荻花圣殿·前厅","25人英雄",贪狼之牙,武器,煌萤双刃,-,
"72","荻花圣殿·前厅","25人英雄",贪狼之牙,武器,血虓,-,
"72","荻花圣殿·前厅","25人英雄",贪狼之牙,武器,霸王神戟,-,
"72","荻花圣殿·前厅","25人英雄",贪狼之牙,武器,天枢蟠龙笔,-,
"72","荻花圣殿·前厅","25人英雄",贪狼之牙,武器,季海风骨,-,
"72","荻花圣殿·前厅","25人英雄",贪狼之牙,武器,独语未央,-,
"72","荻花圣殿·前厅","25人英雄",贪狼之牙,武器,天阎魔笛,-,
"72","荻花圣殿·前厅","25人英雄",贪狼之牙,武器,桓山泣,-,
"72","荻花圣殿·前厅","25人英雄",贪狼之牙,武器,炽腾囊,-,
"72","荻花圣殿·前厅","25人英雄",贪狼之牙,武器,鸠婆利之悼,-,
"72","荻花圣殿·前厅","25人英雄",贪狼之牙,武器,紫草缘,-,
"72","荻花圣殿·前厅","25人英雄",贪狼之牙,武器,凌统怒,-,
"72","荻花圣殿·前厅","25人英雄",贪狼之牙,武器,楚辞招魂,-,
"72","荻花圣殿·前厅","25人英雄",贪狼之牙,武器,山猿斩,-,
"72","荻花圣殿·前厅","25人英雄",贪狼之牙,武器,庞鸿剑,-,
"72","荻花圣殿·前厅","25人英雄",贪狼之牙,武器,龙树禅杖,-,
"72","荻花圣殿·前厅","25人英雄",贪狼之牙,武器,孚信袖,-,
"72","荻花圣殿·前厅","25人英雄",贪狼之牙,武器,剔麒,-,
"72","荻花圣殿·前厅","25人英雄",贪狼之牙,武器,销祸,-,
"72","荻花圣殿·前厅","25人英雄",贪狼之牙,武器,慎刑,-,
"72","荻花圣殿·前厅","25人英雄",贪狼之牙,武器,陵迟,-,
"72","荻花圣殿·前厅","25人英雄",贪狼之牙,武器,刺霄,-,
"72","荻花圣殿·前厅","25人英雄",贪狼之牙,装备,霍山严青裾,-,
"72","荻花圣殿·前厅","25人英雄",贪狼之牙,装备,意忌束腿,-,
"72","荻花圣殿·前厅","25人英雄",贪狼之牙,装备,绀碧蛛冠,-,
"72","荻花圣殿·前厅","25人英雄",贪狼之牙,装备,冷峭绑腿,-,
"72","荻花圣殿·前厅","25人英雄",贪狼之牙,装备,葆羽裾,-,
"72","荻花圣殿·前厅","25人英雄",贪狼之牙,饰品,文豹黑玉,-,
"72","荻花圣殿·前厅","25人英雄",贪狼之牙,饰品,曦月戒,-,
"72","荻花圣殿·前厅","25人英雄",贪狼之牙,饰品,梨宵坠,-,
"72","荻花圣殿·前厅","25人英雄",贪狼之牙,饰品,朱异蝉珥,-,
"72","荻花圣殿·前厅","25人英雄",贪狼之牙,饰品,摄摩腾禅戒,-,
"72","荻花圣殿·前厅","25人英雄",贪狼之牙,饰品,田横扳指,-,
"72","荻花圣殿·前厅","25人英雄",贪狼之牙,饰品,玖飞戒,-,
"72","荻花圣殿·前厅","25人英雄",贪狼之牙,饰品,红旭坠,-,
"72","荻花圣殿·前厅","25人英雄",贪狼之牙,装备,龙山孟嘉帽,-,
"72","荻花圣殿·前厅","25人英雄",贪狼之牙,装备,戟髯,-,
"72","荻花圣殿·前厅","25人英雄",贪狼之牙,装备,骁卫血胫,-,
"72","荻花圣殿·前厅","25人英雄",贪狼之牙,装备,赤颈鳞帽,-,
"72","荻花圣殿·前厅","25人英雄",贪狼之牙,饰品,蕙心戒,-,
"72","荻花圣殿·前厅","25人英雄",贪狼之牙,饰品,鹿鸣剑戒,-,
"72","荻花圣殿·前厅","25人英雄",贪狼之牙,饰品,辛攀昆玉戒,-,
"72","荻花圣殿·前厅","25人英雄",贪狼之牙,饰品,行盟戒,-,
"72","荻花圣殿·前厅","25人英雄",贪狼之牙,饰品,恩临坠,-,
"72","荻花圣殿·前厅","25人英雄",贪狼之牙,饰品,醉盈戒,-,
"72","荻花圣殿·前厅","25人英雄",贪狼之牙,饰品,秀甯戒,-,
"72","荻花圣殿·前厅","25人英雄",贪狼之牙,饰品,刹贤戒,-,
"72","荻花圣殿·前厅","25人英雄",贪狼之牙,饰品,郁盎指环,-,
"72","荻花圣殿·前厅","25人英雄",贪狼之牙,饰品,蛇国哀诏,-,
"72","荻花圣殿·前厅","25人英雄",贪狼之牙,饰品,九华安祀戒,-,
"72","荻花圣殿·前厅","25人英雄",贪狼之牙,饰品,竺法仰之戒,-,
"72","荻花圣殿·前厅","25人英雄",贪狼之牙,饰品,僧岩壶,-,
"72","荻花圣殿·前厅","25人英雄",贪狼之牙,饰品,蜀湮令,-,
"72","荻花圣殿·前厅","25人英雄",贪狼之牙,饰品,无竭归命坠,-,
"72","荻花圣殿·前厅","25人英雄",贪狼之牙,装备,按逝裳,-,
"72","荻花圣殿·前厅","25人英雄",贪狼之牙,装备,远山眉,-,
"72","荻花圣殿·前厅","25人英雄",贪狼之牙,装备,瑰轶辟火裳,-,
"72","荻花圣殿·前厅","25人英雄",飞猿之影、镰鼬之影,武器,妖世浮屠柱,-,
"72","荻花圣殿·前厅","25人英雄",飞猿之影、镰鼬之影,武器,真空绝相,-,
"72","荻花圣殿·前厅","25人英雄",飞猿之影、镰鼬之影,武器,雪翎对剑,-,
"72","荻花圣殿·前厅","25人英雄",飞猿之影、镰鼬之影,武器,煌萤双刃,-,
"72","荻花圣殿·前厅","25人英雄",飞猿之影、镰鼬之影,武器,血虓,-,
"72","荻花圣殿·前厅","25人英雄",飞猿之影、镰鼬之影,武器,霸王神戟,-,
"72","荻花圣殿·前厅","25人英雄",飞猿之影、镰鼬之影,武器,天枢蟠龙笔,-,
"72","荻花圣殿·前厅","25人英雄",飞猿之影、镰鼬之影,武器,季海风骨,-,
"72","荻花圣殿·前厅","25人英雄",飞猿之影、镰鼬之影,武器,独语未央,-,
"72","荻花圣殿·前厅","25人英雄",飞猿之影、镰鼬之影,武器,天阎魔笛,-,
"72","荻花圣殿·前厅","25人英雄",飞猿之影、镰鼬之影,武器,虹颖,-,
"72","荻花圣殿·前厅","25人英雄",飞猿之影、镰鼬之影,武器,蚺蛇藤,-,
"72","荻花圣殿·前厅","25人英雄",飞猿之影、镰鼬之影,武器,媚景悦,-,
"72","荻花圣殿·前厅","25人英雄",飞猿之影、镰鼬之影,武器,枯石生泉,-,
"72","荻花圣殿·前厅","25人英雄",飞猿之影、镰鼬之影,武器,尹思目,-,
"72","荻花圣殿·前厅","25人英雄",飞猿之影、镰鼬之影,武器,大道无形,-,
"72","荻花圣殿·前厅","25人英雄",飞猿之影、镰鼬之影,武器,赤堇辉,-,
"72","荻花圣殿·前厅","25人英雄",飞猿之影、镰鼬之影,武器,雷狼利刃,-,
"72","荻花圣殿·前厅","25人英雄",飞猿之影、镰鼬之影,武器,刑克刃,-,
"72","荻花圣殿·前厅","25人英雄",飞猿之影、镰鼬之影,武器,无心法界,-,
"72","荻花圣殿·前厅","25人英雄",飞猿之影、镰鼬之影,武器,龙威丈人袖,-,
"72","荻花圣殿·前厅","25人英雄",飞猿之影、镰鼬之影,武器,狩荻槊,-,
"72","荻花圣殿·前厅","25人英雄",飞猿之影、镰鼬之影,武器,悯叹,-,
"72","荻花圣殿·前厅","25人英雄",飞猿之影、镰鼬之影,武器,悲风徽行,-,
"72","荻花圣殿·前厅","25人英雄",飞猿之影、镰鼬之影,武器,无忌,-,
"72","荻花圣殿·前厅","25人英雄",飞猿之影、镰鼬之影,武器,屠蛟,-,
"72","荻花圣殿·前厅","25人英雄",飞猿之影、镰鼬之影,装备,云龙圣人袍,-,
"72","荻花圣殿·前厅","25人英雄",飞猿之影、镰鼬之影,装备,青雉袆衣,-,
"72","荻花圣殿·前厅","25人英雄",飞猿之影、镰鼬之影,装备,杯渡袈裟,-,
"72","荻花圣殿·前厅","25人英雄",飞猿之影、镰鼬之影,装备,幽明雷息袍,-,
"72","荻花圣殿·前厅","25人英雄",飞猿之影、镰鼬之影,装备,太上八素裳,-,
"72","荻花圣殿·前厅","25人英雄",飞猿之影、镰鼬之影,装备,邢颜绸帽,-,
"72","荻花圣殿·前厅","25人英雄",飞猿之影、镰鼬之影,装备,招灵白燕钗,-,
"72","荻花圣殿·前厅","25人英雄",飞猿之影、镰鼬之影,装备,张郃护腿,-,
"72","荻花圣殿·前厅","25人英雄",飞猿之影、镰鼬之影,装备,丘俭破虏甲,-,
"72","荻花圣殿·前厅","25人英雄",飞猿之影、镰鼬之影,装备,韩侯弘璧裳,-,
"72","荻花圣殿·前厅","25人英雄",飞猿之影、镰鼬之影,饰品,蜀湮令,-,
"72","荻花圣殿·前厅","25人英雄",飞猿之影、镰鼬之影,饰品,蛇国哀诏,-,
"72","荻花圣殿·前厅","25人英雄",飞猿之影、镰鼬之影,饰品,青灵蛇丹,-,
"72","荻花圣殿·前厅","25人英雄",飞猿之影、镰鼬之影,饰品,红旭坠,-,
"72","荻花圣殿·前厅","25人英雄",飞猿之影、镰鼬之影,装备,荷彩照云,-,
"72","荻花圣殿·前厅","25人英雄",飞猿之影、镰鼬之影,装备,悸容方山冠,-,
"72","荻花圣殿·前厅","25人英雄",飞猿之影、镰鼬之影,装备,一意禅观,-,
"72","荻花圣殿·前厅","25人英雄",飞猿之影、镰鼬之影,装备,凤缈帷帽,-,
"72","荻花圣殿·前厅","25人英雄",飞猿之影、镰鼬之影,装备,碧麓裤,-,
"72","荻花圣殿·前厅","25人英雄",飞猿之影、镰鼬之影,饰品,赤枝杨,-,
"72","荻花圣殿·前厅","25人英雄",飞猿之影、镰鼬之影,饰品,武城宰,-,
"72","荻花圣殿·前厅","25人英雄",飞猿之影、镰鼬之影,饰品,文豹黑玉,-,
"72","荻花圣殿·前厅","25人英雄",飞猿之影、镰鼬之影,武器,锁骨钉·云,-,
"72","荻花圣殿·前厅","25人英雄",飞猿之影、镰鼬之影,武器,锁骨钉·林,-,
"72","荻花圣殿·前厅","25人英雄",飞猿之影、镰鼬之影,武器,锁骨钉·霜,-,
"72","荻花圣殿·前厅","25人英雄",飞猿之影、镰鼬之影,武器,锁骨钉·柳,-,
"72","荻花圣殿·前厅","25人英雄",飞猿之影、镰鼬之影,武器,锁骨钉·秀,-,
"72","荻花圣殿·前厅","25人英雄",飞猿之影、镰鼬之影,武器,锁骨钉·桦,-,
"72","荻花圣殿·前厅","25人英雄",飞猿之影、镰鼬之影,武器,锁骨钉·梅,-,
"72","荻花圣殿·前厅","25人英雄",飞猿之影、镰鼬之影,武器,锁骨钉·蛊,-,
"72","荻花圣殿·前厅","25人英雄",飞猿之影、镰鼬之影,武器,锁骨钉·岳,-,
"72","荻花圣殿·前厅","25人英雄",飞猿之影、镰鼬之影,武器,锁骨钉·栖,-,
"72","荻花圣殿·前厅","25人英雄",飞猿之影、镰鼬之影,武器,锁骨钉·息,-,
"72","荻花圣殿·前厅","25人英雄",飞猿之影、镰鼬之影,武器,锁骨钉·净,-,
"72","荻花圣殿·前厅","25人英雄",飞猿之影、镰鼬之影,武器,锁骨钉·愈,-,
"72","荻花圣殿·前厅","25人英雄",飞猿之影、镰鼬之影,武器,破军斩马剑,-,
"72","荻花圣殿·前厅","25人英雄",飞猿之影、镰鼬之影,武器,玉柄龙仞,-,
"72","荻花圣殿·前厅","25人英雄",飞猿之影、镰鼬之影,武器,沥冥,-,
"72","荻花圣殿·前厅","25人英雄",飞猿之影、镰鼬之影,武器,昊苍玄剑,-,
"72","荻花圣殿·前厅","25人英雄",飞猿之影、镰鼬之影,武器,桓山泣,-,
"72","荻花圣殿·前厅","25人英雄",飞猿之影、镰鼬之影,武器,炽腾囊,-,
"72","荻花圣殿·前厅","25人英雄",飞猿之影、镰鼬之影,武器,鸠婆利之悼,-,
"72","荻花圣殿·前厅","25人英雄",飞猿之影、镰鼬之影,武器,紫草缘,-,
"72","荻花圣殿·前厅","25人英雄",飞猿之影、镰鼬之影,武器,凌统怒,-,
"72","荻花圣殿·前厅","25人英雄",飞猿之影、镰鼬之影,武器,楚辞招魂,-,
"72","荻花圣殿·前厅","25人英雄",飞猿之影、镰鼬之影,武器,山猿斩,-,
"72","荻花圣殿·前厅","25人英雄",飞猿之影、镰鼬之影,武器,庞鸿剑,-,
"72","荻花圣殿·前厅","25人英雄",飞猿之影、镰鼬之影,武器,龙树禅杖,-,
"72","荻花圣殿·前厅","25人英雄",飞猿之影、镰鼬之影,武器,孚信袖,-,
"72","荻花圣殿·前厅","25人英雄",飞猿之影、镰鼬之影,武器,剔麒,-,
"72","荻花圣殿·前厅","25人英雄",飞猿之影、镰鼬之影,武器,销祸,-,
"72","荻花圣殿·前厅","25人英雄",飞猿之影、镰鼬之影,武器,慎刑,-,
"72","荻花圣殿·前厅","25人英雄",飞猿之影、镰鼬之影,武器,陵迟,-,
"72","荻花圣殿·前厅","25人英雄",飞猿之影、镰鼬之影,武器,刺霄,-,
"72","荻花圣殿·前厅","25人英雄",飞猿之影、镰鼬之影,装备,孟风长袍,-,
"72","荻花圣殿·前厅","25人英雄",飞猿之影、镰鼬之影,装备,比丘惠生衫,-,
"72","荻花圣殿·前厅","25人英雄",飞猿之影、镰鼬之影,装备,炎轮钢甲,-,
"72","荻花圣殿·前厅","25人英雄",飞猿之影、镰鼬之影,装备,抱朴玄衫,-,
"72","荻花圣殿·前厅","25人英雄",飞猿之影、镰鼬之影,装备,流景霓衣,-,
"72","荻花圣殿·前厅","25人英雄",飞猿之影、镰鼬之影,装备,秦风同泽,-,
"72","荻花圣殿·前厅","25人英雄",飞猿之影、镰鼬之影,装备,初平牧衣,-,
"72","荻花圣殿·前厅","25人英雄",飞猿之影、镰鼬之影,装备,五色荧鸟衣,-,
"72","荻花圣殿·前厅","25人英雄",飞猿之影、镰鼬之影,装备,獬皮掩心,-,
"72","荻花圣殿·前厅","25人英雄",飞猿之影、镰鼬之影,装备,灵泉古裳,-,
"72","荻花圣殿·前厅","25人英雄",飞猿之影、镰鼬之影,装备,雾隐伏击盔,-,
"72","荻花圣殿·前厅","25人英雄",飞猿之影、镰鼬之影,装备,赤眉豪客盔,-,
"72","荻花圣殿·前厅","25人英雄",飞猿之影、镰鼬之影,装备,蟾诸裤,-,
"72","荻花圣殿·前厅","25人英雄",飞猿之影、镰鼬之影,装备,灵烛妙明襟,-,
"72","荻花圣殿·前厅","25人英雄",飞猿之影、镰鼬之影,装备,泷衫帽,-,
"72","荻花圣殿·前厅","25人英雄",飞猿之影、镰鼬之影,饰品,煌若旃檀戒,-,
"72","荻花圣殿·前厅","25人英雄",飞猿之影、镰鼬之影,饰品,韩子古戒,-,
"72","荻花圣殿·前厅","25人英雄",飞猿之影、镰鼬之影,饰品,晰智辉,-,
"72","荻花圣殿·前厅","25人英雄",飞猿之影、镰鼬之影,饰品,恩临坠,-,
"72","荻花圣殿·前厅","25人英雄",飞猿之影、镰鼬之影,饰品,文君徽戒,-,
"72","荻花圣殿·前厅","25人英雄",飞猿之影、镰鼬之影,饰品,天钺戒,-,
"72","荻花圣殿·前厅","25人英雄",飞猿之影、镰鼬之影,饰品,无竭归命坠,-,
"72","荻花圣殿·前厅","25人英雄",飞猿之影、镰鼬之影,饰品,晖纹坠,-,
"72","荻花圣殿·前厅","25人英雄",飞猿之影、镰鼬之影,饰品,梨宵坠,-,
"72","荻花圣殿·前厅","25人英雄",飞猿之影、镰鼬之影,装备,意业僧襟,-,
"72","荻花圣殿·前厅","25人英雄",飞猿之影、镰鼬之影,装备,语林紫罗裳,-,
"72","荻花圣殿·前厅","25人英雄",飞猿之影、镰鼬之影,装备,察雅帷帽,-,
"72","荻花圣殿·前厅","25人英雄",飞猿之影、镰鼬之影,装备,卧虎李崇冠,-,
"72","荻花圣殿·前厅","25人英雄",飞猿之影、镰鼬之影,装备,猎龙腿甲,-,
"72","荻花圣殿·前厅","25人英雄",飞猿之影、镰鼬之影,装备,陵龙角,-,
"72","荻花圣殿·前厅","25人英雄",飞猿之影、镰鼬之影,装备,委羽奉林裤,-,
"72","荻花圣殿·前厅","25人英雄",飞猿之影、镰鼬之影,饰品,飞龙翼辕戒,-,
"72","荻花圣殿·前厅","25人英雄",飞猿之影、镰鼬之影,饰品,苍龙负图坠,-,
"72","荻花圣殿·前厅","25人英雄",飞猿之影、镰鼬之影,饰品,朱异蝉珥,-,
"72","荻花圣殿·前厅","25人英雄",飞猿之影、镰鼬之影,饰品,僧岩壶,-,
"72","荻花圣殿·前厅","25人英雄",飞猿之影、镰鼬之影,饰品,佞道腰坠,-,
"72","荻花圣殿·前厅","25人英雄",飞猿之影、镰鼬之影,饰品,彭泽元亮戒,-,
"72","荻花圣殿·前厅","25人英雄",飞猿之影、镰鼬之影,饰品,泓蛟扳指,-,
"72","荻花圣殿·前厅","25人英雄",飞猿之影、镰鼬之影,饰品,仙都飞虹戒,-,
"72","荻花圣殿·前厅","25人英雄",飞猿之影、镰鼬之影,装备,禅冈慧开帽,-,
"72","荻花圣殿·前厅","25人英雄",飞猿之影、镰鼬之影,装备,狄道冠,-,
"67","荻花宫后山","10人普通",罗索斯,装备,景丹握,-,
"67","荻花宫后山","10人普通",罗索斯宝箱1,装备,碧阑目,-,
"67","荻花宫后山","10人普通",罗索斯,饰品,浮生若寄,-,
"67","荻花宫后山","10人普通",罗索斯,武器,冰眸击,-,
"67","荻花宫后山","10人普通",罗索斯,武器,疏狂图,-,
"67","荻花宫后山","10人普通",罗索斯,武器,残烛泪,-,
"67","荻花宫后山","10人普通",罗索斯宝箱1,装备,景丹握,-,
"67","荻花宫后山","10人普通",罗索斯宝箱2,装备,景丹握,-,
"67","荻花宫后山","10人普通",罗索斯,饰品,蜚目坠,-,
"67","荻花宫后山","10人普通",罗索斯宝箱1,饰品,蜚目坠,-,
"67","荻花宫后山","10人普通",罗索斯,武器,秦桥月,-,
"67","荻花宫后山","10人普通",罗索斯,饰品,紫罗珠,-,
"67","荻花宫后山","10人普通",罗索斯,装备,琅邪古盔,-,
"67","荻花宫后山","10人普通",罗索斯宝箱1,饰品,紫罗珠,-,
"67","荻花宫后山","10人普通",罗索斯宝箱2,饰品,紫罗珠,-,
"67","荻花宫后山","10人普通",罗索斯,武器,舞阳刺,-,
"67","荻花宫后山","10人普通",罗索斯,武器,难陀喜,-,
"67","荻花宫后山","10人普通",罗索斯,武器,砚泽,-,
"67","荻花宫后山","10人普通",罗索斯宝箱1,装备,琅邪古盔,-,
"67","荻花宫后山","10人普通",罗索斯,饰品,白衣来,-,
"67","荻花宫后山","10人普通",罗索斯宝箱1,饰品,白衣来,-,
"67","荻花宫后山","10人普通",罗索斯宝箱2,装备,琅邪古盔,-,
"67","荻花宫后山","10人普通",罗索斯宝箱2,饰品,白衣来,-,
"67","荻花宫后山","10人普通",罗索斯,饰品,指染六道,-,
"67","荻花宫后山","10人普通",罗索斯宝箱1,饰品,指染六道,-,
"67","荻花宫后山","10人普通",罗索斯,武器,子房筹,-,
"67","荻花宫后山","10人普通",罗索斯,武器,潮之威,-,
"67","荻花宫后山","10人普通",罗索斯,武器,落月魅,-,
"67","荻花宫后山","10人普通",罗索斯,武器,金蚕蛊囊,-,
"67","荻花宫后山","10人普通",罗索斯宝箱1,饰品,倾盖缘,-,
"67","荻花宫后山","10人普通",罗索斯宝箱2,饰品,倾盖缘,-,
"67","荻花宫后山","10人普通",罗索斯,武器,僧恸,-,
"67","荻花宫后山","10人普通",罗索斯,武器,九途,-,
"67","荻花宫后山","10人普通",罗索斯宝箱2,饰品,蜚目坠,-,
"67","荻花宫后山","10人普通",罗索斯,装备,百里视,-,
"67","荻花宫后山","10人普通",罗索斯宝箱1,饰品,斗奢坠,-,
"67","荻花宫后山","10人普通",罗索斯宝箱2,饰品,浮生若寄,-,
"67","荻花宫后山","10人普通",罗索斯宝箱1,饰品,浮生若寄,-,
"67","荻花宫后山","10人普通",罗索斯宝箱2,饰品,斗奢坠,-,
"67","荻花宫后山","10人普通",罗索斯,饰品,倾盖缘,-,
"67","荻花宫后山","10人普通",罗索斯宝箱1,饰品,袁安困,-,
"67","荻花宫后山","10人普通",罗索斯,饰品,斗奢坠,-,
"67","荻花宫后山","10人普通",罗索斯宝箱1,装备,百里视,-,
"67","荻花宫后山","10人普通",罗索斯,装备,灵寿胫甲,-,
"67","荻花宫后山","10人普通",罗索斯,饰品,袁安困,-,
"67","荻花宫后山","10人普通",罗索斯,武器,血魇珠囊,-,
"67","荻花宫后山","10人普通",罗索斯宝箱2,装备,百里视,-,
"67","荻花宫后山","10人普通",罗索斯宝箱1,装备,灵寿胫甲,-,
"67","荻花宫后山","10人普通",罗索斯宝箱2,饰品,袁安困,-,
"67","荻花宫后山","10人普通",罗索斯宝箱2,饰品,指染六道,-,
"67","荻花宫后山","10人普通",罗索斯,装备,碧阑目,-,
"67","荻花宫后山","10人普通",罗索斯宝箱2,装备,灵寿胫甲,-,
"67","荻花宫后山","10人普通",罗索斯宝箱2,装备,碧阑目,-,
"67","荻花宫后山","10人普通",乌蛊婆婆,武器,冰眸击,-,
"67","荻花宫后山","10人普通",乌蛊婆婆,武器,落月魅,-,
"67","荻花宫后山","10人普通",乌蛊婆婆,武器,九途,-,
"67","荻花宫后山","10人普通",乌蛊婆婆,装备,暝途枫,-,
"67","荻花宫后山","10人普通",乌蛊婆婆宝箱1,装备,暝途枫,-,
"67","荻花宫后山","10人普通",乌蛊婆婆宝箱2,装备,暝途枫,-,
"67","荻花宫后山","10人普通",乌蛊婆婆,饰品,子牟恋,-,
"67","荻花宫后山","10人普通",乌蛊婆婆,武器,血魇珠囊,-,
"67","荻花宫后山","10人普通",乌蛊婆婆宝箱2,饰品,子牟恋,-,
"67","荻花宫后山","10人普通",乌蛊婆婆,饰品,易水别,-,
"67","荻花宫后山","10人普通",乌蛊婆婆宝箱1,饰品,易水别,-,
"67","荻花宫后山","10人普通",乌蛊婆婆,装备,衔芦首,-,
"67","荻花宫后山","10人普通",乌蛊婆婆宝箱1,装备,衔芦首,-,
"67","荻花宫后山","10人普通",乌蛊婆婆,武器,僧恸,-,
"67","荻花宫后山","10人普通",乌蛊婆婆,武器,残烛泪,-,
"67","荻花宫后山","10人普通",乌蛊婆婆宝箱2,装备,衔芦首,-,
"67","荻花宫后山","10人普通",乌蛊婆婆,饰品,屠叟链,-,
"67","荻花宫后山","10人普通",乌蛊婆婆,装备,柔缎裤,-,
"67","荻花宫后山","10人普通",乌蛊婆婆宝箱2,饰品,屠叟链,-,
"67","荻花宫后山","10人普通",乌蛊婆婆宝箱1,装备,柔缎裤,-,
"67","荻花宫后山","10人普通",乌蛊婆婆,武器,秦桥月,-,
"67","荻花宫后山","10人普通",乌蛊婆婆,装备,元阳煌,-,
"67","荻花宫后山","10人普通",乌蛊婆婆宝箱2,装备,柔缎裤,-,
"67","荻花宫后山","10人普通",乌蛊婆婆宝箱1,装备,元阳煌,-,
"67","荻花宫后山","10人普通",乌蛊婆婆,装备,酌流霞,-,
"67","荻花宫后山","10人普通",乌蛊婆婆宝箱2,装备,元阳煌,-,
"67","荻花宫后山","10人普通",乌蛊婆婆,武器,潮之威,-,
"67","荻花宫后山","10人普通",乌蛊婆婆,武器,疏狂图,-,
"67","荻花宫后山","10人普通",乌蛊婆婆,武器,砚泽,-,
"67","荻花宫后山","10人普通",乌蛊婆婆宝箱2,装备,酌流霞,-,
"67","荻花宫后山","10人普通",乌蛊婆婆,饰品,浑沌穴,-,
"67","荻花宫后山","10人普通",乌蛊婆婆宝箱1,饰品,浑沌穴,-,
"67","荻花宫后山","10人普通",乌蛊婆婆,武器,子房筹,-,
"67","荻花宫后山","10人普通",乌蛊婆婆,武器,舞阳刺,-,
"67","荻花宫后山","10人普通",乌蛊婆婆,武器,难陀喜,-,
"67","荻花宫后山","10人普通",乌蛊婆婆,武器,金蚕蛊囊,-,
"67","荻花宫后山","10人普通",乌蛊婆婆,装备,那律天眼,-,
"67","荻花宫后山","10人普通",乌蛊婆婆,装备,道枢易,-,
"67","荻花宫后山","10人普通",乌蛊婆婆宝箱1,装备,道枢易,-,
"67","荻花宫后山","10人普通",乌蛊婆婆宝箱1,装备,那律天眼,-,
"67","荻花宫后山","10人普通",乌蛊婆婆宝箱2,装备,道枢易,-,
"67","荻花宫后山","10人普通",乌蛊婆婆宝箱2,装备,那律天眼,-,
"67","荻花宫后山","10人普通",乌蛊婆婆宝箱2,饰品,浑沌穴,-,
"67","荻花宫后山","10人普通",乌蛊婆婆宝箱1,饰品,屠叟链,-,
"67","荻花宫后山","10人普通",乌蛊婆婆宝箱2,饰品,易水别,-,
"67","荻花宫后山","10人普通",乌蛊婆婆宝箱1,饰品,子牟恋,-,
"67","荻花宫后山","10人普通",乌蛊婆婆宝箱1,装备,酌流霞,-,
"67","荻花宫后山","10人普通",水烟,武器,潮之威,-,
"67","荻花宫后山","10人普通",水烟,武器,僧恸,-,
"67","荻花宫后山","10人普通",水烟,武器,血魇珠囊,-,
"67","荻花宫后山","10人普通",水烟宝箱1,饰品,挂瓢傲,-,
"67","荻花宫后山","10人普通",水烟宝箱2,饰品,挂瓢傲,-,
"67","荻花宫后山","10人普通",水烟宝箱1,饰品,雁飞远,-,
"67","荻花宫后山","10人普通",水烟宝箱2,饰品,雁飞远,-,
"67","荻花宫后山","10人普通",水烟,武器,残烛泪,-,
"67","荻花宫后山","10人普通",水烟,武器,疏狂图,-,
"67","荻花宫后山","10人普通",水烟,武器,秦桥月,-,
"67","荻花宫后山","10人普通",水烟宝箱1,饰品,泣麟戒,-,
"67","荻花宫后山","10人普通",水烟宝箱2,饰品,泣麟戒,-,
"67","荻花宫后山","10人普通",水烟,装备,黯凝眸,-,
"67","荻花宫后山","10人普通",水烟宝箱1,装备,黯凝眸,-,
"67","荻花宫后山","10人普通",水烟,装备,法旷愿,-,
"67","荻花宫后山","10人普通",水烟宝箱2,装备,黯凝眸,-,
"67","荻花宫后山","10人普通",水烟,饰品,半镜怨,-,
"67","荻花宫后山","10人普通",水烟,武器,砚泽,-,
"67","荻花宫后山","10人普通",水烟宝箱1,装备,法旷愿,-,
"67","荻花宫后山","10人普通",水烟宝箱1,饰品,半镜怨,-,
"67","荻花宫后山","10人普通",水烟宝箱2,装备,法旷愿,-,
"67","荻花宫后山","10人普通",水烟宝箱2,饰品,半镜怨,-,
"67","荻花宫后山","10人普通",水烟,武器,冰眸击,-,
"67","荻花宫后山","10人普通",水烟,武器,舞阳刺,-,
"67","荻花宫后山","10人普通",水烟,武器,难陀喜,-,
"67","荻花宫后山","10人普通",水烟,武器,子房筹,-,
"67","荻花宫后山","10人普通",水烟,装备,破迷尘,-,
"67","荻花宫后山","10人普通",水烟,武器,金蚕蛊囊,-,
"67","荻花宫后山","10人普通",水烟宝箱1,装备,破迷尘,-,
"67","荻花宫后山","10人普通",水烟,饰品,登坛志,-,
"67","荻花宫后山","10人普通",水烟宝箱2,装备,破迷尘,-,
"67","荻花宫后山","10人普通",水烟宝箱2,饰品,登坛志,-,
"67","荻花宫后山","10人普通",水烟,饰品,空来梦,-,
"67","荻花宫后山","10人普通",水烟,装备,暮云袖,-,
"67","荻花宫后山","10人普通",水烟,饰品,萤烛幽,-,
"67","荻花宫后山","10人普通",水烟,武器,落月魅,-,
"67","荻花宫后山","10人普通",水烟宝箱1,装备,暮云袖,-,
"67","荻花宫后山","10人普通",水烟宝箱1,饰品,萤烛幽,-,
"67","荻花宫后山","10人普通",水烟宝箱2,装备,暮云袖,-,
"67","荻花宫后山","10人普通",水烟宝箱2,饰品,萤烛幽,-,
"67","荻花宫后山","10人普通",水烟宝箱2,饰品,空来梦,-,
"67","荻花宫后山","10人普通",水烟宝箱1,饰品,空来梦,-,
"67","荻花宫后山","10人普通",水烟宝箱1,饰品,登坛志,-,
"67","荻花宫后山","10人普通",水烟,武器,九途,-,
"67","荻花宫后山","10人普通",水烟,饰品,泣麟戒,-,
"67","荻花宫后山","10人普通",水烟,饰品,雁飞远,-,
"67","荻花宫后山","10人普通",水烟,饰品,挂瓢傲,-,
"67","荻花宫后山","10人普通",仄羽戈,装备,九方袖,-,
"67","荻花宫后山","10人普通",仄羽戈,武器,九途,-,
"67","荻花宫后山","10人普通",仄羽戈宝箱1,装备,九方袖,-,
"67","荻花宫后山","10人普通",仄羽戈,装备,伽罗腕,-,
"67","荻花宫后山","10人普通",仄羽戈,饰品,长房术,-,
"67","荻花宫后山","10人普通",仄羽戈宝箱1,装备,伽罗腕,-,
"67","荻花宫后山","10人普通",仄羽戈,装备,隐楼回光,-,
"67","荻花宫后山","10人普通",仄羽戈宝箱1,饰品,长房术,-,
"67","荻花宫后山","10人普通",仄羽戈,武器,冰眸击,-,
"67","荻花宫后山","10人普通",仄羽戈,武器,落月魅,-,
"67","荻花宫后山","10人普通",仄羽戈宝箱2,装备,九方袖,-,
"67","荻花宫后山","10人普通",仄羽戈宝箱2,装备,伽罗腕,-,
"67","荻花宫后山","10人普通",仄羽戈宝箱1,装备,隐楼回光,-,
"67","荻花宫后山","10人普通",仄羽戈宝箱2,饰品,长房术,-,
"67","荻花宫后山","10人普通",仄羽戈宝箱2,装备,隐楼回光,-,
"67","荻花宫后山","10人普通",仄羽戈,武器,血魇珠囊,-,
"67","荻花宫后山","10人普通",仄羽戈,饰品,漱流戒,-,
"67","荻花宫后山","10人普通",仄羽戈宝箱1,饰品,漱流戒,-,
"67","荻花宫后山","10人普通",仄羽戈,武器,残烛泪,-,
"67","荻花宫后山","10人普通",仄羽戈,武器,僧恸,-,
"67","荻花宫后山","10人普通",仄羽戈,装备,堕钗魇,-,
"67","荻花宫后山","10人普通",仄羽戈,饰品,罗浮梦,-,
"67","荻花宫后山","10人普通",仄羽戈宝箱1,饰品,罗浮梦,-,
"67","荻花宫后山","10人普通",仄羽戈宝箱2,饰品,罗浮梦,-,
"67","荻花宫后山","10人普通",仄羽戈,武器,秦桥月,-,
"67","荻花宫后山","10人普通",仄羽戈宝箱1,装备,堕钗魇,-,
"67","荻花宫后山","10人普通",仄羽戈宝箱2,装备,堕钗魇,-,
"67","荻花宫后山","10人普通",仄羽戈,装备,云台握,-,
"67","荻花宫后山","10人普通",仄羽戈,武器,砚泽,-,
"67","荻花宫后山","10人普通",仄羽戈宝箱1,装备,云台握,-,
"67","荻花宫后山","10人普通",仄羽戈宝箱2,装备,云台握,-,
"67","荻花宫后山","10人普通",仄羽戈,装备,焜耀头饰,-,
"67","荻花宫后山","10人普通",仄羽戈,武器,疏狂图,-,
"67","荻花宫后山","10人普通",仄羽戈,装备,西楼腕,-,
"67","荻花宫后山","10人普通",仄羽戈宝箱1,装备,焜耀头饰,-,
"67","荻花宫后山","10人普通",仄羽戈宝箱2,装备,焜耀头饰,-,
"67","荻花宫后山","10人普通",仄羽戈,武器,子房筹,-,
"67","荻花宫后山","10人普通",仄羽戈宝箱1,装备,西楼腕,-,
"67","荻花宫后山","10人普通",仄羽戈,装备,遁逸圣装,-,
"67","荻花宫后山","10人普通",仄羽戈宝箱1,装备,遁逸圣装,-,
"67","荻花宫后山","10人普通",仄羽戈,武器,潮之威,-,
"67","荻花宫后山","10人普通",仄羽戈宝箱2,装备,西楼腕,-,
"67","荻花宫后山","10人普通",仄羽戈宝箱2,装备,遁逸圣装,-,
"67","荻花宫后山","10人普通",仄羽戈,装备,天笛绝尘,-,
"67","荻花宫后山","10人普通",仄羽戈,武器,金蚕蛊囊,-,
"67","荻花宫后山","10人普通",仄羽戈宝箱1,装备,天笛绝尘,-,
"67","荻花宫后山","10人普通",仄羽戈,饰品,抚洪炉,-,
"67","荻花宫后山","10人普通",仄羽戈宝箱2,饰品,忘机坠,-,
"67","荻花宫后山","10人普通",仄羽戈宝箱2,饰品,漱流戒,-,
"67","荻花宫后山","10人普通",仄羽戈宝箱2,装备,天笛绝尘,-,
"67","荻花宫后山","10人普通",仄羽戈宝箱1,饰品,抚洪炉,-,
"67","荻花宫后山","10人普通",仄羽戈,武器,舞阳刺,-,
"67","荻花宫后山","10人普通",仄羽戈,武器,难陀喜,-,
"67","荻花宫后山","10人普通",仄羽戈宝箱2,饰品,抚洪炉,-,
"67","荻花宫后山","10人普通",仄羽戈,饰品,忘机坠,-,
"67","荻花宫后山","10人普通",仄羽戈宝箱1,饰品,忘机坠,-,
"67","荻花宫后山","10人普通",提坦德亚罗,装备,毗卢悉,-,
"67","荻花宫后山","10人普通",提坦德亚罗,饰品,傅岩扳指,-,
"67","荻花宫后山","10人普通",提坦德亚罗,武器,血魇珠囊,-,
"67","荻花宫后山","10人普通",提坦德亚罗,武器,僧恸,-,
"67","荻花宫后山","10人普通",提坦德亚罗,装备,指玄缠,-,
"67","荻花宫后山","10人普通",提坦德亚罗,武器,残烛泪,-,
"67","荻花宫后山","10人普通",提坦德亚罗,装备,富楼行,-,
"67","荻花宫后山","10人普通",提坦德亚罗,武器,潮之威,-,
"67","荻花宫后山","10人普通",提坦德亚罗,装备,覆局巾,-,
"67","荻花宫后山","10人普通",提坦德亚罗,武器,秦桥月,-,
"67","荻花宫后山","10人普通",提坦德亚罗,武器,疏狂图,-,
"67","荻花宫后山","10人普通",提坦德亚罗,武器,砚泽,-,
"67","荻花宫后山","10人普通",提坦德亚罗,武器,子房筹,-,
"67","荻花宫后山","10人普通",提坦德亚罗,武器,舞阳刺,-,
"67","荻花宫后山","10人普通",提坦德亚罗,武器,难陀喜,-,
"67","荻花宫后山","10人普通",提坦德亚罗,装备,子裘缠,-,
"67","荻花宫后山","10人普通",提坦德亚罗,饰品,南亭夜,-,
"67","荻花宫后山","10人普通",提坦德亚罗,武器,金蚕蛊囊,-,
"67","荻花宫后山","10人普通",提坦德亚罗,武器,冰眸击,-,
"67","荻花宫后山","10人普通",提坦德亚罗,装备,七叶缠,-,
"67","荻花宫后山","10人普通",提坦德亚罗,武器,落月魅,-,
"67","荻花宫后山","10人普通",提坦德亚罗,饰品,水蟹杯蛇,-,
"67","荻花宫后山","10人普通",提坦德亚罗,饰品,云海冥鸿,-,
"67","荻花宫后山","10人普通",提坦德亚罗,装备,镂冰恨,-,
"67","荻花宫后山","10人普通",提坦德亚罗,武器,九途,-,
"67","荻花宫后山","10人普通",牡丹,装备,破东胡,-,
"67","荻花宫后山","10人普通",牡丹宝箱2,饰品,支机石,-,
"67","荻花宫后山","10人普通",牡丹宝箱2,装备,破东胡,-,
"67","荻花宫后山","10人普通",牡丹宝箱1,饰品,雁望断,-,
"67","荻花宫后山","10人普通",牡丹宝箱2,饰品,雁望断,-,
"67","荻花宫后山","10人普通",牡丹,饰品,天秩之道,-,
"67","荻花宫后山","10人普通",牡丹,武器,残烛泪,-,
"67","荻花宫后山","10人普通",牡丹宝箱2,饰品,天秩之道,-,
"67","荻花宫后山","10人普通",牡丹,武器,疏狂图,-,
"67","荻花宫后山","10人普通",牡丹,装备,金莲裳,-,
"67","荻花宫后山","10人普通",牡丹宝箱1,装备,金莲裳,-,
"67","荻花宫后山","10人普通",牡丹,武器,秦桥月,-,
"67","荻花宫后山","10人普通",牡丹宝箱2,装备,金莲裳,-,
"67","荻花宫后山","10人普通",牡丹,武器,冰眸击,-,
"67","荻花宫后山","10人普通",牡丹,武器,砚泽,-,
"67","荻花宫后山","10人普通",牡丹,武器,舞阳刺,-,
"67","荻花宫后山","10人普通",牡丹,武器,难陀喜,-,
"67","荻花宫后山","10人普通",牡丹,装备,韶华握,-,
"67","荻花宫后山","10人普通",牡丹,武器,子房筹,-,
"67","荻花宫后山","10人普通",牡丹宝箱1,装备,韶华握,-,
"67","荻花宫后山","10人普通",牡丹,饰品,无尽灯,-,
"67","荻花宫后山","10人普通",牡丹,装备,南泽袖,-,
"67","荻花宫后山","10人普通",牡丹宝箱2,饰品,无尽灯,-,
"67","荻花宫后山","10人普通",牡丹宝箱1,装备,南泽袖,-,
"67","荻花宫后山","10人普通",牡丹,饰品,盐车骏,-,
"67","荻花宫后山","10人普通",牡丹,武器,金蚕蛊囊,-,
"67","荻花宫后山","10人普通",牡丹,装备,迦叶禅,-,
"67","荻花宫后山","10人普通",牡丹宝箱2,装备,南泽袖,-,
"67","荻花宫后山","10人普通",牡丹宝箱1,饰品,盐车骏,-,
"67","荻花宫后山","10人普通",牡丹,饰品,孟敏心,-,
"67","荻花宫后山","10人普通",牡丹宝箱1,饰品,孟敏心,-,
"67","荻花宫后山","10人普通",牡丹宝箱1,装备,迦叶禅,-,
"67","荻花宫后山","10人普通",牡丹宝箱2,饰品,盐车骏,-,
"67","荻花宫后山","10人普通",牡丹宝箱2,饰品,孟敏心,-,
"67","荻花宫后山","10人普通",牡丹,武器,落月魅,-,
"67","荻花宫后山","10人普通",牡丹宝箱2,装备,迦叶禅,-,
"67","荻花宫后山","10人普通",牡丹,装备,疏柳裳,-,
"67","荻花宫后山","10人普通",牡丹宝箱1,装备,疏柳裳,-,
"67","荻花宫后山","10人普通",牡丹宝箱2,装备,疏柳裳,-,
"67","荻花宫后山","10人普通",牡丹,武器,潮之威,-,
"67","荻花宫后山","10人普通",牡丹,饰品,穆巢链,-,
"67","荻花宫后山","10人普通",牡丹宝箱1,饰品,穆巢链,-,
"67","荻花宫后山","10人普通",牡丹宝箱2,饰品,穆巢链,-,
"67","荻花宫后山","10人普通",牡丹,武器,九途,-,
"67","荻花宫后山","10人普通",牡丹宝箱1,饰品,天秩之道,-,
"67","荻花宫后山","10人普通",牡丹,饰品,雁望断,-,
"67","荻花宫后山","10人普通",牡丹宝箱2,饰品,颖锐坠,-,
"67","荻花宫后山","10人普通",牡丹,武器,僧恸,-,
"67","荻花宫后山","10人普通",牡丹,饰品,支机石,-,
"67","荻花宫后山","10人普通",牡丹宝箱1,饰品,支机石,-,
"67","荻花宫后山","10人普通",牡丹,饰品,颖锐坠,-,
"67","荻花宫后山","10人普通",牡丹宝箱1,饰品,颖锐坠,-,
"67","荻花宫后山","10人普通",牡丹宝箱1,饰品,无尽灯,-,
"67","荻花宫后山","10人普通",牡丹宝箱2,装备,韶华握,-,
"67","荻花宫后山","10人普通",牡丹宝箱1,装备,破东胡,-,
"67","荻花宫后山","10人普通",牡丹,武器,血魇珠囊,-,
"58","荻花宫后山","25人英雄",罗索斯,装备,梦话婵娟踏,-,
"58","荻花宫后山","25人英雄",罗索斯宝箱1,装备,梦话婵娟踏,-,
"58","荻花宫后山","25人英雄",罗索斯宝箱2,装备,梦话婵娟踏,-,
"58","荻花宫后山","25人英雄",罗索斯宝箱3,装备,梦话婵娟踏,-,
"58","荻花宫后山","25人英雄",罗索斯宝箱4,装备,梦话婵娟踏,-,
"58","荻花宫后山","25人英雄",罗索斯宝箱5,装备,梦话婵娟踏,-,
"58","荻花宫后山","25人英雄",罗索斯,装备,梵音燃烬带,-,
"58","荻花宫后山","25人英雄",罗索斯宝箱1,装备,梵音燃烬带,-,
"58","荻花宫后山","25人英雄",罗索斯宝箱2,装备,梵音燃烬带,-,
"58","荻花宫后山","25人英雄",罗索斯宝箱3,装备,梵音燃烬带,-,
"58","荻花宫后山","25人英雄",罗索斯宝箱4,装备,梵音燃烬带,-,
"58","荻花宫后山","25人英雄",罗索斯宝箱5,装备,梵音燃烬带,-,
"58","荻花宫后山","25人英雄",罗索斯,装备,破釜沉舟带,-,
"58","荻花宫后山","25人英雄",罗索斯宝箱1,装备,破釜沉舟带,-,
"58","荻花宫后山","25人英雄",罗索斯宝箱2,装备,破釜沉舟带,-,
"58","荻花宫后山","25人英雄",罗索斯宝箱3,装备,破釜沉舟带,-,
"58","荻花宫后山","25人英雄",罗索斯宝箱4,装备,破釜沉舟带,-,
"58","荻花宫后山","25人英雄",罗索斯宝箱5,装备,破釜沉舟带,-,
"58","荻花宫后山","25人英雄",罗索斯宝箱1,装备,仙岩慕圣带,-,
"58","荻花宫后山","25人英雄",罗索斯宝箱2,装备,仙岩慕圣带,-,
"58","荻花宫后山","25人英雄",罗索斯宝箱3,装备,仙岩慕圣带,-,
"58","荻花宫后山","25人英雄",罗索斯宝箱4,装备,仙岩慕圣带,-,
"58","荻花宫后山","25人英雄",罗索斯宝箱5,装备,仙岩慕圣带,-,
"58","荻花宫后山","25人英雄",罗索斯,装备,西湖剑意护手,-,
"58","荻花宫后山","25人英雄",罗索斯宝箱1,装备,西湖剑意护手,-,
"58","荻花宫后山","25人英雄",罗索斯宝箱3,装备,西湖剑意护手,-,
"58","荻花宫后山","25人英雄",罗索斯宝箱4,装备,西湖剑意护手,-,
"58","荻花宫后山","25人英雄",罗索斯宝箱5,装备,西湖剑意护手,-,
"58","荻花宫后山","25人英雄",罗索斯,装备,西湖剑意冠,-,
"58","荻花宫后山","25人英雄",罗索斯宝箱1,装备,西湖剑意冠,-,
"58","荻花宫后山","25人英雄",罗索斯宝箱2,装备,西湖剑意冠,-,
"58","荻花宫后山","25人英雄",罗索斯宝箱3,装备,西湖剑意冠,-,
"58","荻花宫后山","25人英雄",罗索斯宝箱4,装备,西湖剑意冠,-,
"58","荻花宫后山","25人英雄",罗索斯宝箱5,装备,西湖剑意冠,-,
"58","荻花宫后山","25人英雄",罗索斯,装备,月下醉仙护手,-,
"58","荻花宫后山","25人英雄",罗索斯宝箱1,装备,月下醉仙护手,-,
"58","荻花宫后山","25人英雄",罗索斯宝箱2,装备,月下醉仙护手,-,
"58","荻花宫后山","25人英雄",罗索斯宝箱3,装备,月下醉仙护手,-,
"58","荻花宫后山","25人英雄",罗索斯宝箱4,装备,月下醉仙护手,-,
"58","荻花宫后山","25人英雄",罗索斯宝箱5,装备,月下醉仙护手,-,
"58","荻花宫后山","25人英雄",罗索斯,装备,月下醉仙冠,-,
"58","荻花宫后山","25人英雄",罗索斯宝箱1,装备,月下醉仙冠,-,
"58","荻花宫后山","25人英雄",罗索斯宝箱2,装备,月下醉仙冠,-,
"58","荻花宫后山","25人英雄",罗索斯宝箱3,装备,月下醉仙冠,-,
"58","荻花宫后山","25人英雄",罗索斯宝箱4,装备,月下醉仙冠,-,
"58","荻花宫后山","25人英雄",罗索斯宝箱5,装备,月下醉仙冠,-,
"58","荻花宫后山","25人英雄",罗索斯,装备,匣里冰心袖,-,
"58","荻花宫后山","25人英雄",罗索斯宝箱1,装备,匣里冰心袖,-,
"58","荻花宫后山","25人英雄",罗索斯宝箱2,装备,匣里冰心袖,-,
"58","荻花宫后山","25人英雄",罗索斯宝箱3,装备,匣里冰心袖,-,
"58","荻花宫后山","25人英雄",罗索斯宝箱4,装备,匣里冰心袖,-,
"58","荻花宫后山","25人英雄",罗索斯宝箱5,装备,匣里冰心袖,-,
"58","荻花宫后山","25人英雄",罗索斯,装备,匣里冰心钗,-,
"58","荻花宫后山","25人英雄",罗索斯宝箱1,装备,匣里冰心钗,-,
"58","荻花宫后山","25人英雄",罗索斯宝箱2,装备,匣里冰心钗,-,
"58","荻花宫后山","25人英雄",罗索斯宝箱3,装备,匣里冰心钗,-,
"58","荻花宫后山","25人英雄",罗索斯宝箱4,装备,匣里冰心钗,-,
"58","荻花宫后山","25人英雄",罗索斯宝箱5,装备,匣里冰心钗,-,
"58","荻花宫后山","25人英雄",罗索斯,装备,梵音燃烬腕箍,-,
"58","荻花宫后山","25人英雄",罗索斯宝箱1,装备,梵音燃烬腕箍,-,
"58","荻花宫后山","25人英雄",罗索斯宝箱2,装备,梵音燃烬腕箍,-,
"58","荻花宫后山","25人英雄",罗索斯宝箱3,装备,梵音燃烬腕箍,-,
"58","荻花宫后山","25人英雄",罗索斯宝箱4,装备,梵音燃烬腕箍,-,
"58","荻花宫后山","25人英雄",罗索斯宝箱5,装备,梵音燃烬腕箍,-,
"58","荻花宫后山","25人英雄",罗索斯,饰品,巢幕戒,-,
"58","荻花宫后山","25人英雄",罗索斯宝箱1,饰品,巢幕戒,-,
"58","荻花宫后山","25人英雄",罗索斯宝箱2,饰品,巢幕戒,-,
"58","荻花宫后山","25人英雄",罗索斯宝箱3,饰品,巢幕戒,-,
"58","荻花宫后山","25人英雄",罗索斯宝箱4,饰品,巢幕戒,-,
"58","荻花宫后山","25人英雄",罗索斯宝箱5,饰品,巢幕戒,-,
"58","荻花宫后山","25人英雄",罗索斯,饰品,雀罗门,-,
"58","荻花宫后山","25人英雄",罗索斯宝箱1,饰品,雀罗门,-,
"58","荻花宫后山","25人英雄",罗索斯宝箱2,饰品,雀罗门,-,
"58","荻花宫后山","25人英雄",罗索斯宝箱3,饰品,雀罗门,-,
"58","荻花宫后山","25人英雄",罗索斯宝箱5,饰品,雀罗门,-,
"58","荻花宫后山","25人英雄",罗索斯,饰品,利弗慧,-,
"58","荻花宫后山","25人英雄",罗索斯宝箱1,饰品,利弗慧,-,
"58","荻花宫后山","25人英雄",罗索斯宝箱2,饰品,利弗慧,-,
"58","荻花宫后山","25人英雄",罗索斯宝箱3,饰品,利弗慧,-,
"58","荻花宫后山","25人英雄",罗索斯宝箱4,饰品,利弗慧,-,
"58","荻花宫后山","25人英雄",罗索斯宝箱5,饰品,利弗慧,-,
"58","荻花宫后山","25人英雄",罗索斯,饰品,九变略,-,
"58","荻花宫后山","25人英雄",罗索斯宝箱1,饰品,九变略,-,
"58","荻花宫后山","25人英雄",罗索斯宝箱2,饰品,九变略,-,
"58","荻花宫后山","25人英雄",罗索斯宝箱3,饰品,九变略,-,
"58","荻花宫后山","25人英雄",罗索斯宝箱4,饰品,九变略,-,
"58","荻花宫后山","25人英雄",罗索斯宝箱5,饰品,九变略,-,
"58","荻花宫后山","25人英雄",罗索斯,饰品,合浦珠,-,
"58","荻花宫后山","25人英雄",罗索斯宝箱1,饰品,合浦珠,-,
"58","荻花宫后山","25人英雄",罗索斯宝箱3,饰品,合浦珠,-,
"58","荻花宫后山","25人英雄",罗索斯宝箱4,饰品,合浦珠,-,
"58","荻花宫后山","25人英雄",罗索斯宝箱5,饰品,合浦珠,-,
"58","荻花宫后山","25人英雄",罗索斯,武器,餐白石,-,
"58","荻花宫后山","25人英雄",罗索斯宝箱1,武器,餐白石,-,
"58","荻花宫后山","25人英雄",罗索斯宝箱2,武器,餐白石,-,
"58","荻花宫后山","25人英雄",罗索斯宝箱3,武器,餐白石,-,
"58","荻花宫后山","25人英雄",罗索斯宝箱4,武器,餐白石,-,
"58","荻花宫后山","25人英雄",罗索斯宝箱5,武器,餐白石,-,
"58","荻花宫后山","25人英雄",罗索斯,武器,倚门愁,-,
"58","荻花宫后山","25人英雄",罗索斯宝箱1,武器,倚门愁,-,
"58","荻花宫后山","25人英雄",罗索斯宝箱2,武器,倚门愁,-,
"58","荻花宫后山","25人英雄",罗索斯宝箱3,武器,倚门愁,-,
"58","荻花宫后山","25人英雄",罗索斯宝箱4,武器,倚门愁,-,
"58","荻花宫后山","25人英雄",罗索斯宝箱5,武器,倚门愁,-,
"58","荻花宫后山","25人英雄",罗索斯,武器,瘴雨蛮烟,-,
"58","荻花宫后山","25人英雄",罗索斯宝箱1,武器,瘴雨蛮烟,-,
"58","荻花宫后山","25人英雄",罗索斯宝箱2,武器,瘴雨蛮烟,-,
"58","荻花宫后山","25人英雄",罗索斯宝箱3,武器,瘴雨蛮烟,-,
"58","荻花宫后山","25人英雄",罗索斯宝箱2,饰品,合浦珠,-,
"58","荻花宫后山","25人英雄",罗索斯宝箱4,武器,瘴雨蛮烟,-,
"58","荻花宫后山","25人英雄",罗索斯宝箱5,武器,瘴雨蛮烟,-,
"58","荻花宫后山","25人英雄",罗索斯,武器,骋妍心,-,
"58","荻花宫后山","25人英雄",罗索斯宝箱1,武器,骋妍心,-,
"58","荻花宫后山","25人英雄",罗索斯宝箱2,武器,骋妍心,-,
"58","荻花宫后山","25人英雄",罗索斯宝箱3,武器,骋妍心,-,
"58","荻花宫后山","25人英雄",罗索斯宝箱4,武器,骋妍心,-,
"58","荻花宫后山","25人英雄",罗索斯宝箱5,武器,骋妍心,-,
"58","荻花宫后山","25人英雄",罗索斯宝箱4,饰品,雀罗门,-,
"58","荻花宫后山","25人英雄",罗索斯宝箱2,装备,西湖剑意护手,-,
"58","荻花宫后山","25人英雄",罗索斯,装备,仙岩慕圣带,-,
"58","荻花宫后山","25人英雄",乌蛊婆婆,装备,月下醉仙束,-,
"58","荻花宫后山","25人英雄",乌蛊婆婆宝箱1,装备,月下醉仙束,-,
"58","荻花宫后山","25人英雄",乌蛊婆婆宝箱2,装备,月下醉仙束,-,
"58","荻花宫后山","25人英雄",乌蛊婆婆宝箱3,装备,月下醉仙束,-,
"58","荻花宫后山","25人英雄",乌蛊婆婆宝箱4,装备,月下醉仙束,-,
"58","荻花宫后山","25人英雄",乌蛊婆婆宝箱5,装备,月下醉仙束,-,
"58","荻花宫后山","25人英雄",乌蛊婆婆,装备,梦话婵娟装,-,
"58","荻花宫后山","25人英雄",乌蛊婆婆宝箱1,装备,梦话婵娟装,-,
"58","荻花宫后山","25人英雄",乌蛊婆婆宝箱2,装备,梦话婵娟装,-,
"58","荻花宫后山","25人英雄",乌蛊婆婆宝箱3,装备,梦话婵娟装,-,
"58","荻花宫后山","25人英雄",乌蛊婆婆宝箱4,装备,梦话婵娟装,-,
"58","荻花宫后山","25人英雄",乌蛊婆婆宝箱5,装备,梦话婵娟装,-,
"58","荻花宫后山","25人英雄",乌蛊婆婆,装备,无冥业火环,-,
"58","荻花宫后山","25人英雄",乌蛊婆婆宝箱1,装备,无冥业火环,-,
"58","荻花宫后山","25人英雄",乌蛊婆婆宝箱2,装备,无冥业火环,-,
"58","荻花宫后山","25人英雄",乌蛊婆婆宝箱3,装备,无冥业火环,-,
"58","荻花宫后山","25人英雄",乌蛊婆婆宝箱4,装备,无冥业火环,-,
"58","荻花宫后山","25人英雄",乌蛊婆婆宝箱5,装备,无冥业火环,-,
"58","荻花宫后山","25人英雄",乌蛊婆婆,装备,百战不负束,-,
"58","荻花宫后山","25人英雄",乌蛊婆婆宝箱1,装备,百战不负束,-,
"58","荻花宫后山","25人英雄",乌蛊婆婆宝箱2,装备,百战不负束,-,
"58","荻花宫后山","25人英雄",乌蛊婆婆宝箱3,装备,百战不负束,-,
"58","荻花宫后山","25人英雄",乌蛊婆婆宝箱4,装备,百战不负束,-,
"58","荻花宫后山","25人英雄",乌蛊婆婆宝箱5,装备,百战不负束,-,
"58","荻花宫后山","25人英雄",乌蛊婆婆,装备,千针点穴靴,-,
"58","荻花宫后山","25人英雄",乌蛊婆婆宝箱1,装备,千针点穴靴,-,
"58","荻花宫后山","25人英雄",乌蛊婆婆宝箱2,装备,千针点穴靴,-,
"58","荻花宫后山","25人英雄",乌蛊婆婆宝箱3,装备,千针点穴靴,-,
"58","荻花宫后山","25人英雄",乌蛊婆婆宝箱4,装备,千针点穴靴,-,
"58","荻花宫后山","25人英雄",乌蛊婆婆宝箱5,装备,千针点穴靴,-,
"58","荻花宫后山","25人英雄",乌蛊婆婆,装备,梦话婵娟袖,-,
"58","荻花宫后山","25人英雄",乌蛊婆婆宝箱1,装备,梦话婵娟袖,-,
"58","荻花宫后山","25人英雄",乌蛊婆婆宝箱2,装备,梦话婵娟袖,-,
"58","荻花宫后山","25人英雄",乌蛊婆婆宝箱3,装备,梦话婵娟袖,-,
"58","荻花宫后山","25人英雄",乌蛊婆婆宝箱4,装备,梦话婵娟袖,-,
"58","荻花宫后山","25人英雄",乌蛊婆婆宝箱5,装备,梦话婵娟袖,-,
"58","荻花宫后山","25人英雄",乌蛊婆婆,装备,梵音燃烬笠,-,
"58","荻花宫后山","25人英雄",乌蛊婆婆宝箱1,装备,梵音燃烬笠,-,
"58","荻花宫后山","25人英雄",乌蛊婆婆宝箱3,装备,梵音燃烬笠,-,
"58","荻花宫后山","25人英雄",乌蛊婆婆宝箱4,装备,梵音燃烬笠,-,
"58","荻花宫后山","25人英雄",乌蛊婆婆宝箱5,装备,梵音燃烬笠,-,
"58","荻花宫后山","25人英雄",乌蛊婆婆,装备,梵音燃烬襟,-,
"58","荻花宫后山","25人英雄",乌蛊婆婆宝箱1,装备,梵音燃烬襟,-,
"58","荻花宫后山","25人英雄",乌蛊婆婆宝箱2,装备,梵音燃烬襟,-,
"58","荻花宫后山","25人英雄",乌蛊婆婆宝箱3,装备,梵音燃烬襟,-,
"58","荻花宫后山","25人英雄",乌蛊婆婆宝箱4,装备,梵音燃烬襟,-,
"58","荻花宫后山","25人英雄",乌蛊婆婆宝箱5,装备,梵音燃烬襟,-,
"58","荻花宫后山","25人英雄",乌蛊婆婆宝箱1,装备,无冥业火笠,-,
"58","荻花宫后山","25人英雄",乌蛊婆婆宝箱2,装备,无冥业火笠,-,
"58","荻花宫后山","25人英雄",乌蛊婆婆宝箱3,装备,无冥业火笠,-,
"58","荻花宫后山","25人英雄",乌蛊婆婆宝箱4,装备,无冥业火笠,-,
"58","荻花宫后山","25人英雄",乌蛊婆婆宝箱5,装备,无冥业火笠,-,
"58","荻花宫后山","25人英雄",乌蛊婆婆,装备,破釜沉舟护臂,-,
"58","荻花宫后山","25人英雄",乌蛊婆婆宝箱1,装备,破釜沉舟护臂,-,
"58","荻花宫后山","25人英雄",乌蛊婆婆宝箱2,装备,破釜沉舟护臂,-,
"58","荻花宫后山","25人英雄",乌蛊婆婆宝箱3,装备,破釜沉舟护臂,-,
"58","荻花宫后山","25人英雄",乌蛊婆婆宝箱5,装备,破釜沉舟护臂,-,
"58","荻花宫后山","25人英雄",乌蛊婆婆,装备,风皱寒池袖,-,
"58","荻花宫后山","25人英雄",乌蛊婆婆宝箱1,装备,风皱寒池袖,-,
"58","荻花宫后山","25人英雄",乌蛊婆婆宝箱2,装备,风皱寒池袖,-,
"58","荻花宫后山","25人英雄",乌蛊婆婆宝箱3,装备,风皱寒池袖,-,
"58","荻花宫后山","25人英雄",乌蛊婆婆宝箱4,装备,风皱寒池袖,-,
"58","荻花宫后山","25人英雄",乌蛊婆婆宝箱5,装备,风皱寒池袖,-,
"58","荻花宫后山","25人英雄",乌蛊婆婆,装备,清江揽月袖,-,
"58","荻花宫后山","25人英雄",乌蛊婆婆宝箱1,装备,清江揽月袖,-,
"58","荻花宫后山","25人英雄",乌蛊婆婆宝箱2,装备,清江揽月袖,-,
"58","荻花宫后山","25人英雄",乌蛊婆婆宝箱3,装备,清江揽月袖,-,
"58","荻花宫后山","25人英雄",乌蛊婆婆宝箱4,装备,清江揽月袖,-,
"58","荻花宫后山","25人英雄",乌蛊婆婆,装备,风皱寒池靴,-,
"58","荻花宫后山","25人英雄",乌蛊婆婆宝箱1,装备,风皱寒池靴,-,
"58","荻花宫后山","25人英雄",乌蛊婆婆宝箱2,装备,风皱寒池靴,-,
"58","荻花宫后山","25人英雄",乌蛊婆婆宝箱3,装备,风皱寒池靴,-,
"58","荻花宫后山","25人英雄",乌蛊婆婆宝箱5,装备,风皱寒池靴,-,
"58","荻花宫后山","25人英雄",乌蛊婆婆,装备,清江揽月踏,-,
"58","荻花宫后山","25人英雄",乌蛊婆婆宝箱1,装备,清江揽月踏,-,
"58","荻花宫后山","25人英雄",乌蛊婆婆宝箱2,装备,清江揽月踏,-,
"58","荻花宫后山","25人英雄",乌蛊婆婆宝箱3,装备,清江揽月踏,-,
"58","荻花宫后山","25人英雄",乌蛊婆婆宝箱4,装备,清江揽月踏,-,
"58","荻花宫后山","25人英雄",乌蛊婆婆宝箱5,装备,清江揽月踏,-,
"58","荻花宫后山","25人英雄",乌蛊婆婆,饰品,梦蚁穴,-,
"58","荻花宫后山","25人英雄",乌蛊婆婆宝箱1,饰品,梦蚁穴,-,
"58","荻花宫后山","25人英雄",乌蛊婆婆宝箱3,饰品,梦蚁穴,-,
"58","荻花宫后山","25人英雄",乌蛊婆婆宝箱4,饰品,梦蚁穴,-,
"58","荻花宫后山","25人英雄",乌蛊婆婆宝箱5,饰品,梦蚁穴,-,
"58","荻花宫后山","25人英雄",乌蛊婆婆,饰品,华阳珠,-,
"58","荻花宫后山","25人英雄",乌蛊婆婆宝箱1,饰品,华阳珠,-,
"58","荻花宫后山","25人英雄",乌蛊婆婆宝箱2,饰品,华阳珠,-,
"58","荻花宫后山","25人英雄",乌蛊婆婆宝箱3,饰品,华阳珠,-,
"58","荻花宫后山","25人英雄",乌蛊婆婆宝箱4,饰品,华阳珠,-,
"58","荻花宫后山","25人英雄",乌蛊婆婆宝箱5,饰品,华阳珠,-,
"58","荻花宫后山","25人英雄",乌蛊婆婆宝箱1,饰品,露桐戒,-,
"58","荻花宫后山","25人英雄",乌蛊婆婆宝箱2,饰品,露桐戒,-,
"58","荻花宫后山","25人英雄",乌蛊婆婆宝箱3,饰品,露桐戒,-,
"58","荻花宫后山","25人英雄",乌蛊婆婆宝箱4,饰品,露桐戒,-,
"58","荻花宫后山","25人英雄",乌蛊婆婆宝箱5,饰品,露桐戒,-,
"58","荻花宫后山","25人英雄",乌蛊婆婆,饰品,沙洲冷,-,
"58","荻花宫后山","25人英雄",乌蛊婆婆宝箱1,饰品,沙洲冷,-,
"58","荻花宫后山","25人英雄",乌蛊婆婆宝箱2,饰品,沙洲冷,-,
"58","荻花宫后山","25人英雄",乌蛊婆婆宝箱3,饰品,沙洲冷,-,
"58","荻花宫后山","25人英雄",乌蛊婆婆宝箱5,饰品,沙洲冷,-,
"58","荻花宫后山","25人英雄",乌蛊婆婆宝箱1,饰品,隐潜心,-,
"58","荻花宫后山","25人英雄",乌蛊婆婆宝箱2,饰品,隐潜心,-,
"58","荻花宫后山","25人英雄",乌蛊婆婆宝箱3,饰品,隐潜心,-,
"58","荻花宫后山","25人英雄",乌蛊婆婆宝箱4,饰品,隐潜心,-,
"58","荻花宫后山","25人英雄",乌蛊婆婆宝箱5,饰品,隐潜心,-,
"58","荻花宫后山","25人英雄",乌蛊婆婆,饰品,祸斗黑炎,-,
"58","荻花宫后山","25人英雄",乌蛊婆婆宝箱3,饰品,祸斗黑炎,-,
"58","荻花宫后山","25人英雄",乌蛊婆婆宝箱5,饰品,祸斗黑炎,-,
"58","荻花宫后山","25人英雄",乌蛊婆婆宝箱1,饰品,桂蟾缘,-,
"58","荻花宫后山","25人英雄",乌蛊婆婆宝箱3,饰品,桂蟾缘,-,
"58","荻花宫后山","25人英雄",乌蛊婆婆宝箱5,饰品,桂蟾缘,-,
"58","荻花宫后山","25人英雄",乌蛊婆婆宝箱4,饰品,祸斗黑炎,-,
"58","荻花宫后山","25人英雄",乌蛊婆婆宝箱2,饰品,桂蟾缘,-,
"58","荻花宫后山","25人英雄",乌蛊婆婆,武器,终军志,-,
"58","荻花宫后山","25人英雄",乌蛊婆婆宝箱1,武器,终军志,-,
"58","荻花宫后山","25人英雄",乌蛊婆婆宝箱2,武器,终军志,-,
"58","荻花宫后山","25人英雄",乌蛊婆婆宝箱3,武器,终军志,-,
"58","荻花宫后山","25人英雄",乌蛊婆婆宝箱4,武器,终军志,-,
"58","荻花宫后山","25人英雄",乌蛊婆婆宝箱5,武器,终军志,-,
"58","荻花宫后山","25人英雄",乌蛊婆婆,武器,飞星客,-,
"58","荻花宫后山","25人英雄",乌蛊婆婆宝箱1,武器,飞星客,-,
"58","荻花宫后山","25人英雄",乌蛊婆婆宝箱2,武器,飞星客,-,
"58","荻花宫后山","25人英雄",乌蛊婆婆宝箱3,武器,飞星客,-,
"58","荻花宫后山","25人英雄",乌蛊婆婆宝箱4,武器,飞星客,-,
"58","荻花宫后山","25人英雄",乌蛊婆婆宝箱5,武器,飞星客,-,
"58","荻花宫后山","25人英雄",乌蛊婆婆宝箱4,饰品,桂蟾缘,-,
"58","荻花宫后山","25人英雄",乌蛊婆婆,饰品,桂蟾缘,-,
"58","荻花宫后山","25人英雄",乌蛊婆婆宝箱2,饰品,祸斗黑炎,-,
"58","荻花宫后山","25人英雄",乌蛊婆婆宝箱1,饰品,祸斗黑炎,-,
"58","荻花宫后山","25人英雄",乌蛊婆婆,饰品,隐潜心,-,
"58","荻花宫后山","25人英雄",乌蛊婆婆宝箱4,饰品,沙洲冷,-,
"58","荻花宫后山","25人英雄",乌蛊婆婆,饰品,露桐戒,-,
"58","荻花宫后山","25人英雄",乌蛊婆婆宝箱2,饰品,梦蚁穴,-,
"58","荻花宫后山","25人英雄",乌蛊婆婆宝箱4,装备,风皱寒池靴,-,
"58","荻花宫后山","25人英雄",乌蛊婆婆,装备,西湖剑意带,-,
"58","荻花宫后山","25人英雄",乌蛊婆婆宝箱1,装备,西湖剑意带,-,
"58","荻花宫后山","25人英雄",乌蛊婆婆宝箱5,装备,清江揽月袖,-,
"58","荻花宫后山","25人英雄",乌蛊婆婆宝箱2,装备,西湖剑意带,-,
"58","荻花宫后山","25人英雄",乌蛊婆婆宝箱3,装备,西湖剑意带,-,
"58","荻花宫后山","25人英雄",乌蛊婆婆宝箱4,装备,西湖剑意带,-,
"58","荻花宫后山","25人英雄",乌蛊婆婆宝箱5,装备,西湖剑意带,-,
"58","荻花宫后山","25人英雄",乌蛊婆婆宝箱4,装备,破釜沉舟护臂,-,
"58","荻花宫后山","25人英雄",乌蛊婆婆,装备,无冥业火笠,-,
"58","荻花宫后山","25人英雄",乌蛊婆婆宝箱2,装备,梵音燃烬笠,-,
"58","荻花宫后山","25人英雄",水烟,装备,匣里冰心装,-,
"58","荻花宫后山","25人英雄",水烟宝箱1,装备,匣里冰心装,-,
"58","荻花宫后山","25人英雄",水烟宝箱2,装备,匣里冰心装,-,
"58","荻花宫后山","25人英雄",水烟宝箱3,装备,匣里冰心装,-,
"58","荻花宫后山","25人英雄",水烟宝箱4,装备,匣里冰心装,-,
"58","荻花宫后山","25人英雄",水烟宝箱5,装备,匣里冰心装,-,
"58","荻花宫后山","25人英雄",水烟,装备,无冥业火袈,-,
"58","荻花宫后山","25人英雄",水烟宝箱1,装备,无冥业火袈,-,
"58","荻花宫后山","25人英雄",水烟宝箱2,装备,无冥业火袈,-,
"58","荻花宫后山","25人英雄",水烟宝箱3,装备,无冥业火袈,-,
"58","荻花宫后山","25人英雄",水烟宝箱4,装备,无冥业火袈,-,
"58","荻花宫后山","25人英雄",水烟宝箱5,装备,无冥业火袈,-,
"58","荻花宫后山","25人英雄",水烟,装备,梵音燃烬踏,-,
"58","荻花宫后山","25人英雄",水烟宝箱1,装备,梵音燃烬踏,-,
"58","荻花宫后山","25人英雄",水烟宝箱2,装备,梵音燃烬踏,-,
"58","荻花宫后山","25人英雄",水烟宝箱3,装备,梵音燃烬踏,-,
"58","荻花宫后山","25人英雄",水烟宝箱4,装备,梵音燃烬踏,-,
"58","荻花宫后山","25人英雄",水烟宝箱5,装备,梵音燃烬踏,-,
"58","荻花宫后山","25人英雄",水烟,装备,百战不负靴,-,
"58","荻花宫后山","25人英雄",水烟宝箱1,装备,百战不负靴,-,
"58","荻花宫后山","25人英雄",水烟宝箱2,装备,百战不负靴,-,
"58","荻花宫后山","25人英雄",水烟宝箱3,装备,百战不负靴,-,
"58","荻花宫后山","25人英雄",水烟宝箱4,装备,百战不负靴,-,
"58","荻花宫后山","25人英雄",水烟宝箱5,装备,百战不负靴,-,
"58","荻花宫后山","25人英雄",水烟,装备,千针点穴束,-,
"58","荻花宫后山","25人英雄",水烟宝箱1,装备,千针点穴束,-,
"58","荻花宫后山","25人英雄",水烟宝箱2,装备,千针点穴束,-,
"58","荻花宫后山","25人英雄",水烟宝箱3,装备,千针点穴束,-,
"58","荻花宫后山","25人英雄",水烟宝箱4,装备,千针点穴束,-,
"58","荻花宫后山","25人英雄",水烟宝箱5,装备,千针点穴束,-,
"58","荻花宫后山","25人英雄",水烟宝箱1,装备,匣里冰心裙,-,
"58","荻花宫后山","25人英雄",水烟宝箱2,装备,匣里冰心裙,-,
"58","荻花宫后山","25人英雄",水烟宝箱3,装备,匣里冰心裙,-,
"58","荻花宫后山","25人英雄",水烟宝箱4,装备,匣里冰心裙,-,
"58","荻花宫后山","25人英雄",水烟宝箱5,装备,匣里冰心裙,-,
"58","荻花宫后山","25人英雄",水烟,装备,破釜沉舟盔,-,
"58","荻花宫后山","25人英雄",水烟宝箱1,装备,破釜沉舟盔,-,
"58","荻花宫后山","25人英雄",水烟宝箱2,装备,破釜沉舟盔,-,
"58","荻花宫后山","25人英雄",水烟宝箱3,装备,破釜沉舟盔,-,
"58","荻花宫后山","25人英雄",水烟宝箱4,装备,破釜沉舟盔,-,
"58","荻花宫后山","25人英雄",水烟宝箱5,装备,破釜沉舟盔,-,
"58","荻花宫后山","25人英雄",水烟,装备,仙岩慕圣帽,-,
"58","荻花宫后山","25人英雄",水烟宝箱1,装备,仙岩慕圣帽,-,
"58","荻花宫后山","25人英雄",水烟宝箱2,装备,仙岩慕圣帽,-,
"58","荻花宫后山","25人英雄",水烟宝箱3,装备,仙岩慕圣帽,-,
"58","荻花宫后山","25人英雄",水烟宝箱4,装备,仙岩慕圣帽,-,
"58","荻花宫后山","25人英雄",水烟宝箱5,装备,仙岩慕圣帽,-,
"58","荻花宫后山","25人英雄",水烟,装备,千针点穴帽,-,
"58","荻花宫后山","25人英雄",水烟宝箱1,装备,千针点穴帽,-,
"58","荻花宫后山","25人英雄",水烟宝箱2,装备,千针点穴帽,-,
"58","荻花宫后山","25人英雄",水烟宝箱3,装备,千针点穴帽,-,
"58","荻花宫后山","25人英雄",水烟宝箱4,装备,千针点穴帽,-,
"58","荻花宫后山","25人英雄",水烟宝箱5,装备,千针点穴帽,-,
"58","荻花宫后山","25人英雄",水烟,装备,千针点穴裤,-,
"58","荻花宫后山","25人英雄",水烟宝箱1,装备,千针点穴裤,-,
"58","荻花宫后山","25人英雄",水烟宝箱3,装备,千针点穴裤,-,
"58","荻花宫后山","25人英雄",水烟宝箱4,装备,千针点穴裤,-,
"58","荻花宫后山","25人英雄",水烟宝箱5,装备,千针点穴裤,-,
"58","荻花宫后山","25人英雄",水烟宝箱1,装备,风皱寒池束,-,
"58","荻花宫后山","25人英雄",水烟宝箱2,装备,风皱寒池束,-,
"58","荻花宫后山","25人英雄",水烟宝箱3,装备,风皱寒池束,-,
"58","荻花宫后山","25人英雄",水烟宝箱4,装备,风皱寒池束,-,
"58","荻花宫后山","25人英雄",水烟宝箱5,装备,风皱寒池束,-,
"58","荻花宫后山","25人英雄",水烟,装备,清江揽月带,-,
"58","荻花宫后山","25人英雄",水烟宝箱1,装备,清江揽月带,-,
"58","荻花宫后山","25人英雄",水烟宝箱2,装备,清江揽月带,-,
"58","荻花宫后山","25人英雄",水烟宝箱3,装备,清江揽月带,-,
"58","荻花宫后山","25人英雄",水烟宝箱4,装备,清江揽月带,-,
"58","荻花宫后山","25人英雄",水烟宝箱5,装备,清江揽月带,-,
"58","荻花宫后山","25人英雄",水烟,装备,风皱寒池裙,-,
"58","荻花宫后山","25人英雄",水烟宝箱1,装备,风皱寒池裙,-,
"58","荻花宫后山","25人英雄",水烟宝箱2,装备,风皱寒池裙,-,
"58","荻花宫后山","25人英雄",水烟宝箱3,装备,风皱寒池裙,-,
"58","荻花宫后山","25人英雄",水烟宝箱4,装备,风皱寒池裙,-,
"58","荻花宫后山","25人英雄",水烟宝箱5,装备,风皱寒池裙,-,
"58","荻花宫后山","25人英雄",水烟,装备,清江揽月裙,-,
"58","荻花宫后山","25人英雄",水烟宝箱1,装备,清江揽月裙,-,
"58","荻花宫后山","25人英雄",水烟宝箱3,装备,清江揽月裙,-,
"58","荻花宫后山","25人英雄",水烟宝箱4,装备,清江揽月裙,-,
"58","荻花宫后山","25人英雄",水烟宝箱5,装备,清江揽月裙,-,
"58","荻花宫后山","25人英雄",水烟,饰品,优波戒,-,
"58","荻花宫后山","25人英雄",水烟宝箱1,饰品,优波戒,-,
"58","荻花宫后山","25人英雄",水烟宝箱3,饰品,优波戒,-,
"58","荻花宫后山","25人英雄",水烟宝箱4,饰品,优波戒,-,
"58","荻花宫后山","25人英雄",水烟宝箱5,饰品,优波戒,-,
"58","荻花宫后山","25人英雄",水烟,饰品,闻弓雁,-,
"58","荻花宫后山","25人英雄",水烟宝箱1,饰品,闻弓雁,-,
"58","荻花宫后山","25人英雄",水烟宝箱2,饰品,闻弓雁,-,
"58","荻花宫后山","25人英雄",水烟宝箱3,饰品,闻弓雁,-,
"58","荻花宫后山","25人英雄",水烟宝箱4,饰品,闻弓雁,-,
"58","荻花宫后山","25人英雄",水烟宝箱5,饰品,闻弓雁,-,
"58","荻花宫后山","25人英雄",水烟,饰品,西江恨,-,
"58","荻花宫后山","25人英雄",水烟宝箱1,饰品,西江恨,-,
"58","荻花宫后山","25人英雄",水烟宝箱3,饰品,西江恨,-,
"58","荻花宫后山","25人英雄",水烟宝箱4,饰品,西江恨,-,
"58","荻花宫后山","25人英雄",水烟宝箱5,饰品,西江恨,-,
"58","荻花宫后山","25人英雄",水烟,饰品,支遁隐,-,
"58","荻花宫后山","25人英雄",水烟宝箱1,饰品,支遁隐,-,
"58","荻花宫后山","25人英雄",水烟宝箱2,饰品,支遁隐,-,
"58","荻花宫后山","25人英雄",水烟宝箱3,饰品,支遁隐,-,
"58","荻花宫后山","25人英雄",水烟宝箱4,饰品,支遁隐,-,
"58","荻花宫后山","25人英雄",水烟宝箱5,饰品,支遁隐,-,
"58","荻花宫后山","25人英雄",水烟,饰品,灵犀坠,-,
"58","荻花宫后山","25人英雄",水烟宝箱1,饰品,灵犀坠,-,
"58","荻花宫后山","25人英雄",水烟宝箱2,饰品,灵犀坠,-,
"58","荻花宫后山","25人英雄",水烟宝箱3,饰品,灵犀坠,-,
"58","荻花宫后山","25人英雄",水烟宝箱4,饰品,灵犀坠,-,
"58","荻花宫后山","25人英雄",水烟宝箱5,饰品,灵犀坠,-,
"58","荻花宫后山","25人英雄",水烟,武器,化紫麟,-,
"58","荻花宫后山","25人英雄",水烟宝箱1,武器,化紫麟,-,
"58","荻花宫后山","25人英雄",水烟宝箱2,武器,化紫麟,-,
"58","荻花宫后山","25人英雄",水烟宝箱3,武器,化紫麟,-,
"58","荻花宫后山","25人英雄",水烟宝箱4,武器,化紫麟,-,
"58","荻花宫后山","25人英雄",水烟宝箱5,武器,化紫麟,-,
"58","荻花宫后山","25人英雄",水烟,武器,止观囊,-,
"58","荻花宫后山","25人英雄",水烟宝箱1,武器,止观囊,-,
"58","荻花宫后山","25人英雄",水烟宝箱2,武器,止观囊,-,
"58","荻花宫后山","25人英雄",水烟宝箱3,武器,止观囊,-,
"58","荻花宫后山","25人英雄",水烟宝箱4,武器,止观囊,-,
"58","荻花宫后山","25人英雄",水烟宝箱5,武器,止观囊,-,
"58","荻花宫后山","25人英雄",水烟宝箱2,饰品,西江恨,-,
"58","荻花宫后山","25人英雄",水烟宝箱2,饰品,优波戒,-,
"58","荻花宫后山","25人英雄",水烟,装备,西湖剑意靴,-,
"58","荻花宫后山","25人英雄",水烟宝箱1,装备,西湖剑意靴,-,
"58","荻花宫后山","25人英雄",水烟宝箱2,装备,西湖剑意靴,-,
"58","荻花宫后山","25人英雄",水烟宝箱3,装备,西湖剑意靴,-,
"58","荻花宫后山","25人英雄",水烟宝箱4,装备,西湖剑意靴,-,
"58","荻花宫后山","25人英雄",水烟宝箱2,装备,清江揽月裙,-,
"58","荻花宫后山","25人英雄",水烟宝箱5,装备,西湖剑意靴,-,
"58","荻花宫后山","25人英雄",水烟,装备,风皱寒池束,-,
"58","荻花宫后山","25人英雄",水烟宝箱2,装备,千针点穴裤,-,
"58","荻花宫后山","25人英雄",水烟,装备,匣里冰心裙,-,
"58","荻花宫后山","25人英雄",仄羽戈,装备,月下醉仙拥,-,
"58","荻花宫后山","25人英雄",仄羽戈宝箱1,装备,月下醉仙拥,-,
"58","荻花宫后山","25人英雄",仄羽戈宝箱2,装备,月下醉仙拥,-,
"58","荻花宫后山","25人英雄",仄羽戈宝箱3,装备,月下醉仙拥,-,
"58","荻花宫后山","25人英雄",仄羽戈宝箱4,装备,月下醉仙拥,-,
"58","荻花宫后山","25人英雄",仄羽戈宝箱5,装备,月下醉仙拥,-,
"58","荻花宫后山","25人英雄",仄羽戈,装备,雪顶青松衣,-,
"58","荻花宫后山","25人英雄",仄羽戈宝箱1,装备,雪顶青松衣,-,
"58","荻花宫后山","25人英雄",仄羽戈宝箱2,装备,雪顶青松衣,-,
"58","荻花宫后山","25人英雄",仄羽戈宝箱3,装备,雪顶青松衣,-,
"58","荻花宫后山","25人英雄",仄羽戈宝箱4,装备,雪顶青松衣,-,
"58","荻花宫后山","25人英雄",仄羽戈宝箱5,装备,雪顶青松衣,-,
"58","荻花宫后山","25人英雄",仄羽戈,装备,梦话婵娟带,-,
"58","荻花宫后山","25人英雄",仄羽戈宝箱1,装备,梦话婵娟带,-,
"58","荻花宫后山","25人英雄",仄羽戈宝箱2,装备,梦话婵娟带,-,
"58","荻花宫后山","25人英雄",仄羽戈宝箱3,装备,梦话婵娟带,-,
"58","荻花宫后山","25人英雄",仄羽戈宝箱4,装备,梦话婵娟带,-,
"58","荻花宫后山","25人英雄",仄羽戈宝箱5,装备,梦话婵娟带,-,
"58","荻花宫后山","25人英雄",仄羽戈,装备,匣里冰心靴,-,
"58","荻花宫后山","25人英雄",仄羽戈宝箱1,装备,匣里冰心靴,-,
"58","荻花宫后山","25人英雄",仄羽戈宝箱2,装备,匣里冰心靴,-,
"58","荻花宫后山","25人英雄",仄羽戈宝箱3,装备,匣里冰心靴,-,
"58","荻花宫后山","25人英雄",仄羽戈宝箱4,装备,匣里冰心靴,-,
"58","荻花宫后山","25人英雄",仄羽戈宝箱5,装备,匣里冰心靴,-,
"58","荻花宫后山","25人英雄",仄羽戈,装备,破釜沉舟踏,-,
"58","荻花宫后山","25人英雄",仄羽戈宝箱1,装备,破釜沉舟踏,-,
"58","荻花宫后山","25人英雄",仄羽戈宝箱3,装备,破釜沉舟踏,-,
"58","荻花宫后山","25人英雄",仄羽戈宝箱4,装备,破釜沉舟踏,-,
"58","荻花宫后山","25人英雄",仄羽戈宝箱5,装备,破釜沉舟踏,-,
"58","荻花宫后山","25人英雄",仄羽戈,装备,仙岩慕圣衣,-,
"58","荻花宫后山","25人英雄",仄羽戈宝箱1,装备,仙岩慕圣衣,-,
"58","荻花宫后山","25人英雄",仄羽戈宝箱2,装备,仙岩慕圣衣,-,
"58","荻花宫后山","25人英雄",仄羽戈宝箱3,装备,仙岩慕圣衣,-,
"58","荻花宫后山","25人英雄",仄羽戈宝箱4,装备,仙岩慕圣衣,-,
"58","荻花宫后山","25人英雄",仄羽戈宝箱5,装备,仙岩慕圣衣,-,
"58","荻花宫后山","25人英雄",仄羽戈,装备,西湖剑意裤,-,
"58","荻花宫后山","25人英雄",仄羽戈宝箱1,装备,西湖剑意裤,-,
"58","荻花宫后山","25人英雄",仄羽戈宝箱2,装备,西湖剑意裤,-,
"58","荻花宫后山","25人英雄",仄羽戈宝箱3,装备,西湖剑意裤,-,
"58","荻花宫后山","25人英雄",仄羽戈宝箱4,装备,西湖剑意裤,-,
"58","荻花宫后山","25人英雄",仄羽戈宝箱5,装备,西湖剑意裤,-,
"58","荻花宫后山","25人英雄",仄羽戈,装备,雪顶青松冠,-,
"58","荻花宫后山","25人英雄",仄羽戈宝箱1,装备,雪顶青松冠,-,
"58","荻花宫后山","25人英雄",仄羽戈宝箱2,装备,雪顶青松冠,-,
"58","荻花宫后山","25人英雄",仄羽戈宝箱3,装备,雪顶青松冠,-,
"58","荻花宫后山","25人英雄",仄羽戈宝箱4,装备,雪顶青松冠,-,
"58","荻花宫后山","25人英雄",仄羽戈宝箱5,装备,雪顶青松冠,-,
"58","荻花宫后山","25人英雄",仄羽戈,装备,无冥业火腕箍,-,
"58","荻花宫后山","25人英雄",仄羽戈宝箱1,装备,无冥业火腕箍,-,
"58","荻花宫后山","25人英雄",仄羽戈宝箱2,装备,无冥业火腕箍,-,
"58","荻花宫后山","25人英雄",仄羽戈宝箱3,装备,无冥业火腕箍,-,
"58","荻花宫后山","25人英雄",仄羽戈宝箱4,装备,无冥业火腕箍,-,
"58","荻花宫后山","25人英雄",仄羽戈宝箱5,装备,无冥业火腕箍,-,
"58","荻花宫后山","25人英雄",仄羽戈,装备,百战不负甲,-,
"58","荻花宫后山","25人英雄",仄羽戈宝箱1,装备,百战不负甲,-,
"58","荻花宫后山","25人英雄",仄羽戈宝箱2,装备,百战不负甲,-,
"58","荻花宫后山","25人英雄",仄羽戈宝箱3,装备,百战不负甲,-,
"58","荻花宫后山","25人英雄",仄羽戈宝箱4,装备,百战不负甲,-,
"58","荻花宫后山","25人英雄",仄羽戈宝箱5,装备,百战不负甲,-,
"58","荻花宫后山","25人英雄",仄羽戈,装备,仙岩慕圣裤,-,
"58","荻花宫后山","25人英雄",仄羽戈宝箱1,装备,仙岩慕圣裤,-,
"58","荻花宫后山","25人英雄",仄羽戈宝箱2,装备,仙岩慕圣裤,-,
"58","荻花宫后山","25人英雄",仄羽戈宝箱3,装备,仙岩慕圣裤,-,
"58","荻花宫后山","25人英雄",仄羽戈宝箱5,装备,仙岩慕圣裤,-,
"58","荻花宫后山","25人英雄",仄羽戈,饰品,灵吉焰,-,
"58","荻花宫后山","25人英雄",仄羽戈宝箱1,饰品,灵吉焰,-,
"58","荻花宫后山","25人英雄",仄羽戈宝箱2,饰品,灵吉焰,-,
"58","荻花宫后山","25人英雄",仄羽戈宝箱3,饰品,灵吉焰,-,
"58","荻花宫后山","25人英雄",仄羽戈宝箱4,饰品,灵吉焰,-,
"58","荻花宫后山","25人英雄",仄羽戈宝箱5,饰品,灵吉焰,-,
"58","荻花宫后山","25人英雄",仄羽戈,饰品,燕然功,-,
"58","荻花宫后山","25人英雄",仄羽戈宝箱1,饰品,燕然功,-,
"58","荻花宫后山","25人英雄",仄羽戈宝箱2,饰品,燕然功,-,
"58","荻花宫后山","25人英雄",仄羽戈宝箱3,饰品,燕然功,-,
"58","荻花宫后山","25人英雄",仄羽戈宝箱4,饰品,燕然功,-,
"58","荻花宫后山","25人英雄",仄羽戈宝箱5,饰品,燕然功,-,
"58","荻花宫后山","25人英雄",仄羽戈,饰品,抱冰志,-,
"58","荻花宫后山","25人英雄",仄羽戈宝箱1,饰品,抱冰志,-,
"58","荻花宫后山","25人英雄",仄羽戈宝箱2,饰品,抱冰志,-,
"58","荻花宫后山","25人英雄",仄羽戈宝箱3,饰品,抱冰志,-,
"58","荻花宫后山","25人英雄",仄羽戈宝箱4,饰品,抱冰志,-,
"58","荻花宫后山","25人英雄",仄羽戈宝箱5,饰品,抱冰志,-,
"58","荻花宫后山","25人英雄",仄羽戈,饰品,玉山倾,-,
"58","荻花宫后山","25人英雄",仄羽戈宝箱1,饰品,玉山倾,-,
"58","荻花宫后山","25人英雄",仄羽戈宝箱2,饰品,玉山倾,-,
"58","荻花宫后山","25人英雄",仄羽戈宝箱3,饰品,玉山倾,-,
"58","荻花宫后山","25人英雄",仄羽戈宝箱4,饰品,玉山倾,-,
"58","荻花宫后山","25人英雄",仄羽戈宝箱5,饰品,玉山倾,-,
"58","荻花宫后山","25人英雄",仄羽戈宝箱5,饰品,玄阳葫芦,-,
"58","荻花宫后山","25人英雄",仄羽戈宝箱1,饰品,笺楼,-,
"58","荻花宫后山","25人英雄",仄羽戈宝箱3,饰品,笺楼,-,
"58","荻花宫后山","25人英雄",仄羽戈宝箱5,饰品,笺楼,-,
"58","荻花宫后山","25人英雄",仄羽戈,武器,青藜辉,-,
"58","荻花宫后山","25人英雄",仄羽戈,武器,征虏,-,
"58","荻花宫后山","25人英雄",仄羽戈,武器,秦骜,-,
"58","荻花宫后山","25人英雄",仄羽戈,武器,画荻殇,-,
"58","荻花宫后山","25人英雄",仄羽戈,武器,花月心,-,
"58","荻花宫后山","25人英雄",仄羽戈,武器,尘絮思,-,
"58","荻花宫后山","25人英雄",仄羽戈,武器,昙始杖,-,
"58","荻花宫后山","25人英雄",仄羽戈,武器,须浮解空,-,
"58","荻花宫后山","25人英雄",仄羽戈,武器,云汉缘,-,
"58","荻花宫后山","25人英雄",仄羽戈,武器,龙虎通幽,-,
"58","荻花宫后山","25人英雄",仄羽戈,武器,水心刃,-,
"58","荻花宫后山","25人英雄",仄羽戈,武器,霄灵,-,
"58","荻花宫后山","25人英雄",仄羽戈,饰品,玄阳葫芦,-,
"58","荻花宫后山","25人英雄",仄羽戈,饰品,笺楼,-,
"58","荻花宫后山","25人英雄",仄羽戈宝箱4,饰品,笺楼,-,
"58","荻花宫后山","25人英雄",仄羽戈,武器,手空挥,-,
"58","荻花宫后山","25人英雄",仄羽戈宝箱1,武器,手空挥,-,
"58","荻花宫后山","25人英雄",仄羽戈宝箱2,武器,手空挥,-,
"58","荻花宫后山","25人英雄",仄羽戈宝箱3,武器,手空挥,-,
"58","荻花宫后山","25人英雄",仄羽戈宝箱4,武器,手空挥,-,
"58","荻花宫后山","25人英雄",仄羽戈宝箱5,武器,手空挥,-,
"58","荻花宫后山","25人英雄",仄羽戈,武器,蛊惑众生,-,
"58","荻花宫后山","25人英雄",仄羽戈,武器,蛇心佛口,-,
"58","荻花宫后山","25人英雄",仄羽戈,武器,偃波,-,
"58","荻花宫后山","25人英雄",仄羽戈,武器,增晖,-,
"58","荻花宫后山","25人英雄",仄羽戈,武器,星离,-,
"58","荻花宫后山","25人英雄",仄羽戈,武器,云布,-,
"58","荻花宫后山","25人英雄",仄羽戈,武器,锁麟囊,-,
"58","荻花宫后山","25人英雄",仄羽戈宝箱2,饰品,笺楼,-,
"58","荻花宫后山","25人英雄",仄羽戈宝箱1,武器,锁麟囊,-,
"58","荻花宫后山","25人英雄",仄羽戈宝箱2,武器,锁麟囊,-,
"58","荻花宫后山","25人英雄",仄羽戈宝箱3,武器,锁麟囊,-,
"58","荻花宫后山","25人英雄",仄羽戈宝箱4,武器,锁麟囊,-,
"58","荻花宫后山","25人英雄",仄羽戈宝箱5,武器,锁麟囊,-,
"58","荻花宫后山","25人英雄",仄羽戈宝箱4,装备,仙岩慕圣裤,-,
"58","荻花宫后山","25人英雄",仄羽戈宝箱2,装备,破釜沉舟踏,-,
"58","荻花宫后山","25人英雄",提坦德亚罗,装备,雪顶青松带,-,
"58","荻花宫后山","25人英雄",提坦德亚罗,装备,匣里冰心束,-,
"58","荻花宫后山","25人英雄",提坦德亚罗,装备,破釜沉舟铠,-,
"58","荻花宫后山","25人英雄",提坦德亚罗,装备,千针点穴衣,-,
"58","荻花宫后山","25人英雄",提坦德亚罗,装备,雪顶青松裤,-,
"58","荻花宫后山","25人英雄",提坦德亚罗,装备,梦话婵娟钗,-,
"58","荻花宫后山","25人英雄",提坦德亚罗,装备,百战不负盔,-,
"58","荻花宫后山","25人英雄",提坦德亚罗,装备,千针点穴护腕,-,
"58","荻花宫后山","25人英雄",提坦德亚罗,饰品,龟衔印,-,
"58","荻花宫后山","25人英雄",提坦德亚罗,饰品,红窗幽梦,-,
"58","荻花宫后山","25人英雄",提坦德亚罗,饰品,枯木忆,-,
"58","荻花宫后山","25人英雄",提坦德亚罗,饰品,灵源道,-,
"58","荻花宫后山","25人英雄",提坦德亚罗,饰品,星桥石,-,
"58","荻花宫后山","25人英雄",提坦德亚罗,饰品,蛇神之怒,-,
"58","荻花宫后山","25人英雄",提坦德亚罗,饰品,炽情项饰,-,
"58","荻花宫后山","25人英雄",提坦德亚罗,饰品,荒城荻,-,
"58","荻花宫后山","25人英雄",提坦德亚罗,武器,青藜辉,-,
"58","荻花宫后山","25人英雄",提坦德亚罗,武器,征虏,-,
"58","荻花宫后山","25人英雄",提坦德亚罗,武器,秦骜,-,
"58","荻花宫后山","25人英雄",提坦德亚罗,武器,画荻殇,-,
"58","荻花宫后山","25人英雄",提坦德亚罗,武器,花月心,-,
"58","荻花宫后山","25人英雄",提坦德亚罗,武器,尘絮思,-,
"58","荻花宫后山","25人英雄",提坦德亚罗,武器,昙始杖,-,
"58","荻花宫后山","25人英雄",提坦德亚罗,武器,须浮解空,-,
"58","荻花宫后山","25人英雄",提坦德亚罗,武器,云汉缘,-,
"58","荻花宫后山","25人英雄",提坦德亚罗,武器,龙虎通幽,-,
"58","荻花宫后山","25人英雄",提坦德亚罗,武器,水心刃,-,
"58","荻花宫后山","25人英雄",提坦德亚罗,武器,霄灵,-,
"58","荻花宫后山","25人英雄",提坦德亚罗,武器,雍门哀,-,
"58","荻花宫后山","25人英雄",提坦德亚罗,武器,四皓德,-,
"58","荻花宫后山","25人英雄",提坦德亚罗,武器,蛊惑众生,-,
"58","荻花宫后山","25人英雄",提坦德亚罗,武器,蛇心佛口,-,
"58","荻花宫后山","25人英雄",提坦德亚罗,武器,偃波,-,
"58","荻花宫后山","25人英雄",提坦德亚罗,武器,增晖,-,
"58","荻花宫后山","25人英雄",提坦德亚罗,武器,星离,-,
"58","荻花宫后山","25人英雄",提坦德亚罗,武器,云布,-,
"58","荻花宫后山","25人英雄",提坦德亚罗,装备,仙岩慕圣护腕,-,
"58","荻花宫后山","25人英雄",提坦德亚罗,装备,西湖剑意衣,-,
"58","荻花宫后山","25人英雄",提坦德亚罗,装备,雪顶青松履,-,
"58","荻花宫后山","25人英雄",牡丹,装备,月下醉仙靴,-,
"58","荻花宫后山","25人英雄",牡丹宝箱1,装备,月下醉仙靴,-,
"58","荻花宫后山","25人英雄",牡丹宝箱2,装备,月下醉仙靴,-,
"58","荻花宫后山","25人英雄",牡丹宝箱3,装备,月下醉仙靴,-,
"58","荻花宫后山","25人英雄",牡丹宝箱4,装备,月下醉仙靴,-,
"58","荻花宫后山","25人英雄",牡丹宝箱5,装备,月下醉仙靴,-,
"58","荻花宫后山","25人英雄",牡丹,装备,梵音燃烬袈,-,
"58","荻花宫后山","25人英雄",牡丹宝箱1,装备,梵音燃烬袈,-,
"58","荻花宫后山","25人英雄",牡丹宝箱2,装备,梵音燃烬袈,-,
"58","荻花宫后山","25人英雄",牡丹宝箱3,装备,梵音燃烬袈,-,
"58","荻花宫后山","25人英雄",牡丹宝箱4,装备,梵音燃烬袈,-,
"58","荻花宫后山","25人英雄",牡丹宝箱5,装备,梵音燃烬袈,-,
"58","荻花宫后山","25人英雄",牡丹,装备,无冥业火履,-,
"58","荻花宫后山","25人英雄",牡丹宝箱1,装备,无冥业火履,-,
"58","荻花宫后山","25人英雄",牡丹宝箱2,装备,无冥业火履,-,
"58","荻花宫后山","25人英雄",牡丹宝箱3,装备,无冥业火履,-,
"58","荻花宫后山","25人英雄",牡丹宝箱4,装备,无冥业火履,-,
"58","荻花宫后山","25人英雄",牡丹宝箱5,装备,无冥业火履,-,
"58","荻花宫后山","25人英雄",牡丹,装备,百战不负铠,-,
"58","荻花宫后山","25人英雄",牡丹宝箱1,装备,百战不负铠,-,
"58","荻花宫后山","25人英雄",牡丹宝箱2,装备,百战不负铠,-,
"58","荻花宫后山","25人英雄",牡丹宝箱3,装备,百战不负铠,-,
"58","荻花宫后山","25人英雄",牡丹宝箱4,装备,百战不负铠,-,
"58","荻花宫后山","25人英雄",牡丹宝箱5,装备,百战不负铠,-,
"58","荻花宫后山","25人英雄",牡丹,装备,仙岩慕圣履,-,
"58","荻花宫后山","25人英雄",牡丹宝箱1,装备,仙岩慕圣履,-,
"58","荻花宫后山","25人英雄",牡丹宝箱2,装备,仙岩慕圣履,-,
"58","荻花宫后山","25人英雄",牡丹宝箱3,装备,仙岩慕圣履,-,
"58","荻花宫后山","25人英雄",牡丹宝箱5,装备,仙岩慕圣履,-,
"58","荻花宫后山","25人英雄",牡丹宝箱1,装备,雪顶青松护手,-,
"58","荻花宫后山","25人英雄",牡丹宝箱2,装备,雪顶青松护手,-,
"58","荻花宫后山","25人英雄",牡丹宝箱3,装备,雪顶青松护手,-,
"58","荻花宫后山","25人英雄",牡丹宝箱4,装备,雪顶青松护手,-,
"58","荻花宫后山","25人英雄",牡丹宝箱5,装备,雪顶青松护手,-,
"58","荻花宫后山","25人英雄",牡丹,装备,月下醉仙裤,-,
"58","荻花宫后山","25人英雄",牡丹宝箱1,装备,月下醉仙裤,-,
"58","荻花宫后山","25人英雄",牡丹宝箱3,装备,月下醉仙裤,-,
"58","荻花宫后山","25人英雄",牡丹宝箱4,装备,月下醉仙裤,-,
"58","荻花宫后山","25人英雄",牡丹宝箱5,装备,月下醉仙裤,-,
"58","荻花宫后山","25人英雄",牡丹,装备,梦话婵娟裙,-,
"58","荻花宫后山","25人英雄",牡丹宝箱1,装备,梦话婵娟裙,-,
"58","荻花宫后山","25人英雄",牡丹宝箱2,装备,梦话婵娟裙,-,
"58","荻花宫后山","25人英雄",牡丹宝箱3,装备,梦话婵娟裙,-,
"58","荻花宫后山","25人英雄",牡丹宝箱4,装备,梦话婵娟裙,-,
"58","荻花宫后山","25人英雄",牡丹宝箱5,装备,梦话婵娟裙,-,
"58","荻花宫后山","25人英雄",牡丹,装备,无冥业火襟,-,
"58","荻花宫后山","25人英雄",牡丹宝箱1,装备,无冥业火襟,-,
"58","荻花宫后山","25人英雄",牡丹宝箱2,装备,无冥业火襟,-,
"58","荻花宫后山","25人英雄",牡丹宝箱3,装备,无冥业火襟,-,
"58","荻花宫后山","25人英雄",牡丹宝箱4,装备,无冥业火襟,-,
"58","荻花宫后山","25人英雄",牡丹宝箱5,装备,无冥业火襟,-,
"58","荻花宫后山","25人英雄",牡丹,装备,破釜沉舟甲,-,
"58","荻花宫后山","25人英雄",牡丹宝箱1,装备,破釜沉舟甲,-,
"58","荻花宫后山","25人英雄",牡丹宝箱2,装备,破釜沉舟甲,-,
"58","荻花宫后山","25人英雄",牡丹宝箱3,装备,破釜沉舟甲,-,
"58","荻花宫后山","25人英雄",牡丹宝箱4,装备,破釜沉舟甲,-,
"58","荻花宫后山","25人英雄",牡丹宝箱5,装备,破釜沉舟甲,-,
"58","荻花宫后山","25人英雄",牡丹,装备,百战不负护臂,-,
"58","荻花宫后山","25人英雄",牡丹宝箱1,装备,百战不负护臂,-,
"58","荻花宫后山","25人英雄",牡丹宝箱3,装备,百战不负护臂,-,
"58","荻花宫后山","25人英雄",牡丹宝箱4,装备,百战不负护臂,-,
"58","荻花宫后山","25人英雄",牡丹宝箱5,装备,百战不负护臂,-,
"58","荻花宫后山","25人英雄",牡丹,装备,风皱寒池冠,-,
"58","荻花宫后山","25人英雄",牡丹宝箱1,装备,风皱寒池冠,-,
"58","荻花宫后山","25人英雄",牡丹宝箱2,装备,风皱寒池冠,-,
"58","荻花宫后山","25人英雄",牡丹宝箱3,装备,风皱寒池冠,-,
"58","荻花宫后山","25人英雄",牡丹宝箱4,装备,风皱寒池冠,-,
"58","荻花宫后山","25人英雄",牡丹宝箱5,装备,风皱寒池冠,-,
"58","荻花宫后山","25人英雄",牡丹,装备,清江揽月冠,-,
"58","荻花宫后山","25人英雄",牡丹宝箱1,装备,清江揽月冠,-,
"58","荻花宫后山","25人英雄",牡丹宝箱2,装备,清江揽月冠,-,
"58","荻花宫后山","25人英雄",牡丹宝箱3,装备,清江揽月冠,-,
"58","荻花宫后山","25人英雄",牡丹宝箱4,装备,清江揽月冠,-,
"58","荻花宫后山","25人英雄",牡丹宝箱5,装备,清江揽月冠,-,
"58","荻花宫后山","25人英雄",牡丹宝箱1,装备,风皱寒池装,-,
"58","荻花宫后山","25人英雄",牡丹宝箱2,装备,风皱寒池装,-,
"58","荻花宫后山","25人英雄",牡丹宝箱3,装备,风皱寒池装,-,
"58","荻花宫后山","25人英雄",牡丹宝箱4,装备,风皱寒池装,-,
"58","荻花宫后山","25人英雄",牡丹宝箱5,装备,风皱寒池装,-,
"58","荻花宫后山","25人英雄",牡丹,装备,清江揽月装,-,
"58","荻花宫后山","25人英雄",牡丹宝箱1,装备,清江揽月装,-,
"58","荻花宫后山","25人英雄",牡丹宝箱2,装备,清江揽月装,-,
"58","荻花宫后山","25人英雄",牡丹宝箱3,装备,清江揽月装,-,
"58","荻花宫后山","25人英雄",牡丹宝箱4,装备,清江揽月装,-,
"58","荻花宫后山","25人英雄",牡丹宝箱5,装备,清江揽月装,-,
"58","荻花宫后山","25人英雄",牡丹,饰品,孤城斗,-,
"58","荻花宫后山","25人英雄",牡丹宝箱1,饰品,孤城斗,-,
"58","荻花宫后山","25人英雄",牡丹宝箱2,饰品,孤城斗,-,
"58","荻花宫后山","25人英雄",牡丹宝箱3,饰品,孤城斗,-,
"58","荻花宫后山","25人英雄",牡丹宝箱5,饰品,孤城斗,-,
"58","荻花宫后山","25人英雄",牡丹宝箱1,饰品,石髓晶,-,
"58","荻花宫后山","25人英雄",牡丹宝箱2,饰品,石髓晶,-,
"58","荻花宫后山","25人英雄",牡丹宝箱3,饰品,石髓晶,-,
"58","荻花宫后山","25人英雄",牡丹宝箱4,饰品,石髓晶,-,
"58","荻花宫后山","25人英雄",牡丹宝箱5,饰品,石髓晶,-,
"58","荻花宫后山","25人英雄",牡丹,饰品,荐鹗链,-,
"58","荻花宫后山","25人英雄",牡丹宝箱1,饰品,荐鹗链,-,
"58","荻花宫后山","25人英雄",牡丹宝箱2,饰品,荐鹗链,-,
"58","荻花宫后山","25人英雄",牡丹宝箱3,饰品,荐鹗链,-,
"58","荻花宫后山","25人英雄",牡丹宝箱4,饰品,荐鹗链,-,
"58","荻花宫后山","25人英雄",牡丹宝箱5,饰品,荐鹗链,-,
"58","荻花宫后山","25人英雄",牡丹,饰品,冷魂恋,-,
"58","荻花宫后山","25人英雄",牡丹宝箱1,饰品,冷魂恋,-,
"58","荻花宫后山","25人英雄",牡丹宝箱2,饰品,冷魂恋,-,
"58","荻花宫后山","25人英雄",牡丹宝箱3,饰品,冷魂恋,-,
"58","荻花宫后山","25人英雄",牡丹宝箱5,饰品,冷魂恋,-,
"58","荻花宫后山","25人英雄",牡丹,饰品,分鼎雄,-,
"58","荻花宫后山","25人英雄",牡丹宝箱1,饰品,分鼎雄,-,
"58","荻花宫后山","25人英雄",牡丹宝箱2,饰品,分鼎雄,-,
"58","荻花宫后山","25人英雄",牡丹宝箱3,饰品,分鼎雄,-,
"58","荻花宫后山","25人英雄",牡丹宝箱4,饰品,分鼎雄,-,
"58","荻花宫后山","25人英雄",牡丹宝箱5,饰品,分鼎雄,-,
"58","荻花宫后山","25人英雄",牡丹,饰品,夺命三千,-,
"58","荻花宫后山","25人英雄",牡丹宝箱5,饰品,夺命三千,-,
"58","荻花宫后山","25人英雄",牡丹宝箱1,饰品,音淮,-,
"58","荻花宫后山","25人英雄",牡丹宝箱5,饰品,音淮,-,
"58","荻花宫后山","25人英雄",牡丹宝箱1,饰品,阳锦,-,
"58","荻花宫后山","25人英雄",牡丹宝箱3,饰品,阳锦,-,
"58","荻花宫后山","25人英雄",牡丹宝箱5,饰品,阳锦,-,
"58","荻花宫后山","25人英雄",牡丹,武器,青藜辉,-,
"58","荻花宫后山","25人英雄",牡丹,武器,征虏,-,
"58","荻花宫后山","25人英雄",牡丹,武器,秦骜,-,
"58","荻花宫后山","25人英雄",牡丹,武器,画荻殇,-,
"58","荻花宫后山","25人英雄",牡丹,武器,花月心,-,
"58","荻花宫后山","25人英雄",牡丹,武器,尘絮思,-,
"58","荻花宫后山","25人英雄",牡丹,武器,昙始杖,-,
"58","荻花宫后山","25人英雄",牡丹,武器,须浮解空,-,
"58","荻花宫后山","25人英雄",牡丹,武器,云汉缘,-,
"58","荻花宫后山","25人英雄",牡丹,武器,龙虎通幽,-,
"58","荻花宫后山","25人英雄",牡丹,武器,水心刃,-,
"58","荻花宫后山","25人英雄",牡丹,武器,霄灵,-,
"58","荻花宫后山","25人英雄",牡丹,武器,天荻噬魂,-,
"58","荻花宫后山","25人英雄",牡丹,武器,墨染山河,-,
"58","荻花宫后山","25人英雄",牡丹,武器,黛娥愁,-,
"58","荻花宫后山","25人英雄",牡丹,武器,子规啼,-,
"58","荻花宫后山","25人英雄",牡丹,武器,耶舍杖,-,
"58","荻花宫后山","25人英雄",牡丹,武器,目连神通,-,
"58","荻花宫后山","25人英雄",牡丹,武器,安期剑,-,
"58","荻花宫后山","25人英雄",牡丹宝箱2,饰品,音淮,-,
"58","荻花宫后山","25人英雄",牡丹,武器,羲皇剑,-,
"58","荻花宫后山","25人英雄",牡丹,武器,转魄,-,
"58","荻花宫后山","25人英雄",牡丹,武器,赤霁,-,
"58","荻花宫后山","25人英雄",牡丹宝箱2,饰品,阳锦,-,
"58","荻花宫后山","25人英雄",牡丹,武器,夷齐魂,-,
"58","荻花宫后山","25人英雄",牡丹,武器,明圣枪,-,
"58","荻花宫后山","25人英雄",牡丹,武器,取楼兰,-,
"58","荻花宫后山","25人英雄",牡丹宝箱1,武器,取楼兰,-,
"58","荻花宫后山","25人英雄",牡丹宝箱2,武器,取楼兰,-,
"58","荻花宫后山","25人英雄",牡丹宝箱3,武器,取楼兰,-,
"58","荻花宫后山","25人英雄",牡丹宝箱4,武器,取楼兰,-,
"58","荻花宫后山","25人英雄",牡丹宝箱5,武器,取楼兰,-,
"58","荻花宫后山","25人英雄",牡丹,武器,蛊惑众生,-,
"58","荻花宫后山","25人英雄",牡丹,武器,蛇心佛口,-,
"58","荻花宫后山","25人英雄",牡丹,武器,天香之殇,-,
"58","荻花宫后山","25人英雄",牡丹,武器,国色之魅,-,
"58","荻花宫后山","25人英雄",牡丹宝箱4,饰品,阳锦,-,
"58","荻花宫后山","25人英雄",牡丹,饰品,阳锦,-,
"58","荻花宫后山","25人英雄",牡丹宝箱4,饰品,音淮,-,
"58","荻花宫后山","25人英雄",牡丹宝箱3,饰品,音淮,-,
"58","荻花宫后山","25人英雄",牡丹,饰品,音淮,-,
"58","荻花宫后山","25人英雄",牡丹宝箱4,饰品,冷魂恋,-,
"58","荻花宫后山","25人英雄",牡丹,饰品,石髓晶,-,
"58","荻花宫后山","25人英雄",牡丹宝箱4,饰品,孤城斗,-,
"58","荻花宫后山","25人英雄",牡丹,装备,风皱寒池装,-,
"58","荻花宫后山","25人英雄",牡丹宝箱2,装备,百战不负护臂,-,
"58","荻花宫后山","25人英雄",牡丹宝箱2,装备,月下醉仙裤,-,
"58","荻花宫后山","25人英雄",牡丹,装备,雪顶青松护手,-,
"58","荻花宫后山","25人英雄",牡丹宝箱4,装备,仙岩慕圣履,-,
"51","剑冢","5人普通",叶芳致,饰品,伯仲指环,-,
"51","剑冢","5人普通",叶芳致,装备,千秋护手,-,
"51","剑冢","5人普通",叶芳致,饰品,古越链,-,
"51","剑冢","5人普通",叶芳致,装备,紫薇缠腰,-,
"51","剑冢","5人普通",叶芳致,武器,致情,-,
"51","剑冢","5人普通",叶琦菲,饰品,春晖戒,-,
"51","剑冢","5人普通",叶琦菲,饰品,孟秋砚,-,
"51","剑冢","5人普通",叶琦菲,武器,天祭剑,-,
"51","剑冢","5人普通",叶琦菲,装备,溯雪玄英衣,-,
"51","剑冢","5人普通",叶琦菲,装备,烈焰朱明冠,-,
"51","剑冢","5人普通",叶琦菲,装备,夏振带,-,
"51","剑冢","5人普通",夜啸,武器,知御囊,-,
"51","剑冢","5人普通",夜啸,装备,翰正带,-,
"51","剑冢","5人普通",夜啸,饰品,步高戒,-,
"51","剑冢","5人普通",夜啸,武器,凯锋,-,
"51","剑冢","5人普通",夜啸,饰品,永雄链,-,
"51","剑冢","5人普通",叶无心,武器,玄泽锦囊,-,
"51","剑冢","5人普通",叶无心,武器,青丝刃,-,
"51","剑冢","5人普通",叶无心,装备,春秋裳,-,
"51","剑冢","5人普通",叶无心,装备,流风履,-,
"51","剑冢","5人普通",叶无心,饰品,血蛇佩,-,
"62","剑冢","5人英雄",叶火汐,装备,梨花海棠裳,-,
"62","剑冢","5人英雄",叶火汐,武器,悲华剑,-,
"62","剑冢","5人英雄",叶火汐,武器,彼岸蝶海,-,
"62","剑冢","5人英雄",叶火汐,武器,古德僧棍,-,
"62","剑冢","5人英雄",叶火汐,饰品,小重山,-,
"62","剑冢","5人英雄",叶火汐,武器,凝霜,-,
"62","剑冢","5人英雄",叶火汐,装备,刚正鞋,-,
"62","剑冢","5人英雄",叶火汐,装备,兰陀尼,-,
"62","剑冢","5人英雄",叶火汐,武器,奈何清风,-,
"62","剑冢","5人英雄",叶火汐,武器,碧落黄泉,-,
"62","剑冢","5人英雄",叶火汐,装备,枯松,-,
"62","剑冢","5人英雄",叶火汐,武器,忆秋,-,
"62","剑冢","5人英雄",叶火汐,装备,刚正腰带,-,
"62","剑冢","5人英雄",叶火汐,武器,一夜飞霜,-,
"62","剑冢","5人英雄",叶火汐,武器,雨霖囊,-,
"62","剑冢","5人英雄",叶火汐,装备,刚正护手,-,
"62","剑冢","5人英雄",叶火汐,武器,问皓剑,-,
"62","剑冢","5人英雄",叶火汐,武器,听风,-,
"62","剑冢","5人英雄",叶火汐,装备,太上玄天腕,-,
"62","剑冢","5人英雄",叶火汐,装备,山鬼束带,-,
"62","剑冢","5人英雄",叶火汐,武器,静徐佛杖,-,
"62","剑冢","5人英雄",叶火汐,装备,钟霓云锦,-,
"62","剑冢","5人英雄",叶火汐,装备,刚正帽,-,
"62","剑冢","5人英雄",叶火汐,武器,池鱼思渊,-,
"62","剑冢","5人英雄",叶火汐,武器,孤行,-,
"62","剑冢","5人英雄",叶火汐,武器,醉卧幽梦,-,
"62","剑冢","5人英雄",叶火汐,饰品,夜雪戒,-,
"62","剑冢","5人英雄",叶火汐,装备,刚正衣,-,
"62","剑冢","5人英雄",叶昊天,装备,刚正衣,-,
"62","剑冢","5人英雄",叶昊天,武器,彼岸蝶海,-,
"62","剑冢","5人英雄",叶昊天,饰品,乌金戒,-,
"62","剑冢","5人英雄",叶昊天,饰品,赤痕戒,-,
"62","剑冢","5人英雄",叶昊天,武器,古德僧棍,-,
"62","剑冢","5人英雄",叶昊天,武器,凝霜,-,
"62","剑冢","5人英雄",叶昊天,装备,刚正鞋,-,
"62","剑冢","5人英雄",叶昊天,武器,奈何清风,-,
"62","剑冢","5人英雄",叶昊天,武器,碧落黄泉,-,
"62","剑冢","5人英雄",叶昊天,装备,锦绣琉璃裙,-,
"62","剑冢","5人英雄",叶昊天,装备,蝶影落花,-,
"62","剑冢","5人英雄",叶昊天,武器,忆秋,-,
"62","剑冢","5人英雄",叶昊天,武器,一夜飞霜,-,
"62","剑冢","5人英雄",叶昊天,装备,刚正腰带,-,
"62","剑冢","5人英雄",叶昊天,武器,雁鹤隐,-,
"62","剑冢","5人英雄",叶昊天,武器,问皓剑,-,
"62","剑冢","5人英雄",叶昊天,装备,刚正护手,-,
"62","剑冢","5人英雄",叶昊天,武器,听风,-,
"62","剑冢","5人英雄",叶昊天,装备,怀悲束带,-,
"62","剑冢","5人英雄",叶昊天,武器,静徐佛杖,-,
"62","剑冢","5人英雄",叶昊天,装备,刚正帽,-,
"62","剑冢","5人英雄",叶昊天,武器,池鱼思渊,-,
"62","剑冢","5人英雄",叶昊天,武器,孤行,-,
"62","剑冢","5人英雄",叶昊天,武器,醉卧幽梦,-,
"62","剑冢","5人英雄",叶昊天,装备,逍遥巾,-,
"62","剑冢","5人英雄",叶昊天,饰品,鸣泉坠,-,
"62","剑冢","5人英雄",叶昊天,装备,莲花九绽,-,
"62","剑冢","5人英雄",叶昊天,武器,悲华剑,-,
"62","剑冢","5人英雄",叶金素,武器,醉卧幽梦,-,
"62","剑冢","5人英雄",叶金素,装备,刚正衣,-,
"62","剑冢","5人英雄",叶金素,装备,六如禅宝,-,
"62","剑冢","5人英雄",叶金素,武器,悲华剑,-,
"62","剑冢","5人英雄",叶金素,武器,彼岸蝶海,-,
"62","剑冢","5人英雄",叶金素,装备,寄月螺花裙,-,
"62","剑冢","5人英雄",叶金素,武器,古德僧棍,-,
"62","剑冢","5人英雄",叶金素,武器,凝霜,-,
"62","剑冢","5人英雄",叶金素,装备,刚正鞋,-,
"62","剑冢","5人英雄",叶金素,饰品,落缨坠,-,
"62","剑冢","5人英雄",叶金素,武器,碧落黄泉,-,
"62","剑冢","5人英雄",叶金素,装备,倚亭,-,
"62","剑冢","5人英雄",叶金素,武器,奈何清风,-,
"62","剑冢","5人英雄",叶金素,武器,忆秋,-,
"62","剑冢","5人英雄",叶金素,装备,刚正腰带,-,
"62","剑冢","5人英雄",叶金素,武器,一夜飞霜,-,
"62","剑冢","5人英雄",叶金素,装备,刚正护手,-,
"62","剑冢","5人英雄",叶金素,装备,星舞束带,-,
"62","剑冢","5人英雄",叶金素,武器,问皓剑,-,
"62","剑冢","5人英雄",叶金素,武器,听风,-,
"62","剑冢","5人英雄",叶金素,装备,镇龙束带,-,
"62","剑冢","5人英雄",叶金素,装备,涅槃劫,-,
"62","剑冢","5人英雄",叶金素,武器,静徐佛杖,-,
"62","剑冢","5人英雄",叶金素,装备,刚正帽,-,
"62","剑冢","5人英雄",叶金素,武器,孤行,-,
"62","剑冢","5人英雄",叶金素,武器,池鱼思渊,-,
"62","剑冢","5人英雄",叶金素,饰品,激浪戒,-,
"62","剑冢","5人英雄",叶金素,饰品,摩裟坠,-,
"62","剑冢","5人英雄",叶冬辰,武器,古德僧棍,-,
"62","剑冢","5人英雄",叶冬辰,饰品,风敲竹,-,
"62","剑冢","5人英雄",叶冬辰,装备,怜卿衣,-,
"62","剑冢","5人英雄",叶冬辰,饰品,水云游,-,
"62","剑冢","5人英雄",叶冬辰,武器,凝霜,-,
"62","剑冢","5人英雄",叶冬辰,武器,奈何清风,-,
"62","剑冢","5人英雄",叶冬辰,装备,刚正鞋,-,
"62","剑冢","5人英雄",叶冬辰,饰品,忆君王,-,
"62","剑冢","5人英雄",叶冬辰,武器,碧落黄泉,-,
"62","剑冢","5人英雄",叶冬辰,饰品,无尘坠,-,
"62","剑冢","5人英雄",叶冬辰,饰品,问花坠,-,
"62","剑冢","5人英雄",叶冬辰,武器,一夜飞霜,-,
"62","剑冢","5人英雄",叶冬辰,武器,忆秋,-,
"62","剑冢","5人英雄",叶冬辰,装备,刚正腰带,-,
"62","剑冢","5人英雄",叶冬辰,武器,问皓剑,-,
"62","剑冢","5人英雄",叶冬辰,装备,寻溪,-,
"62","剑冢","5人英雄",叶冬辰,装备,披霞束带,-,
"62","剑冢","5人英雄",叶冬辰,武器,听风,-,
"62","剑冢","5人英雄",叶冬辰,武器,静徐佛杖,-,
"62","剑冢","5人英雄",叶冬辰,武器,池鱼思渊,-,
"62","剑冢","5人英雄",叶冬辰,装备,刚正帽,-,
"62","剑冢","5人英雄",叶冬辰,武器,醉卧幽梦,-,
"62","剑冢","5人英雄",叶冬辰,武器,孤行,-,
"62","剑冢","5人英雄",叶冬辰,武器,悲华剑,-,
"62","剑冢","5人英雄",叶冬辰,装备,刚正衣,-,
"62","剑冢","5人英雄",叶冬辰,饰品,青藤戒,-,
"62","剑冢","5人英雄",叶冬辰,装备,刚正护手,-,
"62","剑冢","5人英雄",叶冬辰,武器,彼岸蝶海,-,
"62","剑冢","5人英雄",叶凌烈,武器,醉卧幽梦,-,
"62","剑冢","5人英雄",叶凌烈,装备,刚正衣,-,
"62","剑冢","5人英雄",叶凌烈,武器,彼岸蝶海,-,
"62","剑冢","5人英雄",叶凌烈,武器,悲华剑,-,
"62","剑冢","5人英雄",叶凌烈,武器,凝霜,-,
"62","剑冢","5人英雄",叶凌烈,武器,古德僧棍,-,
"62","剑冢","5人英雄",叶凌烈,装备,刚正鞋,-,
"62","剑冢","5人英雄",叶凌烈,武器,碧落黄泉,-,
"62","剑冢","5人英雄",叶凌烈,武器,奈何清风,-,
"62","剑冢","5人英雄",叶凌烈,装备,苍崖,-,
"62","剑冢","5人英雄",叶凌烈,武器,魏芒,-,
"62","剑冢","5人英雄",叶凌烈,武器,忆秋,-,
"62","剑冢","5人英雄",叶凌烈,武器,焕光,-,
"62","剑冢","5人英雄",叶凌烈,武器,一夜飞霜,-,
"62","剑冢","5人英雄",叶凌烈,装备,天山皓雪腕,-,
"62","剑冢","5人英雄",叶凌烈,装备,刚正护手,-,
"62","剑冢","5人英雄",叶凌烈,武器,没石饮羽,-,
"62","剑冢","5人英雄",叶凌烈,武器,听风,-,
"62","剑冢","5人英雄",叶凌烈,武器,问皓剑,-,
"62","剑冢","5人英雄",叶凌烈,装备,云踪束带,-,
"62","剑冢","5人英雄",叶凌烈,装备,蝎唇巾,-,
"62","剑冢","5人英雄",叶凌烈,装备,雨鸾恋花冠,-,
"62","剑冢","5人英雄",叶凌烈,装备,螫搏劲装,-,
"62","剑冢","5人英雄",叶凌烈,装备,蟾湖仙踪,-,
"62","剑冢","5人英雄",叶凌烈,武器,静徐佛杖,-,
"62","剑冢","5人英雄",叶凌烈,装备,刚正帽,-,
"62","剑冢","5人英雄",叶凌烈,装备,肃秋屐,-,
"62","剑冢","5人英雄",叶凌烈,装备,灿痕束带,-,
"62","剑冢","5人英雄",叶凌烈,武器,孤行,-,
"62","剑冢","5人英雄",叶凌烈,装备,御灵衣,-,
"62","剑冢","5人英雄",叶凌烈,饰品,山亭柳,-,
"62","剑冢","5人英雄",叶凌烈,饰品,子夜歌,-,
"62","剑冢","5人英雄",叶凌烈,饰品,凌波戒,-,
"62","剑冢","5人英雄",叶凌烈,装备,刚正腰带,-,
"62","剑冢","5人英雄",叶凌烈,武器,池鱼思渊,-,
"62","剑冢","5人英雄",叶无心,武器,孤行,-,
"62","剑冢","5人英雄",叶无心,武器,池鱼思渊,-,
"62","剑冢","5人英雄",叶无心,武器,醉卧幽梦,-,
"62","剑冢","5人英雄",叶无心,装备,刚正衣,-,
"62","剑冢","5人英雄",叶无心,装备,四季醉月,-,
"62","剑冢","5人英雄",叶无心,饰品,归去难,-,
"62","剑冢","5人英雄",叶无心,武器,彼岸蝶海,-,
"62","剑冢","5人英雄",叶无心,饰品,月中行,-,
"62","剑冢","5人英雄",叶无心,武器,悲华剑,-,
"62","剑冢","5人英雄",叶无心,武器,凝霜,-,
"62","剑冢","5人英雄",叶无心,饰品,殒霜,-,
"62","剑冢","5人英雄",叶无心,装备,刚正鞋,-,
"62","剑冢","5人英雄",叶无心,武器,古德僧棍,-,
"62","剑冢","5人英雄",叶无心,武器,碧落黄泉,-,
"62","剑冢","5人英雄",叶无心,装备,奔云,-,
"62","剑冢","5人英雄",叶无心,武器,奈何清风,-,
"62","剑冢","5人英雄",叶无心,武器,忆秋,-,
"62","剑冢","5人英雄",叶无心,装备,刚正腰带,-,
"62","剑冢","5人英雄",叶无心,装备,醉痕束带,-,
"62","剑冢","5人英雄",叶无心,武器,白羽惊风,-,
"62","剑冢","5人英雄",叶无心,装备,紫薇星腕,-,
"62","剑冢","5人英雄",叶无心,装备,刚正护手,-,
"62","剑冢","5人英雄",叶无心,武器,一夜飞霜,-,
"62","剑冢","5人英雄",叶无心,武器,听风,-,
"62","剑冢","5人英雄",叶无心,装备,彩翼灵犀冠,-,
"62","剑冢","5人英雄",叶无心,武器,问皓剑,-,
"62","剑冢","5人英雄",叶无心,装备,刚正帽,-,
"62","剑冢","5人英雄",叶无心,饰品,流破古玉,-,
"62","剑冢","5人英雄",叶无心,装备,尚垣太清衣,-,
"62","剑冢","5人英雄",叶无心,武器,静徐佛杖,-,
"62","剑冢","5人英雄",叶秋池,武器,池鱼思渊,-,
"62","剑冢","5人英雄",叶秋池,武器,醉卧幽梦,-,
"62","剑冢","5人英雄",叶秋池,装备,木兰峥羽,-,
"62","剑冢","5人英雄",叶秋池,装备,刚正衣,-,
"62","剑冢","5人英雄",叶秋池,饰品,天香引,-,
"62","剑冢","5人英雄",叶秋池,武器,彼岸蝶海,-,
"62","剑冢","5人英雄",叶秋池,装备,太上忘情,-,
"62","剑冢","5人英雄",叶秋池,武器,悲华剑,-,
"62","剑冢","5人英雄",叶秋池,武器,凝霜,-,
"62","剑冢","5人英雄",叶秋池,饰品,听弦坠,-,
"62","剑冢","5人英雄",叶秋池,装备,刚正鞋,-,
"62","剑冢","5人英雄",叶秋池,武器,古德僧棍,-,
"62","剑冢","5人英雄",叶秋池,装备,觅兰,-,
"62","剑冢","5人英雄",叶秋池,武器,碧落黄泉,-,
"62","剑冢","5人英雄",叶秋池,武器,奈何清风,-,
"62","剑冢","5人英雄",叶秋池,装备,刚正腰带,-,
"62","剑冢","5人英雄",叶秋池,武器,一夜飞霜,-,
"62","剑冢","5人英雄",叶秋池,装备,刚正护手,-,
"62","剑冢","5人英雄",叶秋池,装备,春蚕凝丝腕,-,
"62","剑冢","5人英雄",叶秋池,武器,听风,-,
"62","剑冢","5人英雄",叶秋池,武器,问皓剑,-,
"62","剑冢","5人英雄",叶秋池,装备,悲鸣冠,-,
"62","剑冢","5人英雄",叶秋池,装备,刚正帽,-,
"62","剑冢","5人英雄",叶秋池,武器,静徐佛杖,-,
"62","剑冢","5人英雄",叶秋池,饰品,藤墨坠,-,
"62","剑冢","5人英雄",叶秋池,武器,孤行,-,
"62","剑冢","5人英雄",叶秋池,装备,忘湖束带,-,
"62","剑冢","5人英雄",叶秋池,武器,忆秋,-,
"60","持国天王殿","10人普通",提多罗吒宝箱2,装备,碧海流风,-,
"60","持国天王殿","10人普通",提多罗吒宝箱3,装备,碧海流风,-,
"60","持国天王殿","10人普通",提多罗吒,装备,清歌玉珠冠,-,
"60","持国天王殿","10人普通",提多罗吒宝箱2,装备,清歌玉珠冠,-,
"60","持国天王殿","10人普通",提多罗吒宝箱3,装备,清歌玉珠冠,-,
"60","持国天王殿","10人普通",提多罗吒,装备,白马啸天冠,-,
"60","持国天王殿","10人普通",提多罗吒宝箱2,装备,白马啸天冠,-,
"60","持国天王殿","10人普通",提多罗吒宝箱3,装备,白马啸天冠,-,
"60","持国天王殿","10人普通",提多罗吒,装备,朱云空鹤,-,
"60","持国天王殿","10人普通",提多罗吒,武器,雪墨,-,
"60","持国天王殿","10人普通",提多罗吒宝箱2,装备,朱云空鹤,-,
"60","持国天王殿","10人普通",提多罗吒宝箱3,装备,朱云空鹤,-,
"60","持国天王殿","10人普通",提多罗吒,装备,木目金铃,-,
"60","持国天王殿","10人普通",提多罗吒宝箱2,装备,木目金铃,-,
"60","持国天王殿","10人普通",提多罗吒,武器,点砚,-,
"60","持国天王殿","10人普通",提多罗吒宝箱3,装备,木目金铃,-,
"60","持国天王殿","10人普通",提多罗吒,装备,东方持国钢带,-,
"60","持国天王殿","10人普通",提多罗吒宝箱2,装备,东方持国钢带,-,
"60","持国天王殿","10人普通",提多罗吒,武器,如是我闻,-,
"60","持国天王殿","10人普通",提多罗吒,装备,春羽飞凫,-,
"60","持国天王殿","10人普通",提多罗吒宝箱2,装备,春羽飞凫,-,
"60","持国天王殿","10人普通",提多罗吒宝箱3,装备,春羽飞凫,-,
"60","持国天王殿","10人普通",提多罗吒,装备,达摩武者鞋,-,
"60","持国天王殿","10人普通",提多罗吒,武器,须弥棍,-,
"60","持国天王殿","10人普通",提多罗吒宝箱2,装备,达摩武者鞋,-,
"60","持国天王殿","10人普通",提多罗吒宝箱3,装备,达摩武者鞋,-,
"60","持国天王殿","10人普通",提多罗吒,装备,神乐尊王护手,-,
"60","持国天王殿","10人普通",提多罗吒宝箱2,装备,神乐尊王护手,-,
"60","持国天王殿","10人普通",提多罗吒,武器,翼轸,-,
"60","持国天王殿","10人普通",提多罗吒宝箱3,装备,神乐尊王护手,-,
"60","持国天王殿","10人普通",提多罗吒,装备,天国舞者裙,-,
"60","持国天王殿","10人普通",提多罗吒宝箱2,装备,天国舞者裙,-,
"60","持国天王殿","10人普通",提多罗吒宝箱3,装备,天国舞者裙,-,
"60","持国天王殿","10人普通",提多罗吒,武器,鬼柳,-,
"60","持国天王殿","10人普通",提多罗吒,装备,苍雾朱蝎冠,-,
"60","持国天王殿","10人普通",提多罗吒宝箱2,装备,苍雾朱蝎冠,-,
"60","持国天王殿","10人普通",提多罗吒宝箱3,装备,苍雾朱蝎冠,-,
"60","持国天王殿","10人普通",提多罗吒,武器,九曲黄泉,-,
"60","持国天王殿","10人普通",提多罗吒宝箱2,装备,苍茫拥,-,
"60","持国天王殿","10人普通",提多罗吒宝箱3,装备,苍茫拥,-,
"60","持国天王殿","10人普通",提多罗吒,装备,逆厘长靴,-,
"60","持国天王殿","10人普通",提多罗吒,武器,八荒纵横,-,
"60","持国天王殿","10人普通",提多罗吒宝箱3,装备,逆厘长靴,-,
"60","持国天王殿","10人普通",提多罗吒,装备,太地非之皮,-,
"60","持国天王殿","10人普通",提多罗吒宝箱2,装备,太地非之皮,-,
"60","持国天王殿","10人普通",提多罗吒,武器,承云九韶,-,
"60","持国天王殿","10人普通",提多罗吒,饰品,天音玉环,-,
"60","持国天王殿","10人普通",提多罗吒宝箱2,饰品,天音玉环,-,
"60","持国天王殿","10人普通",提多罗吒宝箱3,饰品,天音玉环,-,
"60","持国天王殿","10人普通",提多罗吒,武器,绮罗卷月,-,
"60","持国天王殿","10人普通",提多罗吒宝箱2,饰品,鸣鼓宝石,-,
"60","持国天王殿","10人普通",提多罗吒宝箱3,饰品,鸣鼓宝石,-,
"60","持国天王殿","10人普通",提多罗吒,武器,醉吟剑,-,
"60","持国天王殿","10人普通",提多罗吒宝箱3,饰品,光华灯玉,-,
"60","持国天王殿","10人普通",提多罗吒,饰品,天王连珠,-,
"60","持国天王殿","10人普通",提多罗吒宝箱2,饰品,天王连珠,-,
"60","持国天王殿","10人普通",提多罗吒,武器,中舆,-,
"60","持国天王殿","10人普通",提多罗吒,饰品,白露晶玉,-,
"60","持国天王殿","10人普通",提多罗吒宝箱2,饰品,白露晶玉,-,
"60","持国天王殿","10人普通",提多罗吒宝箱3,饰品,白露晶玉,-,
"60","持国天王殿","10人普通",提多罗吒,武器,八荒炎蛇,-,
"60","持国天王殿","10人普通",提多罗吒宝箱2,饰品,达摩连珠,-,
"60","持国天王殿","10人普通",提多罗吒宝箱3,饰品,达摩连珠,-,
"60","持国天王殿","10人普通",提多罗吒,饰品,韶华清越,-,
"60","持国天王殿","10人普通",提多罗吒,武器,九天霜蚣,-,
"60","持国天王殿","10人普通",提多罗吒宝箱3,饰品,韶华清越,-,
"60","持国天王殿","10人普通",提多罗吒,武器,九死,-,
"60","持国天王殿","10人普通",提多罗吒宝箱2,武器,九死,-,
"60","持国天王殿","10人普通",提多罗吒宝箱3,武器,九死,-,
"60","持国天王殿","10人普通",提多罗吒,武器,无生,-,
"60","持国天王殿","10人普通",提多罗吒宝箱2,饰品,韶华清越,-,
"60","持国天王殿","10人普通",提多罗吒,饰品,达摩连珠,-,
"60","持国天王殿","10人普通",提多罗吒宝箱2,武器,无生,-,
"60","持国天王殿","10人普通",提多罗吒宝箱3,饰品,天王连珠,-,
"60","持国天王殿","10人普通",提多罗吒宝箱2,饰品,光华灯玉,-,
"60","持国天王殿","10人普通",提多罗吒,饰品,光华灯玉,-,
"60","持国天王殿","10人普通",提多罗吒宝箱3,武器,无生,-,
"60","持国天王殿","10人普通",提多罗吒,饰品,鸣鼓宝石,-,
"60","持国天王殿","10人普通",提多罗吒宝箱3,装备,太地非之皮,-,
"60","持国天王殿","10人普通",提多罗吒宝箱2,装备,逆厘长靴,-,
"60","持国天王殿","10人普通",提多罗吒,装备,碧海流风,-,
"60","持国天王殿","10人普通",提多罗吒,装备,苍茫拥,-,
"60","持国天王殿","10人普通",提多罗吒宝箱3,装备,东方持国钢带,-,
"66","持国天王殿","25人英雄",提多罗吒,武器,落月魅,-,
"66","持国天王殿","25人英雄",提多罗吒宝箱1,装备,沛杰笠,-,
"66","持国天王殿","25人英雄",提多罗吒宝箱3,装备,冷颜帽,-,
"66","持国天王殿","25人英雄",提多罗吒,武器,残烛泪,-,
"66","持国天王殿","25人英雄",提多罗吒宝箱3,装备,沛杰笠,-,
"66","持国天王殿","25人英雄",提多罗吒宝箱5,装备,冷颜帽,-,
"66","持国天王殿","25人英雄",提多罗吒宝箱1,饰品,倚望心,-,
"66","持国天王殿","25人英雄",提多罗吒宝箱2,饰品,倚望心,-,
"66","持国天王殿","25人英雄",提多罗吒,武器,子房筹,-,
"66","持国天王殿","25人英雄",提多罗吒宝箱4,装备,沛杰笠,-,
"66","持国天王殿","25人英雄",提多罗吒,装备,绛珠带,-,
"66","持国天王殿","25人英雄",提多罗吒宝箱3,饰品,倚望心,-,
"66","持国天王殿","25人英雄",提多罗吒,武器,九途,-,
"66","持国天王殿","25人英雄",提多罗吒宝箱5,装备,沛杰笠,-,
"66","持国天王殿","25人英雄",提多罗吒宝箱1,装备,绛珠带,-,
"66","持国天王殿","25人英雄",提多罗吒宝箱5,饰品,倚望心,-,
"66","持国天王殿","25人英雄",提多罗吒,饰品,蝶葬花,-,
"66","持国天王殿","25人英雄",提多罗吒,武器,秦桥月,-,
"66","持国天王殿","25人英雄",提多罗吒,装备,醉卉装,-,
"66","持国天王殿","25人英雄",提多罗吒宝箱2,装备,绛珠带,-,
"66","持国天王殿","25人英雄",提多罗吒宝箱1,饰品,蝶葬花,-,
"66","持国天王殿","25人英雄",提多罗吒,武器,金蚕蛊囊,-,
"66","持国天王殿","25人英雄",提多罗吒宝箱1,装备,醉卉装,-,
"66","持国天王殿","25人英雄",提多罗吒宝箱3,装备,绛珠带,-,
"66","持国天王殿","25人英雄",提多罗吒宝箱3,饰品,蝶葬花,-,
"66","持国天王殿","25人英雄",提多罗吒宝箱4,饰品,蝶葬花,-,
"66","持国天王殿","25人英雄",提多罗吒,武器,血魇珠囊,-,
"66","持国天王殿","25人英雄",提多罗吒宝箱2,装备,醉卉装,-,
"66","持国天王殿","25人英雄",提多罗吒宝箱4,装备,绛珠带,-,
"66","持国天王殿","25人英雄",提多罗吒宝箱5,饰品,蝶葬花,-,
"66","持国天王殿","25人英雄",提多罗吒,武器,委蛇泣,-,
"66","持国天王殿","25人英雄",提多罗吒宝箱3,装备,醉卉装,-,
"66","持国天王殿","25人英雄",提多罗吒宝箱5,装备,绛珠带,-,
"66","持国天王殿","25人英雄",提多罗吒宝箱1,饰品,初见笑,-,
"66","持国天王殿","25人英雄",提多罗吒宝箱2,饰品,初见笑,-,
"66","持国天王殿","25人英雄",提多罗吒,武器,九婴嗥,-,
"66","持国天王殿","25人英雄",提多罗吒宝箱4,装备,醉卉装,-,
"66","持国天王殿","25人英雄",提多罗吒,装备,霁月袖,-,
"66","持国天王殿","25人英雄",提多罗吒,武器,柳叶轻雨,-,
"66","持国天王殿","25人英雄",提多罗吒宝箱5,装备,醉卉装,-,
"66","持国天王殿","25人英雄",提多罗吒宝箱1,装备,霁月袖,-,
"66","持国天王殿","25人英雄",提多罗吒宝箱5,饰品,初见笑,-,
"66","持国天王殿","25人英雄",提多罗吒,饰品,解语古戒,-,
"66","持国天王殿","25人英雄",提多罗吒,武器,梅花乱心,-,
"66","持国天王殿","25人英雄",提多罗吒,装备,云寒装,-,
"66","持国天王殿","25人英雄",提多罗吒宝箱2,装备,霁月袖,-,
"66","持国天王殿","25人英雄",提多罗吒宝箱1,饰品,解语古戒,-,
"66","持国天王殿","25人英雄",提多罗吒,武器,砚泽,-,
"66","持国天王殿","25人英雄",提多罗吒宝箱1,装备,云寒装,-,
"66","持国天王殿","25人英雄",提多罗吒宝箱3,装备,霁月袖,-,
"66","持国天王殿","25人英雄",提多罗吒宝箱3,饰品,解语古戒,-,
"66","持国天王殿","25人英雄",提多罗吒宝箱4,饰品,解语古戒,-,
"66","持国天王殿","25人英雄",提多罗吒,装备,长浩腕,-,
"66","持国天王殿","25人英雄",提多罗吒宝箱2,装备,云寒装,-,
"66","持国天王殿","25人英雄",提多罗吒宝箱4,装备,霁月袖,-,
"66","持国天王殿","25人英雄",提多罗吒宝箱5,饰品,解语古戒,-,
"66","持国天王殿","25人英雄",提多罗吒宝箱1,装备,长浩腕,-,
"66","持国天王殿","25人英雄",提多罗吒宝箱3,装备,云寒装,-,
"66","持国天王殿","25人英雄",提多罗吒宝箱5,装备,霁月袖,-,
"66","持国天王殿","25人英雄",提多罗吒,武器,不兴意,-,
"66","持国天王殿","25人英雄",提多罗吒宝箱2,装备,长浩腕,-,
"66","持国天王殿","25人英雄",提多罗吒宝箱4,装备,云寒装,-,
"66","持国天王殿","25人英雄",提多罗吒,装备,随风花袖,-,
"66","持国天王殿","25人英雄",提多罗吒,武器,中流蛟,-,
"66","持国天王殿","25人英雄",提多罗吒宝箱3,装备,长浩腕,-,
"66","持国天王殿","25人英雄",提多罗吒宝箱5,装备,云寒装,-,
"66","持国天王殿","25人英雄",提多罗吒宝箱1,装备,随风花袖,-,
"66","持国天王殿","25人英雄",提多罗吒,武器,墨涧龙,-,
"66","持国天王殿","25人英雄",提多罗吒宝箱5,装备,长浩腕,-,
"66","持国天王殿","25人英雄",提多罗吒宝箱1,装备,傲风靴,-,
"66","持国天王殿","25人英雄",提多罗吒宝箱3,装备,随风花袖,-,
"66","持国天王殿","25人英雄",提多罗吒,武器,烟影痕,-,
"66","持国天王殿","25人英雄",提多罗吒,装备,玄华腕,-,
"66","持国天王殿","25人英雄",提多罗吒宝箱2,装备,傲风靴,-,
"66","持国天王殿","25人英雄",提多罗吒宝箱4,装备,随风花袖,-,
"66","持国天王殿","25人英雄",提多罗吒,武器,冰弦刃,-,
"66","持国天王殿","25人英雄",提多罗吒宝箱1,装备,玄华腕,-,
"66","持国天王殿","25人英雄",提多罗吒宝箱3,装备,傲风靴,-,
"66","持国天王殿","25人英雄",提多罗吒宝箱5,装备,随风花袖,-,
"66","持国天王殿","25人英雄",提多罗吒,武器,耆那柱,-,
"66","持国天王殿","25人英雄",提多罗吒宝箱2,装备,玄华腕,-,
"66","持国天王殿","25人英雄",提多罗吒宝箱4,装备,傲风靴,-,
"66","持国天王殿","25人英雄",提多罗吒,装备,诏国香饰,-,
"66","持国天王殿","25人英雄",提多罗吒,武器,轮回杖,-,
"66","持国天王殿","25人英雄",提多罗吒宝箱3,装备,玄华腕,-,
"66","持国天王殿","25人英雄",提多罗吒宝箱5,装备,傲风靴,-,
"66","持国天王殿","25人英雄",提多罗吒宝箱1,装备,诏国香饰,-,
"66","持国天王殿","25人英雄",提多罗吒,武器,冲斗剑,-,
"66","持国天王殿","25人英雄",提多罗吒宝箱4,装备,玄华腕,-,
"66","持国天王殿","25人英雄",提多罗吒,装备,斩月靴,-,
"66","持国天王殿","25人英雄",提多罗吒宝箱2,装备,诏国香饰,-,
"66","持国天王殿","25人英雄",提多罗吒,武器,青冥剑,-,
"66","持国天王殿","25人英雄",提多罗吒宝箱5,装备,玄华腕,-,
"66","持国天王殿","25人英雄",提多罗吒宝箱1,装备,斩月靴,-,
"66","持国天王殿","25人英雄",提多罗吒宝箱3,装备,诏国香饰,-,
"66","持国天王殿","25人英雄",提多罗吒,武器,碧血利刃,-,
"66","持国天王殿","25人英雄",提多罗吒,装备,戒殇裤,-,
"66","持国天王殿","25人英雄",提多罗吒宝箱2,装备,斩月靴,-,
"66","持国天王殿","25人英雄",提多罗吒宝箱4,装备,诏国香饰,-,
"66","持国天王殿","25人英雄",提多罗吒,武器,碧血巨剑,-,
"66","持国天王殿","25人英雄",提多罗吒宝箱1,装备,戒殇裤,-,
"66","持国天王殿","25人英雄",提多罗吒宝箱3,装备,斩月靴,-,
"66","持国天王殿","25人英雄",提多罗吒宝箱5,装备,诏国香饰,-,
"66","持国天王殿","25人英雄",提多罗吒,武器,潮之威,-,
"66","持国天王殿","25人英雄",提多罗吒宝箱2,装备,戒殇裤,-,
"66","持国天王殿","25人英雄",提多罗吒宝箱4,装备,斩月靴,-,
"66","持国天王殿","25人英雄",提多罗吒,饰品,妙滴子,-,
"66","持国天王殿","25人英雄",提多罗吒,武器,冰眸击,-,
"66","持国天王殿","25人英雄",提多罗吒宝箱3,装备,戒殇裤,-,
"66","持国天王殿","25人英雄",提多罗吒宝箱5,装备,斩月靴,-,
"66","持国天王殿","25人英雄",提多罗吒宝箱1,饰品,妙滴子,-,
"66","持国天王殿","25人英雄",提多罗吒,武器,舞阳刺,-,
"66","持国天王殿","25人英雄",提多罗吒宝箱4,装备,戒殇裤,-,
"66","持国天王殿","25人英雄",提多罗吒,装备,冷颜帽,-,
"66","持国天王殿","25人英雄",提多罗吒宝箱2,饰品,妙滴子,-,
"66","持国天王殿","25人英雄",提多罗吒,武器,疏狂图,-,
"66","持国天王殿","25人英雄",提多罗吒宝箱5,装备,戒殇裤,-,
"66","持国天王殿","25人英雄",提多罗吒宝箱1,装备,冷颜帽,-,
"66","持国天王殿","25人英雄",提多罗吒宝箱3,饰品,妙滴子,-,
"66","持国天王殿","25人英雄",提多罗吒宝箱2,饰品,解语古戒,-,
"66","持国天王殿","25人英雄",提多罗吒宝箱4,饰品,初见笑,-,
"66","持国天王殿","25人英雄",提多罗吒宝箱3,饰品,初见笑,-,
"66","持国天王殿","25人英雄",提多罗吒,饰品,初见笑,-,
"66","持国天王殿","25人英雄",提多罗吒宝箱2,饰品,蝶葬花,-,
"66","持国天王殿","25人英雄",提多罗吒宝箱4,饰品,倚望心,-,
"66","持国天王殿","25人英雄",提多罗吒,武器,僧恸,-,
"66","持国天王殿","25人英雄",提多罗吒,装备,沛杰笠,-,
"66","持国天王殿","25人英雄",提多罗吒宝箱2,装备,冷颜帽,-,
"66","持国天王殿","25人英雄",提多罗吒宝箱4,饰品,妙滴子,-,
"66","持国天王殿","25人英雄",提多罗吒,饰品,倚望心,-,
"66","持国天王殿","25人英雄",提多罗吒宝箱5,饰品,妙滴子,-,
"66","持国天王殿","25人英雄",提多罗吒宝箱2,装备,随风花袖,-,
"66","持国天王殿","25人英雄",提多罗吒宝箱4,装备,冷颜帽,-,
"66","持国天王殿","25人英雄",提多罗吒,装备,傲风靴,-,
"66","持国天王殿","25人英雄",提多罗吒宝箱2,装备,沛杰笠,-,
"66","持国天王殿","25人英雄",提多罗吒宝箱4,装备,长浩腕,-,
"66","持国天王殿","25人英雄",提多罗吒,武器,难陀喜,-,
"66","持国天王殿","25人英雄",提多罗吒,武器,东都狼,-,
"65","持国天王殿","25人挑战",提多罗吒,饰品,唐大锤,-,
"65","持国天王殿","25人挑战",提多罗吒宝箱5,饰品,唐大锤,-,
"61","宫中神武遗迹","10人普通",谢云流,武器,翼轸,-,
"61","宫中神武遗迹","10人普通",谢云流,武器,鬼柳,-,
"61","宫中神武遗迹","10人普通",谢云流,武器,九曲黄泉,-,
"61","宫中神武遗迹","10人普通",谢云流,武器,八荒纵横,-,
"61","宫中神武遗迹","10人普通",谢云流,武器,承云九韶,-,
"61","宫中神武遗迹","10人普通",谢云流,武器,绮罗卷月,-,
"61","宫中神武遗迹","10人普通",谢云流,武器,醉吟剑,-,
"61","宫中神武遗迹","10人普通",谢云流,武器,中舆,-,
"61","宫中神武遗迹","10人普通",谢云流,武器,八荒炎蛇,-,
"61","宫中神武遗迹","10人普通",谢云流,武器,九天霜蚣,-,
"61","宫中神武遗迹","10人普通",谢云流,装备,雪龙升云衫,-,
"61","宫中神武遗迹","10人普通",谢云流宝箱1,装备,雪龙升云衫,-,
"61","宫中神武遗迹","10人普通",谢云流宝箱2,装备,雪龙升云衫,-,
"61","宫中神武遗迹","10人普通",谢云流,装备,雪龙暗影下装,-,
"61","宫中神武遗迹","10人普通",谢云流宝箱1,装备,雪龙暗影下装,-,
"61","宫中神武遗迹","10人普通",谢云流宝箱2,装备,雪龙暗影下装,-,
"61","宫中神武遗迹","10人普通",谢云流宝箱1,装备,流芳翠玉簪,-,
"61","宫中神武遗迹","10人普通",谢云流宝箱2,装备,流芳翠玉簪,-,
"61","宫中神武遗迹","10人普通",谢云流,装备,圣皇武神箍,-,
"61","宫中神武遗迹","10人普通",谢云流宝箱1,装备,圣皇武神箍,-,
"61","宫中神武遗迹","10人普通",谢云流宝箱2,装备,圣皇武神箍,-,
"61","宫中神武遗迹","10人普通",谢云流,装备,迅狼王腰带,-,
"61","宫中神武遗迹","10人普通",谢云流宝箱1,装备,迅狼王腰带,-,
"61","宫中神武遗迹","10人普通",谢云流宝箱2,装备,迅狼王腰带,-,
"61","宫中神武遗迹","10人普通",谢云流,装备,出云舞者束带,-,
"61","宫中神武遗迹","10人普通",谢云流宝箱1,装备,出云舞者束带,-,
"61","宫中神武遗迹","10人普通",谢云流宝箱2,装备,出云舞者束带,-,
"61","宫中神武遗迹","10人普通",谢云流,装备,水翔静波,-,
"61","宫中神武遗迹","10人普通",谢云流宝箱1,装备,水翔静波,-,
"61","宫中神武遗迹","10人普通",谢云流宝箱2,装备,水翔静波,-,
"61","宫中神武遗迹","10人普通",谢云流宝箱2,饰品,韶华清越,-,
"61","宫中神武遗迹","10人普通",谢云流,装备,太古武尊束带,-,
"61","宫中神武遗迹","10人普通",谢云流宝箱2,装备,太古武尊束带,-,
"61","宫中神武遗迹","10人普通",谢云流,装备,御神师长靴,-,
"61","宫中神武遗迹","10人普通",谢云流宝箱1,装备,御神师长靴,-,
"61","宫中神武遗迹","10人普通",谢云流,装备,孤高武者靴,-,
"61","宫中神武遗迹","10人普通",谢云流宝箱1,装备,孤高武者靴,-,
"61","宫中神武遗迹","10人普通",谢云流宝箱2,装备,孤高武者靴,-,
"61","宫中神武遗迹","10人普通",谢云流宝箱1,装备,御魂铁手,-,
"61","宫中神武遗迹","10人普通",谢云流宝箱2,装备,御魂铁手,-,
"61","宫中神武遗迹","10人普通",谢云流,装备,封神钢手,-,
"61","宫中神武遗迹","10人普通",谢云流宝箱2,装备,封神钢手,-,
"61","宫中神武遗迹","10人普通",谢云流,装备,夜狼金环,-,
"61","宫中神武遗迹","10人普通",谢云流,装备,苍雾朱蝎冠,-,
"61","宫中神武遗迹","10人普通",谢云流宝箱1,装备,苍雾朱蝎冠,-,
"61","宫中神武遗迹","10人普通",谢云流宝箱2,装备,苍雾朱蝎冠,-,
"61","宫中神武遗迹","10人普通",谢云流宝箱1,装备,苍茫拥,-,
"61","宫中神武遗迹","10人普通",谢云流宝箱2,装备,苍茫拥,-,
"61","宫中神武遗迹","10人普通",谢云流,装备,逆厘长靴,-,
"61","宫中神武遗迹","10人普通",谢云流宝箱2,装备,逆厘长靴,-,
"61","宫中神武遗迹","10人普通",谢云流,装备,太地非之皮,-,
"61","宫中神武遗迹","10人普通",谢云流宝箱1,装备,太地非之皮,-,
"61","宫中神武遗迹","10人普通",谢云流,饰品,黑玉石腰坠,-,
"61","宫中神武遗迹","10人普通",谢云流宝箱1,饰品,黑玉石腰坠,-,
"61","宫中神武遗迹","10人普通",谢云流宝箱1,饰品,御皇护身符,-,
"61","宫中神武遗迹","10人普通",谢云流宝箱2,饰品,御皇护身符,-,
"61","宫中神武遗迹","10人普通",谢云流,饰品,卑弥呼之环,-,
"61","宫中神武遗迹","10人普通",谢云流宝箱2,饰品,卑弥呼之环,-,
"61","宫中神武遗迹","10人普通",谢云流,饰品,韶华清越,-,
"61","宫中神武遗迹","10人普通",谢云流宝箱1,饰品,韶华清越,-,
"61","宫中神武遗迹","10人普通",谢云流宝箱1,饰品,卑弥呼之环,-,
"61","宫中神武遗迹","10人普通",谢云流,饰品,御皇护身符,-,
"61","宫中神武遗迹","10人普通",谢云流宝箱2,饰品,黑玉石腰坠,-,
"61","宫中神武遗迹","10人普通",谢云流,武器,雪墨,-,
"61","宫中神武遗迹","10人普通",谢云流宝箱2,装备,太地非之皮,-,
"61","宫中神武遗迹","10人普通",谢云流宝箱1,装备,逆厘长靴,-,
"61","宫中神武遗迹","10人普通",谢云流,武器,点砚,-,
"61","宫中神武遗迹","10人普通",谢云流,装备,苍茫拥,-,
"61","宫中神武遗迹","10人普通",谢云流宝箱2,装备,夜狼金环,-,
"61","宫中神武遗迹","10人普通",谢云流宝箱1,装备,夜狼金环,-,
"61","宫中神武遗迹","10人普通",谢云流,武器,如是我闻,-,
"61","宫中神武遗迹","10人普通",谢云流宝箱1,装备,封神钢手,-,
"61","宫中神武遗迹","10人普通",谢云流,装备,御魂铁手,-,
"61","宫中神武遗迹","10人普通",谢云流宝箱2,装备,御神师长靴,-,
"61","宫中神武遗迹","10人普通",谢云流,武器,须弥棍,-,
"61","宫中神武遗迹","10人普通",谢云流宝箱1,装备,太古武尊束带,-,
"61","宫中神武遗迹","10人普通",谢云流,装备,流芳翠玉簪,-,
"63","宫中神武遗迹","25人英雄",谢云流,武器,不兴意,-,
"63","宫中神武遗迹","25人英雄",谢云流宝箱2,装备,庆参腕,-,
"63","宫中神武遗迹","25人英雄",谢云流宝箱4,装备,剑涵裤,-,
"63","宫中神武遗迹","25人英雄",谢云流,武器,东都狼,-,
"63","宫中神武遗迹","25人英雄",谢云流宝箱4,装备,庆参腕,-,
"63","宫中神武遗迹","25人英雄",谢云流,装备,水珑裤,-,
"63","宫中神武遗迹","25人英雄",谢云流宝箱2,装备,慧心带,-,
"63","宫中神武遗迹","25人英雄",谢云流宝箱3,装备,慧心带,-,
"63","宫中神武遗迹","25人英雄",谢云流,武器,墨涧龙,-,
"63","宫中神武遗迹","25人英雄",谢云流宝箱5,装备,庆参腕,-,
"63","宫中神武遗迹","25人英雄",谢云流宝箱1,装备,水珑裤,-,
"63","宫中神武遗迹","25人英雄",谢云流宝箱4,装备,慧心带,-,
"63","宫中神武遗迹","25人英雄",谢云流,武器,烟影痕,-,
"63","宫中神武遗迹","25人英雄",谢云流,装备,渡劫腕,-,
"63","宫中神武遗迹","25人英雄",谢云流宝箱2,装备,水珑裤,-,
"63","宫中神武遗迹","25人英雄",谢云流,装备,随风花袖,-,
"63","宫中神武遗迹","25人英雄",谢云流宝箱1,装备,随风花袖,-,
"63","宫中神武遗迹","25人英雄",谢云流,武器,冰弦刃,-,
"63","宫中神武遗迹","25人英雄",谢云流宝箱1,装备,渡劫腕,-,
"63","宫中神武遗迹","25人英雄",谢云流宝箱3,装备,水珑裤,-,
"63","宫中神武遗迹","25人英雄",谢云流宝箱2,装备,随风花袖,-,
"63","宫中神武遗迹","25人英雄",谢云流,武器,耆那柱,-,
"63","宫中神武遗迹","25人英雄",谢云流宝箱2,装备,渡劫腕,-,
"63","宫中神武遗迹","25人英雄",谢云流宝箱4,装备,水珑裤,-,
"63","宫中神武遗迹","25人英雄",谢云流宝箱4,装备,随风花袖,-,
"63","宫中神武遗迹","25人英雄",谢云流宝箱5,装备,随风花袖,-,
"63","宫中神武遗迹","25人英雄",谢云流,武器,轮回杖,-,
"63","宫中神武遗迹","25人英雄",谢云流宝箱3,装备,渡劫腕,-,
"63","宫中神武遗迹","25人英雄",谢云流宝箱5,装备,水珑裤,-,
"63","宫中神武遗迹","25人英雄",谢云流,装备,诏国香饰,-,
"63","宫中神武遗迹","25人英雄",谢云流,武器,冲斗剑,-,
"63","宫中神武遗迹","25人英雄",谢云流宝箱4,装备,渡劫腕,-,
"63","宫中神武遗迹","25人英雄",谢云流,装备,惜君履,-,
"63","宫中神武遗迹","25人英雄",谢云流宝箱2,装备,诏国香饰,-,
"63","宫中神武遗迹","25人英雄",谢云流宝箱3,装备,诏国香饰,-,
"63","宫中神武遗迹","25人英雄",谢云流,武器,青冥剑,-,
"63","宫中神武遗迹","25人英雄",谢云流宝箱5,装备,渡劫腕,-,
"63","宫中神武遗迹","25人英雄",谢云流宝箱1,装备,惜君履,-,
"63","宫中神武遗迹","25人英雄",谢云流,武器,碧血利刃,-,
"63","宫中神武遗迹","25人英雄",谢云流,装备,紫宁履,-,
"63","宫中神武遗迹","25人英雄",谢云流宝箱2,装备,惜君履,-,
"63","宫中神武遗迹","25人英雄",谢云流,饰品,夜梦尘,-,
"63","宫中神武遗迹","25人英雄",谢云流宝箱1,饰品,夜梦尘,-,
"63","宫中神武遗迹","25人英雄",谢云流,武器,碧血巨剑,-,
"63","宫中神武遗迹","25人英雄",谢云流宝箱1,装备,紫宁履,-,
"63","宫中神武遗迹","25人英雄",谢云流宝箱3,装备,惜君履,-,
"63","宫中神武遗迹","25人英雄",谢云流宝箱2,饰品,夜梦尘,-,
"63","宫中神武遗迹","25人英雄",谢云流,武器,潮之威,-,
"63","宫中神武遗迹","25人英雄",谢云流宝箱2,装备,紫宁履,-,
"63","宫中神武遗迹","25人英雄",谢云流宝箱4,装备,惜君履,-,
"63","宫中神武遗迹","25人英雄",谢云流宝箱4,饰品,夜梦尘,-,
"63","宫中神武遗迹","25人英雄",谢云流宝箱5,饰品,夜梦尘,-,
"63","宫中神武遗迹","25人英雄",谢云流,武器,冰眸击,-,
"63","宫中神武遗迹","25人英雄",谢云流宝箱3,装备,紫宁履,-,
"63","宫中神武遗迹","25人英雄",谢云流宝箱5,装备,惜君履,-,
"63","宫中神武遗迹","25人英雄",谢云流,饰品,花雨泪,-,
"63","宫中神武遗迹","25人英雄",谢云流,武器,舞阳刺,-,
"63","宫中神武遗迹","25人英雄",谢云流宝箱4,装备,紫宁履,-,
"63","宫中神武遗迹","25人英雄",谢云流,装备,兮沫鞋,-,
"63","宫中神武遗迹","25人英雄",谢云流宝箱2,饰品,花雨泪,-,
"63","宫中神武遗迹","25人英雄",谢云流宝箱3,饰品,花雨泪,-,
"63","宫中神武遗迹","25人英雄",谢云流,武器,疏狂图,-,
"63","宫中神武遗迹","25人英雄",谢云流宝箱5,装备,紫宁履,-,
"63","宫中神武遗迹","25人英雄",谢云流宝箱1,装备,兮沫鞋,-,
"63","宫中神武遗迹","25人英雄",谢云流宝箱4,饰品,花雨泪,-,
"63","宫中神武遗迹","25人英雄",谢云流,武器,僧恸,-,
"63","宫中神武遗迹","25人英雄",谢云流,装备,凋花冠,-,
"63","宫中神武遗迹","25人英雄",谢云流宝箱2,装备,兮沫鞋,-,
"63","宫中神武遗迹","25人英雄",谢云流,饰品,闪星石,-,
"63","宫中神武遗迹","25人英雄",谢云流宝箱1,饰品,闪星石,-,
"63","宫中神武遗迹","25人英雄",谢云流,武器,难陀喜,-,
"63","宫中神武遗迹","25人英雄",谢云流宝箱2,装备,凋花冠,-,
"63","宫中神武遗迹","25人英雄",谢云流宝箱4,装备,兮沫鞋,-,
"63","宫中神武遗迹","25人英雄",谢云流宝箱4,饰品,闪星石,-,
"63","宫中神武遗迹","25人英雄",谢云流宝箱5,饰品,闪星石,-,
"63","宫中神武遗迹","25人英雄",谢云流,武器,残烛泪,-,
"63","宫中神武遗迹","25人英雄",谢云流宝箱3,装备,凋花冠,-,
"63","宫中神武遗迹","25人英雄",谢云流宝箱5,装备,兮沫鞋,-,
"63","宫中神武遗迹","25人英雄",谢云流,饰品,解语古戒,-,
"63","宫中神武遗迹","25人英雄",谢云流,武器,子房筹,-,
"63","宫中神武遗迹","25人英雄",谢云流宝箱4,装备,凋花冠,-,
"63","宫中神武遗迹","25人英雄",谢云流,装备,濠水带,-,
"63","宫中神武遗迹","25人英雄",谢云流宝箱2,饰品,解语古戒,-,
"63","宫中神武遗迹","25人英雄",谢云流宝箱3,饰品,解语古戒,-,
"63","宫中神武遗迹","25人英雄",谢云流,武器,九途,-,
"63","宫中神武遗迹","25人英雄",谢云流宝箱5,装备,凋花冠,-,
"63","宫中神武遗迹","25人英雄",谢云流宝箱1,装备,濠水带,-,
"63","宫中神武遗迹","25人英雄",谢云流宝箱4,饰品,解语古戒,-,
"63","宫中神武遗迹","25人英雄",谢云流,武器,秦桥月,-,
"63","宫中神武遗迹","25人英雄",谢云流,装备,虎啸冠,-,
"63","宫中神武遗迹","25人英雄",谢云流宝箱2,装备,濠水带,-,
"63","宫中神武遗迹","25人英雄",谢云流,武器,金蚕蛊囊,-,
"63","宫中神武遗迹","25人英雄",谢云流宝箱1,装备,虎啸冠,-,
"63","宫中神武遗迹","25人英雄",谢云流宝箱3,装备,濠水带,-,
"63","宫中神武遗迹","25人英雄",谢云流,武器,血魇珠囊,-,
"63","宫中神武遗迹","25人英雄",谢云流宝箱2,装备,虎啸冠,-,
"63","宫中神武遗迹","25人英雄",谢云流宝箱4,装备,濠水带,-,
"63","宫中神武遗迹","25人英雄",谢云流,武器,委蛇泣,-,
"63","宫中神武遗迹","25人英雄",谢云流宝箱3,装备,虎啸冠,-,
"63","宫中神武遗迹","25人英雄",谢云流宝箱5,装备,濠水带,-,
"63","宫中神武遗迹","25人英雄",谢云流,武器,九婴嗥,-,
"63","宫中神武遗迹","25人英雄",谢云流宝箱4,装备,虎啸冠,-,
"63","宫中神武遗迹","25人英雄",谢云流,装备,封侯束,-,
"63","宫中神武遗迹","25人英雄",谢云流,武器,柳叶轻雨,-,
"63","宫中神武遗迹","25人英雄",谢云流宝箱5,装备,虎啸冠,-,
"63","宫中神武遗迹","25人英雄",谢云流宝箱1,装备,封侯束,-,
"63","宫中神武遗迹","25人英雄",谢云流,武器,梅花乱心,-,
"63","宫中神武遗迹","25人英雄",谢云流,装备,剑涵裤,-,
"63","宫中神武遗迹","25人英雄",谢云流宝箱2,装备,封侯束,-,
"63","宫中神武遗迹","25人英雄",谢云流,武器,砚泽,-,
"63","宫中神武遗迹","25人英雄",谢云流宝箱1,装备,剑涵裤,-,
"63","宫中神武遗迹","25人英雄",谢云流宝箱3,装备,封侯束,-,
"63","宫中神武遗迹","25人英雄",谢云流,装备,庆参腕,-,
"63","宫中神武遗迹","25人英雄",谢云流宝箱2,装备,剑涵裤,-,
"63","宫中神武遗迹","25人英雄",谢云流宝箱4,装备,封侯束,-,
"63","宫中神武遗迹","25人英雄",谢云流宝箱5,饰品,解语古戒,-,
"63","宫中神武遗迹","25人英雄",谢云流宝箱1,饰品,解语古戒,-,
"63","宫中神武遗迹","25人英雄",谢云流宝箱3,饰品,闪星石,-,
"63","宫中神武遗迹","25人英雄",谢云流宝箱2,饰品,闪星石,-,
"63","宫中神武遗迹","25人英雄",谢云流宝箱5,饰品,花雨泪,-,
"63","宫中神武遗迹","25人英雄",谢云流宝箱1,饰品,花雨泪,-,
"63","宫中神武遗迹","25人英雄",谢云流宝箱3,饰品,夜梦尘,-,
"63","宫中神武遗迹","25人英雄",谢云流宝箱5,装备,诏国香饰,-,
"63","宫中神武遗迹","25人英雄",谢云流宝箱4,装备,诏国香饰,-,
"63","宫中神武遗迹","25人英雄",谢云流宝箱1,装备,诏国香饰,-,
"63","宫中神武遗迹","25人英雄",谢云流宝箱3,装备,随风花袖,-,
"63","宫中神武遗迹","25人英雄",谢云流宝箱5,装备,慧心带,-,
"63","宫中神武遗迹","25人英雄",谢云流宝箱1,装备,庆参腕,-,
"63","宫中神武遗迹","25人英雄",谢云流宝箱3,装备,剑涵裤,-,
"63","宫中神武遗迹","25人英雄",谢云流宝箱5,装备,封侯束,-,
"63","宫中神武遗迹","25人英雄",谢云流宝箱1,装备,慧心带,-,
"63","宫中神武遗迹","25人英雄",谢云流,装备,慧心带,-,
"63","宫中神武遗迹","25人英雄",谢云流宝箱3,装备,兮沫鞋,-,
"63","宫中神武遗迹","25人英雄",谢云流宝箱5,装备,剑涵裤,-,
"63","宫中神武遗迹","25人英雄",谢云流宝箱1,装备,凋花冠,-,
"63","宫中神武遗迹","25人英雄",谢云流宝箱3,装备,庆参腕,-,
"63","宫中神武遗迹","25人英雄",谢云流,武器,落月魅,-,
"63","宫中神武遗迹","25人英雄",谢云流,武器,中流蛟,-,
"32","战宝迦兰","10人普通",王海银,装备,宝霞钗,-,
"32","战宝迦兰","10人普通",王海银宝箱2,装备,宝霞钗,-,
"32","战宝迦兰","10人普通",王海银,装备,乌禅,-,
"32","战宝迦兰","10人普通",王海银宝箱2,装备,乌禅,-,
"32","战宝迦兰","10人普通",王海银,装备,九钉锦,-,
"32","战宝迦兰","10人普通",王海银宝箱2,装备,九钉锦,-,
"32","战宝迦兰","10人普通",王海银宝箱2,装备,黄缎护手,-,
"32","战宝迦兰","10人普通",王海银宝箱1,饰品,萃宇链,-,
"32","战宝迦兰","10人普通",王海银宝箱2,饰品,萃宇链,-,
"32","战宝迦兰","10人普通",王海银宝箱1,饰品,玉镜台,-,
"32","战宝迦兰","10人普通",王海银宝箱1,武器,三首蛟,-,
"32","战宝迦兰","10人普通",王海银,饰品,玉镜台,-,
"32","战宝迦兰","10人普通",王海银宝箱2,武器,三首蛟,-,
"32","战宝迦兰","10人普通",王海银宝箱2,饰品,箫韶,-,
"32","战宝迦兰","10人普通",王海银,武器,雪含香,-,
"32","战宝迦兰","10人普通",王海银宝箱1,武器,雪含香,-,
"32","战宝迦兰","10人普通",王海银宝箱2,武器,雪含香,-,
"32","战宝迦兰","10人普通",王海银,饰品,箫韶,-,
"32","战宝迦兰","10人普通",王海银,武器,紫兽景天,-,
"32","战宝迦兰","10人普通",王海银宝箱1,武器,紫兽景天,-,
"32","战宝迦兰","10人普通",王海银宝箱2,武器,紫兽景天,-,
"32","战宝迦兰","10人普通",王海银宝箱1,饰品,箫韶,-,
"32","战宝迦兰","10人普通",王海银宝箱2,饰品,玉镜台,-,
"32","战宝迦兰","10人普通",王海银,饰品,萃宇链,-,
"32","战宝迦兰","10人普通",王海银宝箱1,装备,黄缎护手,-,
"32","战宝迦兰","10人普通",王海银,装备,黄缎护手,-,
"32","战宝迦兰","10人普通",王海银宝箱1,装备,九钉锦,-,
"32","战宝迦兰","10人普通",王海银宝箱1,装备,乌禅,-,
"32","战宝迦兰","10人普通",王海银宝箱1,装备,宝霞钗,-,
"32","战宝迦兰","10人普通",王海银宝箱2,武器,猎蛟,-,
"32","战宝迦兰","10人普通",王海银,武器,三首蛟,-,
"32","战宝迦兰","10人普通",王海银,武器,猎蛟,-,
"32","战宝迦兰","10人普通",王海银宝箱1,武器,猎蛟,-,
"32","战宝迦兰","10人普通",朱癸宝箱1,武器,散雪,-,
"32","战宝迦兰","10人普通",朱癸宝箱2,武器,散雪,-,
"32","战宝迦兰","10人普通",朱癸宝箱1,装备,龙鳞装,-,
"32","战宝迦兰","10人普通",朱癸宝箱2,装备,龙鳞装,-,
"32","战宝迦兰","10人普通",朱癸宝箱1,装备,蔽云,-,
"32","战宝迦兰","10人普通",朱癸宝箱2,装备,蔽云,-,
"32","战宝迦兰","10人普通",朱癸宝箱1,装备,锦华冠,-,
"32","战宝迦兰","10人普通",朱癸宝箱2,装备,锦华冠,-,
"32","战宝迦兰","10人普通",朱癸宝箱1,装备,携风冠,-,
"32","战宝迦兰","10人普通",朱癸宝箱2,装备,携风冠,-,
"32","战宝迦兰","10人普通",朱癸宝箱1,装备,锦毛护手,-,
"32","战宝迦兰","10人普通",朱癸宝箱2,装备,锦毛护手,-,
"32","战宝迦兰","10人普通",朱癸宝箱2,装备,凤林戏蝶,-,
"32","战宝迦兰","10人普通",朱癸,装备,青鳞采珠,-,
"32","战宝迦兰","10人普通",朱癸宝箱1,装备,青鳞采珠,-,
"32","战宝迦兰","10人普通",朱癸,饰品,杖环,-,
"32","战宝迦兰","10人普通",朱癸宝箱2,饰品,杖环,-,
"32","战宝迦兰","10人普通",朱癸宝箱2,饰品,空无舍利,-,
"32","战宝迦兰","10人普通",朱癸,武器,凝尊,-,
"32","战宝迦兰","10人普通",朱癸宝箱1,武器,凝尊,-,
"32","战宝迦兰","10人普通",朱癸宝箱2,武器,凝尊,-,
"32","战宝迦兰","10人普通",朱癸,武器,百炼丁,-,
"32","战宝迦兰","10人普通",朱癸宝箱1,武器,百炼丁,-,
"32","战宝迦兰","10人普通",朱癸宝箱2,武器,百炼丁,-,
"32","战宝迦兰","10人普通",朱癸,饰品,空无舍利,-,
"32","战宝迦兰","10人普通",朱癸宝箱1,饰品,空无舍利,-,
"32","战宝迦兰","10人普通",朱癸,饰品,甘露凝珠,-,
"32","战宝迦兰","10人普通",朱癸宝箱1,饰品,甘露凝珠,-,
"32","战宝迦兰","10人普通",朱癸宝箱2,饰品,甘露凝珠,-,
"32","战宝迦兰","10人普通",朱癸宝箱1,饰品,杖环,-,
"32","战宝迦兰","10人普通",朱癸宝箱2,装备,青鳞采珠,-,
"32","战宝迦兰","10人普通",朱癸宝箱1,装备,凤林戏蝶,-,
"32","战宝迦兰","10人普通",朱癸,装备,凤林戏蝶,-,
"32","战宝迦兰","10人普通",朱癸,装备,锦毛护手,-,
"32","战宝迦兰","10人普通",朱癸,装备,携风冠,-,
"32","战宝迦兰","10人普通",朱癸,装备,锦华冠,-,
"32","战宝迦兰","10人普通",朱癸,装备,蔽云,-,
"32","战宝迦兰","10人普通",朱癸,装备,龙鳞装,-,
"32","战宝迦兰","10人普通",朱癸,武器,夜郎玉笛,-,
"32","战宝迦兰","10人普通",朱癸,武器,散雪,-,
"32","战宝迦兰","10人普通",朱癸宝箱1,武器,夜郎玉笛,-,
"32","战宝迦兰","10人普通",朱癸宝箱2,武器,夜郎玉笛,-,
"32","战宝迦兰","10人普通",平等,装备,蟠龙怒,-,
"32","战宝迦兰","10人普通",平等宝箱2,装备,蟠龙怒,-,
"32","战宝迦兰","10人普通",平等,装备,金石护手,-,
"32","战宝迦兰","10人普通",平等宝箱2,装备,金石护手,-,
"32","战宝迦兰","10人普通",平等宝箱2,装备,胄金裤,-,
"32","战宝迦兰","10人普通",平等,装备,紫玉烟华,-,
"32","战宝迦兰","10人普通",平等宝箱2,装备,紫玉烟华,-,
"32","战宝迦兰","10人普通",平等,装备,无垢素带,-,
"32","战宝迦兰","10人普通",平等宝箱2,装备,无垢素带,-,
"32","战宝迦兰","10人普通",平等,装备,雕琉翠冠,-,
"32","战宝迦兰","10人普通",平等宝箱1,装备,雕琉翠冠,-,
"32","战宝迦兰","10人普通",平等宝箱2,装备,雕琉翠冠,-,
"32","战宝迦兰","10人普通",平等宝箱1,装备,百沼千灵,-,
"32","战宝迦兰","10人普通",平等宝箱2,装备,百沼千灵,-,
"32","战宝迦兰","10人普通",平等,饰品,参虚,-,
"32","战宝迦兰","10人普通",平等宝箱1,饰品,参虚,-,
"32","战宝迦兰","10人普通",平等,饰品,虎牙戒,-,
"32","战宝迦兰","10人普通",平等宝箱1,饰品,虎牙戒,-,
"32","战宝迦兰","10人普通",平等宝箱1,饰品,意远,-,
"32","战宝迦兰","10人普通",平等宝箱2,饰品,意远,-,
"32","战宝迦兰","10人普通",平等,武器,通天钻,-,
"32","战宝迦兰","10人普通",平等宝箱2,武器,通天钻,-,
"32","战宝迦兰","10人普通",平等,饰品,意远,-,
"32","战宝迦兰","10人普通",平等宝箱2,饰品,虎牙戒,-,
"32","战宝迦兰","10人普通",平等宝箱2,饰品,参虚,-,
"32","战宝迦兰","10人普通",平等,装备,百沼千灵,-,
"32","战宝迦兰","10人普通",平等宝箱1,装备,无垢素带,-,
"32","战宝迦兰","10人普通",平等,武器,轻吕,-,
"32","战宝迦兰","10人普通",平等宝箱1,武器,轻吕,-,
"32","战宝迦兰","10人普通",平等宝箱2,武器,轻吕,-,
"32","战宝迦兰","10人普通",平等宝箱1,装备,紫玉烟华,-,
"32","战宝迦兰","10人普通",平等宝箱1,装备,胄金裤,-,
"32","战宝迦兰","10人普通",平等,装备,胄金裤,-,
"32","战宝迦兰","10人普通",平等宝箱1,装备,金石护手,-,
"32","战宝迦兰","10人普通",平等宝箱1,装备,蟠龙怒,-,
"32","战宝迦兰","10人普通",平等,武器,吟风弄月,-,
"32","战宝迦兰","10人普通",平等宝箱1,武器,吟风弄月,-,
"32","战宝迦兰","10人普通",平等宝箱1,武器,通天钻,-,
"32","战宝迦兰","10人普通",平等宝箱2,武器,吟风弄月,-,
"32","战宝迦兰","10人普通",掌火宝箱1,装备,避水行云,-,
"32","战宝迦兰","10人普通",掌火宝箱2,装备,避水行云,-,
"32","战宝迦兰","10人普通",掌火宝箱1,装备,醉宇轻烟,-,
"32","战宝迦兰","10人普通",掌火宝箱1,装备,金鳞靴,-,
"32","战宝迦兰","10人普通",掌火宝箱2,装备,金鳞靴,-,
"32","战宝迦兰","10人普通",掌火宝箱1,装备,礼华缠,-,
"32","战宝迦兰","10人普通",掌火宝箱2,装备,礼华缠,-,
"32","战宝迦兰","10人普通",掌火宝箱1,装备,素裹流金,-,
"32","战宝迦兰","10人普通",掌火宝箱2,装备,素裹流金,-,
"32","战宝迦兰","10人普通",掌火,装备,智藏冠,-,
"32","战宝迦兰","10人普通",掌火,装备,碧玉流彩,-,
"32","战宝迦兰","10人普通",掌火,饰品,无欲刚,-,
"32","战宝迦兰","10人普通",掌火宝箱2,饰品,无欲刚,-,
"32","战宝迦兰","10人普通",掌火宝箱1,饰品,无欲刚,-,
"32","战宝迦兰","10人普通",掌火,饰品,夜听禅,-,
"32","战宝迦兰","10人普通",掌火,武器,度四方,-,
"32","战宝迦兰","10人普通",掌火宝箱1,武器,度四方,-,
"32","战宝迦兰","10人普通",掌火宝箱2,武器,度四方,-,
"32","战宝迦兰","10人普通",掌火,武器,点红烛,-,
"32","战宝迦兰","10人普通",掌火宝箱1,饰品,夜听禅,-,
"32","战宝迦兰","10人普通",掌火宝箱2,饰品,夜听禅,-,
"32","战宝迦兰","10人普通",掌火宝箱1,武器,点红烛,-,
"32","战宝迦兰","10人普通",掌火宝箱2,武器,点红烛,-,
"32","战宝迦兰","10人普通",掌火,饰品,天外仙音,-,
"32","战宝迦兰","10人普通",掌火宝箱1,饰品,天外仙音,-,
"32","战宝迦兰","10人普通",掌火宝箱2,饰品,天外仙音,-,
"32","战宝迦兰","10人普通",掌火宝箱2,装备,碧玉流彩,-,
"32","战宝迦兰","10人普通",掌火宝箱1,装备,碧玉流彩,-,
"32","战宝迦兰","10人普通",掌火宝箱2,装备,智藏冠,-,
"32","战宝迦兰","10人普通",掌火宝箱1,装备,智藏冠,-,
"32","战宝迦兰","10人普通",掌火,装备,素裹流金,-,
"32","战宝迦兰","10人普通",掌火,装备,礼华缠,-,
"32","战宝迦兰","10人普通",掌火,装备,金鳞靴,-,
"32","战宝迦兰","10人普通",掌火宝箱2,装备,醉宇轻烟,-,
"32","战宝迦兰","10人普通",掌火,装备,醉宇轻烟,-,
"32","战宝迦兰","10人普通",掌火,装备,避水行云,-,
"32","战宝迦兰","10人普通",掌火,武器,飞蜈,-,
"32","战宝迦兰","10人普通",掌火宝箱1,武器,飞蜈,-,
"32","战宝迦兰","10人普通",掌火宝箱2,武器,飞蜈,-,
"32","战宝迦兰","10人普通",镇恶宝箱1,装备,软玉镶风,-,
"32","战宝迦兰","10人普通",镇恶宝箱2,装备,软玉镶风,-,
"32","战宝迦兰","10人普通",镇恶宝箱1,装备,素玉坎肩,-,
"32","战宝迦兰","10人普通",镇恶宝箱2,装备,素玉坎肩,-,
"32","战宝迦兰","10人普通",镇恶宝箱1,装备,束点睛,-,
"32","战宝迦兰","10人普通",镇恶宝箱2,装备,束点睛,-,
"32","战宝迦兰","10人普通",镇恶,装备,五蕴褴褛,-,
"32","战宝迦兰","10人普通",镇恶宝箱1,装备,五蕴褴褛,-,
"32","战宝迦兰","10人普通",镇恶宝箱2,装备,五蕴褴褛,-,
"32","战宝迦兰","10人普通",镇恶宝箱1,装备,风聆履,-,
"32","战宝迦兰","10人普通",镇恶宝箱2,装备,风聆履,-,
"32","战宝迦兰","10人普通",镇恶,装备,浮海游鳞,-,
"32","战宝迦兰","10人普通",镇恶宝箱1,装备,浮海游鳞,-,
"32","战宝迦兰","10人普通",镇恶宝箱2,装备,浮海游鳞,-,
"32","战宝迦兰","10人普通",镇恶,饰品,维众,-,
"32","战宝迦兰","10人普通",镇恶宝箱1,饰品,维众,-,
"32","战宝迦兰","10人普通",镇恶,饰品,莲丛,-,
"32","战宝迦兰","10人普通",镇恶宝箱1,饰品,莲丛,-,
"32","战宝迦兰","10人普通",镇恶宝箱2,饰品,莲丛,-,
"32","战宝迦兰","10人普通",镇恶宝箱1,饰品,御伤,-,
"32","战宝迦兰","10人普通",镇恶宝箱2,饰品,御伤,-,
"32","战宝迦兰","10人普通",镇恶,饰品,御伤,-,
"32","战宝迦兰","10人普通",镇恶,饰品,迦逸腰坠,-,
"32","战宝迦兰","10人普通",镇恶,武器,唯善,-,
"32","战宝迦兰","10人普通",镇恶宝箱1,武器,唯善,-,
"32","战宝迦兰","10人普通",镇恶宝箱2,武器,唯善,-,
"32","战宝迦兰","10人普通",镇恶,武器,钩镰,-,
"32","战宝迦兰","10人普通",镇恶宝箱1,饰品,迦逸腰坠,-,
"32","战宝迦兰","10人普通",镇恶宝箱2,饰品,维众,-,
"32","战宝迦兰","10人普通",镇恶宝箱2,饰品,迦逸腰坠,-,
"32","战宝迦兰","10人普通",镇恶宝箱1,武器,钩镰,-,
"32","战宝迦兰","10人普通",镇恶宝箱2,武器,钩镰,-,
"32","战宝迦兰","10人普通",镇恶宝箱2,装备,幽泣风雨,-,
"32","战宝迦兰","10人普通",镇恶宝箱1,装备,幽泣风雨,-,
"32","战宝迦兰","10人普通",镇恶,装备,幽泣风雨,-,
"32","战宝迦兰","10人普通",镇恶,装备,风聆履,-,
"32","战宝迦兰","10人普通",镇恶,装备,束点睛,-,
"32","战宝迦兰","10人普通",镇恶,装备,素玉坎肩,-,
"32","战宝迦兰","10人普通",镇恶,装备,软玉镶风,-,
"32","战宝迦兰","10人普通",餐风、饮火、吞云,装备,蟹目冠,-,
"32","战宝迦兰","10人普通",餐风、饮火、吞云,装备,青玉靴,-,
"32","战宝迦兰","10人普通",餐风、饮火、吞云,装备,坠石腰带,-,
"32","战宝迦兰","10人普通",餐风、饮火、吞云,装备,点花缀银,-,
"32","战宝迦兰","10人普通",餐风、饮火、吞云,装备,金胄甲,-,
"32","战宝迦兰","10人普通",餐风、饮火、吞云,装备,六道众生,-,
"32","战宝迦兰","10人普通",餐风、饮火、吞云,饰品,断七情,-,
"32","战宝迦兰","10人普通",餐风、饮火、吞云,饰品,混天环,-,
"32","战宝迦兰","10人普通",餐风、饮火、吞云,武器,血灌红,-,
"32","战宝迦兰","10人普通",餐风、饮火、吞云,武器,舞蹁跹,-,
"32","战宝迦兰","10人普通",餐风、饮火、吞云,装备,紫花波,-,
"32","战宝迦兰","10人普通",餐风、饮火、吞云,武器,却邪,-,
"32","战宝迦兰","10人普通",千手观音,装备,常山战衣,-,
"32","战宝迦兰","10人普通",千手观音宝箱1,装备,常山战衣,-,
"32","战宝迦兰","10人普通",千手观音,装备,鳌山冠,-,
"32","战宝迦兰","10人普通",千手观音宝箱1,装备,鳌山冠,-,
"32","战宝迦兰","10人普通",千手观音宝箱1,装备,冰鲤靴,-,
"32","战宝迦兰","10人普通",千手观音宝箱2,装备,冰鲤靴,-,
"32","战宝迦兰","10人普通",千手观音,装备,静命带,-,
"32","战宝迦兰","10人普通",千手观音宝箱2,装备,静命带,-,
"32","战宝迦兰","10人普通",千手观音,装备,东都腿甲,-,
"32","战宝迦兰","10人普通",千手观音宝箱1,装备,东都腿甲,-,
"32","战宝迦兰","10人普通",千手观音,装备,哀鸿靴,-,
"32","战宝迦兰","10人普通",千手观音宝箱1,装备,哀鸿靴,-,
"32","战宝迦兰","10人普通",千手观音宝箱2,装备,哀鸿靴,-,
"32","战宝迦兰","10人普通",千手观音宝箱1,装备,蜀歌饰,-,
"32","战宝迦兰","10人普通",千手观音宝箱2,装备,蜀歌饰,-,
"32","战宝迦兰","10人普通",千手观音宝箱2,饰品,少君坠,-,
"32","战宝迦兰","10人普通",千手观音宝箱1,饰品,少君坠,-,
"32","战宝迦兰","10人普通",千手观音宝箱1,饰品,剑山情,-,
"32","战宝迦兰","10人普通",千手观音,饰品,战龙符,-,
"32","战宝迦兰","10人普通",千手观音宝箱1,饰品,战龙符,-,
"32","战宝迦兰","10人普通",千手观音,饰品,离掌珠,-,
"32","战宝迦兰","10人普通",千手观音宝箱2,饰品,战龙符,-,
"32","战宝迦兰","10人普通",千手观音宝箱1,饰品,离掌珠,-,
"32","战宝迦兰","10人普通",千手观音宝箱1,饰品,珠尘梦,-,
"32","战宝迦兰","10人普通",千手观音,饰品,珠尘梦,-,
"32","战宝迦兰","10人普通",千手观音宝箱2,饰品,珠尘梦,-,
"32","战宝迦兰","10人普通",千手观音,饰品,破无明,-,
"32","战宝迦兰","10人普通",千手观音宝箱2,饰品,偓佺坠,-,
"32","战宝迦兰","10人普通",千手观音宝箱2,饰品,破无明,-,
"32","战宝迦兰","10人普通",千手观音宝箱1,饰品,破无明,-,
"32","战宝迦兰","10人普通",千手观音,饰品,偓佺坠,-,
"32","战宝迦兰","10人普通",千手观音宝箱1,饰品,偓佺坠,-,
"32","战宝迦兰","10人普通",千手观音,饰品,毗琉璃之令,-,
"32","战宝迦兰","10人普通",千手观音宝箱2,饰品,离掌珠,-,
"32","战宝迦兰","10人普通",千手观音宝箱1,饰品,毗琉璃之令,-,
"32","战宝迦兰","10人普通",千手观音宝箱2,饰品,毗琉璃之令,-,
"32","战宝迦兰","10人普通",千手观音,饰品,剑山情,-,
"32","战宝迦兰","10人普通",千手观音宝箱2,饰品,剑山情,-,
"32","战宝迦兰","10人普通",千手观音,饰品,少君坠,-,
"32","战宝迦兰","10人普通",千手观音,装备,蜀歌饰,-,
"32","战宝迦兰","10人普通",千手观音宝箱2,装备,东都腿甲,-,
"32","战宝迦兰","10人普通",千手观音宝箱1,装备,静命带,-,
"32","战宝迦兰","10人普通",千手观音,装备,冰鲤靴,-,
"32","战宝迦兰","10人普通",千手观音宝箱2,装备,鳌山冠,-,
"32","战宝迦兰","10人普通",千手观音宝箱2,装备,常山战衣,-,
"32","战宝迦兰","10人普通",千手观音,武器,怜穷鸟,-,
"32","战宝迦兰","10人普通",千手观音宝箱1,武器,怜穷鸟,-,
"32","战宝迦兰","10人普通",千手观音宝箱2,武器,怜穷鸟,-,
"46","战宝迦兰","25人英雄",王海银宝箱4,武器,揽皇囊,-,
"46","战宝迦兰","25人英雄",王海银宝箱1,武器,斩风,-,
"46","战宝迦兰","25人英雄",王海银宝箱5,武器,斩风,-,
"46","战宝迦兰","25人英雄",王海银宝箱1,武器,子午阴阳锐,-,
"46","战宝迦兰","25人英雄",王海银宝箱5,武器,子午阴阳锐,-,
"46","战宝迦兰","25人英雄",王海银宝箱3,武器,血浪腥风,-,
"46","战宝迦兰","25人英雄",王海银宝箱1,武器,隼击,-,
"46","战宝迦兰","25人英雄",王海银宝箱2,装备,耶迦凯卡那战批,-,
"46","战宝迦兰","25人英雄",王海银宝箱4,装备,魔焰吞佛,-,
"46","战宝迦兰","25人英雄",王海银宝箱5,装备,云阶月桂,-,
"46","战宝迦兰","25人英雄",王海银宝箱5,装备,断惑,-,
"46","战宝迦兰","25人英雄",王海银宝箱3,装备,圆通悟真,-,
"46","战宝迦兰","25人英雄",王海银宝箱1,装备,天吴握,-,
"46","战宝迦兰","25人英雄",王海银宝箱3,装备,魔刹握,-,
"46","战宝迦兰","25人英雄",王海银宝箱2,饰品,浮屠道,-,
"46","战宝迦兰","25人英雄",王海银宝箱3,饰品,离宫剑芒,-,
"46","战宝迦兰","25人英雄",王海银宝箱5,饰品,天竺印,-,
"46","战宝迦兰","25人英雄",王海银宝箱4,武器,血浪腥风,-,
"46","战宝迦兰","25人英雄",王海银宝箱2,武器,隼击,-,
"46","战宝迦兰","25人英雄",王海银宝箱3,装备,耶迦凯卡那战批,-,
"46","战宝迦兰","25人英雄",王海银宝箱5,装备,魔焰吞佛,-,
"46","战宝迦兰","25人英雄",王海银宝箱4,装备,圆通悟真,-,
"46","战宝迦兰","25人英雄",王海银,装备,烛阴爪,-,
"46","战宝迦兰","25人英雄",王海银宝箱2,装备,天吴握,-,
"46","战宝迦兰","25人英雄",王海银宝箱4,装备,魔刹握,-,
"46","战宝迦兰","25人英雄",王海银,饰品,金锦玉手,-,
"46","战宝迦兰","25人英雄",王海银宝箱3,饰品,浮屠道,-,
"46","战宝迦兰","25人英雄",王海银宝箱4,饰品,离宫剑芒,-,
"46","战宝迦兰","25人英雄",王海银,饰品,天雨淅,-,
"46","战宝迦兰","25人英雄",王海银宝箱5,武器,揽皇囊,-,
"46","战宝迦兰","25人英雄",王海银宝箱2,武器,子午阴阳锐,-,
"46","战宝迦兰","25人英雄",王海银宝箱1,装备,烛阴爪,-,
"46","战宝迦兰","25人英雄",王海银宝箱5,装备,魔刹握,-,
"46","战宝迦兰","25人英雄",王海银宝箱2,饰品,金锦玉手,-,
"46","战宝迦兰","25人英雄",王海银宝箱4,饰品,浮屠道,-,
"46","战宝迦兰","25人英雄",王海银,武器,揽皇囊,-,
"46","战宝迦兰","25人英雄",王海银宝箱3,武器,斩风,-,
"46","战宝迦兰","25人英雄",王海银宝箱3,武器,子午阴阳锐,-,
"46","战宝迦兰","25人英雄",王海银宝箱5,武器,隼击,-,
"46","战宝迦兰","25人英雄",王海银宝箱2,装备,血麟,-,
"46","战宝迦兰","25人英雄",王海银,装备,魔焰吞佛,-,
"46","战宝迦兰","25人英雄",王海银宝箱1,装备,云阶月桂,-,
"46","战宝迦兰","25人英雄",王海银,装备,断惑,-,
"46","战宝迦兰","25人英雄",王海银宝箱3,装备,烛阴爪,-,
"46","战宝迦兰","25人英雄",王海银宝箱5,装备,天吴握,-,
"46","战宝迦兰","25人英雄",王海银宝箱4,饰品,金锦玉手,-,
"46","战宝迦兰","25人英雄",王海银宝箱5,饰品,天雨淅,-,
"46","战宝迦兰","25人英雄",王海银,武器,血浪腥风,-,
"46","战宝迦兰","25人英雄",王海银宝箱3,装备,血麟,-,
"46","战宝迦兰","25人英雄",王海银宝箱1,装备,魔焰吞佛,-,
"46","战宝迦兰","25人英雄",王海银宝箱2,装备,云阶月桂,-,
"46","战宝迦兰","25人英雄",王海银宝箱2,装备,断惑,-,
"46","战宝迦兰","25人英雄",王海银宝箱4,装备,烛阴爪,-,
"46","战宝迦兰","25人英雄",王海银,装备,魔刹握,-,
"46","战宝迦兰","25人英雄",王海银宝箱5,饰品,金锦玉手,-,
"46","战宝迦兰","25人英雄",王海银,饰品,天竺印,-,
"46","战宝迦兰","25人英雄",王海银宝箱3,武器,揽皇囊,-,
"46","战宝迦兰","25人英雄",王海银,武器,斩风,-,
"46","战宝迦兰","25人英雄",王海银宝箱4,武器,斩风,-,
"46","战宝迦兰","25人英雄",王海银,武器,子午阴阳锐,-,
"46","战宝迦兰","25人英雄",王海银宝箱4,武器,子午阴阳锐,-,
"46","战宝迦兰","25人英雄",王海银宝箱1,武器,血浪腥风,-,
"46","战宝迦兰","25人英雄",王海银宝箱4,装备,血麟,-,
"46","战宝迦兰","25人英雄",王海银,装备,耶迦凯卡那战批,-,
"46","战宝迦兰","25人英雄",王海银宝箱2,装备,魔焰吞佛,-,
"46","战宝迦兰","25人英雄",王海银宝箱3,装备,云阶月桂,-,
"46","战宝迦兰","25人英雄",王海银宝箱3,装备,断惑,-,
"46","战宝迦兰","25人英雄",王海银,装备,圆通悟真,-,
"46","战宝迦兰","25人英雄",王海银宝箱5,装备,烛阴爪,-,
"46","战宝迦兰","25人英雄",王海银宝箱1,装备,魔刹握,-,
"46","战宝迦兰","25人英雄",王海银宝箱3,饰品,天竺印,-,
"46","战宝迦兰","25人英雄",王海银宝箱4,饰品,天竺印,-,
"46","战宝迦兰","25人英雄",王海银宝箱4,饰品,天雨淅,-,
"46","战宝迦兰","25人英雄",王海银宝箱3,饰品,天雨淅,-,
"46","战宝迦兰","25人英雄",王海银宝箱5,饰品,离宫剑芒,-,
"46","战宝迦兰","25人英雄",王海银,饰品,离宫剑芒,-,
"46","战宝迦兰","25人英雄",王海银宝箱5,饰品,浮屠道,-,
"46","战宝迦兰","25人英雄",王海银,饰品,浮屠道,-,
"46","战宝迦兰","25人英雄",王海银宝箱3,饰品,金锦玉手,-,
"46","战宝迦兰","25人英雄",王海银宝箱2,装备,魔刹握,-,
"46","战宝迦兰","25人英雄",王海银宝箱4,装备,天吴握,-,
"46","战宝迦兰","25人英雄",王海银宝箱3,装备,天吴握,-,
"46","战宝迦兰","25人英雄",王海银,装备,天吴握,-,
"46","战宝迦兰","25人英雄",王海银宝箱2,装备,烛阴爪,-,
"46","战宝迦兰","25人英雄",王海银宝箱5,装备,圆通悟真,-,
"46","战宝迦兰","25人英雄",王海银宝箱2,装备,圆通悟真,-,
"46","战宝迦兰","25人英雄",王海银宝箱4,装备,断惑,-,
"46","战宝迦兰","25人英雄",王海银宝箱4,装备,云阶月桂,-,
"46","战宝迦兰","25人英雄",王海银,装备,云阶月桂,-,
"46","战宝迦兰","25人英雄",王海银宝箱3,装备,魔焰吞佛,-,
"46","战宝迦兰","25人英雄",王海银宝箱5,装备,耶迦凯卡那战批,-,
"46","战宝迦兰","25人英雄",王海银宝箱4,装备,耶迦凯卡那战批,-,
"46","战宝迦兰","25人英雄",王海银宝箱1,装备,耶迦凯卡那战批,-,
"46","战宝迦兰","25人英雄",王海银宝箱5,装备,血麟,-,
"46","战宝迦兰","25人英雄",王海银,装备,血麟,-,
"46","战宝迦兰","25人英雄",王海银宝箱4,武器,隼击,-,
"46","战宝迦兰","25人英雄",王海银宝箱3,武器,隼击,-,
"46","战宝迦兰","25人英雄",王海银,武器,隼击,-,
"46","战宝迦兰","25人英雄",王海银宝箱5,武器,血浪腥风,-,
"46","战宝迦兰","25人英雄",王海银宝箱2,武器,血浪腥风,-,
"46","战宝迦兰","25人英雄",王海银宝箱2,武器,斩风,-,
"46","战宝迦兰","25人英雄",朱癸,武器,弗栗多·悍,-,
"46","战宝迦兰","25人英雄",朱癸宝箱4,武器,弗栗多·悍,-,
"46","战宝迦兰","25人英雄",朱癸,武器,夜泷漩,-,
"46","战宝迦兰","25人英雄",朱癸,武器,忍辱度,-,
"46","战宝迦兰","25人英雄",朱癸宝箱3,武器,鹏袭,-,
"46","战宝迦兰","25人英雄",朱癸,装备,阿哇陀那的莲花瓣,-,
"46","战宝迦兰","25人英雄",朱癸宝箱4,装备,毗湿奴氎帽,-,
"46","战宝迦兰","25人英雄",朱癸,装备,无上方单,-,
"46","战宝迦兰","25人英雄",朱癸宝箱1,装备,语风铃,-,
"46","战宝迦兰","25人英雄",朱癸宝箱4,装备,息妫踏,-,
"46","战宝迦兰","25人英雄",朱癸宝箱5,装备,云栖竹踏,-,
"46","战宝迦兰","25人英雄",朱癸宝箱5,装备,句芒金冠,-,
"46","战宝迦兰","25人英雄",朱癸宝箱5,饰品,姑射链,-,
"46","战宝迦兰","25人英雄",朱癸宝箱4,武器,鹏袭,-,
"46","战宝迦兰","25人英雄",朱癸宝箱2,装备,阿哇陀那的莲花瓣,-,
"46","战宝迦兰","25人英雄",朱癸宝箱5,装备,毗湿奴氎帽,-,
"46","战宝迦兰","25人英雄",朱癸宝箱1,装备,无上方单,-,
"46","战宝迦兰","25人英雄",朱癸宝箱2,装备,语风铃,-,
"46","战宝迦兰","25人英雄",朱癸宝箱5,装备,息妫踏,-,
"46","战宝迦兰","25人英雄",朱癸,装备,梅溪玉带,-,
"46","战宝迦兰","25人英雄",朱癸宝箱5,武器,弗栗多·悍,-,
"46","战宝迦兰","25人英雄",朱癸宝箱3,武器,夜泷漩,-,
"46","战宝迦兰","25人英雄",朱癸宝箱3,武器,忍辱度,-,
"46","战宝迦兰","25人英雄",朱癸宝箱5,武器,鹏袭,-,
"46","战宝迦兰","25人英雄",朱癸宝箱3,装备,阿哇陀那的莲花瓣,-,
"46","战宝迦兰","25人英雄",朱癸宝箱2,装备,无上方单,-,
"46","战宝迦兰","25人英雄",朱癸宝箱3,装备,语风铃,-,
"46","战宝迦兰","25人英雄",朱癸宝箱2,武器,弗栗多·悍,-,
"46","战宝迦兰","25人英雄",朱癸宝箱4,武器,夜泷漩,-,
"46","战宝迦兰","25人英雄",朱癸宝箱4,武器,忍辱度,-,
"46","战宝迦兰","25人英雄",朱癸宝箱5,装备,阿哇陀那的莲花瓣,-,
"46","战宝迦兰","25人英雄",朱癸,装备,毗湿奴氎帽,-,
"46","战宝迦兰","25人英雄",朱癸宝箱4,装备,无上方单,-,
"46","战宝迦兰","25人英雄",朱癸宝箱1,装备,义薄云天冠,-,
"46","战宝迦兰","25人英雄",朱癸宝箱5,装备,语风铃,-,
"46","战宝迦兰","25人英雄",朱癸宝箱1,装备,云栖竹踏,-,
"46","战宝迦兰","25人英雄",朱癸宝箱4,装备,梅溪玉带,-,
"46","战宝迦兰","25人英雄",朱癸宝箱1,装备,句芒金冠,-,
"46","战宝迦兰","25人英雄",朱癸,饰品,姑射链,-,
"46","战宝迦兰","25人英雄",朱癸宝箱3,饰品,魏犨坠,-,
"46","战宝迦兰","25人英雄",朱癸,武器,鹏袭,-,
"46","战宝迦兰","25人英雄",朱癸宝箱1,装备,毗湿奴氎帽,-,
"46","战宝迦兰","25人英雄",朱癸宝箱5,装备,无上方单,-,
"46","战宝迦兰","25人英雄",朱癸宝箱2,装备,义薄云天冠,-,
"46","战宝迦兰","25人英雄",朱癸,装备,息妫踏,-,
"46","战宝迦兰","25人英雄",朱癸宝箱2,装备,云栖竹踏,-,
"46","战宝迦兰","25人英雄",朱癸宝箱5,装备,梅溪玉带,-,
"46","战宝迦兰","25人英雄",朱癸宝箱2,装备,句芒金冠,-,
"46","战宝迦兰","25人英雄",朱癸宝箱2,饰品,姑射链,-,
"46","战宝迦兰","25人英雄",朱癸宝箱4,饰品,魏犨坠,-,
"46","战宝迦兰","25人英雄",朱癸宝箱3,武器,弗栗多·悍,-,
"46","战宝迦兰","25人英雄",朱癸宝箱5,武器,夜泷漩,-,
"46","战宝迦兰","25人英雄",朱癸宝箱5,武器,忍辱度,-,
"46","战宝迦兰","25人英雄",朱癸宝箱1,武器,鹏袭,-,
"46","战宝迦兰","25人英雄",朱癸宝箱2,装备,毗湿奴氎帽,-,
"46","战宝迦兰","25人英雄",朱癸宝箱3,装备,义薄云天冠,-,
"46","战宝迦兰","25人英雄",朱癸宝箱2,装备,息妫踏,-,
"46","战宝迦兰","25人英雄",朱癸宝箱3,装备,云栖竹踏,-,
"46","战宝迦兰","25人英雄",朱癸宝箱3,装备,句芒金冠,-,
"46","战宝迦兰","25人英雄",朱癸宝箱3,饰品,姑射链,-,
"46","战宝迦兰","25人英雄",朱癸宝箱5,饰品,魏犨坠,-,
"46","战宝迦兰","25人英雄",朱癸,饰品,魏犨坠,-,
"46","战宝迦兰","25人英雄",朱癸宝箱4,饰品,姑射链,-,
"46","战宝迦兰","25人英雄",朱癸宝箱5,饰品,三色铜,-,
"46","战宝迦兰","25人英雄",朱癸宝箱4,饰品,三色铜,-,
"46","战宝迦兰","25人英雄",朱癸宝箱3,饰品,三色铜,-,
"46","战宝迦兰","25人英雄",朱癸,饰品,三色铜,-,
"46","战宝迦兰","25人英雄",朱癸宝箱4,装备,句芒金冠,-,
"46","战宝迦兰","25人英雄",朱癸,装备,句芒金冠,-,
"46","战宝迦兰","25人英雄",朱癸宝箱3,装备,梅溪玉带,-,
"46","战宝迦兰","25人英雄",朱癸宝箱2,装备,梅溪玉带,-,
"46","战宝迦兰","25人英雄",朱癸宝箱4,装备,云栖竹踏,-,
"46","战宝迦兰","25人英雄",朱癸,装备,云栖竹踏,-,
"46","战宝迦兰","25人英雄",朱癸宝箱3,装备,息妫踏,-,
"46","战宝迦兰","25人英雄",朱癸宝箱4,装备,语风铃,-,
"46","战宝迦兰","25人英雄",朱癸,装备,语风铃,-,
"46","战宝迦兰","25人英雄",朱癸宝箱5,装备,义薄云天冠,-,
"46","战宝迦兰","25人英雄",朱癸宝箱4,装备,义薄云天冠,-,
"46","战宝迦兰","25人英雄",朱癸,装备,义薄云天冠,-,
"46","战宝迦兰","25人英雄",朱癸宝箱3,装备,无上方单,-,
"46","战宝迦兰","25人英雄",朱癸宝箱3,装备,毗湿奴氎帽,-,
"46","战宝迦兰","25人英雄",朱癸宝箱4,装备,阿哇陀那的莲花瓣,-,
"46","战宝迦兰","25人英雄",朱癸宝箱2,武器,鹏袭,-,
"46","战宝迦兰","25人英雄",朱癸宝箱1,武器,弗栗多·悍,-,
"46","战宝迦兰","25人英雄",平等宝箱1,武器,犀翠,-,
"46","战宝迦兰","25人英雄",平等宝箱5,武器,犀翠,-,
"46","战宝迦兰","25人英雄",平等,武器,众生皆佛,-,
"46","战宝迦兰","25人英雄",平等,武器,月冷寒泉,-,
"46","战宝迦兰","25人英雄",平等宝箱4,武器,化蛇骨笛,-,
"46","战宝迦兰","25人英雄",平等宝箱1,武器,蜚尾骨笛,-,
"46","战宝迦兰","25人英雄",平等宝箱4,装备,加尔达的羽毛,-,
"46","战宝迦兰","25人英雄",平等宝箱5,装备,红莲烬土,-,
"46","战宝迦兰","25人英雄",平等宝箱5,装备,盘阳,-,
"46","战宝迦兰","25人英雄",平等宝箱3,装备,螟息行,-,
"46","战宝迦兰","25人英雄",平等,饰品,玉乌,-,
"46","战宝迦兰","25人英雄",平等宝箱3,饰品,精卫怨,-,
"46","战宝迦兰","25人英雄",平等宝箱5,饰品,西子殇,-,
"46","战宝迦兰","25人英雄",平等宝箱1,武器,月冷寒泉,-,
"46","战宝迦兰","25人英雄",平等宝箱5,武器,化蛇骨笛,-,
"46","战宝迦兰","25人英雄",平等宝箱4,装备,螟息行,-,
"46","战宝迦兰","25人英雄",平等宝箱3,饰品,玉乌,-,
"46","战宝迦兰","25人英雄",平等宝箱4,饰品,精卫怨,-,
"46","战宝迦兰","25人英雄",平等宝箱3,武器,犀翠,-,
"46","战宝迦兰","25人英雄",平等宝箱4,武器,众生皆佛,-,
"46","战宝迦兰","25人英雄",平等宝箱4,武器,月冷寒泉,-,
"46","战宝迦兰","25人英雄",平等,武器,化蛇骨笛,-,
"46","战宝迦兰","25人英雄",平等宝箱5,武器,蜚尾骨笛,-,
"46","战宝迦兰","25人英雄",平等宝箱1,装备,红莲烬土,-,
"46","战宝迦兰","25人英雄",平等宝箱1,装备,盘阳,-,
"46","战宝迦兰","25人英雄",平等宝箱3,装备,平雪无痕,-,
"46","战宝迦兰","25人英雄",平等宝箱3,装备,苏秦靴,-,
"46","战宝迦兰","25人英雄",平等宝箱3,饰品,洞天,-,
"46","战宝迦兰","25人英雄",平等宝箱2,饰品,雨幕,-,
"46","战宝迦兰","25人英雄",平等宝箱4,饰品,樊哙链,-,
"46","战宝迦兰","25人英雄",平等,饰品,西子殇,-,
"46","战宝迦兰","25人英雄",平等宝箱5,武器,月冷寒泉,-,
"46","战宝迦兰","25人英雄",平等宝箱1,武器,化蛇骨笛,-,
"46","战宝迦兰","25人英雄",平等,装备,加尔达的羽毛,-,
"46","战宝迦兰","25人英雄",平等宝箱2,装备,红莲烬土,-,
"46","战宝迦兰","25人英雄",平等宝箱2,装备,盘阳,-,
"46","战宝迦兰","25人英雄",平等宝箱4,装备,平雪无痕,-,
"46","战宝迦兰","25人英雄",平等宝箱4,装备,苏秦靴,-,
"46","战宝迦兰","25人英雄",平等,装备,螟息行,-,
"46","战宝迦兰","25人英雄",平等宝箱4,饰品,洞天,-,
"46","战宝迦兰","25人英雄",平等宝箱3,饰品,雨幕,-,
"46","战宝迦兰","25人英雄",平等宝箱5,饰品,樊哙链,-,
"46","战宝迦兰","25人英雄",平等宝箱2,饰品,西子殇,-,
"46","战宝迦兰","25人英雄",平等,武器,犀翠,-,
"46","战宝迦兰","25人英雄",平等宝箱4,武器,犀翠,-,
"46","战宝迦兰","25人英雄",平等宝箱5,武器,众生皆佛,-,
"46","战宝迦兰","25人英雄",平等宝箱2,武器,化蛇骨笛,-,
"46","战宝迦兰","25人英雄",平等宝箱2,装备,加尔达的羽毛,-,
"46","战宝迦兰","25人英雄",平等宝箱3,装备,红莲烬土,-,
"46","战宝迦兰","25人英雄",平等宝箱3,装备,盘阳,-,
"46","战宝迦兰","25人英雄",平等宝箱5,装备,平雪无痕,-,
"46","战宝迦兰","25人英雄",平等宝箱5,装备,苏秦靴,-,
"46","战宝迦兰","25人英雄",平等宝箱1,装备,螟息行,-,
"46","战宝迦兰","25人英雄",平等宝箱5,饰品,洞天,-,
"46","战宝迦兰","25人英雄",平等宝箱4,饰品,雨幕,-,
"46","战宝迦兰","25人英雄",平等宝箱3,饰品,西子殇,-,
"46","战宝迦兰","25人英雄",平等宝箱4,饰品,西子殇,-,
"46","战宝迦兰","25人英雄",平等宝箱5,饰品,精卫怨,-,
"46","战宝迦兰","25人英雄",平等,饰品,精卫怨,-,
"46","战宝迦兰","25人英雄",平等宝箱3,饰品,樊哙链,-,
"46","战宝迦兰","25人英雄",平等宝箱2,饰品,樊哙链,-,
"46","战宝迦兰","25人英雄",平等,饰品,樊哙链,-,
"46","战宝迦兰","25人英雄",平等宝箱5,饰品,玉乌,-,
"46","战宝迦兰","25人英雄",平等宝箱4,饰品,玉乌,-,
"46","战宝迦兰","25人英雄",平等宝箱5,饰品,雨幕,-,
"46","战宝迦兰","25人英雄",平等,饰品,雨幕,-,
"46","战宝迦兰","25人英雄",平等,饰品,洞天,-,
"46","战宝迦兰","25人英雄",平等宝箱5,装备,螟息行,-,
"46","战宝迦兰","25人英雄",平等宝箱2,装备,螟息行,-,
"46","战宝迦兰","25人英雄",平等宝箱2,装备,苏秦靴,-,
"46","战宝迦兰","25人英雄",平等,装备,苏秦靴,-,
"46","战宝迦兰","25人英雄",平等宝箱2,装备,平雪无痕,-,
"46","战宝迦兰","25人英雄",平等宝箱1,装备,平雪无痕,-,
"46","战宝迦兰","25人英雄",平等,装备,平雪无痕,-,
"46","战宝迦兰","25人英雄",平等宝箱4,装备,盘阳,-,
"46","战宝迦兰","25人英雄",平等,装备,盘阳,-,
"46","战宝迦兰","25人英雄",平等宝箱4,装备,红莲烬土,-,
"46","战宝迦兰","25人英雄",平等,装备,红莲烬土,-,
"46","战宝迦兰","25人英雄",平等宝箱5,装备,加尔达的羽毛,-,
"46","战宝迦兰","25人英雄",平等宝箱3,装备,加尔达的羽毛,-,
"46","战宝迦兰","25人英雄",平等宝箱4,武器,蜚尾骨笛,-,
"46","战宝迦兰","25人英雄",平等宝箱3,武器,蜚尾骨笛,-,
"46","战宝迦兰","25人英雄",平等宝箱2,武器,蜚尾骨笛,-,
"46","战宝迦兰","25人英雄",平等,武器,蜚尾骨笛,-,
"46","战宝迦兰","25人英雄",平等宝箱3,武器,化蛇骨笛,-,
"46","战宝迦兰","25人英雄",平等宝箱3,武器,月冷寒泉,-,
"46","战宝迦兰","25人英雄",平等宝箱2,武器,月冷寒泉,-,
"46","战宝迦兰","25人英雄",平等宝箱3,武器,众生皆佛,-,
"46","战宝迦兰","25人英雄",平等宝箱2,武器,犀翠,-,
"46","战宝迦兰","25人英雄",掌火宝箱2,武器,象牙金刚橛,-,
"46","战宝迦兰","25人英雄",掌火宝箱3,武器,阿迦修罗·怨,-,
"46","战宝迦兰","25人英雄",掌火,武器,灵辄恩,-,
"46","战宝迦兰","25人英雄",掌火宝箱1,武器,蜚尾骨笛,-,
"46","战宝迦兰","25人英雄",掌火宝箱5,装备,邪剃众生,-,
"46","战宝迦兰","25人英雄",掌火,装备,欢喜宝象足,-,
"46","战宝迦兰","25人英雄",掌火宝箱2,装备,绿珠殇,-,
"46","战宝迦兰","25人英雄",掌火宝箱2,饰品,铩,-,
"46","战宝迦兰","25人英雄",掌火宝箱3,饰品,孤鸾舞镜,-,
"46","战宝迦兰","25人英雄",掌火宝箱2,饰品,孤山傲,-,
"46","战宝迦兰","25人英雄",掌火宝箱2,饰品,阿湿矩沙足饰,-,
"46","战宝迦兰","25人英雄",掌火,武器,化蛇骨笛,-,
"46","战宝迦兰","25人英雄",掌火宝箱2,武器,蜚尾骨笛,-,
"46","战宝迦兰","25人英雄",掌火,装备,首陀罗批单,-,
"46","战宝迦兰","25人英雄",掌火宝箱2,装备,欢喜宝象足,-,
"46","战宝迦兰","25人英雄",掌火,装备,金宇沙芒,-,
"46","战宝迦兰","25人英雄",掌火宝箱3,装备,绿珠殇,-,
"46","战宝迦兰","25人英雄",掌火,装备,赤狱血环,-,
"46","战宝迦兰","25人英雄",掌火宝箱3,饰品,铩,-,
"46","战宝迦兰","25人英雄",掌火宝箱4,饰品,孤鸾舞镜,-,
"46","战宝迦兰","25人英雄",掌火宝箱3,饰品,孤山傲,-,
"46","战宝迦兰","25人英雄",掌火宝箱3,饰品,阿湿矩沙足饰,-,
"46","战宝迦兰","25人英雄",掌火,武器,阿迦修罗·怨,-,
"46","战宝迦兰","25人英雄",掌火宝箱4,武器,阿迦修罗·怨,-,
"46","战宝迦兰","25人英雄",掌火宝箱3,武器,灵辄恩,-,
"46","战宝迦兰","25人英雄",掌火宝箱1,武器,化蛇骨笛,-,
"46","战宝迦兰","25人英雄",掌火宝箱3,装备,欢喜宝象足,-,
"46","战宝迦兰","25人英雄",掌火宝箱4,装备,绿珠殇,-,
"46","战宝迦兰","25人英雄",掌火宝箱1,装备,赤狱血环,-,
"46","战宝迦兰","25人英雄",掌火宝箱4,饰品,铩,-,
"46","战宝迦兰","25人英雄",掌火宝箱5,饰品,孤鸾舞镜,-,
"46","战宝迦兰","25人英雄",掌火宝箱4,饰品,孤山傲,-,
"46","战宝迦兰","25人英雄",掌火宝箱4,饰品,阿湿矩沙足饰,-,
"46","战宝迦兰","25人英雄",掌火,武器,象牙金刚橛,-,
"46","战宝迦兰","25人英雄",掌火宝箱4,武器,象牙金刚橛,-,
"46","战宝迦兰","25人英雄",掌火宝箱1,武器,阿迦修罗·怨,-,
"46","战宝迦兰","25人英雄",掌火宝箱5,武器,阿迦修罗·怨,-,
"46","战宝迦兰","25人英雄",掌火宝箱4,武器,灵辄恩,-,
"46","战宝迦兰","25人英雄",掌火宝箱3,武器,化蛇骨笛,-,
"46","战宝迦兰","25人英雄",掌火宝箱5,武器,蜚尾骨笛,-,
"46","战宝迦兰","25人英雄",掌火宝箱3,装备,吠舍的右肩布,-,
"46","战宝迦兰","25人英雄",掌火宝箱3,装备,首陀罗批单,-,
"46","战宝迦兰","25人英雄",掌火宝箱1,装备,邪剃众生,-,
"46","战宝迦兰","25人英雄",掌火宝箱5,装备,欢喜宝象足,-,
"46","战宝迦兰","25人英雄",掌火宝箱4,装备,金宇沙芒,-,
"46","战宝迦兰","25人英雄",掌火宝箱3,装备,赤狱血环,-,
"46","战宝迦兰","25人英雄",掌火,饰品,玛尼石,-,
"46","战宝迦兰","25人英雄",掌火宝箱3,饰品,阿耆尼护符,-,
"46","战宝迦兰","25人英雄",掌火宝箱3,饰品,梵音绝,-,
"46","战宝迦兰","25人英雄",掌火宝箱4,武器,化蛇骨笛,-,
"46","战宝迦兰","25人英雄",掌火宝箱4,装备,吠舍的右肩布,-,
"46","战宝迦兰","25人英雄",掌火宝箱4,装备,首陀罗批单,-,
"46","战宝迦兰","25人英雄",掌火宝箱2,装备,邪剃众生,-,
"46","战宝迦兰","25人英雄",掌火宝箱5,装备,金宇沙芒,-,
"46","战宝迦兰","25人英雄",掌火宝箱4,装备,赤狱血环,-,
"46","战宝迦兰","25人英雄",掌火宝箱3,饰品,玛尼石,-,
"46","战宝迦兰","25人英雄",掌火宝箱4,饰品,阿耆尼护符,-,
"46","战宝迦兰","25人英雄",掌火宝箱4,饰品,梵音绝,-,
"46","战宝迦兰","25人英雄",掌火宝箱1,武器,象牙金刚橛,-,
"46","战宝迦兰","25人英雄",掌火宝箱5,武器,象牙金刚橛,-,
"46","战宝迦兰","25人英雄",掌火宝箱2,武器,阿迦修罗·怨,-,
"46","战宝迦兰","25人英雄",掌火宝箱5,武器,灵辄恩,-,
"46","战宝迦兰","25人英雄",掌火宝箱5,武器,化蛇骨笛,-,
"46","战宝迦兰","25人英雄",掌火宝箱5,装备,吠舍的右肩布,-,
"46","战宝迦兰","25人英雄",掌火宝箱5,装备,首陀罗批单,-,
"46","战宝迦兰","25人英雄",掌火宝箱3,装备,邪剃众生,-,
"46","战宝迦兰","25人英雄",掌火,装备,绿珠殇,-,
"46","战宝迦兰","25人英雄",掌火宝箱5,装备,赤狱血环,-,
"46","战宝迦兰","25人英雄",掌火宝箱4,饰品,玛尼石,-,
"46","战宝迦兰","25人英雄",掌火,饰品,铩,-,
"46","战宝迦兰","25人英雄",掌火,饰品,孤鸾舞镜,-,
"46","战宝迦兰","25人英雄",掌火宝箱5,饰品,阿耆尼护符,-,
"46","战宝迦兰","25人英雄",掌火宝箱5,饰品,梵音绝,-,
"46","战宝迦兰","25人英雄",掌火,饰品,阿湿矩沙足饰,-,
"46","战宝迦兰","25人英雄",掌火宝箱5,饰品,阿湿矩沙足饰,-,
"46","战宝迦兰","25人英雄",掌火宝箱1,饰品,阿湿矩沙足饰,-,
"46","战宝迦兰","25人英雄",掌火宝箱5,饰品,孤山傲,-,
"46","战宝迦兰","25人英雄",掌火,饰品,孤山傲,-,
"46","战宝迦兰","25人英雄",掌火,饰品,梵音绝,-,
"46","战宝迦兰","25人英雄",掌火,饰品,阿耆尼护符,-,
"46","战宝迦兰","25人英雄",掌火宝箱2,饰品,孤鸾舞镜,-,
"46","战宝迦兰","25人英雄",掌火宝箱5,饰品,铩,-,
"46","战宝迦兰","25人英雄",掌火宝箱1,饰品,铩,-,
"46","战宝迦兰","25人英雄",掌火宝箱5,饰品,玛尼石,-,
"46","战宝迦兰","25人英雄",掌火宝箱2,装备,赤狱血环,-,
"46","战宝迦兰","25人英雄",掌火宝箱5,装备,绿珠殇,-,
"46","战宝迦兰","25人英雄",掌火宝箱1,装备,绿珠殇,-,
"46","战宝迦兰","25人英雄",掌火宝箱3,装备,金宇沙芒,-,
"46","战宝迦兰","25人英雄",掌火宝箱2,装备,金宇沙芒,-,
"46","战宝迦兰","25人英雄",掌火宝箱4,装备,欢喜宝象足,-,
"46","战宝迦兰","25人英雄",掌火宝箱4,装备,邪剃众生,-,
"46","战宝迦兰","25人英雄",掌火,装备,邪剃众生,-,
"46","战宝迦兰","25人英雄",掌火宝箱2,装备,首陀罗批单,-,
"46","战宝迦兰","25人英雄",掌火宝箱1,装备,首陀罗批单,-,
"46","战宝迦兰","25人英雄",掌火宝箱2,装备,吠舍的右肩布,-,
"46","战宝迦兰","25人英雄",掌火,装备,吠舍的右肩布,-,
"46","战宝迦兰","25人英雄",掌火宝箱4,武器,蜚尾骨笛,-,
"46","战宝迦兰","25人英雄",掌火宝箱3,武器,蜚尾骨笛,-,
"46","战宝迦兰","25人英雄",掌火,武器,蜚尾骨笛,-,
"46","战宝迦兰","25人英雄",掌火宝箱2,武器,化蛇骨笛,-,
"46","战宝迦兰","25人英雄",掌火宝箱3,武器,象牙金刚橛,-,
"46","战宝迦兰","25人英雄",镇恶,武器,阿克陀加·刹,-,
"46","战宝迦兰","25人英雄",镇恶宝箱4,武器,阿克陀加·刹,-,
"46","战宝迦兰","25人英雄",镇恶宝箱3,武器,婆哩·噬,-,
"46","战宝迦兰","25人英雄",镇恶宝箱2,装备,留萍踪,-,
"46","战宝迦兰","25人英雄",镇恶,装备,鹿跃金钩,-,
"46","战宝迦兰","25人英雄",镇恶宝箱3,装备,棹歌流裳,-,
"46","战宝迦兰","25人英雄",镇恶宝箱1,装备,蛮荒侠影,-,
"46","战宝迦兰","25人英雄",镇恶宝箱4,饰品,凌寒,-,
"46","战宝迦兰","25人英雄",镇恶宝箱3,饰品,迦楼罗之泪,-,
"46","战宝迦兰","25人英雄",镇恶宝箱3,饰品,佽飞勇,-,
"46","战宝迦兰","25人英雄",镇恶,饰品,阿湿矩沙头饰,-,
"46","战宝迦兰","25人英雄",镇恶,装备,凤舞九霄,-,
"46","战宝迦兰","25人英雄",镇恶宝箱3,装备,留萍踪,-,
"46","战宝迦兰","25人英雄",镇恶宝箱2,装备,鹿跃金钩,-,
"46","战宝迦兰","25人英雄",镇恶,装备,萼绿带,-,
"46","战宝迦兰","25人英雄",镇恶宝箱4,装备,棹歌流裳,-,
"46","战宝迦兰","25人英雄",镇恶,装备,幽冥九拥,-,
"46","战宝迦兰","25人英雄",镇恶宝箱2,装备,蛮荒侠影,-,
"46","战宝迦兰","25人英雄",镇恶宝箱5,饰品,凌寒,-,
"46","战宝迦兰","25人英雄",镇恶宝箱4,饰品,佽飞勇,-,
"46","战宝迦兰","25人英雄",镇恶,饰品,徊,-,
"46","战宝迦兰","25人英雄",镇恶宝箱1,饰品,阿湿矩沙头饰,-,
"46","战宝迦兰","25人英雄",镇恶宝箱1,武器,阿克陀加·刹,-,
"46","战宝迦兰","25人英雄",镇恶宝箱5,武器,阿克陀加·刹,-,
"46","战宝迦兰","25人英雄",镇恶,武器,婆哩·噬,-,
"46","战宝迦兰","25人英雄",镇恶宝箱4,武器,婆哩·噬,-,
"46","战宝迦兰","25人英雄",镇恶宝箱1,装备,凤舞九霄,-,
"46","战宝迦兰","25人英雄",镇恶宝箱3,装备,鹿跃金钩,-,
"46","战宝迦兰","25人英雄",镇恶,装备,镇恶握,-,
"46","战宝迦兰","25人英雄",镇恶宝箱2,装备,萼绿带,-,
"46","战宝迦兰","25人英雄",镇恶,装备,五云祥,-,
"46","战宝迦兰","25人英雄",镇恶宝箱5,装备,棹歌流裳,-,
"46","战宝迦兰","25人英雄",镇恶宝箱3,装备,蛮荒侠影,-,
"46","战宝迦兰","25人英雄",镇恶宝箱5,饰品,佽飞勇,-,
"46","战宝迦兰","25人英雄",镇恶宝箱1,饰品,徊,-,
"46","战宝迦兰","25人英雄",镇恶宝箱2,武器,阿克陀加·刹,-,
"46","战宝迦兰","25人英雄",镇恶宝箱1,武器,婆哩·噬,-,
"46","战宝迦兰","25人英雄",镇恶宝箱5,武器,婆哩·噬,-,
"46","战宝迦兰","25人英雄",镇恶宝箱4,武器,黄鹤梦,-,
"46","战宝迦兰","25人英雄",镇恶宝箱3,装备,凤舞九霄,-,
"46","战宝迦兰","25人英雄",镇恶宝箱5,装备,鹿跃金钩,-,
"46","战宝迦兰","25人英雄",镇恶宝箱3,装备,镇恶握,-,
"46","战宝迦兰","25人英雄",镇恶宝箱4,装备,萼绿带,-,
"46","战宝迦兰","25人英雄",镇恶宝箱3,装备,五云祥,-,
"46","战宝迦兰","25人英雄",镇恶宝箱3,装备,幽冥九拥,-,
"46","战宝迦兰","25人英雄",镇恶宝箱5,装备,蛮荒侠影,-,
"46","战宝迦兰","25人英雄",镇恶,饰品,玄冰碧草,-,
"46","战宝迦兰","25人英雄",镇恶宝箱3,饰品,徊,-,
"46","战宝迦兰","25人英雄",镇恶宝箱4,饰品,阿湿矩沙头饰,-,
"46","战宝迦兰","25人英雄",镇恶宝箱5,武器,黄鹤梦,-,
"46","战宝迦兰","25人英雄",镇恶宝箱4,装备,凤舞九霄,-,
"46","战宝迦兰","25人英雄",镇恶宝箱4,装备,镇恶握,-,
"46","战宝迦兰","25人英雄",镇恶宝箱5,装备,萼绿带,-,
"46","战宝迦兰","25人英雄",镇恶宝箱4,装备,五云祥,-,
"46","战宝迦兰","25人英雄",镇恶,装备,棹歌流裳,-,
"46","战宝迦兰","25人英雄",镇恶宝箱4,装备,幽冥九拥,-,
"46","战宝迦兰","25人英雄",镇恶宝箱3,饰品,玄冰碧草,-,
"46","战宝迦兰","25人英雄",镇恶宝箱4,饰品,徊,-,
"46","战宝迦兰","25人英雄",镇恶宝箱5,饰品,阿湿矩沙头饰,-,
"46","战宝迦兰","25人英雄",镇恶宝箱3,武器,阿克陀加·刹,-,
"46","战宝迦兰","25人英雄",镇恶宝箱2,武器,婆哩·噬,-,
"46","战宝迦兰","25人英雄",镇恶宝箱5,装备,凤舞九霄,-,
"46","战宝迦兰","25人英雄",镇恶,装备,留萍踪,-,
"46","战宝迦兰","25人英雄",镇恶宝箱5,装备,镇恶握,-,
"46","战宝迦兰","25人英雄",镇恶宝箱5,装备,五云祥,-,
"46","战宝迦兰","25人英雄",镇恶宝箱1,装备,棹歌流裳,-,
"46","战宝迦兰","25人英雄",镇恶宝箱5,装备,幽冥九拥,-,
"46","战宝迦兰","25人英雄",镇恶,饰品,凌寒,-,
"46","战宝迦兰","25人英雄",镇恶,饰品,迦楼罗之泪,-,
"46","战宝迦兰","25人英雄",镇恶宝箱4,饰品,玄冰碧草,-,
"46","战宝迦兰","25人英雄",镇恶宝箱5,饰品,徊,-,
"46","战宝迦兰","25人英雄",镇恶宝箱3,饰品,阿湿矩沙头饰,-,
"46","战宝迦兰","25人英雄",镇恶宝箱2,饰品,阿湿矩沙头饰,-,
"46","战宝迦兰","25人英雄",镇恶宝箱2,饰品,徊,-,
"46","战宝迦兰","25人英雄",镇恶,饰品,佽飞勇,-,
"46","战宝迦兰","25人英雄",镇恶宝箱5,饰品,玄冰碧草,-,
"46","战宝迦兰","25人英雄",镇恶宝箱5,饰品,迦楼罗之泪,-,
"46","战宝迦兰","25人英雄",镇恶宝箱4,饰品,迦楼罗之泪,-,
"46","战宝迦兰","25人英雄",镇恶宝箱2,饰品,迦楼罗之泪,-,
"46","战宝迦兰","25人英雄",镇恶宝箱3,饰品,凌寒,-,
"46","战宝迦兰","25人英雄",镇恶宝箱4,装备,蛮荒侠影,-,
"46","战宝迦兰","25人英雄",镇恶,装备,蛮荒侠影,-,
"46","战宝迦兰","25人英雄",镇恶宝箱2,装备,幽冥九拥,-,
"46","战宝迦兰","25人英雄",镇恶宝箱1,装备,幽冥九拥,-,
"46","战宝迦兰","25人英雄",镇恶宝箱2,装备,棹歌流裳,-,
"46","战宝迦兰","25人英雄",镇恶宝箱2,装备,五云祥,-,
"46","战宝迦兰","25人英雄",镇恶宝箱3,装备,萼绿带,-,
"46","战宝迦兰","25人英雄",镇恶宝箱2,装备,镇恶握,-,
"46","战宝迦兰","25人英雄",镇恶宝箱4,装备,鹿跃金钩,-,
"46","战宝迦兰","25人英雄",镇恶宝箱5,装备,留萍踪,-,
"46","战宝迦兰","25人英雄",镇恶宝箱4,装备,留萍踪,-,
"46","战宝迦兰","25人英雄",镇恶宝箱1,装备,留萍踪,-,
"46","战宝迦兰","25人英雄",镇恶宝箱2,装备,凤舞九霄,-,
"46","战宝迦兰","25人英雄",镇恶宝箱3,武器,黄鹤梦,-,
"46","战宝迦兰","25人英雄",镇恶,武器,黄鹤梦,-,
"46","战宝迦兰","25人英雄",餐风、饮火、吞云,武器,伯牙绝弦,-,
"46","战宝迦兰","25人英雄",餐风、饮火、吞云,饰品,輪,-,
"46","战宝迦兰","25人英雄",餐风、饮火、吞云,饰品,凿齿腰饰,-,
"46","战宝迦兰","25人英雄",餐风、饮火、吞云,饰品,皎月狮骢·霸地,-,
"46","战宝迦兰","25人英雄",餐风、饮火、吞云,武器,尼苏姆婆·分海,-,
"46","战宝迦兰","25人英雄",餐风、饮火、吞云,装备,金吾佛宝冠,-,
"46","战宝迦兰","25人英雄",餐风、饮火、吞云,装备,陀罗尼方幡,-,
"46","战宝迦兰","25人英雄",餐风、饮火、吞云,饰品,猩蚀,-,
"46","战宝迦兰","25人英雄",餐风、饮火、吞云,饰品,五仙碧玉坠,-,
"46","战宝迦兰","25人英雄",餐风、饮火、吞云,饰品,阿湿矩沙鞍饰,-,
"46","战宝迦兰","25人英雄",餐风、饮火、吞云,饰品,皎月狮骢·腾云,-,
"46","战宝迦兰","25人英雄",餐风、饮火、吞云,装备,阿普陀法单,-,
"46","战宝迦兰","25人英雄",餐风、饮火、吞云,装备,俱毗罗之靴,-,
"46","战宝迦兰","25人英雄",餐风、饮火、吞云,饰品,忘言,-,
"46","战宝迦兰","25人英雄",餐风、饮火、吞云,武器,苍崖破风雷,-,
"46","战宝迦兰","25人英雄",餐风、饮火、吞云,饰品,皎月狮骢·横天,-,
"46","战宝迦兰","25人英雄",餐风、饮火、吞云,饰品,皎月狮骢·不羁,-,
"46","战宝迦兰","25人英雄",餐风、饮火、吞云,饰品,君平卜,-,
"46","战宝迦兰","25人英雄",餐风、饮火、吞云,饰品,那伽定,-,
"46","战宝迦兰","25人英雄",餐风、饮火、吞云,饰品,檀那婆的泪滴,-,
"46","战宝迦兰","25人英雄",餐风、饮火、吞云,装备,赤狱血环,-,
"46","战宝迦兰","25人英雄",餐风、饮火、吞云,装备,月华流彩衣,-,
"46","战宝迦兰","25人英雄",餐风、饮火、吞云,装备,劳燕护手,-,
"46","战宝迦兰","25人英雄",餐风、饮火、吞云,装备,断雁西风,-,
"46","战宝迦兰","25人英雄",餐风、饮火、吞云,装备,一阐提,-,
"46","战宝迦兰","25人英雄",餐风、饮火、吞云,武器,金刚钺刀,-,
"46","战宝迦兰","25人英雄",千手观音宝箱3,武器,犀翠,-,
"46","战宝迦兰","25人英雄",千手观音宝箱2,武器,象牙金刚橛,-,
"46","战宝迦兰","25人英雄",千手观音宝箱3,武器,阿迦修罗·怨,-,
"46","战宝迦兰","25人英雄",千手观音,武器,阿克陀加·刹,-,
"46","战宝迦兰","25人英雄",千手观音宝箱1,武器,斩风,-,
"46","战宝迦兰","25人英雄",千手观音,武器,尼苏姆婆·分海,-,
"46","战宝迦兰","25人英雄",千手观音宝箱3,武器,婆哩·噬,-,
"46","战宝迦兰","25人英雄",千手观音,武器,弗栗多·悍,-,
"46","战宝迦兰","25人英雄",千手观音宝箱1,武器,子午阴阳锐,-,
"46","战宝迦兰","25人英雄",千手观音,武器,金刚钺刀,-,
"46","战宝迦兰","25人英雄",千手观音宝箱3,武器,月冷寒泉,-,
"46","战宝迦兰","25人英雄",千手观音宝箱1,武器,枫落尽,-,
"46","战宝迦兰","25人英雄",千手观音宝箱3,武器,蜚尾骨笛,-,
"46","战宝迦兰","25人英雄",千手观音宝箱1,装备,迦叶冠,-,
"46","战宝迦兰","25人英雄",千手观音宝箱3,装备,花影缚,-,
"46","战宝迦兰","25人英雄",千手观音,饰品,腾蛟坠,-,
"46","战宝迦兰","25人英雄",千手观音宝箱3,饰品,寂护坠,-,
"46","战宝迦兰","25人英雄",千手观音宝箱2,武器,枫落尽,-,
"46","战宝迦兰","25人英雄",千手观音,武器,海尘生,-,
"46","战宝迦兰","25人英雄",千手观音宝箱2,装备,迦叶冠,-,
"46","战宝迦兰","25人英雄",千手观音,饰品,遏云佩,-,
"46","战宝迦兰","25人英雄",千手观音,饰品,皎月狮骢·霸地,-,
"46","战宝迦兰","25人英雄",千手观音,武器,犀翠,-,
"46","战宝迦兰","25人英雄",千手观音宝箱3,武器,象牙金刚橛,-,
"46","战宝迦兰","25人英雄",千手观音,武器,阿迦修罗·怨,-,
"46","战宝迦兰","25人英雄",千手观音宝箱2,武器,斩风,-,
"46","战宝迦兰","25人英雄",千手观音宝箱1,武器,尼苏姆婆·分海,-,
"46","战宝迦兰","25人英雄",千手观音宝箱1,武器,弗栗多·悍,-,
"46","战宝迦兰","25人英雄",千手观音宝箱2,武器,子午阴阳锐,-,
"46","战宝迦兰","25人英雄",千手观音宝箱1,武器,金刚钺刀,-,
"46","战宝迦兰","25人英雄",千手观音,武器,拂元规,-,
"46","战宝迦兰","25人英雄",千手观音宝箱1,武器,海尘生,-,
"46","战宝迦兰","25人英雄",千手观音,武器,化蛇骨笛,-,
"46","战宝迦兰","25人英雄",千手观音宝箱3,装备,迦叶冠,-,
"46","战宝迦兰","25人英雄",千手观音宝箱3,饰品,遏云佩,-,
"46","战宝迦兰","25人英雄",千手观音宝箱1,武器,犀翠,-,
"46","战宝迦兰","25人英雄",千手观音,武器,象牙金刚橛,-,
"46","战宝迦兰","25人英雄",千手观音宝箱1,武器,阿迦修罗·怨,-,
"46","战宝迦兰","25人英雄",千手观音宝箱2,武器,阿克陀加·刹,-,
"46","战宝迦兰","25人英雄",千手观音宝箱3,武器,斩风,-,
"46","战宝迦兰","25人英雄",千手观音宝箱2,武器,尼苏姆婆·分海,-,
"46","战宝迦兰","25人英雄",千手观音宝箱1,武器,婆哩·噬,-,
"46","战宝迦兰","25人英雄",千手观音宝箱2,武器,弗栗多·悍,-,
"46","战宝迦兰","25人英雄",千手观音宝箱3,武器,子午阴阳锐,-,
"46","战宝迦兰","25人英雄",千手观音宝箱2,武器,金刚钺刀,-,
"46","战宝迦兰","25人英雄",千手观音宝箱1,武器,苍崖破风雷,-,
"46","战宝迦兰","25人英雄",千手观音宝箱2,武器,拂元规,-,
"46","战宝迦兰","25人英雄",千手观音,武器,玉壶悲,-,
"46","战宝迦兰","25人英雄",千手观音宝箱3,武器,海尘生,-,
"46","战宝迦兰","25人英雄",千手观音宝箱2,武器,化蛇骨笛,-,
"46","战宝迦兰","25人英雄",千手观音,装备,鹿门握,-,
"46","战宝迦兰","25人英雄",千手观音宝箱3,饰品,金丸奢,-,
"46","战宝迦兰","25人英雄",千手观音,饰品,三里雾,-,
"46","战宝迦兰","25人英雄",千手观音宝箱2,武器,苍崖破风雷,-,
"46","战宝迦兰","25人英雄",千手观音宝箱3,武器,拂元规,-,
"46","战宝迦兰","25人英雄",千手观音宝箱1,武器,玉壶悲,-,
"46","战宝迦兰","25人英雄",千手观音宝箱3,武器,化蛇骨笛,-,
"46","战宝迦兰","25人英雄",千手观音,武器,蜚尾骨笛,-,
"46","战宝迦兰","25人英雄",千手观音宝箱1,装备,鹿门握,-,
"46","战宝迦兰","25人英雄",千手观音,装备,花影缚,-,
"46","战宝迦兰","25人英雄",千手观音宝箱3,饰品,三里雾,-,
"46","战宝迦兰","25人英雄",千手观音,饰品,皎月狮骢·腾云,-,
"46","战宝迦兰","25人英雄",千手观音宝箱2,武器,犀翠,-,
"46","战宝迦兰","25人英雄",千手观音宝箱1,武器,象牙金刚橛,-,
"46","战宝迦兰","25人英雄",千手观音宝箱2,武器,阿迦修罗·怨,-,
"46","战宝迦兰","25人英雄",千手观音宝箱3,武器,阿克陀加·刹,-,
"46","战宝迦兰","25人英雄",千手观音,武器,斩风,-,
"46","战宝迦兰","25人英雄",千手观音宝箱3,武器,尼苏姆婆·分海,-,
"46","战宝迦兰","25人英雄",千手观音宝箱2,武器,婆哩·噬,-,
"46","战宝迦兰","25人英雄",千手观音宝箱3,武器,弗栗多·悍,-,
"46","战宝迦兰","25人英雄",千手观音,武器,子午阴阳锐,-,
"46","战宝迦兰","25人英雄",千手观音宝箱3,武器,金刚钺刀,-,
"46","战宝迦兰","25人英雄",千手观音宝箱3,武器,苍崖破风雷,-,
"46","战宝迦兰","25人英雄",千手观音,武器,月冷寒泉,-,
"46","战宝迦兰","25人英雄",千手观音宝箱2,武器,玉壶悲,-,
"46","战宝迦兰","25人英雄",千手观音宝箱1,武器,蜚尾骨笛,-,
"46","战宝迦兰","25人英雄",千手观音宝箱2,装备,鹿门握,-,
"46","战宝迦兰","25人英雄",千手观音宝箱1,装备,花影缚,-,
"46","战宝迦兰","25人英雄",千手观音,饰品,向隅困,-,
"46","战宝迦兰","25人英雄",千手观音,饰品,皎月狮骢·横天,-,
"46","战宝迦兰","25人英雄",千手观音,饰品,皎月狮骢·不羁,-,
"46","战宝迦兰","25人英雄",千手观音宝箱3,饰品,昆池戒,-,
"46","战宝迦兰","25人英雄",千手观音,饰品,昆池戒,-,
"46","战宝迦兰","25人英雄",千手观音,饰品,寂护坠,-,
"46","战宝迦兰","25人英雄",千手观音宝箱3,饰品,向隅困,-,
"46","战宝迦兰","25人英雄",千手观音,饰品,金丸奢,-,
"46","战宝迦兰","25人英雄",千手观音宝箱3,饰品,腾蛟坠,-,
"46","战宝迦兰","25人英雄",千手观音宝箱2,装备,花影缚,-,
"46","战宝迦兰","25人英雄",千手观音宝箱3,装备,雕陵冠,-,
"46","战宝迦兰","25人英雄",千手观音宝箱2,装备,雕陵冠,-,
"46","战宝迦兰","25人英雄",千手观音,装备,雕陵冠,-,
"46","战宝迦兰","25人英雄",千手观音宝箱3,装备,鹿门握,-,
"46","战宝迦兰","25人英雄",千手观音,装备,迦叶冠,-,
"46","战宝迦兰","25人英雄",千手观音宝箱2,武器,蜚尾骨笛,-,
"46","战宝迦兰","25人英雄",千手观音宝箱1,武器,化蛇骨笛,-,
"46","战宝迦兰","25人英雄",千手观音宝箱2,武器,海尘生,-,
"46","战宝迦兰","25人英雄",千手观音宝箱3,武器,玉壶悲,-,
"46","战宝迦兰","25人英雄",千手观音宝箱3,武器,枫落尽,-,
"46","战宝迦兰","25人英雄",千手观音,武器,枫落尽,-,
"46","战宝迦兰","25人英雄",千手观音宝箱1,武器,拂元规,-,
"46","战宝迦兰","25人英雄",千手观音宝箱2,武器,月冷寒泉,-,
"46","战宝迦兰","25人英雄",千手观音,武器,苍崖破风雷,-,
"46","战宝迦兰","25人英雄",千手观音,武器,婆哩·噬,-,
"46","战宝迦兰","25人英雄",千手观音宝箱1,武器,阿克陀加·刹,-,
"14","灵霄峡","5人普通",虎啸,装备,圣火衫,-,
"14","灵霄峡","5人普通",虎啸,装备,神策金钢护腰,-,
"14","灵霄峡","5人普通",虎啸,装备,搏战衣,-,
"14","灵霄峡","5人普通",虎啸,饰品,神令牌坠,-,
"14","灵霄峡","5人普通",虎啸,装备,惧欲护手,-,
"14","灵霄峡","5人普通",虎啸,装备,赤莲裤,-,
"14","灵霄峡","5人普通",虎啸,装备,墨字先生护腕,-,
"14","灵霄峡","5人普通",虎啸,装备,双棘发饰,-,
"14","灵霄峡","5人普通",射云,装备,天充帽,-,
"14","灵霄峡","5人普通",射云,武器,百暗囊,-,
"14","灵霄峡","5人普通",射云,武器,燕影棍,-,
"14","灵霄峡","5人普通",射云,装备,穿云护手,-,
"14","灵霄峡","5人普通",射云,装备,云牙腰带,-,
"14","灵霄峡","5人普通",射云,武器,藏空怀云,-,
"14","灵霄峡","5人普通",射云,饰品,啸原护符,-,
"14","灵霄峡","5人普通",华鹤炎,武器,晴元木,-,
"14","灵霄峡","5人普通",华鹤炎,武器,狂沙重戟,-,
"14","灵霄峡","5人普通",华鹤炎,武器,墨字先生,-,
"14","灵霄峡","5人普通",华鹤炎,装备,鹿炎靴,-,
"14","灵霄峡","5人普通",华鹤炎,饰品,木鱼,-,
"14","灵霄峡","5人普通",华鹤炎,武器,惧欲古笛,-,
"14","灵霄峡","5人普通",华鹤炎,装备,中尉冠,-,
"14","灵霄峡","5人普通",华鹤炎,装备,一铭鞋,-,
"14","灵霄峡","5人普通",华鹤炎,饰品,净玉,-,
"14","灵霄峡","5人普通",神策暗刺卫,装备,暗刺者裤,-,
"14","灵霄峡","5人普通",神策暗刺卫,装备,短剑刺卫护腕,-,
"14","灵霄峡","5人普通",神策暗刺卫,装备,慧土腰带,-,
"14","灵霄峡","5人普通",神策暗刺卫,饰品,黑色刺杀吊坠,-,
"14","灵霄峡","5人普通",神策暗刺卫,装备,暗刺者上衣,-,
"14","灵霄峡","5人普通",神策暗刺卫,装备,短剑卫士顶戴,-,
"45","灵霄峡","5人英雄",慧钟,装备,虎啸之腕,-,
"45","灵霄峡","5人英雄",慧钟,装备,御赐金冠,-,
"45","灵霄峡","5人英雄",慧钟,装备,摩罗袈裟,-,
"45","灵霄峡","5人英雄",慧钟,装备,华严帽,-,
"45","灵霄峡","5人英雄",慧钟,装备,惮赫头饰,-,
"45","灵霄峡","5人英雄",慧钟,饰品,慧子戒,-,
"45","灵霄峡","5人英雄",慧钟,装备,龙吟束带,-,
"45","灵霄峡","5人英雄",慧钟,武器,鹤虎鎏金镗,-,
"45","灵霄峡","5人英雄",慧钟,武器,佛问,-,
"45","灵霄峡","5人英雄",千叶佛像,装备,千叶袈裟,-,
"45","灵霄峡","5人英雄",千叶佛像,装备,晨钟护手,-,
"45","灵霄峡","5人英雄",千叶佛像,装备,晨钟袍,-,
"45","灵霄峡","5人英雄",千叶佛像,装备,晨钟带,-,
"45","灵霄峡","5人英雄",千叶佛像,装备,散花天女带,-,
"45","灵霄峡","5人英雄",千叶佛像,装备,剑龙护腕,-,
"45","灵霄峡","5人英雄",千叶佛像,饰品,千叶链,-,
"45","灵霄峡","5人英雄",千叶佛像,饰品,佛手坠,-,
"45","灵霄峡","5人英雄",千叶佛像,饰品,扈翼羽饰,-,
"45","灵霄峡","5人英雄",千叶佛像,饰品,舍利链,-,
"45","灵霄峡","5人英雄",千叶佛像,装备,晨钟鞋,-,
"45","灵霄峡","5人英雄",千叶佛像,装备,晨钟帽,-,
"45","灵霄峡","5人英雄",千叶佛像,装备,抱佛履,-,
"45","灵霄峡","5人英雄",千叶佛像,武器,血弦剑,-,
"45","灵霄峡","5人英雄",水中月、镜中花、空中云,武器,须弥柱,-,
"45","灵霄峡","5人英雄",水中月、镜中花、空中云,武器,燕影袭,-,
"45","灵霄峡","5人英雄",水中月、镜中花、空中云,装备,宝树长袍,-,
"45","灵霄峡","5人英雄",水中月、镜中花、空中云,装备,常胜带,-,
"45","灵霄峡","5人英雄",水中月、镜中花、空中云,装备,晨钟护手,-,
"45","灵霄峡","5人英雄",水中月、镜中花、空中云,装备,晨钟帽,-,
"45","灵霄峡","5人英雄",水中月、镜中花、空中云,装备,晨钟鞋,-,
"45","灵霄峡","5人英雄",水中月、镜中花、空中云,装备,晨钟带,-,
"45","灵霄峡","5人英雄",水中月、镜中花、空中云,饰品,木鱼,-,
"45","灵霄峡","5人英雄",水中月、镜中花、空中云,饰品,戒胜,-,
"45","灵霄峡","5人英雄",水中月、镜中花、空中云,饰品,推解坠,-,
"45","灵霄峡","5人英雄",水中月、镜中花、空中云,装备,转依,-,
"45","灵霄峡","5人英雄",水中月、镜中花、空中云,装备,晨钟袍,-,
"45","灵霄峡","5人英雄",水中月、镜中花、空中云,装备,宝树冠,-,
"45","灵霄峡","5人英雄",水中月、镜中花、空中云,武器,探丸古剑,-,
"17","天工坊","5人普通",方季常,武器,智摩棍,-,
"17","天工坊","5人普通",方季常,饰品,聋哑锁链,-,
"17","天工坊","5人普通",方季常,装备,蓬莱冠,-,
"17","天工坊","5人普通",方季常,装备,太白护手,-,
"17","天工坊","5人普通",方季常,饰品,蓬莱密戒,-,
"17","天工坊","5人普通",方季常,饰品,怨刺扳指,-,
"17","天工坊","5人普通",方季常,装备,东海罗带,-,
"17","天工坊","5人普通",平三指,装备,色诏护手,-,
"17","天工坊","5人普通",平三指,装备,四指洒鞋,-,
"17","天工坊","5人普通",平三指,武器,连百镖,-,
"17","天工坊","5人普通",平三指,武器,蓬莱玄机,-,
"17","天工坊","5人普通",平三指,装备,夜阑裤,-,
"17","天工坊","5人普通",平三指,武器,杏林狼毫,-,
"17","天工坊","5人普通",平三指,武器,悼嫉心,-,
"17","天工坊","5人普通",平三指,武器,司徒青竹笛,-,
"17","天工坊","5人普通",震天甲士,装备,思匕帽,-,
"17","天工坊","5人普通",震天甲士,装备,怆恻上衣,-,
"17","天工坊","5人普通",震天甲士,装备,摧心行者,-,
"17","天工坊","5人普通",震天甲士,装备,天工罗衫,-,
"17","天工坊","5人普通",震天甲士,装备,硝石藤腕,-,
"17","天工坊","5人普通",震天甲士,装备,摧心束带,-,
"17","天工坊","5人普通",震天甲士,饰品,药囊,-,
"17","天工坊","5人普通",震天甲士,武器,司徒玲珑笔,-,
"17","天工坊","5人普通",震天甲士,装备,司徒锦裳,-,
"17","天工坊","5人普通",震天甲士,装备,仲永甲靴,-,
"17","天工坊","5人普通",震天甲士,装备,祝殿头饰,-,
"17","天工坊","5人普通",震天甲士,饰品,护伊坠,-,
"17","天工坊","5人普通",华铁颅,装备,华铁晶丝冠,-,
"17","天工坊","5人普通",华铁颅,装备,华铁晶丝带,-,
"17","天工坊","5人普通",华铁颅,装备,华铁晶丝靴,-,
"17","天工坊","5人普通",华铁颅,饰品,玉晶坠,-,
"17","天工坊","5人普通",华铁颅,装备,铁铸华裳,-,
"37","天工坊","5人英雄",煞灵魔尸,武器,蓬莱鲛刃,-,
"37","天工坊","5人英雄",煞灵魔尸,装备,乘龙冠,-,
"37","天工坊","5人英雄",煞灵魔尸,装备,陌上裤,-,
"37","天工坊","5人英雄",煞灵魔尸,装备,千岩云汉履,-,
"37","天工坊","5人英雄",煞灵魔尸,装备,玉竹环带,-,
"37","天工坊","5人英雄",煞灵魔尸,装备,紫夜衣,-,
"37","天工坊","5人英雄",煞灵魔尸,装备,紫夜履,-,
"37","天工坊","5人英雄",煞灵魔尸,饰品,雪胆寒,-,
"37","天工坊","5人英雄",煞灵魔尸,饰品,悬剑戒,-,
"37","天工坊","5人英雄",煞灵魔尸,装备,紫夜腕,-,
"37","天工坊","5人英雄",煞灵魔尸,装备,紫夜带,-,
"37","天工坊","5人英雄",煞灵魔尸,装备,紫夜冠,-,
"37","天工坊","5人英雄",煞灵魔尸,饰品,苏武节,-,
"37","天工坊","5人英雄",煞灵魔尸,武器,百足独行,-,
"37","天工坊","5人英雄",煞灵魔尸,武器,七绝古笛,-,
"37","天工坊","5人英雄",塔玛,装备,苍术护臂,-,
"37","天工坊","5人英雄",塔玛,装备,叶上珠衣,-,
"37","天工坊","5人英雄",塔玛,装备,紫夜腕,-,
"37","天工坊","5人英雄",塔玛,装备,紫夜冠,-,
"37","天工坊","5人英雄",塔玛,装备,紫夜履,-,
"37","天工坊","5人英雄",塔玛,装备,紫夜带,-,
"37","天工坊","5人英雄",塔玛,装备,塔玛的裤子,-,
"37","天工坊","5人英雄",塔玛,饰品,忘筌,-,
"37","天工坊","5人英雄",塔玛,装备,紫夜衣,-,
"37","天工坊","5人英雄",塔玛,饰品,苏合香,-,
"37","天工坊","5人英雄",塔玛,装备,沈香裳,-,
"37","天工坊","5人英雄",塔玛,装备,九变头盔,-,
"37","天工坊","5人英雄",塔玛,武器,七煞天罗,-,
"37","天工坊","5人英雄",塔玛,饰品,翼蟾巨戒,-,
"37","天工坊","5人英雄",塔玛,饰品,十指苔,-,
"37","天工坊","5人英雄",塔玛,饰品,泷雾青玉坠,-,
"37","天工坊","5人英雄",司徒一一,武器,六和曲笔,-,
"37","天工坊","5人英雄",司徒一一,武器,九尾,-,
"37","天工坊","5人英雄",司徒一一,武器,万里长城枪,-,
"37","天工坊","5人英雄",司徒一一,武器,霸王重剑,-,
"37","天工坊","5人英雄",司徒一一,装备,无由护手,-,
"37","天工坊","5人英雄",司徒一一,装备,旋复衫,-,
"37","天工坊","5人英雄",司徒一一,装备,络石藤鞋,-,
"37","天工坊","5人英雄",司徒一一,装备,紫夜腕,-,
"37","天工坊","5人英雄",司徒一一,装备,紫夜衣,-,
"37","天工坊","5人英雄",司徒一一,装备,紫夜履,-,
"37","天工坊","5人英雄",司徒一一,装备,紫夜带,-,
"37","天工坊","5人英雄",司徒一一,装备,蝎甲腰带,-,
"37","天工坊","5人英雄",司徒一一,饰品,水蔓菁玄,-,
"37","天工坊","5人英雄",司徒一一,装备,怨笛衫,-,
"37","天工坊","5人英雄",司徒一一,饰品,霸王钳,-,
"37","天工坊","5人英雄",司徒一一,装备,紫夜冠,-,
"18","无盐岛","5人普通",罗翼,装备,湖流护腿,-,
"18","无盐岛","5人普通",罗翼,装备,冠莲带,-,
"18","无盐岛","5人普通",罗翼,武器,妖匕剑,-,
"18","无盐岛","5人普通",罗翼,武器,漪流笛,-,
"18","无盐岛","5人普通",罗翼,武器,涟纹笛,-,
"18","无盐岛","5人普通",罗翼,装备,海蛇甲,-,
"18","无盐岛","5人普通",罗翼,饰品,蛛红戒,-,
"18","无盐岛","5人普通",罗翼,武器,黑狼濠,-,
"18","无盐岛","5人普通",罗翼,装备,残狼发饰,-,
"18","无盐岛","5人普通",常万山,武器,暴梨针,-,
"18","无盐岛","5人普通",常万山,武器,岚曦,-,
"18","无盐岛","5人普通",常万山,武器,地煞矛,-,
"18","无盐岛","5人普通",常万山,饰品,醉枝吊坠,-,
"18","无盐岛","5人普通",常万山,武器,痕酒囊,-,
"18","无盐岛","5人普通",常万山,装备,失慧腰带,-,
"18","无盐岛","5人普通",常万山,装备,欲炎护手,-,
"18","无盐岛","5人普通",常万山,饰品,清风吊坠,-,
"18","无盐岛","5人普通",杜姬欣,装备,绛雪鞋,-,
"18","无盐岛","5人普通",杜姬欣,武器,斗魁短剑,-,
"18","无盐岛","5人普通",杜姬欣,武器,灵鹦,-,
"18","无盐岛","5人普通",杜姬欣,武器,星变摹铭,-,
"18","无盐岛","5人普通",杜姬欣,装备,灵曜护腕,-,
"18","无盐岛","5人普通",杜姬欣,饰品,腰刀,-,
"18","无盐岛","5人普通",杜姬欣,饰品,黑琥珀骨牙,-,
"18","无盐岛","5人普通",杜姬欣,装备,怜玉衫,-,
"18","无盐岛","5人普通",温纱儿,饰品,修真石指环,-,
"18","无盐岛","5人普通",温纱儿,饰品,风雅刺客吊坠,-,
"18","无盐岛","5人普通",温纱儿,装备,雅士护卫靴,-,
"18","无盐岛","5人普通",温纱儿,装备,徽明上衣,-,
"18","无盐岛","5人普通",温纱儿,装备,早秋裤,-,
"18","无盐岛","5人普通",温纱儿,装备,徽明护手,-,
"41","无盐岛","5人英雄",罗翼,饰品,白驹,-,
"41","无盐岛","5人英雄",罗翼,饰品,浮云无定,-,
"41","无盐岛","5人英雄",罗翼,武器,灵胥囊,-,
"41","无盐岛","5人英雄",罗翼,武器,育圣囊,-,
"41","无盐岛","5人英雄",罗翼,装备,折梅带,-,
"41","无盐岛","5人英雄",罗翼,装备,虎韬甲,-,
"41","无盐岛","5人英雄",罗翼,饰品,青兮雨,-,
"41","无盐岛","5人英雄",罗翼,装备,醉尉冠,-,
"41","无盐岛","5人英雄",罗翼,武器,百里枫花,-,
"41","无盐岛","5人英雄",庞虎文,饰品,相忘,-,
"41","无盐岛","5人英雄",庞虎文,武器,千里追魂,-,
"41","无盐岛","5人英雄",庞虎文,装备,剑明护手,-,
"41","无盐岛","5人英雄",庞虎文,装备,惊鸿丝履,-,
"41","无盐岛","5人英雄",庞虎文,装备,明君绣带,-,
"41","无盐岛","5人英雄",庞虎文,装备,济川护腿,-,
"41","无盐岛","5人英雄",庞虎文,装备,溪雨腰带,-,
"41","无盐岛","5人英雄",庞虎文,装备,溪雨钗,-,
"41","无盐岛","5人英雄",庞虎文,武器,碧蚕笛,-,
"41","无盐岛","5人英雄",庞虎文,装备,溪雨衣,-,
"41","无盐岛","5人英雄",庞虎文,装备,溪雨腕,-,
"41","无盐岛","5人英雄",庞虎文,装备,九疑帝子裤,-,
"41","无盐岛","5人英雄",庞虎文,装备,双燕离,-,
"41","无盐岛","5人英雄",庞虎文,武器,紫金,-,
"41","无盐岛","5人英雄",庞虎文,装备,溪雨鞋,-,
"41","无盐岛","5人英雄",杨心羽,装备,溪雨腰带,-,
"41","无盐岛","5人英雄",杨心羽,饰品,传灯戒,-,
"41","无盐岛","5人英雄",杨心羽,武器,逝川流光,-,
"41","无盐岛","5人英雄",杨心羽,武器,婵娟,-,
"41","无盐岛","5人英雄",杨心羽,武器,博浪巨剑,-,
"41","无盐岛","5人英雄",杨心羽,装备,金革护手,-,
"41","无盐岛","5人英雄",杨心羽,装备,婆娑,-,
"41","无盐岛","5人英雄",杨心羽,装备,易水靴,-,
"41","无盐岛","5人英雄",杨心羽,装备,溪雨腕,-,
"41","无盐岛","5人英雄",杨心羽,饰品,悦,-,
"41","无盐岛","5人英雄",杨心羽,装备,溪雨钗,-,
"41","无盐岛","5人英雄",杨心羽,装备,涅槃护腿,-,
"41","无盐岛","5人英雄",杨心羽,装备,溪雨衣,-,
"41","无盐岛","5人英雄",杨心羽,装备,溪雨鞋,-,
"19","空雾峰","5人普通",冯度,武器,辟寒刀,-,
"19","空雾峰","5人普通",冯度,装备,会盟腰带,-,
"19","空雾峰","5人普通",冯度,装备,避戒靴,-,
"19","空雾峰","5人普通",冯度,饰品,冬鸣坠,-,
"19","空雾峰","5人普通",冯度,装备,忆纯裤,-,
"19","空雾峰","5人普通",冯度,饰品,悬门,-,
"19","空雾峰","5人普通",王彦直,装备,虎寒靴,-,
"19","空雾峰","5人普通",王彦直,饰品,百战坠,-,
"19","空雾峰","5人普通",王彦直,武器,锁枪棍,-,
"19","空雾峰","5人普通",王彦直,装备,刺铭鞋,-,
"19","空雾峰","5人普通",王彦直,装备,神衙顶带,-,
"19","空雾峰","5人普通",王彦直,装备,风铁护腿,-,
"19","空雾峰","5人普通",鬼影小次郎,武器,千叶,-,
"19","空雾峰","5人普通",鬼影小次郎,武器,双界爱染,-,
"19","空雾峰","5人普通",鬼影小次郎,装备,修行护手,-,
"19","空雾峰","5人普通",鬼影小次郎,装备,意搏腰带,-,
"19","空雾峰","5人普通",鬼影小次郎,装备,仲永束带,-,
"19","空雾峰","5人普通",鬼影小次郎,饰品,号角,-,
"19","空雾峰","5人普通",鬼影小次郎,装备,天云服,-,
"19","空雾峰","5人普通",鬼影小次郎,饰品,斩石护符,-,
"19","空雾峰","5人普通",鲁飞,饰品,偷天玉指环,-,
"19","空雾峰","5人普通",鲁飞,装备,刺盗之装,-,
"19","空雾峰","5人普通",鲁飞,装备,珠环铁腕,-,
"19","空雾峰","5人普通",鲁飞,装备,架刀盗贼腰带,-,
"19","空雾峰","5人普通",鲁飞,装备,侠盗之装,-,
"43","空雾峰","5人英雄",夕罗双,装备,金丹护腕,-,
"43","空雾峰","5人英雄",夕罗双,装备,移香忍装,-,
"43","空雾峰","5人英雄",夕罗双,装备,半藏带,-,
"43","空雾峰","5人英雄",夕罗双,装备,半藏冠,-,
"43","空雾峰","5人英雄",夕罗双,装备,陇梅护手,-,
"43","空雾峰","5人英雄",夕罗双,饰品,藏戒,-,
"43","空雾峰","5人英雄",夕罗双,饰品,凝链,-,
"43","空雾峰","5人英雄",夕罗双,饰品,鬼面坠,-,
"43","空雾峰","5人英雄",夕罗双,装备,白阳崎歌袍,-,
"43","空雾峰","5人英雄",夕罗双,武器,镜中鸾,-,
"43","空雾峰","5人英雄",藤原樱奈,武器,云笈,-,
"43","空雾峰","5人英雄",藤原樱奈,装备,剑士巾,-,
"43","空雾峰","5人英雄",藤原樱奈,装备,阴木屐,-,
"43","空雾峰","5人英雄",藤原樱奈,装备,剑士靴,-,
"43","空雾峰","5人英雄",藤原樱奈,装备,飞锡带,-,
"43","空雾峰","5人英雄",藤原樱奈,装备,香木屐,-,
"43","空雾峰","5人英雄",藤原樱奈,装备,伊势流道服,-,
"43","空雾峰","5人英雄",藤原樱奈,武器,四时木,-,
"43","空雾峰","5人英雄",梅剑雄,武器,鼎器,-,
"43","空雾峰","5人英雄",梅剑雄,武器,参同契,-,
"43","空雾峰","5人英雄",梅剑雄,武器,心猿意马棍,-,
"43","空雾峰","5人英雄",梅剑雄,武器,鱼服困,-,
"43","空雾峰","5人英雄",梅剑雄,装备,梅冠,-,
"43","空雾峰","5人英雄",梅剑雄,装备,梅裳,-,
"43","空雾峰","5人英雄",梅剑雄,装备,沐雪腕,-,
"43","空雾峰","5人英雄",梅剑雄,装备,怀雪腕,-,
"43","空雾峰","5人英雄",梅剑雄,装备,怀雪冠,-,
"43","空雾峰","5人英雄",梅剑雄,装备,沐雪衣,-,
"43","空雾峰","5人英雄",梅剑雄,装备,怀雪衣,-,
"43","空雾峰","5人英雄",梅剑雄,装备,怀雪履,-,
"43","空雾峰","5人英雄",梅剑雄,装备,沐雪带,-,
"43","空雾峰","5人英雄",梅剑雄,饰品,卿,-,
"43","空雾峰","5人英雄",梅剑雄,装备,怀雪带,-,
"43","空雾峰","5人英雄",梅剑雄,装备,沐雪履,-,
"43","空雾峰","5人英雄",梅剑雄,装备,沐雪冠,-,
"43","空雾峰","5人英雄",梅剑雄,装备,梅衫,-,
"43","空雾峰","5人英雄",梅剑雄,装备,梅花护臂,-,
"20","天地三才阵","5人普通",人熊,武器,雾灵双刃,-,
"20","天地三才阵","5人普通",人熊,装备,人熊护手,-,
"20","天地三才阵","5人普通",人熊,装备,振峰带,-,
"20","天地三才阵","5人普通",人熊,饰品,兽王玉戒,-,
"20","天地三才阵","5人普通",人熊,饰品,灭蒙骨坠,-,
"20","天地三才阵","5人普通",人熊,饰品,熊罴戒,-,
"20","天地三才阵","5人普通",人熊,饰品,护心镜,-,
"20","天地三才阵","5人普通",邓文峰,武器,虎牙刀,-,
"20","天地三才阵","5人普通",邓文峰,装备,三才胫甲,-,
"20","天地三才阵","5人普通",邓文峰,装备,文峰战靴,-,
"20","天地三才阵","5人普通",邓文峰,装备,长银鞋,-,
"20","天地三才阵","5人普通",邓文峰,饰品,将军坠,-,
"20","天地三才阵","5人普通",邓文峰,饰品,坤坎链,-,
"20","天地三才阵","5人普通",商仲永,武器,凤纹刀,-,
"20","天地三才阵","5人普通",商仲永,装备,凤梧盔,-,
"20","天地三才阵","5人普通",商仲永,装备,凤梧束带,-,
"20","天地三才阵","5人普通",商仲永,饰品,秋剑,-,
"20","天地三才阵","5人普通",商仲永,饰品,六韬纹坠,-,
"20","天地三才阵","5人普通",商仲永,装备,倾城衣,-,
"20","天地三才阵","5人普通",商仲永,装备,仲永长衫,-,
"20","天地三才阵","5人普通",商仲永,装备,逆鳞宝铠,-,
"20","天地三才阵","5人普通",李千水,装备,千水顶戴,-,
"20","天地三才阵","5人普通",李千水,装备,武煌甲,-,
"20","天地三才阵","5人普通",李千水,装备,武煌靴,-,
"20","天地三才阵","5人普通",李千水,饰品,玉流戒,-,
"20","天地三才阵","5人普通",李千水,饰品,武煌坠饰,-,
"36","天地三才阵","5人英雄",范霸,装备,龙朔带,-,
"36","天地三才阵","5人英雄",范霸,装备,唐棣护手,-,
"36","天地三才阵","5人英雄",范霸,装备,唐棣铠,-,
"36","天地三才阵","5人英雄",范霸,装备,唐棣靴,-,
"36","天地三才阵","5人英雄",范霸,饰品,浩然戒,-,
"36","天地三才阵","5人英雄",范霸,装备,唐棣冠,-,
"36","天地三才阵","5人英雄",范霸,饰品,梦蝶,-,
"36","天地三才阵","5人英雄",范霸,装备,范霸皮靴,-,
"36","天地三才阵","5人英雄",范霸,装备,班女怨,-,
"36","天地三才阵","5人英雄",范霸,装备,唐棣带,-,
"36","天地三才阵","5人英雄",范霸,装备,凌波靴,-,
"36","天地三才阵","5人英雄",范霸,武器,鸟云山兵,-,
"36","天地三才阵","5人英雄",范霸,武器,落花风舞,-,
"36","天地三才阵","5人英雄",赵天龙备份,装备,武侯御甲,-,
"36","天地三才阵","5人英雄",赵天龙,装备,唐棣护手,-,
"36","天地三才阵","5人英雄",赵天龙备份,装备,唐棣护手,-,
"36","天地三才阵","5人英雄",赵天龙,装备,唐棣冠,-,
"36","天地三才阵","5人英雄",赵天龙备份,装备,唐棣铠,-,
"36","天地三才阵","5人英雄",赵天龙,装备,唐棣靴,-,
"36","天地三才阵","5人英雄",赵天龙备份,装备,唐棣靴,-,
"36","天地三才阵","5人英雄",赵天龙,装备,唐棣带,-,
"36","天地三才阵","5人英雄",赵天龙备份,装备,唐棣带,-,
"36","天地三才阵","5人英雄",赵天龙,装备,腾龙腰带,-,
"36","天地三才阵","5人英雄",赵天龙备份,装备,腾龙腰带,-,
"36","天地三才阵","5人英雄",赵天龙备份,装备,权门拥,-,
"36","天地三才阵","5人英雄",赵天龙,装备,权门拥,-,
"36","天地三才阵","5人英雄",赵天龙,饰品,乘风戒,-,
"36","天地三才阵","5人英雄",赵天龙,饰品,若水,-,
"36","天地三才阵","5人英雄",赵天龙,装备,唐棣铠,-,
"36","天地三才阵","5人英雄",赵天龙备份,装备,唐棣冠,-,
"36","天地三才阵","5人英雄",赵天龙,装备,渭水靴,-,
"36","天地三才阵","5人英雄",赵天龙,装备,武侯御甲,-,
"36","天地三才阵","5人英雄",赵天龙,武器,涸鱼囊,-,
"36","天地三才阵","5人英雄",赵天龙,武器,鸿烈千机,-,
"36","天地三才阵","5人英雄",赵天龙,装备,吴峰铁腕,-,
"36","天地三才阵","5人英雄",赵天龙备份,装备,吴峰铁腕,-,
"36","天地三才阵","5人英雄",赵天龙,装备,萦尘集羽,-,
"36","天地三才阵","5人英雄",赵天龙备份,装备,萦尘集羽,-,
"36","天地三才阵","5人英雄",朴宗资,装备,清静束腰,-,
"36","天地三才阵","5人英雄",朴宗资备份,装备,唐棣护手,-,
"36","天地三才阵","5人英雄",朴宗资,装备,唐棣冠,-,
"36","天地三才阵","5人英雄",朴宗资备份,装备,唐棣冠,-,
"36","天地三才阵","5人英雄",朴宗资,装备,唐棣铠,-,
"36","天地三才阵","5人英雄",朴宗资,装备,唐棣带,-,
"36","天地三才阵","5人英雄",朴宗资,饰品,戏春风,-,
"36","天地三才阵","5人英雄",朴宗资,饰品,果缚链,-,
"36","天地三才阵","5人英雄",朴宗资备份,装备,唐棣铠,-,
"36","天地三才阵","5人英雄",朴宗资备份,饰品,戏春风,-,
"36","天地三才阵","5人英雄",朴宗资,装备,唐棣靴,-,
"36","天地三才阵","5人英雄",朴宗资,饰品,霸王弩,-,
"36","天地三才阵","5人英雄",朴宗资备份,饰品,霸王弩,-,
"36","天地三才阵","5人英雄",朴宗资,装备,唐棣护手,-,
"36","天地三才阵","5人英雄",朴宗资,装备,太公宝甲,-,
"36","天地三才阵","5人英雄",朴宗资备份,饰品,果缚链,-,
"36","天地三才阵","5人英雄",朴宗资,装备,吴起帽,-,
"36","天地三才阵","5人英雄",朴宗资,武器,丈八蛇矛,-,
"36","天地三才阵","5人英雄",朴宗资备份,武器,恻吟剑,-,
"36","天地三才阵","5人英雄",朴宗资备份,武器,丈八蛇矛,-,
"36","天地三才阵","5人英雄",朴宗资,武器,恻吟剑,-,
"36","天地三才阵","5人英雄",朴宗资,装备,羲和,-,
"26","荻花宫前山","5人普通",阿里曼监察使,饰品,夜玲坠,-,
"26","荻花宫前山","5人普通",阿里曼监察使,武器,阿里曼古笛,-,
"26","荻花宫前山","5人普通",阿里曼监察使,装备,圣火炎,-,
"26","荻花宫前山","5人普通",阿里曼监察使,装备,圣火腰带,-,
"26","荻花宫前山","5人普通",阿里曼监察使,装备,圣火长裤,-,
"26","荻花宫前山","5人普通",阿里曼监察使,装备,圣火云裳,-,
"26","荻花宫前山","5人普通",阿里曼监察使,装备,炎毒缠,-,
"26","荻花宫前山","5人普通",阿里曼监察使,装备,巫茅护腰,-,
"26","荻花宫前山","5人普通",阿里曼监察使,饰品,圣火戒指,-,
"26","荻花宫前山","5人普通",阿里曼监察使,武器,圣火棍,-,
"26","荻花宫前山","5人普通",阿里曼入教主祭司,武器,阿里曼越秀双剑,-,
"26","荻花宫前山","5人普通",阿里曼入教主祭司,饰品,斩相思,-,
"26","荻花宫前山","5人普通",阿里曼入教主祭司,饰品,阿里曼角戒,-,
"26","荻花宫前山","5人普通",阿里曼入教主祭司,装备,夙诺长袍,-,
"26","荻花宫前山","5人普通",阿里曼入教主祭司,武器,恋战囊,-,
"26","荻花宫前山","5人普通",阿里曼入教主祭司,装备,阿里曼凯旋腿甲,-,
"26","荻花宫前山","5人普通",阿里曼入教主祭司,武器,阿里曼银雷,-,
"26","荻花宫前山","5人普通",阿里曼入教主祭司,装备,延惑长袖,-,
"26","荻花宫前山","5人普通",阿里曼入教主祭司,装备,潜寐黄泉,-,
"26","荻花宫前山","5人普通",阿里曼入教主祭司,武器,阿里曼飞镖,-,
"26","荻花宫前山","5人普通",阿里曼入教主祭司,武器,阿里曼主祭笔,-,
"26","荻花宫前山","5人普通",卫栖梧,武器,婧衣的佩剑,-,
"26","荻花宫前山","5人普通",卫栖梧,武器,从来不用,-,
"26","荻花宫前山","5人普通",卫栖梧,装备,侠盗护臂,-,
"26","荻花宫前山","5人普通",卫栖梧,装备,萧雨护手,-,
"26","荻花宫前山","5人普通",卫栖梧,装备,无心向佛,-,
"26","荻花宫前山","5人普通",卫栖梧,武器,无影匣,-,
"26","荻花宫前山","5人普通",卫栖梧,饰品,碎心链,-,
"26","荻花宫前山","5人普通",卫栖梧,饰品,睹物思人,-,
"26","荻花宫前山","5人普通",沙利亚,饰品,控心石链,-,
"26","荻花宫前山","5人普通",沙利亚,武器,斩影,-,
"26","荻花宫前山","5人普通",沙利亚,武器,雕心,-,
"26","荻花宫前山","5人普通",沙利亚,装备,真阳护手,-,
"26","荻花宫前山","5人普通",沙利亚,装备,琼花锦衣,-,
"26","荻花宫前山","5人普通",沙利亚,装备,苏绣云靴,-,
"26","荻花宫前山","5人普通",沙利亚,装备,金刚束带,-,
"26","荻花宫前山","5人普通",沙利亚,装备,琼花冠,-,
"26","荻花宫前山","5人普通",沙利亚,饰品,腰鼓,-,
"26","荻花宫前山","5人普通",阿斯玛,饰品,行太极,-,
"26","荻花宫前山","5人普通",阿斯玛,饰品,一心向佛,-,
"26","荻花宫前山","5人普通",阿斯玛,装备,广袖云裳,-,
"26","荻花宫前山","5人普通",阿斯玛,装备,霸王靴,-,
"26","荻花宫前山","5人普通",阿斯玛,装备,石击带,-,
"26","荻花宫前山","5人普通",阿斯玛,装备,彩墨护手,-,
"26","荻花宫前山","5人普通",阿斯玛,装备,焕心带,-,
"26","荻花宫前山","5人普通",阿斯玛,装备,铁布缠腰,-,
"26","荻花宫前山","5人普通",阿斯玛,装备,书画乾坤,-,
"26","荻花宫前山","5人普通",阿斯玛,装备,神女无心,-,
"26","荻花宫前山","5人普通",阿斯玛,装备,立地成佛,-,
"40","荻花宫前山","5人英雄",阿里曼监察使,武器,黛雪剑,-,
"40","荻花宫前山","5人英雄",阿里曼监察使,武器,止水剑,-,
"40","荻花宫前山","5人英雄",阿里曼监察使,武器,横江锁,-,
"40","荻花宫前山","5人英雄",阿里曼监察使,武器,飞星流彩,-,
"40","荻花宫前山","5人英雄",阿里曼监察使,武器,猿骨笛,-,
"40","荻花宫前山","5人英雄",阿里曼监察使,武器,盘龙齐眉棍,-,
"40","荻花宫前山","5人英雄",阿里曼监察使,武器,解龙,-,
"40","荻花宫前山","5人英雄",阿里曼监察使,武器,终风,-,
"40","荻花宫前山","5人英雄",阿里曼监察使,装备,铁臂护手,-,
"40","荻花宫前山","5人英雄",阿里曼监察使,装备,尊者袍,-,
"40","荻花宫前山","5人英雄",阿里曼监察使,装备,伏虎细带,-,
"40","荻花宫前山","5人英雄",阿里曼监察使,装备,方瞳人顶戴,-,
"40","荻花宫前山","5人英雄",阿里曼监察使,装备,镜月锦袖,-,
"40","荻花宫前山","5人英雄",阿里曼监察使,装备,澈露头饰,-,
"40","荻花宫前山","5人英雄",阿里曼监察使,饰品,太极扳指,-,
"40","荻花宫前山","5人英雄",阿里曼监察使,饰品,凤舞坠,-,
"40","荻花宫前山","5人英雄",阿里曼监察使,装备,垂裳护腕,-,
"40","荻花宫前山","5人英雄",阿里曼监察使,装备,摄魂冠,-,
"40","荻花宫前山","5人英雄",阿里曼监察使,武器,秋隼啸,-,
"40","荻花宫前山","5人英雄",阿里曼监察使,武器,蜮影劫,-,
"40","荻花宫前山","5人英雄",阿里曼监察使,武器,竹夜卿,-,
"40","荻花宫前山","5人英雄",阿里曼监察使,武器,绪柳雅,-,
"40","荻花宫前山","5人英雄",阿里曼监察使,武器,孤行,-,
"40","荻花宫前山","5人英雄",阿里曼监察使,武器,听风,-,
"40","荻花宫前山","5人英雄",阿里曼监察使,武器,忆秋,-,
"40","荻花宫前山","5人英雄",阿里曼监察使,武器,凝霜,-,
"40","荻花宫前山","5人英雄",阿里曼监察使,武器,醉卧幽梦,-,
"40","荻花宫前山","5人英雄",阿里曼监察使,武器,一夜飞霜,-,
"40","荻花宫前山","5人英雄",阿里曼监察使,武器,悲华剑,-,
"40","荻花宫前山","5人英雄",阿里曼监察使,武器,问皓剑,-,
"40","荻花宫前山","5人英雄",阿里曼监察使,武器,古德僧棍,-,
"40","荻花宫前山","5人英雄",阿里曼监察使,武器,静徐佛杖,-,
"40","荻花宫前山","5人英雄",阿里曼监察使,武器,奈何清风,-,
"40","荻花宫前山","5人英雄",阿里曼监察使,武器,池鱼思渊,-,
"40","荻花宫前山","5人英雄",阿里曼监察使,武器,轻侯,-,
"40","荻花宫前山","5人英雄",阿里曼监察使,武器,帝恨,-,
"40","荻花宫前山","5人英雄",阿里曼监察使,武器,伏鹰枪,-,
"40","荻花宫前山","5人英雄",阿里曼监察使,武器,恶蛟双钩,-,
"40","荻花宫前山","5人英雄",阿里曼监察使,武器,侠士的配剑,-,
"40","荻花宫前山","5人英雄",阿里曼监察使,武器,黑杀棍,-,
"40","荻花宫前山","5人英雄",阿里曼监察使,武器,孤心笔,-,
"40","荻花宫前山","5人英雄",阿里曼入教主祭司,武器,生死符,-,
"40","荻花宫前山","5人英雄",阿里曼入教主祭司,武器,生死匣,-,
"40","荻花宫前山","5人英雄",阿里曼入教主祭司,武器,孤心笔,-,
"40","荻花宫前山","5人英雄",阿里曼入教主祭司,武器,黑杀棍,-,
"40","荻花宫前山","5人英雄",阿里曼入教主祭司,武器,黛雪剑,-,
"40","荻花宫前山","5人英雄",阿里曼入教主祭司,武器,止水剑,-,
"40","荻花宫前山","5人英雄",阿里曼入教主祭司,武器,阿里曼追魂枪,-,
"40","荻花宫前山","5人英雄",阿里曼入教主祭司,武器,横江锁,-,
"40","荻花宫前山","5人英雄",阿里曼入教主祭司,武器,帝恨,-,
"40","荻花宫前山","5人英雄",阿里曼入教主祭司,武器,轻侯,-,
"40","荻花宫前山","5人英雄",阿里曼入教主祭司,武器,池鱼思渊,-,
"40","荻花宫前山","5人英雄",阿里曼入教主祭司,武器,奈何清风,-,
"40","荻花宫前山","5人英雄",阿里曼入教主祭司,武器,静徐佛杖,-,
"40","荻花宫前山","5人英雄",阿里曼入教主祭司,武器,古德僧棍,-,
"40","荻花宫前山","5人英雄",阿里曼入教主祭司,武器,问皓剑,-,
"40","荻花宫前山","5人英雄",阿里曼入教主祭司,武器,悲华剑,-,
"40","荻花宫前山","5人英雄",阿里曼入教主祭司,武器,一夜飞霜,-,
"40","荻花宫前山","5人英雄",阿里曼入教主祭司,武器,醉卧幽梦,-,
"40","荻花宫前山","5人英雄",阿里曼入教主祭司,武器,凝霜,-,
"40","荻花宫前山","5人英雄",阿里曼入教主祭司,武器,忆秋,-,
"40","荻花宫前山","5人英雄",阿里曼入教主祭司,武器,听风,-,
"40","荻花宫前山","5人英雄",阿里曼入教主祭司,武器,孤行,-,
"40","荻花宫前山","5人英雄",阿里曼入教主祭司,武器,绪柳雅,-,
"40","荻花宫前山","5人英雄",阿里曼入教主祭司,武器,竹夜卿,-,
"40","荻花宫前山","5人英雄",阿里曼入教主祭司,武器,蜮影劫,-,
"40","荻花宫前山","5人英雄",阿里曼入教主祭司,武器,秋隼啸,-,
"40","荻花宫前山","5人英雄",阿里曼入教主祭司,武器,解龙,-,
"40","荻花宫前山","5人英雄",阿里曼入教主祭司,武器,终风,-,
"40","荻花宫前山","5人英雄",阿里曼入教主祭司,装备,聚魂长裤,-,
"40","荻花宫前山","5人英雄",阿里曼入教主祭司,饰品,青墨戒指,-,
"40","荻花宫前山","5人英雄",阿里曼入教主祭司,饰品,一丸封,-,
"40","荻花宫前山","5人英雄",阿里曼入教主祭司,饰品,聚力指环,-,
"40","荻花宫前山","5人英雄",阿里曼入教主祭司,饰品,冰轮指环,-,
"40","荻花宫前山","5人英雄",阿里曼入教主祭司,饰品,澈露项饰,-,
"40","荻花宫前山","5人英雄",阿里曼入教主祭司,饰品,燃墨,-,
"40","荻花宫前山","5人英雄",阿里曼入教主祭司,装备,澈露履,-,
"40","荻花宫前山","5人英雄",阿里曼入教主祭司,装备,聚力靴,-,
"40","荻花宫前山","5人英雄",阿里曼入教主祭司,武器,伏鹰枪,-,
"40","荻花宫前山","5人英雄",阿里曼入教主祭司,武器,盘龙齐眉棍,-,
"40","荻花宫前山","5人英雄",阿里曼入教主祭司,武器,猿骨笛,-,
"40","荻花宫前山","5人英雄",阿里曼入教主祭司,武器,飞星流彩,-,
"40","荻花宫前山","5人英雄",阿里曼入教主祭司,武器,恶蛟双钩,-,
"40","荻花宫前山","5人英雄",卫栖梧,武器,孤心笔,-,
"40","荻花宫前山","5人英雄",卫栖梧,武器,横江锁,-,
"40","荻花宫前山","5人英雄",卫栖梧,武器,恶蛟双钩,-,
"40","荻花宫前山","5人英雄",卫栖梧,武器,飞星流彩,-,
"40","荻花宫前山","5人英雄",卫栖梧,武器,猿骨笛,-,
"40","荻花宫前山","5人英雄",卫栖梧,武器,伏鹰枪,-,
"40","荻花宫前山","5人英雄",卫栖梧,武器,帝恨,-,
"40","荻花宫前山","5人英雄",卫栖梧,武器,轻侯,-,
"40","荻花宫前山","5人英雄",卫栖梧,武器,奈何清风,-,
"40","荻花宫前山","5人英雄",卫栖梧,武器,静徐佛杖,-,
"40","荻花宫前山","5人英雄",卫栖梧,武器,古德僧棍,-,
"40","荻花宫前山","5人英雄",卫栖梧,武器,悲华剑,-,
"40","荻花宫前山","5人英雄",卫栖梧,武器,一夜飞霜,-,
"40","荻花宫前山","5人英雄",卫栖梧,武器,醉卧幽梦,-,
"40","荻花宫前山","5人英雄",卫栖梧,武器,忆秋,-,
"40","荻花宫前山","5人英雄",卫栖梧,武器,听风,-,
"40","荻花宫前山","5人英雄",卫栖梧,武器,孤行,-,
"40","荻花宫前山","5人英雄",卫栖梧,武器,竹夜卿,-,
"40","荻花宫前山","5人英雄",卫栖梧,武器,蜮影劫,-,
"40","荻花宫前山","5人英雄",卫栖梧,武器,秋隼啸,-,
"40","荻花宫前山","5人英雄",卫栖梧,装备,疾风护臂,-,
"40","荻花宫前山","5人英雄",卫栖梧,装备,尊者帽,-,
"40","荻花宫前山","5人英雄",卫栖梧,装备,泰山铁靴,-,
"40","荻花宫前山","5人英雄",卫栖梧,装备,楼上元龙护手,-,
"40","荻花宫前山","5人英雄",卫栖梧,装备,疾风轻甲,-,
"40","荻花宫前山","5人英雄",卫栖梧,饰品,气阀,-,
"40","荻花宫前山","5人英雄",卫栖梧,装备,聚魂缠腰,-,
"40","荻花宫前山","5人英雄",卫栖梧,装备,青墨裤,-,
"40","荻花宫前山","5人英雄",卫栖梧,装备,八卦袍,-,
"40","荻花宫前山","5人英雄",卫栖梧,武器,终风,-,
"40","荻花宫前山","5人英雄",卫栖梧,武器,解龙,-,
"40","荻花宫前山","5人英雄",卫栖梧,武器,绪柳雅,-,
"40","荻花宫前山","5人英雄",卫栖梧,武器,凝霜,-,
"40","荻花宫前山","5人英雄",卫栖梧,武器,问皓剑,-,
"40","荻花宫前山","5人英雄",卫栖梧,武器,池鱼思渊,-,
"40","荻花宫前山","5人英雄",卫栖梧,武器,盘龙齐眉棍,-,
"40","荻花宫前山","5人英雄",卫栖梧,武器,止水剑,-,
"40","荻花宫前山","5人英雄",卫栖梧,武器,黛雪剑,-,
"40","荻花宫前山","5人英雄",卫栖梧,武器,黑杀棍,-,
"40","荻花宫前山","5人英雄",沙利亚,武器,孤心笔,-,
"40","荻花宫前山","5人英雄",沙利亚,武器,黑杀棍,-,
"40","荻花宫前山","5人英雄",沙利亚,武器,黛雪剑,-,
"40","荻花宫前山","5人英雄",沙利亚,武器,止水剑,-,
"40","荻花宫前山","5人英雄",沙利亚,武器,魅惑双剑,-,
"40","荻花宫前山","5人英雄",沙利亚,武器,恶蛟双钩,-,
"40","荻花宫前山","5人英雄",沙利亚,武器,飞星流彩,-,
"40","荻花宫前山","5人英雄",沙利亚,武器,猿骨笛,-,
"40","荻花宫前山","5人英雄",沙利亚,武器,盘龙齐眉棍,-,
"40","荻花宫前山","5人英雄",沙利亚,武器,伏鹰枪,-,
"40","荻花宫前山","5人英雄",沙利亚,武器,红衣重剑,-,
"40","荻花宫前山","5人英雄",沙利亚,武器,帝恨,-,
"40","荻花宫前山","5人英雄",沙利亚,武器,轻侯,-,
"40","荻花宫前山","5人英雄",沙利亚,武器,池鱼思渊,-,
"40","荻花宫前山","5人英雄",沙利亚,武器,奈何清风,-,
"40","荻花宫前山","5人英雄",沙利亚,武器,静徐佛杖,-,
"40","荻花宫前山","5人英雄",沙利亚,武器,古德僧棍,-,
"40","荻花宫前山","5人英雄",沙利亚,武器,问皓剑,-,
"40","荻花宫前山","5人英雄",沙利亚,武器,悲华剑,-,
"40","荻花宫前山","5人英雄",沙利亚,武器,一夜飞霜,-,
"40","荻花宫前山","5人英雄",沙利亚,武器,醉卧幽梦,-,
"40","荻花宫前山","5人英雄",沙利亚,武器,凝霜,-,
"40","荻花宫前山","5人英雄",沙利亚,武器,忆秋,-,
"40","荻花宫前山","5人英雄",沙利亚,武器,听风,-,
"40","荻花宫前山","5人英雄",沙利亚,武器,孤行,-,
"40","荻花宫前山","5人英雄",沙利亚,武器,竹夜卿,-,
"40","荻花宫前山","5人英雄",沙利亚,武器,蜮影劫,-,
"40","荻花宫前山","5人英雄",沙利亚,武器,秋隼啸,-,
"40","荻花宫前山","5人英雄",沙利亚,武器,终风,-,
"40","荻花宫前山","5人英雄",沙利亚,装备,锐鳞护臂,-,
"40","荻花宫前山","5人英雄",沙利亚,装备,燃墨冠,-,
"40","荻花宫前山","5人英雄",沙利亚,装备,彩蝶长衫,-,
"40","荻花宫前山","5人英雄",沙利亚,装备,燃墨长靴,-,
"40","荻花宫前山","5人英雄",沙利亚,装备,虎溪冠,-,
"40","荻花宫前山","5人英雄",沙利亚,饰品,潺,-,
"40","荻花宫前山","5人英雄",沙利亚,饰品,聚力坠,-,
"40","荻花宫前山","5人英雄",沙利亚,饰品,金钢链,-,
"40","荻花宫前山","5人英雄",沙利亚,武器,解龙,-,
"40","荻花宫前山","5人英雄",沙利亚,武器,凤翼,-,
"40","荻花宫前山","5人英雄",沙利亚,武器,绪柳雅,-,
"40","荻花宫前山","5人英雄",沙利亚,武器,横江锁,-,
"28","日轮山城","5人普通",上衫勇刀,武器,渺弥蝶殇,-,
"28","日轮山城","5人普通",上衫勇刀,武器,殇魂宫笛,-,
"28","日轮山城","5人普通",上衫勇刀,饰品,沙罗指轮,-,
"28","日轮山城","5人普通",上衫勇刀,装备,烈传护手,-,
"28","日轮山城","5人普通",上衫勇刀,装备,烈传武者靴,-,
"28","日轮山城","5人普通",上衫勇刀,装备,般武者装,-,
"28","日轮山城","5人普通",上衫勇刀,装备,烈传武者护腿,-,
"28","日轮山城","5人普通",上衫勇刀,武器,百樱,-,
"28","日轮山城","5人普通",雾影奈叶、猿飞菖蒲,装备,真钢忍甲,-,
"28","日轮山城","5人普通",雾影奈叶、猿飞菖蒲,装备,忍聚腰带,-,
"28","日轮山城","5人普通",雾影奈叶、猿飞菖蒲,饰品,和风,-,
"28","日轮山城","5人普通",雾影奈叶、猿飞菖蒲,装备,流樱护手,-,
"28","日轮山城","5人普通",雾影奈叶、猿飞菖蒲,武器,阑风伏雨,-,
"28","日轮山城","5人普通",雾影奈叶、猿飞菖蒲,武器,炼神赫罗汉,-,
"28","日轮山城","5人普通",雾影奈叶、猿飞菖蒲,饰品,茶缘戒,-,
"28","日轮山城","5人普通",雾影奈叶、猿飞菖蒲,装备,忍领手甲,-,
"28","日轮山城","5人普通",雾影奈叶、猿飞菖蒲,装备,顾影流袖,-,
"28","日轮山城","5人普通",雾影奈叶、猿飞菖蒲,装备,忍领装束,-,
"28","日轮山城","5人普通",雾影奈叶、猿飞菖蒲,装备,缚灵长袍,-,
"28","日轮山城","5人普通",雾影奈叶、猿飞菖蒲,武器,独取一目,-,
"28","日轮山城","5人普通",源明雅,武器,天火召,-,
"28","日轮山城","5人普通",源明雅,装备,孤魂首甲,-,
"28","日轮山城","5人普通",源明雅,饰品,天师驱魔符,-,
"28","日轮山城","5人普通",源明雅,装备,凌阳靴,-,
"28","日轮山城","5人普通",源明雅,装备,回天腰带,-,
"28","日轮山城","5人普通",源明雅,装备,御神师下装,-,
"28","日轮山城","5人普通",源明雅,武器,朱琉璃弁天,-,
"28","日轮山城","5人普通",八歧大蛇,武器,轮炎斩月,-,
"28","日轮山城","5人普通",八歧大蛇,武器,日影天宇姬神,-,
"28","日轮山城","5人普通",八歧大蛇,装备,斩蛇武者护腿,-,
"28","日轮山城","5人普通",八歧大蛇,装备,万蛇顶带,-,
"28","日轮山城","5人普通",八歧大蛇,装备,大蛇菱,-,
"28","日轮山城","5人普通",八歧大蛇,武器,鬼毒龙胆,-,
"28","日轮山城","5人普通",八歧大蛇,武器,龙舌,-,
"28","日轮山城","5人普通",吉汰,装备,流云仙人上衣,-,
"28","日轮山城","5人普通",吉汰,装备,歌舞伎之裙,-,
"28","日轮山城","5人普通",吉汰,饰品,徽明项链,-,
"28","日轮山城","5人普通",吉汰,装备,武者之饰,-,
"28","日轮山城","5人普通",吉汰,装备,北斗合气服,-,
"28","日轮山城","5人普通",吉汰,装备,幽游护手,-,
"28","日轮山城","5人普通",吉汰,装备,神武之盔甲,-,
"28","日轮山城","5人普通",吉汰,装备,千手劲纲上衣,-,
"28","日轮山城","5人普通",吉汰,装备,吉兆护腿,-,
"28","日轮山城","5人普通",吉汰,装备,幽游罗汉上衣,-,
"28","日轮山城","5人普通",吉汰,武器,樱苦无,-,
"44","日轮山城","5人英雄",尸灵武者,武器,蜮影劫,-,
"44","日轮山城","5人英雄",尸灵武者,武器,秋隼啸,-,
"44","日轮山城","5人英雄",尸灵武者,武器,解龙,-,
"44","日轮山城","5人英雄",尸灵武者,武器,终风,-,
"44","日轮山城","5人英雄",尸灵武者,武器,池鱼思渊,-,
"44","日轮山城","5人英雄",尸灵武者,武器,静徐佛杖,-,
"44","日轮山城","5人英雄",尸灵武者,装备,回天头环,-,
"44","日轮山城","5人英雄",尸灵武者,武器,凝霜,-,
"44","日轮山城","5人英雄",尸灵武者,武器,忆秋,-,
"44","日轮山城","5人英雄",尸灵武者,饰品,林火项坠,-,
"44","日轮山城","5人英雄",尸灵武者,武器,金刚之手,-,
"44","日轮山城","5人英雄",尸灵武者,装备,金刚长裤,-,
"44","日轮山城","5人英雄",尸灵武者,武器,黑杀棍,-,
"44","日轮山城","5人英雄",尸灵武者,装备,灵凯束带,-,
"44","日轮山城","5人英雄",尸灵武者,装备,女祭祀上衣,-,
"44","日轮山城","5人英雄",尸灵武者,武器,黛雪剑,-,
"44","日轮山城","5人英雄",尸灵武者,武器,止水剑,-,
"44","日轮山城","5人英雄",尸灵武者,饰品,孔雀石戒指,-,
"44","日轮山城","5人英雄",尸灵武者,武器,横江锁,-,
"44","日轮山城","5人英雄",尸灵武者,武器,孤行,-,
"44","日轮山城","5人英雄",尸灵武者,武器,听风,-,
"44","日轮山城","5人英雄",尸灵武者,武器,奈何清风,-,
"44","日轮山城","5人英雄",尸灵武者,武器,醉卧幽梦,-,
"44","日轮山城","5人英雄",尸灵武者,武器,恶蛟双钩,-,
"44","日轮山城","5人英雄",尸灵武者,饰品,项王双瞳坠,-,
"44","日轮山城","5人英雄",尸灵武者,武器,一夜飞霜,-,
"44","日轮山城","5人英雄",尸灵武者,武器,悲华剑,-,
"44","日轮山城","5人英雄",尸灵武者,武器,问皓剑,-,
"44","日轮山城","5人英雄",尸灵武者,武器,古德僧棍,-,
"44","日轮山城","5人英雄",尸灵武者,武器,飞星流彩,-,
"44","日轮山城","5人英雄",尸灵武者,饰品,尸灵戒,-,
"44","日轮山城","5人英雄",尸灵武者,武器,轻侯,-,
"44","日轮山城","5人英雄",尸灵武者,武器,帝恨,-,
"44","日轮山城","5人英雄",尸灵武者,武器,猿骨笛,-,
"44","日轮山城","5人英雄",尸灵武者,武器,盘龙齐眉棍,-,
"44","日轮山城","5人英雄",尸灵武者,武器,琉仇囊,-,
"44","日轮山城","5人英雄",尸灵武者,武器,孤心笔,-,
"44","日轮山城","5人英雄",尸灵武者,武器,绪柳雅,-,
"44","日轮山城","5人英雄",尸灵武者,武器,伏鹰枪,-,
"44","日轮山城","5人英雄",尸灵武者,武器,竹夜卿,-,
"44","日轮山城","5人英雄",谢云流,武器,帝恨,-,
"44","日轮山城","5人英雄",谢云流,武器,轻侯,-,
"44","日轮山城","5人英雄",谢云流,武器,秋隼啸,-,
"44","日轮山城","5人英雄",谢云流,武器,池鱼思渊,-,
"44","日轮山城","5人英雄",谢云流,武器,解龙,-,
"44","日轮山城","5人英雄",谢云流,武器,奈何清风,-,
"44","日轮山城","5人英雄",谢云流,武器,终风,-,
"44","日轮山城","5人英雄",谢云流,饰品,师宗令,-,
"44","日轮山城","5人英雄",谢云流,武器,苦无链,-,
"44","日轮山城","5人英雄",谢云流,武器,静徐佛杖,-,
"44","日轮山城","5人英雄",谢云流,武器,古德僧棍,-,
"44","日轮山城","5人英雄",谢云流,装备,师宗武甲,-,
"44","日轮山城","5人英雄",谢云流,装备,萦心束腰,-,
"44","日轮山城","5人英雄",谢云流,武器,问皓剑,-,
"44","日轮山城","5人英雄",谢云流,装备,笛子魔侍衣,-,
"44","日轮山城","5人英雄",谢云流,武器,黑杀棍,-,
"44","日轮山城","5人英雄",谢云流,武器,悲华剑,-,
"44","日轮山城","5人英雄",谢云流,装备,默行者头带,-,
"44","日轮山城","5人英雄",谢云流,装备,流云靴,-,
"44","日轮山城","5人英雄",谢云流,装备,师宗护腿,-,
"44","日轮山城","5人英雄",谢云流,武器,黛雪剑,-,
"44","日轮山城","5人英雄",谢云流,装备,云雀护腕,-,
"44","日轮山城","5人英雄",谢云流,武器,一夜飞霜,-,
"44","日轮山城","5人英雄",谢云流,武器,蜮影劫,-,
"44","日轮山城","5人英雄",谢云流,武器,醉卧幽梦,-,
"44","日轮山城","5人英雄",谢云流,饰品,督御守指环,-,
"44","日轮山城","5人英雄",谢云流,武器,横江锁,-,
"44","日轮山城","5人英雄",谢云流,武器,凝霜,-,
"44","日轮山城","5人英雄",谢云流,武器,恶蛟双钩,-,
"44","日轮山城","5人英雄",谢云流,武器,忆秋,-,
"44","日轮山城","5人英雄",谢云流,饰品,青牛真气链,-,
"44","日轮山城","5人英雄",谢云流,武器,飞星流彩,-,
"44","日轮山城","5人英雄",谢云流,武器,听风,-,
"44","日轮山城","5人英雄",谢云流,武器,孤行,-,
"44","日轮山城","5人英雄",谢云流,武器,猿骨笛,-,
"44","日轮山城","5人英雄",谢云流,武器,止水剑,-,
"44","日轮山城","5人英雄",谢云流,武器,盘龙齐眉棍,-,
"44","日轮山城","5人英雄",谢云流,武器,孤心笔,-,
"44","日轮山城","5人英雄",谢云流,武器,绪柳雅,-,
"44","日轮山城","5人英雄",谢云流,武器,伏鹰枪,-,
"44","日轮山城","5人英雄",谢云流,武器,竹夜卿,-,
"44","日轮山城","5人英雄",野村一郎,武器,轻侯,-,
"44","日轮山城","5人英雄",野村一郎,武器,秋隼啸,-,
"44","日轮山城","5人英雄",野村一郎,武器,池鱼思渊,-,
"44","日轮山城","5人英雄",野村一郎,武器,解龙,-,
"44","日轮山城","5人英雄",野村一郎,武器,奈何清风,-,
"44","日轮山城","5人英雄",野村一郎,武器,终风,-,
"44","日轮山城","5人英雄",野村一郎,武器,盘龙齐眉棍,-,
"44","日轮山城","5人英雄",野村一郎,装备,回天护手,-,
"44","日轮山城","5人英雄",野村一郎,武器,静徐佛杖,-,
"44","日轮山城","5人英雄",野村一郎,武器,孤心笔,-,
"44","日轮山城","5人英雄",野村一郎,武器,古德僧棍,-,
"44","日轮山城","5人英雄",野村一郎,武器,止水剑,-,
"44","日轮山城","5人英雄",野村一郎,武器,安纲,-,
"44","日轮山城","5人英雄",野村一郎,装备,布都御者腿甲,-,
"44","日轮山城","5人英雄",野村一郎,武器,蜮影劫,-,
"44","日轮山城","5人英雄",野村一郎,武器,问皓剑,-,
"44","日轮山城","5人英雄",野村一郎,装备,炼气师长裤,-,
"44","日轮山城","5人英雄",野村一郎,武器,黑杀棍,-,
"44","日轮山城","5人英雄",野村一郎,武器,悲华剑,-,
"44","日轮山城","5人英雄",野村一郎,装备,碧天护腰,-,
"44","日轮山城","5人英雄",野村一郎,装备,奉行者束带,-,
"44","日轮山城","5人英雄",野村一郎,武器,一夜飞霜,-,
"44","日轮山城","5人英雄",野村一郎,装备,乘泽裹腿,-,
"44","日轮山城","5人英雄",野村一郎,武器,醉卧幽梦,-,
"44","日轮山城","5人英雄",野村一郎,武器,黛雪剑,-,
"44","日轮山城","5人英雄",野村一郎,武器,凝霜,-,
"44","日轮山城","5人英雄",野村一郎,饰品,恋姬珠链,-,
"44","日轮山城","5人英雄",野村一郎,武器,忆秋,-,
"44","日轮山城","5人英雄",野村一郎,武器,帝恨,-,
"44","日轮山城","5人英雄",野村一郎,饰品,悸怖玉戒,-,
"44","日轮山城","5人英雄",野村一郎,武器,伏鹰枪,-,
"44","日轮山城","5人英雄",野村一郎,武器,听风,-,
"44","日轮山城","5人英雄",野村一郎,饰品,悚跃项圈,-,
"44","日轮山城","5人英雄",野村一郎,武器,横江锁,-,
"44","日轮山城","5人英雄",野村一郎,武器,猿骨笛,-,
"44","日轮山城","5人英雄",野村一郎,武器,飞星流彩,-,
"44","日轮山城","5人英雄",野村一郎,武器,恶蛟双钩,-,
"44","日轮山城","5人英雄",野村一郎,武器,孤行,-,
"44","日轮山城","5人英雄",野村一郎,武器,绪柳雅,-,
"44","日轮山城","5人英雄",野村一郎,武器,天钧囊,-,
"44","日轮山城","5人英雄",野村一郎,武器,竹夜卿,-,
"44","日轮山城","5人英雄",服部胧藏,武器,池鱼思渊,-,
"44","日轮山城","5人英雄",服部胧藏,武器,奈何清风,-,
"44","日轮山城","5人英雄",服部胧藏,武器,静徐佛杖,-,
"44","日轮山城","5人英雄",服部胧藏,武器,醉卧幽梦,-,
"44","日轮山城","5人英雄",服部胧藏,饰品,忍风链,-,
"44","日轮山城","5人英雄",服部胧藏,武器,孤心笔,-,
"44","日轮山城","5人英雄",服部胧藏,装备,画魔夜行衣,-,
"44","日轮山城","5人英雄",服部胧藏,武器,月华狂骨,-,
"44","日轮山城","5人英雄",服部胧藏,武器,问皓剑,-,
"44","日轮山城","5人英雄",服部胧藏,武器,竹夜卿,-,
"44","日轮山城","5人英雄",服部胧藏,装备,黑带,-,
"44","日轮山城","5人英雄",服部胧藏,武器,悲华剑,-,
"44","日轮山城","5人英雄",服部胧藏,装备,超忍护腿,-,
"44","日轮山城","5人英雄",服部胧藏,武器,黛雪剑,-,
"44","日轮山城","5人英雄",服部胧藏,武器,一夜飞霜,-,
"44","日轮山城","5人英雄",服部胧藏,武器,终风,-,
"44","日轮山城","5人英雄",服部胧藏,武器,解龙,-,
"44","日轮山城","5人英雄",服部胧藏,武器,秋隼啸,-,
"44","日轮山城","5人英雄",服部胧藏,武器,止水剑,-,
"44","日轮山城","5人英雄",服部胧藏,装备,乐毅靴,-,
"44","日轮山城","5人英雄",服部胧藏,武器,蜮影劫,-,
"44","日轮山城","5人英雄",服部胧藏,武器,横江锁,-,
"44","日轮山城","5人英雄",服部胧藏,武器,绪柳雅,-,
"44","日轮山城","5人英雄",服部胧藏,武器,凝霜,-,
"44","日轮山城","5人英雄",服部胧藏,饰品,黑罡铁环,-,
"44","日轮山城","5人英雄",服部胧藏,武器,孤行,-,
"44","日轮山城","5人英雄",服部胧藏,武器,恶蛟双钩,-,
"44","日轮山城","5人英雄",服部胧藏,饰品,长门之声,-,
"44","日轮山城","5人英雄",服部胧藏,武器,古德僧棍,-,
"44","日轮山城","5人英雄",服部胧藏,饰品,焰,-,
"44","日轮山城","5人英雄",服部胧藏,武器,忆秋,-,
"44","日轮山城","5人英雄",服部胧藏,武器,飞星流彩,-,
"44","日轮山城","5人英雄",服部胧藏,武器,听风,-,
"44","日轮山城","5人英雄",服部胧藏,武器,轻侯,-,
"44","日轮山城","5人英雄",服部胧藏,武器,猿骨笛,-,
"44","日轮山城","5人英雄",服部胧藏,武器,盘龙齐眉棍,-,
"44","日轮山城","5人英雄",服部胧藏,武器,黑杀棍,-,
"44","日轮山城","5人英雄",服部胧藏,武器,伏鹰枪,-,
"44","日轮山城","5人英雄",服部胧藏,武器,仙尉剑,-,
"44","日轮山城","5人英雄",服部胧藏,武器,帝恨,-,
"33","天子峰","5人普通",柳随风,装备,百仙登云带,-,
"33","天子峰","5人普通",柳随风,装备,八卦盘龙手,-,
"33","天子峰","5人普通",柳随风,武器,随风鸣剑,-,
"33","天子峰","5人普通",柳随风,武器,麾角,-,
"33","天子峰","5人普通",柳随风,武器,浮生若梦,-,
"33","天子峰","5人普通",柳随风,装备,琼霄醉仙袍,-,
"33","天子峰","5人普通",柳随风,装备,虚步蹑太清,-,
"33","天子峰","5人普通",柳随风,装备,茱萸吴冠,-,
"33","天子峰","5人普通",孙敬萧,武器,流星,-,
"33","天子峰","5人普通",孙敬萧,装备,郁金冠,-,
"33","天子峰","5人普通",孙敬萧,装备,五雷弑神甲,-,
"33","天子峰","5人普通",孙敬萧,装备,九骏束带,-,
"33","天子峰","5人普通",孙敬萧,装备,赤血护手,-,
"33","天子峰","5人普通",孙敬萧,装备,龙城飞将靴,-,
"33","天子峰","5人普通",孙敬萧,武器,鸟云泽兵,-,
"33","天子峰","5人普通",孙敬萧,装备,汉宫秋裳,-,
"33","天子峰","5人普通",孙敬萧,装备,血螯护腕,-,
"33","天子峰","5人普通",李尧,武器,王不留行,-,
"33","天子峰","5人普通",李尧,装备,碧雾长靴,-,
"33","天子峰","5人普通",李尧,装备,青岩隐龙衫,-,
"33","天子峰","5人普通",李尧,装备,渊歌蛊带,-,
"33","天子峰","5人普通",李尧,武器,风潇,-,
"33","天子峰","5人普通",李尧,装备,落花腰带,-,
"33","天子峰","5人普通",李尧,武器,雨晦,-,
"33","天子峰","5人普通",李尧,装备,尉缭冠,-,
"33","天子峰","5人普通",李尧,饰品,殇情之泪,-,
"33","天子峰","5人普通",李尧,装备,尧握,-,
"33","天子峰","5人普通",李尧,装备,傲侯履,-,
"33","天子峰","5人普通",李尧,装备,彤云潜蛇衫,-,
"33","天子峰","5人普通",玄悲,武器,舍骨棒,-,
"33","天子峰","5人普通",玄悲,武器,悲鸣,-,
"33","天子峰","5人普通",玄悲,装备,波罗密多帽,-,
"33","天子峰","5人普通",玄悲,装备,伏魔带,-,
"33","天子峰","5人普通",玄悲,装备,一步莲花,-,
"33","天子峰","5人普通",玄悲,装备,无量明尊裟,-,
"33","天子峰","5人普通",玄悲,装备,佛缘手,-,
"33","天子峰","5人普通",陌香,武器,雉子飞,-,
"33","天子峰","5人普通",陌香,装备,凌波履,-,
"33","天子峰","5人普通",陌香,装备,香雪文月,-,
"33","天子峰","5人普通",陌香,装备,忘情玉带,-,
"33","天子峰","5人普通",陌香,装备,朱华挽翠,-,
"33","天子峰","5人普通",陌香,饰品,不动明王戒,-,
"33","天子峰","5人普通",陌香,装备,融雪浣香衣,-,
"33","天子峰","5人普通",方宇谦,饰品,无尘菩提子,-,
"33","天子峰","5人普通",方宇谦,饰品,封侯坠,-,
"33","天子峰","5人普通",方宇谦,武器,循天,-,
"33","天子峰","5人普通",方宇谦,饰品,凝寒紫佩,-,
"33","天子峰","5人普通",方宇谦,武器,金鹏,-,
"33","天子峰","5人普通",方宇谦,装备,龙廷舞雪,-,
"33","天子峰","5人普通",方宇谦,饰品,长生坠,-,
"33","天子峰","5人普通",方宇谦,装备,天罡会元袍,-,
"33","天子峰","5人普通",方宇谦,装备,寻祁衣,-,
"33","天子峰","5人普通",方宇谦,饰品,龙飞扳指,-,
"33","天子峰","5人普通",方宇谦,饰品,雨精,-,
"33","天子峰","5人普通",方宇谦,饰品,断水流,-,
"42","天子峰","5人英雄",玄阴子,饰品,锁江链,-,
"42","天子峰","5人英雄",玄阴子,装备,邃世护手,-,
"42","天子峰","5人英雄",玄阴子,武器,寒月之魂,-,
"42","天子峰","5人英雄",玄阴子,装备,乘鲤,-,
"42","天子峰","5人英雄",玄阴子,武器,孤心笔,-,
"42","天子峰","5人英雄",玄阴子,武器,黑杀棍,-,
"42","天子峰","5人英雄",玄阴子,武器,渊兮,-,
"42","天子峰","5人英雄",玄阴子,装备,裂风履,-,
"42","天子峰","5人英雄",玄阴子,武器,黛雪剑,-,
"42","天子峰","5人英雄",玄阴子,武器,止水剑,-,
"42","天子峰","5人英雄",玄阴子,武器,湛兮,-,
"42","天子峰","5人英雄",玄阴子,武器,横江锁,-,
"42","天子峰","5人英雄",玄阴子,武器,恶蛟双钩,-,
"42","天子峰","5人英雄",玄阴子,武器,猿骨笛,-,
"42","天子峰","5人英雄",玄阴子,武器,盘龙齐眉棍,-,
"42","天子峰","5人英雄",玄阴子,武器,飞星流彩,-,
"42","天子峰","5人英雄",玄阴子,武器,解龙,-,
"42","天子峰","5人英雄",玄阴子,武器,伏鹰枪,-,
"42","天子峰","5人英雄",玄阴子,武器,帝恨,-,
"42","天子峰","5人英雄",玄阴子,武器,池鱼思渊,-,
"42","天子峰","5人英雄",玄阴子,武器,轻侯,-,
"42","天子峰","5人英雄",玄阴子,武器,奈何清风,-,
"42","天子峰","5人英雄",玄阴子,武器,蜮影劫,-,
"42","天子峰","5人英雄",玄阴子,武器,静徐佛杖,-,
"42","天子峰","5人英雄",玄阴子,武器,古德僧棍,-,
"42","天子峰","5人英雄",玄阴子,武器,问皓剑,-,
"42","天子峰","5人英雄",玄阴子,武器,悲华剑,-,
"42","天子峰","5人英雄",玄阴子,武器,竹夜卿,-,
"42","天子峰","5人英雄",玄阴子,武器,一夜飞霜,-,
"42","天子峰","5人英雄",玄阴子,武器,醉卧幽梦,-,
"42","天子峰","5人英雄",玄阴子,武器,绪柳雅,-,
"42","天子峰","5人英雄",玄阴子,武器,凝霜,-,
"42","天子峰","5人英雄",玄阴子,武器,忆秋,-,
"42","天子峰","5人英雄",玄阴子,武器,听风,-,
"42","天子峰","5人英雄",玄阴子,武器,抚翠潮,-,
"42","天子峰","5人英雄",玄阴子,武器,孤行,-,
"42","天子峰","5人英雄",玄阴子,武器,秋隼啸,-,
"42","天子峰","5人英雄",玄阴子,武器,终风,-,
"42","天子峰","5人英雄",玄阴子,装备,云流冠,-,
"42","天子峰","5人英雄",玄阴子,饰品,戒印,-,
"42","天子峰","5人英雄",玄阴子,饰品,玄阴链,-,
"42","天子峰","5人英雄",程傲,武器,孤心笔,-,
"42","天子峰","5人英雄",程傲,装备,魔王玉带,-,
"42","天子峰","5人英雄",程傲,武器,黑杀棍,-,
"42","天子峰","5人英雄",程傲,武器,黛雪剑,-,
"42","天子峰","5人英雄",程傲,武器,方天画戟,-,
"42","天子峰","5人英雄",程傲,武器,青龙刀,-,
"42","天子峰","5人英雄",程傲,武器,止水剑,-,
"42","天子峰","5人英雄",程傲,武器,横江锁,-,
"42","天子峰","5人英雄",程傲,武器,飞星流彩,-,
"42","天子峰","5人英雄",程傲,武器,恶蛟双钩,-,
"42","天子峰","5人英雄",程傲,武器,盘龙齐眉棍,-,
"42","天子峰","5人英雄",程傲,武器,猿骨笛,-,
"42","天子峰","5人英雄",程傲,武器,伏鹰枪,-,
"42","天子峰","5人英雄",程傲,武器,轻侯,-,
"42","天子峰","5人英雄",程傲,武器,帝恨,-,
"42","天子峰","5人英雄",程傲,武器,奈何清风,-,
"42","天子峰","5人英雄",程傲,武器,静徐佛杖,-,
"42","天子峰","5人英雄",程傲,武器,古德僧棍,-,
"42","天子峰","5人英雄",程傲,武器,问皓剑,-,
"42","天子峰","5人英雄",程傲,武器,悲华剑,-,
"42","天子峰","5人英雄",程傲,武器,一夜飞霜,-,
"42","天子峰","5人英雄",程傲,武器,醉卧幽梦,-,
"42","天子峰","5人英雄",程傲,武器,竹夜卿,-,
"42","天子峰","5人英雄",程傲,武器,凝霜,-,
"42","天子峰","5人英雄",程傲,武器,忆秋,-,
"42","天子峰","5人英雄",程傲,武器,听风,-,
"42","天子峰","5人英雄",程傲,武器,孤行,-,
"42","天子峰","5人英雄",程傲,武器,绪柳雅,-,
"42","天子峰","5人英雄",程傲,武器,天妍奏,-,
"42","天子峰","5人英雄",程傲,武器,地媸奏,-,
"42","天子峰","5人英雄",程傲,武器,蜮影劫,-,
"42","天子峰","5人英雄",程傲,武器,秋隼啸,-,
"42","天子峰","5人英雄",程傲,武器,池鱼思渊,-,
"42","天子峰","5人英雄",程傲,武器,解龙,-,
"42","天子峰","5人英雄",程傲,武器,终风,-,
"42","天子峰","5人英雄",程傲,装备,平阳冠,-,
"42","天子峰","5人英雄",程傲,装备,魔妃靴,-,
"42","天子峰","5人英雄",王积薪,饰品,十睛坠,-,
"42","天子峰","5人英雄",王积薪,饰品,弈僧戒,-,
"42","天子峰","5人英雄",王积薪,武器,北斗注,-,
"42","天子峰","5人英雄",王积薪,武器,孤心笔,-,
"42","天子峰","5人英雄",王积薪,武器,黑杀棍,-,
"42","天子峰","5人英雄",王积薪,武器,黛雪剑,-,
"42","天子峰","5人英雄",王积薪,装备,合纵护手,-,
"42","天子峰","5人英雄",王积薪,武器,飞星流彩,-,
"42","天子峰","5人英雄",王积薪,武器,恶蛟双钩,-,
"42","天子峰","5人英雄",王积薪,武器,盘龙齐眉棍,-,
"42","天子峰","5人英雄",王积薪,武器,仁风,-,
"42","天子峰","5人英雄",王积薪,武器,猿骨笛,-,
"42","天子峰","5人英雄",王积薪,武器,伏鹰枪,-,
"42","天子峰","5人英雄",王积薪,武器,轻侯,-,
"42","天子峰","5人英雄",王积薪,武器,奈何清风,-,
"42","天子峰","5人英雄",王积薪,武器,池鱼思渊,-,
"42","天子峰","5人英雄",王积薪,武器,静徐佛杖,-,
"42","天子峰","5人英雄",王积薪,武器,古德僧棍,-,
"42","天子峰","5人英雄",王积薪,武器,悲华剑,-,
"42","天子峰","5人英雄",王积薪,武器,一夜飞霜,-,
"42","天子峰","5人英雄",王积薪,武器,醉卧幽梦,-,
"42","天子峰","5人英雄",王积薪,武器,忆秋,-,
"42","天子峰","5人英雄",王积薪,武器,听风,-,
"42","天子峰","5人英雄",王积薪,武器,孤行,-,
"42","天子峰","5人英雄",王积薪,武器,凝霜,-,
"42","天子峰","5人英雄",王积薪,武器,绪柳雅,-,
"42","天子峰","5人英雄",王积薪,武器,竹夜卿,-,
"42","天子峰","5人英雄",王积薪,武器,问皓剑,-,
"42","天子峰","5人英雄",王积薪,武器,蜮影劫,-,
"42","天子峰","5人英雄",王积薪,武器,秋隼啸,-,
"42","天子峰","5人英雄",王积薪,武器,帝恨,-,
"42","天子峰","5人英雄",王积薪,武器,解龙,-,
"42","天子峰","5人英雄",王积薪,武器,横江锁,-,
"42","天子峰","5人英雄",王积薪,武器,终风,-,
"42","天子峰","5人英雄",王积薪,武器,止水剑,-,
"42","天子峰","5人英雄",王积薪,装备,忆花奇裳,-,
"42","天子峰","5人英雄",王积薪,武器,南斗注,-,
"42","天子峰","5人英雄",王积薪,装备,十决带,-,
"42","天子峰","5人英雄",王积薪,装备,骊龙冠,-,
"42","天子峰","5人英雄",王积薪,装备,螫蝎裤,-,
"42","天子峰","5人英雄",王积薪,装备,解腕绑带,-,
"42","天子峰","5人英雄",王积薪,饰品,秋意,-,
"42","天子峰","5人英雄",王积薪,饰品,燎心环,-,
"42","天子峰","5人英雄",道衍,饰品,山中宰相戒,-,
"42","天子峰","5人英雄",道衍,饰品,奕气坠,-,
"42","天子峰","5人英雄",道衍,饰品,冥思环,-,
"42","天子峰","5人英雄",道衍,武器,药师如来杖,-,
"42","天子峰","5人英雄",道衍,武器,黑杀棍,-,
"42","天子峰","5人英雄",道衍,武器,孤心笔,-,
"42","天子峰","5人英雄",道衍,武器,止水剑,-,
"42","天子峰","5人英雄",道衍,武器,无量寿佛杖,-,
"42","天子峰","5人英雄",道衍,武器,恶蛟双钩,-,
"42","天子峰","5人英雄",道衍,武器,飞星流彩,-,
"42","天子峰","5人英雄",道衍,武器,横江锁,-,
"42","天子峰","5人英雄",道衍,武器,猿骨笛,-,
"42","天子峰","5人英雄",道衍,武器,盘龙齐眉棍,-,
"42","天子峰","5人英雄",道衍,武器,伏鹰枪,-,
"42","天子峰","5人英雄",道衍,武器,帝恨,-,
"42","天子峰","5人英雄",道衍,武器,解龙,-,
"42","天子峰","5人英雄",道衍,武器,轻侯,-,
"42","天子峰","5人英雄",道衍,武器,池鱼思渊,-,
"42","天子峰","5人英雄",道衍,武器,奈何清风,-,
"42","天子峰","5人英雄",道衍,武器,静徐佛杖,-,
"42","天子峰","5人英雄",道衍,武器,古德僧棍,-,
"42","天子峰","5人英雄",道衍,武器,问皓剑,-,
"42","天子峰","5人英雄",道衍,武器,蜮影劫,-,
"42","天子峰","5人英雄",道衍,武器,悲华剑,-,
"42","天子峰","5人英雄",道衍,武器,一夜飞霜,-,
"42","天子峰","5人英雄",道衍,武器,醉卧幽梦,-,
"42","天子峰","5人英雄",道衍,武器,竹夜卿,-,
"42","天子峰","5人英雄",道衍,武器,凝霜,-,
"42","天子峰","5人英雄",道衍,武器,忆秋,-,
"42","天子峰","5人英雄",道衍,武器,听风,-,
"42","天子峰","5人英雄",道衍,武器,孤行,-,
"42","天子峰","5人英雄",道衍,武器,绪柳雅,-,
"42","天子峰","5人英雄",道衍,武器,秋隼啸,-,
"42","天子峰","5人英雄",道衍,武器,终风,-,
"42","天子峰","5人英雄",道衍,武器,黛雪剑,-,
"42","天子峰","5人英雄",道衍,装备,清音裤,-,
"42","天子峰","5人英雄",道衍,装备,达摩面壁靴,-,
"42","天子峰","5人英雄",道衍,装备,易水护手,-,
"42","天子峰","5人英雄",道衍,饰品,念字戒,-,
"42","天子峰","5人英雄",李裳秋,武器,孤心笔,-,
"42","天子峰","5人英雄",李裳秋,武器,黑杀棍,-,
"42","天子峰","5人英雄",李裳秋,武器,黛雪剑,-,
"42","天子峰","5人英雄",李裳秋,武器,止水剑,-,
"42","天子峰","5人英雄",李裳秋,装备,璎珞百花衣,-,
"42","天子峰","5人英雄",李裳秋,武器,青鸾紫凤,-,
"42","天子峰","5人英雄",李裳秋,武器,云鹄双羽,-,
"42","天子峰","5人英雄",李裳秋,武器,恶蛟双钩,-,
"42","天子峰","5人英雄",李裳秋,武器,飞星流彩,-,
"42","天子峰","5人英雄",李裳秋,武器,横江锁,-,
"42","天子峰","5人英雄",李裳秋,武器,猿骨笛,-,
"42","天子峰","5人英雄",李裳秋,武器,终风,-,
"42","天子峰","5人英雄",李裳秋,武器,盘龙齐眉棍,-,
"42","天子峰","5人英雄",李裳秋,武器,帝恨,-,
"42","天子峰","5人英雄",李裳秋,武器,轻侯,-,
"42","天子峰","5人英雄",李裳秋,武器,池鱼思渊,-,
"42","天子峰","5人英雄",李裳秋,武器,秋隼啸,-,
"42","天子峰","5人英雄",李裳秋,武器,奈何清风,-,
"42","天子峰","5人英雄",李裳秋,武器,古德僧棍,-,
"42","天子峰","5人英雄",李裳秋,武器,问皓剑,-,
"42","天子峰","5人英雄",李裳秋,武器,悲华剑,-,
"42","天子峰","5人英雄",李裳秋,武器,一夜飞霜,-,
"42","天子峰","5人英雄",李裳秋,武器,醉卧幽梦,-,
"42","天子峰","5人英雄",李裳秋,武器,凝霜,-,
"42","天子峰","5人英雄",李裳秋,武器,忆秋,-,
"42","天子峰","5人英雄",李裳秋,武器,绪柳雅,-,
"42","天子峰","5人英雄",李裳秋,武器,孤行,-,
"42","天子峰","5人英雄",李裳秋,武器,听风,-,
"42","天子峰","5人英雄",李裳秋,武器,竹夜卿,-,
"42","天子峰","5人英雄",李裳秋,武器,静徐佛杖,-,
"42","天子峰","5人英雄",李裳秋,武器,蜮影劫,-,
"42","天子峰","5人英雄",李裳秋,武器,伏鹰枪,-,
"42","天子峰","5人英雄",李裳秋,武器,解龙,-,
"42","天子峰","5人英雄",李裳秋,装备,琉璃金丝裳,-,
"42","天子峰","5人英雄",李裳秋,装备,潜光护腰,-,
"42","天子峰","5人英雄",李裳秋,饰品,怀璧戒,-,
"42","天子峰","5人英雄",李裳秋,饰品,香离,-,
"42","天子峰","5人英雄",李裳秋,饰品,玉移,-,
"42","天子峰","5人英雄",李裳秋,饰品,钓鳌坠,-,
"42","天子峰","5人英雄",方鹤影,饰品,绝,-,
"42","天子峰","5人英雄",方鹤影,武器,剑风袋,-,
"42","天子峰","5人英雄",方鹤影,装备,飞燕裙,-,
"42","天子峰","5人英雄",方鹤影,武器,孤心笔,-,
"42","天子峰","5人英雄",方鹤影,武器,止水剑,-,
"42","天子峰","5人英雄",方鹤影,武器,黛雪剑,-,
"42","天子峰","5人英雄",方鹤影,武器,恶蛟双钩,-,
"42","天子峰","5人英雄",方鹤影,装备,蓬莱青腕,-,
"42","天子峰","5人英雄",方鹤影,武器,猿骨笛,-,
"42","天子峰","5人英雄",方鹤影,武器,伏鹰枪,-,
"42","天子峰","5人英雄",方鹤影,武器,剖玄,-,
"42","天子峰","5人英雄",方鹤影,武器,帝恨,-,
"42","天子峰","5人英雄",方鹤影,武器,轻侯,-,
"42","天子峰","5人英雄",方鹤影,武器,池鱼思渊,-,
"42","天子峰","5人英雄",方鹤影,武器,秋隼啸,-,
"42","天子峰","5人英雄",方鹤影,武器,静徐佛杖,-,
"42","天子峰","5人英雄",方鹤影,武器,问皓剑,-,
"42","天子峰","5人英雄",方鹤影,武器,古德僧棍,-,
"42","天子峰","5人英雄",方鹤影,武器,一夜飞霜,-,
"42","天子峰","5人英雄",方鹤影,武器,凝霜,-,
"42","天子峰","5人英雄",方鹤影,武器,忆秋,-,
"42","天子峰","5人英雄",方鹤影,武器,听风,-,
"42","天子峰","5人英雄",方鹤影,武器,孤行,-,
"42","天子峰","5人英雄",方鹤影,武器,绪柳雅,-,
"42","天子峰","5人英雄",方鹤影,武器,竹夜卿,-,
"42","天子峰","5人英雄",方鹤影,武器,醉卧幽梦,-,
"42","天子峰","5人英雄",方鹤影,武器,悲华剑,-,
"42","天子峰","5人英雄",方鹤影,武器,蜮影劫,-,
"42","天子峰","5人英雄",方鹤影,武器,奈何清风,-,
"42","天子峰","5人英雄",方鹤影,武器,解龙,-,
"42","天子峰","5人英雄",方鹤影,武器,盘龙齐眉棍,-,
"42","天子峰","5人英雄",方鹤影,武器,飞星流彩,-,
"42","天子峰","5人英雄",方鹤影,武器,终风,-,
"42","天子峰","5人英雄",方鹤影,武器,横江锁,-,
"42","天子峰","5人英雄",方鹤影,装备,方氏冠,-,
"42","天子峰","5人英雄",方鹤影,武器,黑杀棍,-,
"42","天子峰","5人英雄",方鹤影,装备,踏玉鞋,-,
"42","天子峰","5人英雄",方鹤影,装备,羽琉璃带,-,
"42","天子峰","5人英雄",方鹤影,饰品,观冥,-,
"42","天子峰","5人英雄",方鹤影,饰品,东海珠坠,-,
"34","风雨稻香村","5人普通",殷不为,装备,雷华头冠,-,
"34","风雨稻香村","5人普通",殷不为,武器,城守铁龙枪,-,
"34","风雨稻香村","5人普通",殷不为,饰品,太阴石指环,-,
"34","风雨稻香村","5人普通",殷不为,武器,狸鼬双刺,-,
"34","风雨稻香村","5人普通",殷不为,武器,血蟒沥,-,
"34","风雨稻香村","5人普通",殷不为,装备,豁力软靴,-,
"34","风雨稻香村","5人普通",殷不为,饰品,缭花香玉,-,
"34","风雨稻香村","5人普通",殷不为,饰品,叛军副尉挂饰,-,
"34","风雨稻香村","5人普通",殷不为,武器,城守铁龙斧,-,
"34","风雨稻香村","5人普通",肖童,武器,天策弓,-,
"34","风雨稻香村","5人普通",肖童,饰品,断尘,-,
"34","风雨稻香村","5人普通",肖童,饰品,毒尊手令,-,
"34","风雨稻香村","5人普通",肖童,武器,炼蛇花,-,
"34","风雨稻香村","5人普通",肖童,饰品,紫罗兰猫眼石,-,
"34","风雨稻香村","5人普通",肖童,装备,逻道碧影,-,
"34","风雨稻香村","5人普通",肖童,装备,流丽长袖,-,
"34","风雨稻香村","5人普通",肖童,装备,轻钢蛇步靴,-,
"34","风雨稻香村","5人普通",肖童,装备,赤炼腰带,-,
"34","风雨稻香村","5人普通",肖童,装备,火魅衣,-,
"34","风雨稻香村","5人普通",刘大海,装备,虚冲头带,-,
"34","风雨稻香村","5人普通",刘大海,饰品,清墨笔筒,-,
"34","风雨稻香村","5人普通",刘大海,装备,武尊师装,-,
"34","风雨稻香村","5人普通",刘大海,装备,飘零绸裙,-,
"34","风雨稻香村","5人普通",刘大海,武器,疾杀之器,-,
"34","风雨稻香村","5人普通",刘大海,饰品,断念指环,-,
"34","风雨稻香村","5人普通",刘大海,武器,武林之豪,-,
"34","风雨稻香村","5人普通",刘大海,饰品,柳莺舞颈环,-,
"34","风雨稻香村","5人普通",刘大海,武器,天狼噬,-,
"34","风雨稻香村","5人普通",秦雷,装备,叛军校尉服,-,
"34","风雨稻香村","5人普通",秦雷,装备,蓉心腰带,-,
"34","风雨稻香村","5人普通",秦雷,饰品,般行指环,-,
"34","风雨稻香村","5人普通",秦雷,饰品,帅军令饰,-,
"34","风雨稻香村","5人普通",秦雷,武器,贪眼黑狼刀,-,
"34","风雨稻香村","5人普通",秦雷,装备,判军校尉长裤,-,
"34","风雨稻香村","5人普通",秦雷,装备,暗钢首甲,-,
"34","风雨稻香村","5人普通",狼牙夜暮刺客,装备,华莲武僧鞋,-,
"34","风雨稻香村","5人普通",狼牙夜暮刺客,装备,呼啸之靴,-,
"34","风雨稻香村","5人普通",狼牙夜暮刺客,装备,廉祀者护腿,-,
"34","风雨稻香村","5人普通",狼牙夜暮刺客,饰品,背山将士颈饰,-,
"34","风雨稻香村","5人普通",狼牙夜暮刺客,饰品,清绿玉石指环,-,
"34","风雨稻香村","5人普通",狼牙夜暮刺客,装备,轻盈刺客护膝,-,
"34","风雨稻香村","5人普通",狼牙夜暮刺客,装备,重邪云台靴,-,
"34","风雨稻香村","5人普通",狼牙夜暮刺客,装备,步道微风短靴,-,
"34","风雨稻香村","5人普通",狼牙夜暮刺客,饰品,铁卫之证,-,
"34","风雨稻香村","5人普通",狼牙夜暮刺客,装备,轻盈刺客之靴,-,
"34","风雨稻香村","5人普通",狼牙夜暮刺客,装备,百马将士服,-,
"47","风雨稻香村","5人英雄",卢元霸,武器,奈何清风,-,
"47","风雨稻香村","5人英雄",卢元霸,武器,忆秋,-,
"47","风雨稻香村","5人英雄",卢元霸,武器,终风,-,
"47","风雨稻香村","5人英雄",卢元霸,装备,化劲护手,-,
"47","风雨稻香村","5人英雄",卢元霸,武器,飞星流彩,-,
"47","风雨稻香村","5人英雄",卢元霸,武器,静徐佛杖,-,
"47","风雨稻香村","5人英雄",卢元霸,武器,听风,-,
"47","风雨稻香村","5人英雄",卢元霸,装备,灵鹰发带,-,
"47","风雨稻香村","5人英雄",卢元霸,武器,十二铁环镖,-,
"47","风雨稻香村","5人英雄",卢元霸,装备,寸劲罗汉衣,-,
"47","风雨稻香村","5人英雄",卢元霸,武器,猿骨笛,-,
"47","风雨稻香村","5人英雄",卢元霸,武器,古德僧棍,-,
"47","风雨稻香村","5人英雄",卢元霸,武器,孤行,-,
"47","风雨稻香村","5人英雄",卢元霸,装备,寸劲布鞋,-,
"47","风雨稻香村","5人英雄",卢元霸,武器,孤心笔,-,
"47","风雨稻香村","5人英雄",卢元霸,装备,苍虎束带,-,
"47","风雨稻香村","5人英雄",卢元霸,武器,盘龙齐眉棍,-,
"47","风雨稻香村","5人英雄",卢元霸,武器,问皓剑,-,
"47","风雨稻香村","5人英雄",卢元霸,武器,绪柳雅,-,
"47","风雨稻香村","5人英雄",卢元霸,武器,黑杀棍,-,
"47","风雨稻香村","5人英雄",卢元霸,装备,斑荆头环,-,
"47","风雨稻香村","5人英雄",卢元霸,武器,悲华剑,-,
"47","风雨稻香村","5人英雄",卢元霸,武器,竹夜卿,-,
"47","风雨稻香村","5人英雄",卢元霸,武器,黛雪剑,-,
"47","风雨稻香村","5人英雄",卢元霸,饰品,裂风链,-,
"47","风雨稻香村","5人英雄",卢元霸,武器,帝恨,-,
"47","风雨稻香村","5人英雄",卢元霸,武器,一夜飞霜,-,
"47","风雨稻香村","5人英雄",卢元霸,武器,蜮影劫,-,
"47","风雨稻香村","5人英雄",卢元霸,武器,止水剑,-,
"47","风雨稻香村","5人英雄",卢元霸,武器,轻侯,-,
"47","风雨稻香村","5人英雄",卢元霸,武器,醉卧幽梦,-,
"47","风雨稻香村","5人英雄",卢元霸,武器,秋隼啸,-,
"47","风雨稻香村","5人英雄",卢元霸,武器,流涂长斧,-,
"47","风雨稻香村","5人英雄",卢元霸,武器,横江锁,-,
"47","风雨稻香村","5人英雄",卢元霸,武器,池鱼思渊,-,
"47","风雨稻香村","5人英雄",卢元霸,武器,凝霜,-,
"47","风雨稻香村","5人英雄",卢元霸,装备,许逊带,-,
"47","风雨稻香村","5人英雄",卢元霸,武器,解龙,-,
"47","风雨稻香村","5人英雄",卢元霸,武器,伏鹰枪,-,
"47","风雨稻香村","5人英雄",卢元霸,武器,恶蛟双钩,-,
"47","风雨稻香村","5人英雄",齐宗强,武器,恶蛟双钩,-,
"47","风雨稻香村","5人英雄",齐宗强,武器,奈何清风,-,
"47","风雨稻香村","5人英雄",齐宗强,武器,忆秋,-,
"47","风雨稻香村","5人英雄",齐宗强,武器,终风,-,
"47","风雨稻香村","5人英雄",齐宗强,装备,苍虎护手,-,
"47","风雨稻香村","5人英雄",齐宗强,武器,飞星流彩,-,
"47","风雨稻香村","5人英雄",齐宗强,武器,静徐佛杖,-,
"47","风雨稻香村","5人英雄",齐宗强,武器,听风,-,
"47","风雨稻香村","5人英雄",齐宗强,装备,寸劲头箍,-,
"47","风雨稻香村","5人英雄",齐宗强,装备,银虎上衣,-,
"47","风雨稻香村","5人英雄",齐宗强,武器,百花之触,-,
"47","风雨稻香村","5人英雄",齐宗强,武器,猿骨笛,-,
"47","风雨稻香村","5人英雄",齐宗强,武器,古德僧棍,-,
"47","风雨稻香村","5人英雄",齐宗强,武器,孤行,-,
"47","风雨稻香村","5人英雄",齐宗强,装备,白鹤短靴,-,
"47","风雨稻香村","5人英雄",齐宗强,武器,孤心笔,-,
"47","风雨稻香村","5人英雄",齐宗强,武器,盘龙齐眉棍,-,
"47","风雨稻香村","5人英雄",齐宗强,装备,昭武战靴,-,
"47","风雨稻香村","5人英雄",齐宗强,武器,问皓剑,-,
"47","风雨稻香村","5人英雄",齐宗强,武器,绪柳雅,-,
"47","风雨稻香村","5人英雄",齐宗强,武器,黑杀棍,-,
"47","风雨稻香村","5人英雄",齐宗强,装备,琪棠长靴,-,
"47","风雨稻香村","5人英雄",齐宗强,饰品,天鸠指环,-,
"47","风雨稻香村","5人英雄",齐宗强,武器,伏鹰枪,-,
"47","风雨稻香村","5人英雄",齐宗强,武器,悲华剑,-,
"47","风雨稻香村","5人英雄",齐宗强,武器,竹夜卿,-,
"47","风雨稻香村","5人英雄",齐宗强,武器,黛雪剑,-,
"47","风雨稻香村","5人英雄",齐宗强,饰品,彭尸坠,-,
"47","风雨稻香村","5人英雄",齐宗强,武器,帝恨,-,
"47","风雨稻香村","5人英雄",齐宗强,武器,一夜飞霜,-,
"47","风雨稻香村","5人英雄",齐宗强,武器,蜮影劫,-,
"47","风雨稻香村","5人英雄",齐宗强,武器,止水剑,-,
"47","风雨稻香村","5人英雄",齐宗强,武器,轻侯,-,
"47","风雨稻香村","5人英雄",齐宗强,武器,醉卧幽梦,-,
"47","风雨稻香村","5人英雄",齐宗强,武器,秋隼啸,-,
"47","风雨稻香村","5人英雄",齐宗强,武器,横江锁,-,
"47","风雨稻香村","5人英雄",齐宗强,饰品,九命皆绝,-,
"47","风雨稻香村","5人英雄",齐宗强,饰品,闪击玉石,-,
"47","风雨稻香村","5人英雄",齐宗强,武器,池鱼思渊,-,
"47","风雨稻香村","5人英雄",齐宗强,武器,凝霜,-,
"47","风雨稻香村","5人英雄",齐宗强,武器,解龙,-,
"47","风雨稻香村","5人英雄",肖红,武器,池鱼思渊,-,
"47","风雨稻香村","5人英雄",肖红,武器,凝霜,-,
"47","风雨稻香村","5人英雄",肖红,武器,恶蛟双钩,-,
"47","风雨稻香村","5人英雄",肖红,武器,奈何清风,-,
"47","风雨稻香村","5人英雄",肖红,武器,忆秋,-,
"47","风雨稻香村","5人英雄",肖红,武器,飞星流彩,-,
"47","风雨稻香村","5人英雄",肖红,武器,静徐佛杖,-,
"47","风雨稻香村","5人英雄",肖红,武器,听风,-,
"47","风雨稻香村","5人英雄",肖红,武器,毒龙花,-,
"47","风雨稻香村","5人英雄",肖红,武器,猿骨笛,-,
"47","风雨稻香村","5人英雄",肖红,武器,古德僧棍,-,
"47","风雨稻香村","5人英雄",肖红,武器,孤行,-,
"47","风雨稻香村","5人英雄",肖红,装备,明歌束带,-,
"47","风雨稻香村","5人英雄",肖红,武器,孤心笔,-,
"47","风雨稻香村","5人英雄",肖红,装备,壶公鞋,-,
"47","风雨稻香村","5人英雄",肖红,装备,思故衣,-,
"47","风雨稻香村","5人英雄",肖红,武器,盘龙齐眉棍,-,
"47","风雨稻香村","5人英雄",肖红,武器,问皓剑,-,
"47","风雨稻香村","5人英雄",肖红,武器,绪柳雅,-,
"47","风雨稻香村","5人英雄",肖红,饰品,慧眼项饰,-,
"47","风雨稻香村","5人英雄",肖红,武器,伏鹰枪,-,
"47","风雨稻香村","5人英雄",肖红,饰品,斩君之令,-,
"47","风雨稻香村","5人英雄",肖红,武器,悲华剑,-,
"47","风雨稻香村","5人英雄",肖红,武器,竹夜卿,-,
"47","风雨稻香村","5人英雄",肖红,武器,黛雪剑,-,
"47","风雨稻香村","5人英雄",肖红,武器,帝恨,-,
"47","风雨稻香村","5人英雄",肖红,武器,一夜飞霜,-,
"47","风雨稻香村","5人英雄",肖红,武器,蜮影劫,-,
"47","风雨稻香村","5人英雄",肖红,武器,止水剑,-,
"47","风雨稻香村","5人英雄",肖红,武器,轻侯,-,
"47","风雨稻香村","5人英雄",肖红,武器,醉卧幽梦,-,
"47","风雨稻香村","5人英雄",肖红,武器,秋隼啸,-,
"47","风雨稻香村","5人英雄",肖红,武器,横江锁,-,
"47","风雨稻香村","5人英雄",肖红,武器,星殒,-,
"47","风雨稻香村","5人英雄",肖红,装备,斑荆血袍,-,
"47","风雨稻香村","5人英雄",肖红,装备,灵鹰上衣,-,
"47","风雨稻香村","5人英雄",肖红,装备,银虎顶戴,-,
"47","风雨稻香村","5人英雄",肖红,装备,寸劲钢手,-,
"47","风雨稻香村","5人英雄",肖红,武器,终风,-,
"47","风雨稻香村","5人英雄",肖红,武器,解龙,-,
"47","风雨稻香村","5人英雄",肖红,武器,黑杀棍,-,
"47","风雨稻香村","5人英雄",熊奎、汪莽,武器,赤青莲华,-,
"47","风雨稻香村","5人英雄",熊奎、汪莽,武器,解龙,-,
"47","风雨稻香村","5人英雄",熊奎、汪莽,武器,恶蛟双钩,-,
"47","风雨稻香村","5人英雄",熊奎、汪莽,武器,终风,-,
"47","风雨稻香村","5人英雄",熊奎、汪莽,武器,奈何清风,-,
"47","风雨稻香村","5人英雄",熊奎、汪莽,武器,忆秋,-,
"47","风雨稻香村","5人英雄",熊奎、汪莽,装备,灵鹰护腕,-,
"47","风雨稻香村","5人英雄",熊奎、汪莽,武器,飞星流彩,-,
"47","风雨稻香村","5人英雄",熊奎、汪莽,武器,静徐佛杖,-,
"47","风雨稻香村","5人英雄",熊奎、汪莽,武器,听风,-,
"47","风雨稻香村","5人英雄",熊奎、汪莽,装备,银虎长裤,-,
"47","风雨稻香村","5人英雄",熊奎、汪莽,武器,猿骨笛,-,
"47","风雨稻香村","5人英雄",熊奎、汪莽,武器,古德僧棍,-,
"47","风雨稻香村","5人英雄",熊奎、汪莽,武器,孤行,-,
"47","风雨稻香村","5人英雄",熊奎、汪莽,武器,孤心笔,-,
"47","风雨稻香村","5人英雄",熊奎、汪莽,武器,盘龙齐眉棍,-,
"47","风雨稻香村","5人英雄",熊奎、汪莽,武器,黑杀棍,-,
"47","风雨稻香村","5人英雄",熊奎、汪莽,饰品,画卷,-,
"47","风雨稻香村","5人英雄",熊奎、汪莽,武器,伏鹰枪,-,
"47","风雨稻香村","5人英雄",熊奎、汪莽,饰品,无盐戒,-,
"47","风雨稻香村","5人英雄",熊奎、汪莽,武器,武城剑,-,
"47","风雨稻香村","5人英雄",熊奎、汪莽,武器,悲华剑,-,
"47","风雨稻香村","5人英雄",熊奎、汪莽,武器,竹夜卿,-,
"47","风雨稻香村","5人英雄",熊奎、汪莽,武器,黛雪剑,-,
"47","风雨稻香村","5人英雄",熊奎、汪莽,武器,帝恨,-,
"47","风雨稻香村","5人英雄",熊奎、汪莽,武器,一夜飞霜,-,
"47","风雨稻香村","5人英雄",熊奎、汪莽,武器,蜮影劫,-,
"47","风雨稻香村","5人英雄",熊奎、汪莽,武器,止水剑,-,
"47","风雨稻香村","5人英雄",熊奎、汪莽,武器,轻侯,-,
"47","风雨稻香村","5人英雄",熊奎、汪莽,武器,醉卧幽梦,-,
"47","风雨稻香村","5人英雄",熊奎、汪莽,武器,秋隼啸,-,
"47","风雨稻香村","5人英雄",熊奎、汪莽,饰品,圣士腰坠,-,
"47","风雨稻香村","5人英雄",熊奎、汪莽,饰品,地煞铁指,-,
"47","风雨稻香村","5人英雄",熊奎、汪莽,装备,天朝之靴,-,
"47","风雨稻香村","5人英雄",熊奎、汪莽,装备,君天上衣,-,
"47","风雨稻香村","5人英雄",熊奎、汪莽,武器,横江锁,-,
"47","风雨稻香村","5人英雄",熊奎、汪莽,武器,绪柳雅,-,
"47","风雨稻香村","5人英雄",熊奎、汪莽,武器,凝霜,-,
"47","风雨稻香村","5人英雄",熊奎、汪莽,武器,问皓剑,-,
"47","风雨稻香村","5人英雄",熊奎、汪莽,武器,池鱼思渊,-,
