"220","永王行宫·仙侣庭园","10人普通",屈焰阳,特殊,沉香玉·琴,-,
"220","永王行宫·仙侣庭园","10人普通",屈焰阳,特殊,五行石（三级）,-,
"220","永王行宫·仙侣庭园","10人普通",屈焰阳,特殊,五行石（五级）,-,
"220","永王行宫·仙侣庭园","10人普通",屈焰阳,特殊,屈焰阳,-,
"220","永王行宫·仙侣庭园","10人普通",屈焰阳,特殊,星雷陨铁,-,
"220","永王行宫·仙侣庭园","10人普通",屈焰阳,特殊,玛瑙,-,
"220","永王行宫·仙侣庭园","10人普通",屈焰阳,特殊,五行石（四级）,-,
"220","永王行宫·仙侣庭园","10人普通",屈焰阳,特殊,猫眼石,-,
"220","永王行宫·仙侣庭园","10人普通",森九岚,特殊,桑原森九岚,-,
"220","永王行宫·仙侣庭园","10人普通",森九岚,特殊,五行石（四级）,-,
"220","永王行宫·仙侣庭园","10人普通",森九岚,特殊,沉香玉·琴,-,
"220","永王行宫·仙侣庭园","10人普通",森九岚,特殊,神兵玉匣·永王行宫,-,
"220","永王行宫·仙侣庭园","10人普通",森九岚,特殊,藏剑武器·倚松点绛,-,
"220","永王行宫·仙侣庭园","10人普通",森九岚,特殊,五行石（五级）,-,
"220","永王行宫·仙侣庭园","10人普通",森九岚,特殊,藏剑武器·菱花绮光,-,
"220","永王行宫·仙侣庭园","10人普通",森九岚,特殊,五行石（三级）,-,
"220","永王行宫·仙侣庭园","10人普通",森九岚,特殊,星雷陨铁,-,
"220","永王行宫·仙侣庭园","10人普通",森九岚,特殊,玛瑙,-,
"220","永王行宫·仙侣庭园","10人普通",森九岚,特殊,猫眼石,-,
"220","永王行宫·仙侣庭园","10人普通",李玚,特殊,《蜀山剑诀·秘卷》,-,
"220","永王行宫·仙侣庭园","10人普通",李玚,特殊,沉香玉·琴,-,
"220","永王行宫·仙侣庭园","10人普通",李玚,特殊,《圣灵心法·秘卷》,-,
"220","永王行宫·仙侣庭园","10人普通",李玚,特殊,五行石（三级）,-,
"220","永王行宫·仙侣庭园","10人普通",李玚,特殊,神兵玉匣·永王行宫,-,
"220","永王行宫·仙侣庭园","10人普通",李玚,特殊,五行石（五级）,-,
"220","永王行宫·仙侣庭园","10人普通",李玚,特殊,《易筋经·秘卷》,-,
"220","永王行宫·仙侣庭园","10人普通",李玚,特殊,李玚,-,
"220","永王行宫·仙侣庭园","10人普通",李玚,特殊,藏剑武器·倚松点绛,-,
"220","永王行宫·仙侣庭园","10人普通",李玚,特殊,《惊羽诀·秘卷》,-,
"220","永王行宫·仙侣庭园","10人普通",李玚,特殊,藏剑武器·菱花绮光,-,
"220","永王行宫·仙侣庭园","10人普通",李玚,特殊,《离经易道·秘卷》,-,
"220","永王行宫·仙侣庭园","10人普通",李玚,特殊,《纯阳别册·残卷》,-,
"220","永王行宫·仙侣庭园","10人普通",李玚,特殊,星雷陨铁,-,
"220","永王行宫·仙侣庭园","10人普通",李玚,特殊,上品茶饼·兑,-,
"220","永王行宫·仙侣庭园","10人普通",李玚,特殊,《相知剑意·残卷》,-,
"220","永王行宫·仙侣庭园","10人普通",李玚,特殊,五行石（四级）,-,
"220","永王行宫·仙侣庭园","10人普通",李玚,特殊,玛瑙,-,
"220","永王行宫·仙侣庭园","10人普通",李玚,特殊,维峰丹,-,
"220","永王行宫·仙侣庭园","10人普通",李玚,特殊,猫眼石,-,
"220","永王行宫·仙侣庭园","10人普通",仲虚念,特殊,猫眼石,-,
"220","永王行宫·仙侣庭园","10人普通",仲虚念,特殊,《蜀山剑诀·秘卷》,-,
"220","永王行宫·仙侣庭园","10人普通",仲虚念,特殊,五行石（四级）,-,
"220","永王行宫·仙侣庭园","10人普通",仲虚念,特殊,沉香玉·琴,-,
"220","永王行宫·仙侣庭园","10人普通",仲虚念,特殊,《圣灵心法·秘卷》,-,
"220","永王行宫·仙侣庭园","10人普通",仲虚念,特殊,神兵玉匣·永王行宫,-,
"220","永王行宫·仙侣庭园","10人普通",仲虚念,特殊,天机残页（腰带）·琴,-,
"220","永王行宫·仙侣庭园","10人普通",仲虚念,特殊,天机残页（鞋子）·琴,-,
"220","永王行宫·仙侣庭园","10人普通",仲虚念,特殊,《易筋经·秘卷》,-,
"220","永王行宫·仙侣庭园","10人普通",仲虚念,特殊,藏剑武器·倚松点绛,-,
"220","永王行宫·仙侣庭园","10人普通",仲虚念,特殊,《惊羽诀·秘卷》,-,
"220","永王行宫·仙侣庭园","10人普通",仲虚念,特殊,五行石（五级）,-,
"220","永王行宫·仙侣庭园","10人普通",仲虚念,特殊,藏剑武器·菱花绮光,-,
"220","永王行宫·仙侣庭园","10人普通",仲虚念,特殊,《离经易道·秘卷》,-,
"220","永王行宫·仙侣庭园","10人普通",仲虚念,特殊,仲虚念,-,
"220","永王行宫·仙侣庭园","10人普通",仲虚念,特殊,五行石（三级）,-,
"220","永王行宫·仙侣庭园","10人普通",仲虚念,特殊,《纯阳别册·残卷》,-,
"220","永王行宫·仙侣庭园","10人普通",仲虚念,特殊,上品茶饼·兑,-,
"220","永王行宫·仙侣庭园","10人普通",仲虚念,特殊,星雷陨铁,-,
"220","永王行宫·仙侣庭园","10人普通",仲虚念,特殊,《相知剑意·残卷》,-,
"220","永王行宫·仙侣庭园","10人普通",仲虚念,特殊,玛瑙,-,
"220","永王行宫·仙侣庭园","10人普通",仲虚念,特殊,维峰丹,-,
"220","永王行宫·仙侣庭园","10人普通",李璘与苏十三娘,特殊,平花秀夜,-,
"220","永王行宫·仙侣庭园","10人普通",李璘与苏十三娘,特殊,剑姬阵,-,
"220","永王行宫·仙侣庭园","10人普通",李璘与苏十三娘,特殊,五行石（三级）,-,
"220","永王行宫·仙侣庭园","10人普通",李璘与苏十三娘,特殊,沉香玉·琴,-,
"220","永王行宫·仙侣庭园","10人普通",李璘与苏十三娘,特殊,《圣灵心法·秘卷》,-,
"220","永王行宫·仙侣庭园","10人普通",李璘与苏十三娘,特殊,神兵玉匣·永王行宫,-,
"220","永王行宫·仙侣庭园","10人普通",李璘与苏十三娘,特殊,五行石（五级）,-,
"220","永王行宫·仙侣庭园","10人普通",李璘与苏十三娘,特殊,《易筋经·秘卷》,-,
"220","永王行宫·仙侣庭园","10人普通",李璘与苏十三娘,特殊,天机残页（上衣）·琴,-,
"220","永王行宫·仙侣庭园","10人普通",李璘与苏十三娘,特殊,天机残页（近战武器）·琴,-,
"220","永王行宫·仙侣庭园","10人普通",李璘与苏十三娘,特殊,《惊羽诀·秘卷》,-,
"220","永王行宫·仙侣庭园","10人普通",李璘与苏十三娘,特殊,藏剑武器·倚松点绛,-,
"220","永王行宫·仙侣庭园","10人普通",李璘与苏十三娘,特殊,藏剑武器·菱花绮光,-,
"220","永王行宫·仙侣庭园","10人普通",李璘与苏十三娘,特殊,《离经易道·秘卷》,-,
"220","永王行宫·仙侣庭园","10人普通",李璘与苏十三娘,特殊,星雷陨铁,-,
"220","永王行宫·仙侣庭园","10人普通",李璘与苏十三娘,特殊,《纯阳别册·残卷》,-,
"220","永王行宫·仙侣庭园","10人普通",李璘与苏十三娘,特殊,上品茶饼·兑,-,
"220","永王行宫·仙侣庭园","10人普通",李璘与苏十三娘,特殊,五行石（四级）,-,
"220","永王行宫·仙侣庭园","10人普通",李璘与苏十三娘,特殊,《相知剑意·残卷》,-,
"220","永王行宫·仙侣庭园","10人普通",李璘与苏十三娘,特殊,玛瑙,-,
"220","永王行宫·仙侣庭园","10人普通",李璘与苏十三娘,特殊,李璘与苏十三娘,-,
"220","永王行宫·仙侣庭园","10人普通",李璘与苏十三娘,特殊,维峰丹,-,
"220","永王行宫·仙侣庭园","10人普通",李璘与苏十三娘,特殊,猫眼石,-,
"220","永王行宫·仙侣庭园","10人普通",李璘与苏十三娘,特殊,《蜀山剑诀·秘卷》,-,
"231","永王行宫·仙侣庭园","25人英雄",屈焰阳,特殊,五行石（六级）,-,
"231","永王行宫·仙侣庭园","25人英雄",屈焰阳,特殊,儒风护腕·藏剑·琴,-,
"231","永王行宫·仙侣庭园","25人英雄",屈焰阳,特殊,儒风护腕·丐帮·琴,-,
"231","永王行宫·仙侣庭园","25人英雄",屈焰阳,特殊,儒风护腕·天策·琴,-,
"231","永王行宫·仙侣庭园","25人英雄",屈焰阳,特殊,儒风护腕·明教·琴,-,
"231","永王行宫·仙侣庭园","25人英雄",屈焰阳,特殊,儒风护腕·苍云·琴,-,
"231","永王行宫·仙侣庭园","25人英雄",屈焰阳,特殊,儒风护腕·纯阳·琴,-,
"231","永王行宫·仙侣庭园","25人英雄",屈焰阳,特殊,星雷陨铁,-,
"231","永王行宫·仙侣庭园","25人英雄",屈焰阳,特殊,儒风护腕·长歌·琴,-,
"231","永王行宫·仙侣庭园","25人英雄",屈焰阳,特殊,五行石（五级）,-,
"231","永王行宫·仙侣庭园","25人英雄",屈焰阳,特殊,儒风宝匣·腕·琴,-,
"231","永王行宫·仙侣庭园","25人英雄",屈焰阳,特殊,儒风护腕·七秀·琴,-,
"231","永王行宫·仙侣庭园","25人英雄",屈焰阳,特殊,屈焰阳,-,
"231","永王行宫·仙侣庭园","25人英雄",屈焰阳,特殊,儒风护腕·五毒·琴,-,
"231","永王行宫·仙侣庭园","25人英雄",屈焰阳,特殊,儒风护腕·少林·琴,-,
"231","永王行宫·仙侣庭园","25人英雄",屈焰阳,特殊,沉香玉·琴,-,
"231","永王行宫·仙侣庭园","25人英雄",屈焰阳,特殊,儒风护腕·唐门·琴,-,
"231","永王行宫·仙侣庭园","25人英雄",屈焰阳,特殊,儒风护腕·万花·琴,-,
"231","永王行宫·仙侣庭园","25人英雄",森九岚,特殊,桑原森九岚,-,
"231","永王行宫·仙侣庭园","25人英雄",森九岚,特殊,儒风腰带·藏剑·琴,-,
"231","永王行宫·仙侣庭园","25人英雄",森九岚,特殊,儒风腰带·万花·琴,-,
"231","永王行宫·仙侣庭园","25人英雄",森九岚,特殊,五行石（六级）,-,
"231","永王行宫·仙侣庭园","25人英雄",森九岚,特殊,儒风腰带·丐帮·琴,-,
"231","永王行宫·仙侣庭园","25人英雄",森九岚,特殊,儒风腰带·明教·琴,-,
"231","永王行宫·仙侣庭园","25人英雄",森九岚,特殊,儒风腰带·天策·琴,-,
"231","永王行宫·仙侣庭园","25人英雄",森九岚,特殊,儒风腰带·苍云·琴,-,
"231","永王行宫·仙侣庭园","25人英雄",森九岚,特殊,儒风腰带·长歌·琴,-,
"231","永王行宫·仙侣庭园","25人英雄",森九岚,特殊,儒风腰带·纯阳·琴,-,
"231","永王行宫·仙侣庭园","25人英雄",森九岚,特殊,星雷陨铁,-,
"231","永王行宫·仙侣庭园","25人英雄",森九岚,特殊,儒风宝匣·腰·琴,-,
"231","永王行宫·仙侣庭园","25人英雄",森九岚,特殊,五行石（五级）,-,
"231","永王行宫·仙侣庭园","25人英雄",森九岚,特殊,儒风腰带·七秀·琴,-,
"231","永王行宫·仙侣庭园","25人英雄",森九岚,特殊,儒风腰带·五毒·琴,-,
"231","永王行宫·仙侣庭园","25人英雄",森九岚,特殊,儒风腰带·少林·琴,-,
"231","永王行宫·仙侣庭园","25人英雄",森九岚,特殊,沉香玉·琴,-,
"231","永王行宫·仙侣庭园","25人英雄",森九岚,特殊,儒风腰带·唐门·琴,-,
"231","永王行宫·仙侣庭园","25人英雄",李玚,特殊,《圣灵心法·秘卷》,-,
"231","永王行宫·仙侣庭园","25人英雄",李玚,特殊,儒风鞋·万花·琴,-,
"231","永王行宫·仙侣庭园","25人英雄",李玚,特殊,儒风鞋·藏剑·琴,-,
"231","永王行宫·仙侣庭园","25人英雄",李玚,特殊,《易筋经·秘卷》,-,
"231","永王行宫·仙侣庭园","25人英雄",李玚,特殊,儒风鞋·丐帮·琴,-,
"231","永王行宫·仙侣庭园","25人英雄",李玚,特殊,儒风鞋·天策·琴,-,
"231","永王行宫·仙侣庭园","25人英雄",李玚,特殊,儒风鞋·明教·琴,-,
"231","永王行宫·仙侣庭园","25人英雄",李玚,特殊,《惊羽诀·秘卷》,-,
"231","永王行宫·仙侣庭园","25人英雄",李玚,特殊,李玚,-,
"231","永王行宫·仙侣庭园","25人英雄",李玚,特殊,五行石（五级）,-,
"231","永王行宫·仙侣庭园","25人英雄",李玚,特殊,星雷陨铁,-,
"231","永王行宫·仙侣庭园","25人英雄",李玚,特殊,儒风鞋·苍云·琴,-,
"231","永王行宫·仙侣庭园","25人英雄",李玚,特殊,《离经易道·秘卷》,-,
"231","永王行宫·仙侣庭园","25人英雄",李玚,特殊,儒风鞋·纯阳·琴,-,
"231","永王行宫·仙侣庭园","25人英雄",李玚,特殊,儒风鞋·长歌·琴,-,
"231","永王行宫·仙侣庭园","25人英雄",李玚,特殊,《纯阳别册·残卷》,-,
"231","永王行宫·仙侣庭园","25人英雄",李玚,特殊,儒风宝匣·鞋·琴,-,
"231","永王行宫·仙侣庭园","25人英雄",李玚,特殊,天机残卷（上衣）·琴,-,
"231","永王行宫·仙侣庭园","25人英雄",李玚,特殊,上品茶饼·兑,-,
"231","永王行宫·仙侣庭园","25人英雄",李玚,特殊,天机残卷（腰带）·琴,-,
"231","永王行宫·仙侣庭园","25人英雄",李玚,特殊,儒风鞋·七秀·琴,-,
"231","永王行宫·仙侣庭园","25人英雄",李玚,特殊,天机残卷（鞋子）·琴,-,
"231","永王行宫·仙侣庭园","25人英雄",李玚,特殊,天机残卷（近战武器）·琴,-,
"231","永王行宫·仙侣庭园","25人英雄",李玚,特殊,《相知剑意·残卷》,-,
"231","永王行宫·仙侣庭园","25人英雄",李玚,特殊,维峰丹,-,
"231","永王行宫·仙侣庭园","25人英雄",李玚,特殊,儒风鞋·五毒·琴,-,
"231","永王行宫·仙侣庭园","25人英雄",李玚,特殊,儒风鞋·少林·琴,-,
"231","永王行宫·仙侣庭园","25人英雄",李玚,特殊,沉香玉·琴,-,
"231","永王行宫·仙侣庭园","25人英雄",李玚,特殊,《蜀山剑诀·秘卷》,-,
"231","永王行宫·仙侣庭园","25人英雄",李玚,特殊,五行石（六级）,-,
"231","永王行宫·仙侣庭园","25人英雄",李玚,特殊,儒风鞋·唐门·琴,-,
"231","永王行宫·仙侣庭园","25人英雄",仲虚念,特殊,《圣灵心法·秘卷》,-,
"231","永王行宫·仙侣庭园","25人英雄",仲虚念,特殊,儒风帽·藏剑·琴,-,
"231","永王行宫·仙侣庭园","25人英雄",仲虚念,特殊,儒风帽·万花·琴,-,
"231","永王行宫·仙侣庭园","25人英雄",仲虚念,特殊,五行石（六级）,-,
"231","永王行宫·仙侣庭园","25人英雄",仲虚念,特殊,《易筋经·秘卷》,-,
"231","永王行宫·仙侣庭园","25人英雄",仲虚念,特殊,儒风帽·丐帮·琴,-,
"231","永王行宫·仙侣庭园","25人英雄",仲虚念,特殊,《惊羽诀·秘卷》,-,
"231","永王行宫·仙侣庭园","25人英雄",仲虚念,特殊,儒风帽·明教·琴,-,
"231","永王行宫·仙侣庭园","25人英雄",仲虚念,特殊,儒风帽·天策·琴,-,
"231","永王行宫·仙侣庭园","25人英雄",仲虚念,特殊,儒风帽·苍云·琴,-,
"231","永王行宫·仙侣庭园","25人英雄",仲虚念,特殊,《离经易道·秘卷》,-,
"231","永王行宫·仙侣庭园","25人英雄",仲虚念,特殊,儒风帽·长歌·琴,-,
"231","永王行宫·仙侣庭园","25人英雄",仲虚念,特殊,儒风宝匣·帽·琴,-,
"231","永王行宫·仙侣庭园","25人英雄",仲虚念,特殊,《纯阳别册·残卷》,-,
"231","永王行宫·仙侣庭园","25人英雄",仲虚念,特殊,儒风帽·纯阳·琴,-,
"231","永王行宫·仙侣庭园","25人英雄",仲虚念,特殊,神兵玉匣·英雄永王行宫,-,
"231","永王行宫·仙侣庭园","25人英雄",仲虚念,特殊,星雷陨铁,-,
"231","永王行宫·仙侣庭园","25人英雄",仲虚念,特殊,天机残卷（上衣）·琴,-,
"231","永王行宫·仙侣庭园","25人英雄",仲虚念,特殊,天机残卷（腰带）·琴,-,
"231","永王行宫·仙侣庭园","25人英雄",仲虚念,特殊,藏剑武器·孤岫断坤,-,
"231","永王行宫·仙侣庭园","25人英雄",仲虚念,特殊,仲虚念,-,
"231","永王行宫·仙侣庭园","25人英雄",仲虚念,特殊,上品茶饼·兑,-,
"231","永王行宫·仙侣庭园","25人英雄",仲虚念,特殊,天机残卷（鞋子）·琴,-,
"231","永王行宫·仙侣庭园","25人英雄",仲虚念,特殊,天机残卷（近战武器）·琴,-,
"231","永王行宫·仙侣庭园","25人英雄",仲虚念,特殊,儒风帽·七秀·琴,-,
"231","永王行宫·仙侣庭园","25人英雄",仲虚念,特殊,《相知剑意·残卷》,-,
"231","永王行宫·仙侣庭园","25人英雄",仲虚念,特殊,五行石（五级）,-,
"231","永王行宫·仙侣庭园","25人英雄",仲虚念,特殊,维峰丹,-,
"231","永王行宫·仙侣庭园","25人英雄",仲虚念,特殊,儒风帽·五毒·琴,-,
"231","永王行宫·仙侣庭园","25人英雄",仲虚念,特殊,沉香玉·琴,-,
"231","永王行宫·仙侣庭园","25人英雄",仲虚念,特殊,儒风帽·少林·琴,-,
"231","永王行宫·仙侣庭园","25人英雄",仲虚念,特殊,《蜀山剑诀·秘卷》,-,
"231","永王行宫·仙侣庭园","25人英雄",仲虚念,特殊,儒风帽·唐门·琴,-,
"231","永王行宫·仙侣庭园","25人英雄",李璘与苏十三娘,特殊,平花秀夜,-,
"231","永王行宫·仙侣庭园","25人英雄",李璘与苏十三娘,特殊,剑姬阵,-,
"231","永王行宫·仙侣庭园","25人英雄",李璘与苏十三娘,特殊,归阳木,-,
"231","永王行宫·仙侣庭园","25人英雄",李璘与苏十三娘,特殊,儒风衣·藏剑·琴,-,
"231","永王行宫·仙侣庭园","25人英雄",李璘与苏十三娘,特殊,《易筋经·秘卷》,-,
"231","永王行宫·仙侣庭园","25人英雄",李璘与苏十三娘,特殊,儒风衣·万花·琴,-,
"231","永王行宫·仙侣庭园","25人英雄",李璘与苏十三娘,特殊,五行石（五级）,-,
"231","永王行宫·仙侣庭园","25人英雄",李璘与苏十三娘,特殊,儒风衣·丐帮·琴,-,
"231","永王行宫·仙侣庭园","25人英雄",李璘与苏十三娘,特殊,《惊羽诀·秘卷》,-,
"231","永王行宫·仙侣庭园","25人英雄",李璘与苏十三娘,特殊,星雷陨铁,-,
"231","永王行宫·仙侣庭园","25人英雄",李璘与苏十三娘,特殊,儒风衣·明教·琴,-,
"231","永王行宫·仙侣庭园","25人英雄",李璘与苏十三娘,特殊,儒风衣·天策·琴,-,
"231","永王行宫·仙侣庭园","25人英雄",李璘与苏十三娘,特殊,《离经易道·秘卷》,-,
"231","永王行宫·仙侣庭园","25人英雄",李璘与苏十三娘,特殊,儒风衣·苍云·琴,-,
"231","永王行宫·仙侣庭园","25人英雄",李璘与苏十三娘,特殊,《纯阳别册·残卷》,-,
"231","永王行宫·仙侣庭园","25人英雄",李璘与苏十三娘,特殊,儒风衣·长歌·琴,-,
"231","永王行宫·仙侣庭园","25人英雄",李璘与苏十三娘,特殊,儒风衣·纯阳·琴,-,
"231","永王行宫·仙侣庭园","25人英雄",李璘与苏十三娘,特殊,儒风宝匣·衣·琴,-,
"231","永王行宫·仙侣庭园","25人英雄",李璘与苏十三娘,特殊,上品茶饼·兑,-,
"231","永王行宫·仙侣庭园","25人英雄",李璘与苏十三娘,特殊,天机残卷（上衣）·琴,-,
"231","永王行宫·仙侣庭园","25人英雄",李璘与苏十三娘,特殊,天机残卷（腰带）·琴,-,
"231","永王行宫·仙侣庭园","25人英雄",李璘与苏十三娘,特殊,醉月玄晶,-,
"231","永王行宫·仙侣庭园","25人英雄",李璘与苏十三娘,特殊,天机残卷（鞋子）·琴,-,
"231","永王行宫·仙侣庭园","25人英雄",李璘与苏十三娘,特殊,天机残卷（近战武器）·琴,-,
"231","永王行宫·仙侣庭园","25人英雄",李璘与苏十三娘,特殊,《相知剑意·残卷》,-,
"231","永王行宫·仙侣庭园","25人英雄",李璘与苏十三娘,特殊,儒风衣·七秀·琴,-,
"231","永王行宫·仙侣庭园","25人英雄",李璘与苏十三娘,特殊,维峰丹,-,
"231","永王行宫·仙侣庭园","25人英雄",李璘与苏十三娘,特殊,儒风衣·五毒·琴,-,
"231","永王行宫·仙侣庭园","25人英雄",李璘与苏十三娘,特殊,李璘与苏十三娘,-,
"231","永王行宫·仙侣庭园","25人英雄",李璘与苏十三娘,特殊,五行石（六级）,-,
"231","永王行宫·仙侣庭园","25人英雄",李璘与苏十三娘,特殊,《蜀山剑诀·秘卷》,-,
"231","永王行宫·仙侣庭园","25人英雄",李璘与苏十三娘,特殊,沉香玉·琴,-,
"231","永王行宫·仙侣庭园","25人英雄",李璘与苏十三娘,特殊,儒风衣·少林·琴,-,
"231","永王行宫·仙侣庭园","25人英雄",李璘与苏十三娘,特殊,《圣灵心法·秘卷》,-,
"231","永王行宫·仙侣庭园","25人英雄",李璘与苏十三娘,特殊,儒风衣·唐门·琴,-,
"221","永王行宫·花月别院","10人普通",韩非池,特殊,永王东巡歌其一,-,
"221","永王行宫·花月别院","10人普通",韩非池,特殊,永王东巡歌其二,-,
"221","永王行宫·花月别院","10人普通",韩非池,特殊,永王东巡歌其三,-,
"221","永王行宫·花月别院","10人普通",韩非池,特殊,五行石（三级）,-,
"221","永王行宫·花月别院","10人普通",韩非池,特殊,玛瑙,-,
"221","永王行宫·花月别院","10人普通",韩非池,特殊,星雷陨铁,-,
"221","永王行宫·花月别院","10人普通",韩非池,特殊,五行石（四级）,-,
"221","永王行宫·花月别院","10人普通",韩非池,特殊,五行石（五级）,-,
"221","永王行宫·花月别院","10人普通",韩非池,特殊,猫眼石,-,
"221","永王行宫·花月别院","10人普通",韩非池,特殊,沉香玉·琴,-,
"221","永王行宫·花月别院","10人普通",莫雨,特殊,永王东巡歌其八,-,
"221","永王行宫·花月别院","10人普通",莫雨,特殊,永王东巡歌其十,-,
"221","永王行宫·花月别院","10人普通",莫雨,特殊,五行石（三级）,-,
"221","永王行宫·花月别院","10人普通",莫雨,特殊,五行石（五级）,-,
"221","永王行宫·花月别院","10人普通",莫雨,特殊,沉香玉·琴,-,
"221","永王行宫·花月别院","10人普通",莫雨,特殊,藏剑武器·倚松点绛,-,
"221","永王行宫·花月别院","10人普通",莫雨,特殊,五行石（四级）,-,
"221","永王行宫·花月别院","10人普通",莫雨,特殊,玛瑙,-,
"221","永王行宫·花月别院","10人普通",莫雨,特殊,神兵玉匣·永王行宫,-,
"221","永王行宫·花月别院","10人普通",莫雨,特殊,藏剑武器·菱花绮光,-,
"221","永王行宫·花月别院","10人普通",莫雨,特殊,永王东巡歌其九,-,
"221","永王行宫·花月别院","10人普通",莫雨,特殊,永王东巡歌其十一,-,
"221","永王行宫·花月别院","10人普通",莫雨,特殊,天机残页（腰带）·琴,-,
"221","永王行宫·花月别院","10人普通",莫雨,特殊,星雷陨铁,-,
"221","永王行宫·花月别院","10人普通",莫雨,特殊,猫眼石,-,
"221","永王行宫·花月别院","10人普通",莫雨,特殊,天机残页（鞋子）·琴,-,
"221","永王行宫·花月别院","10人普通",李白,特殊,永王东巡歌其四,-,
"221","永王行宫·花月别院","10人普通",李白,特殊,永王东巡歌其五,-,
"221","永王行宫·花月别院","10人普通",李白,特殊,永王东巡歌其六,-,
"221","永王行宫·花月别院","10人普通",李白,特殊,永王东巡歌其七,-,
"221","永王行宫·花月别院","10人普通",李白,特殊,五行石（四级）,-,
"221","永王行宫·花月别院","10人普通",李白,特殊,维峰丹,-,
"221","永王行宫·花月别院","10人普通",李白,特殊,《惊羽诀·秘卷》,-,
"221","永王行宫·花月别院","10人普通",李白,特殊,《相知剑意·残卷》,-,
"221","永王行宫·花月别院","10人普通",李白,特殊,沉香玉·琴,-,
"221","永王行宫·花月别院","10人普通",李白,特殊,藏剑武器·倚松点绛,-,
"221","永王行宫·花月别院","10人普通",李白,特殊,《蜀山剑诀·秘卷》,-,
"221","永王行宫·花月别院","10人普通",李白,特殊,《离经易道·秘卷》,-,
"221","永王行宫·花月别院","10人普通",李白,特殊,玛瑙,-,
"221","永王行宫·花月别院","10人普通",李白,特殊,神兵玉匣·永王行宫,-,
"221","永王行宫·花月别院","10人普通",李白,特殊,藏剑武器·菱花绮光,-,
"221","永王行宫·花月别院","10人普通",李白,特殊,五行石（三级）,-,
"221","永王行宫·花月别院","10人普通",李白,特殊,星雷陨铁,-,
"221","永王行宫·花月别院","10人普通",李白,特殊,《圣灵心法·秘卷》,-,
"221","永王行宫·花月别院","10人普通",李白,特殊,《纯阳别册·残卷》,-,
"221","永王行宫·花月别院","10人普通",李白,特殊,天机残页（上衣）·琴,-,
"221","永王行宫·花月别院","10人普通",李白,特殊,猫眼石,-,
"221","永王行宫·花月别院","10人普通",李白,特殊,五行石（五级）,-,
"221","永王行宫·花月别院","10人普通",李白,特殊,《易筋经·秘卷》,-,
"221","永王行宫·花月别院","10人普通",李白,特殊,上品茶饼·兑,-,
"221","永王行宫·花月别院","10人普通",李白,特殊,天机残页（近战武器）·琴,-,
"230","永王行宫·花月别院","25人英雄",韩非池,特殊,永王东巡歌其一,-,
"230","永王行宫·花月别院","25人英雄",韩非池,特殊,永王东巡歌其二,-,
"230","永王行宫·花月别院","25人英雄",韩非池,特殊,五行石（六级）,-,
"230","永王行宫·花月别院","25人英雄",韩非池,特殊,《易筋经·秘卷》,-,
"230","永王行宫·花月别院","25人英雄",韩非池,特殊,天机玉轴（腰带）·琴,-,
"230","永王行宫·花月别院","25人英雄",韩非池,特殊,天机玉轴（鞋子）·琴,-,
"230","永王行宫·花月别院","25人英雄",韩非池,特殊,《惊羽诀·秘卷》,-,
"230","永王行宫·花月别院","25人英雄",韩非池,特殊,天机玉轴（近战武器）·琴,-,
"230","永王行宫·花月别院","25人英雄",韩非池,特殊,星雷陨铁,-,
"230","永王行宫·花月别院","25人英雄",韩非池,特殊,《离经易道·秘卷》,-,
"230","永王行宫·花月别院","25人英雄",韩非池,特殊,《纯阳别册·残卷》,-,
"230","永王行宫·花月别院","25人英雄",韩非池,特殊,上品茶饼·兑,-,
"230","永王行宫·花月别院","25人英雄",韩非池,特殊,维峰丹,-,
"230","永王行宫·花月别院","25人英雄",韩非池,特殊,《相知剑意·残卷》,-,
"230","永王行宫·花月别院","25人英雄",韩非池,特殊,永王东巡歌其三,-,
"230","永王行宫·花月别院","25人英雄",韩非池,特殊,沉香玉·琴,-,
"230","永王行宫·花月别院","25人英雄",韩非池,特殊,五行石（五级）,-,
"230","永王行宫·花月别院","25人英雄",韩非池,特殊,《蜀山剑诀·秘卷》,-,
"230","永王行宫·花月别院","25人英雄",韩非池,特殊,《圣灵心法·秘卷》,-,
"230","永王行宫·花月别院","25人英雄",韩非池,特殊,天机玉轴（上衣）·琴,-,
"230","永王行宫·花月别院","25人英雄",莫雨,特殊,永王东巡歌其四,-,
"230","永王行宫·花月别院","25人英雄",莫雨,特殊,天机玉轴（上衣）·琴,-,
"230","永王行宫·花月别院","25人英雄",莫雨,特殊,《易筋经·秘卷》,-,
"230","永王行宫·花月别院","25人英雄",莫雨,特殊,天机玉轴（腰带）·琴,-,
"230","永王行宫·花月别院","25人英雄",莫雨,特殊,天机玉轴（鞋子）·琴,-,
"230","永王行宫·花月别院","25人英雄",莫雨,特殊,五行石（六级）,-,
"230","永王行宫·花月别院","25人英雄",莫雨,特殊,《惊羽诀·秘卷》,-,
"230","永王行宫·花月别院","25人英雄",莫雨,特殊,天机玉轴（近战武器）·琴,-,
"230","永王行宫·花月别院","25人英雄",莫雨,特殊,永王东巡歌其五,-,
"230","永王行宫·花月别院","25人英雄",莫雨,特殊,《离经易道·秘卷》,-,
"230","永王行宫·花月别院","25人英雄",莫雨,特殊,星雷陨铁,-,
"230","永王行宫·花月别院","25人英雄",莫雨,特殊,《纯阳别册·残卷》,-,
"230","永王行宫·花月别院","25人英雄",莫雨,特殊,上品茶饼·兑,-,
"230","永王行宫·花月别院","25人英雄",莫雨,特殊,永王东巡歌其六,-,
"230","永王行宫·花月别院","25人英雄",莫雨,特殊,《相知剑意·残卷》,-,
"230","永王行宫·花月别院","25人英雄",莫雨,特殊,维峰丹,-,
"230","永王行宫·花月别院","25人英雄",莫雨,特殊,沉香玉·琴,-,
"230","永王行宫·花月别院","25人英雄",莫雨,特殊,神兵玉匣·英雄永王行宫,-,
"230","永王行宫·花月别院","25人英雄",莫雨,特殊,永王东巡歌其七,-,
"230","永王行宫·花月别院","25人英雄",莫雨,特殊,《蜀山剑诀·秘卷》,-,
"230","永王行宫·花月别院","25人英雄",莫雨,特殊,五行石（五级）,-,
"230","永王行宫·花月别院","25人英雄",莫雨,特殊,藏剑武器·孤岫断坤,-,
"230","永王行宫·花月别院","25人英雄",莫雨,特殊,《圣灵心法·秘卷》,-,
"230","永王行宫·花月别院","25人英雄",李白,特殊,永王东巡歌其八,-,
"230","永王行宫·花月别院","25人英雄",李白,特殊,天机玉轴（上衣）·琴,-,
"230","永王行宫·花月别院","25人英雄",李白,特殊,《易筋经·秘卷》,-,
"230","永王行宫·花月别院","25人英雄",李白,特殊,天机玉轴（腰带）·琴,-,
"230","永王行宫·花月别院","25人英雄",李白,特殊,五行石（六级）,-,
"230","永王行宫·花月别院","25人英雄",李白,特殊,天机玉轴（鞋子）·琴,-,
"230","永王行宫·花月别院","25人英雄",李白,特殊,永王东巡歌其九,-,
"230","永王行宫·花月别院","25人英雄",李白,特殊,《惊羽诀·秘卷》,-,
"230","永王行宫·花月别院","25人英雄",李白,特殊,天机玉轴（近战武器）·琴,-,
"230","永王行宫·花月别院","25人英雄",李白,特殊,《离经易道·秘卷》,-,
"230","永王行宫·花月别院","25人英雄",李白,特殊,永王东巡歌其十,-,
"230","永王行宫·花月别院","25人英雄",李白,特殊,星雷陨铁,-,
"230","永王行宫·花月别院","25人英雄",李白,特殊,《纯阳别册·残卷》,-,
"230","永王行宫·花月别院","25人英雄",李白,特殊,永王东巡歌其十一,-,
"230","永王行宫·花月别院","25人英雄",李白,特殊,醉月玄晶,-,
"230","永王行宫·花月别院","25人英雄",李白,特殊,上品茶饼·兑,-,
"230","永王行宫·花月别院","25人英雄",李白,特殊,归阳木,-,
"230","永王行宫·花月别院","25人英雄",李白,特殊,维峰丹,-,
"230","永王行宫·花月别院","25人英雄",李白,特殊,《相知剑意·残卷》,-,
"230","永王行宫·花月别院","25人英雄",李白,特殊,沉香玉·琴,-,
"230","永王行宫·花月别院","25人英雄",李白,特殊,《蜀山剑诀·秘卷》,-,
"230","永王行宫·花月别院","25人英雄",李白,特殊,五行石（五级）,-,
"230","永王行宫·花月别院","25人英雄",李白,特殊,神兵玉匣·英雄花月别院·极,-,
"230","永王行宫·花月别院","25人英雄",李白,特殊,宝具玉匣·英雄花月别院·极,-,
"230","永王行宫·花月别院","25人英雄",李白,特殊,《圣灵心法·秘卷》,-,
"230","永王行宫·花月别院","25人英雄",李白,特殊,藏剑武器·叹吟邀醉,-,
"203","天泣林","5人普通",高力士,特殊,藏剑武器·烟渚月近,-,
"224","天泣林","5人英雄",看舞,特殊,炼气丸,-,
"224","天泣林","5人英雄",看舞,特殊,玛瑙,-,
"224","天泣林","5人英雄",看舞,特殊,猫眼石,-,
"224","天泣林","5人英雄",崖剑,特殊,炼气丸,-,
"224","天泣林","5人英雄",崖剑,特殊,玛瑙,-,
"224","天泣林","5人英雄",崖剑,特殊,猫眼石,-,
"224","天泣林","5人英雄",高力士,特殊,玛瑙,-,
"224","天泣林","5人英雄",高力士,特殊,猫眼石,-,
"224","天泣林","5人英雄",高力士,特殊,烟雨石,-,
"224","天泣林","5人英雄",高力士,特殊,炼气丸,-,
"227","阴山圣泉","5人英雄",秦秀,特殊,炼气丸,-,
"227","阴山圣泉","5人英雄",秦秀,特殊,玛瑙,-,
"227","阴山圣泉","5人英雄",秦秀,特殊,猫眼石,-,
"227","阴山圣泉","5人英雄",莫蕾,特殊,玛瑙,-,
"227","阴山圣泉","5人英雄",莫蕾,特殊,猫眼石,-,
"227","阴山圣泉","5人英雄",莫蕾,特殊,炼气丸,-,
"227","阴山圣泉","5人英雄",植尸将,特殊,炼气丸,-,
"227","阴山圣泉","5人英雄",植尸将,特殊,玛瑙,-,
"227","阴山圣泉","5人英雄",植尸将,特殊,烟雨石,-,
"227","阴山圣泉","5人英雄",植尸将,特殊,猫眼石,-,
"209","梵空禅院","5人普通",幻影剑圣,特殊,藏剑武器·幽篁深林,-,
"209","梵空禅院","5人普通",幻影剑圣,特殊,密宗宝图碎片之三,-,
"228","梵空禅院","5人英雄",悟影,特殊,炼气丸,-,
"228","梵空禅院","5人英雄",悟影,特殊,玛瑙,-,
"228","梵空禅院","5人英雄",悟影,特殊,猫眼石,-,
"228","梵空禅院","5人英雄",双雄剑意,特殊,炼气丸,-,
"228","梵空禅院","5人英雄",双雄剑意,特殊,玛瑙,-,
"228","梵空禅院","5人英雄",双雄剑意,特殊,猫眼石,-,
"228","梵空禅院","5人英雄",幻影剑圣,特殊,炼气丸,-,
"228","梵空禅院","5人英雄",幻影剑圣,特殊,玛瑙,-,
"228","梵空禅院","5人英雄",幻影剑圣,特殊,猫眼石,-,
"228","梵空禅院","5人英雄",幻影剑圣,特殊,烟雨石,-,
"228","梵空禅院","5人英雄",幻影剑圣,特殊,密宗宝图碎片之三,-,
"229","引仙水榭","5人英雄",平花秀夜,特殊,炼气丸,-,
"229","引仙水榭","5人英雄",平花秀夜,特殊,玛瑙,-,
"229","引仙水榭","5人英雄",平花秀夜,特殊,猫眼石,-,
"229","引仙水榭","5人英雄",剑姬阵,特殊,玛瑙,-,
"229","引仙水榭","5人英雄",剑姬阵,特殊,猫眼石,-,
"229","引仙水榭","5人英雄",剑姬阵,特殊,炼气丸,-,
"229","引仙水榭","5人英雄",李倓与李复,特殊,炼气丸,-,
"229","引仙水榭","5人英雄",李倓与李复,特殊,玛瑙,-,
"229","引仙水榭","5人英雄",李倓与李复,特殊,猫眼石,-,
"229","引仙水榭","5人英雄",李倓与李复,特殊,烟雨石,-,
"229","引仙水榭","5人英雄",李倓与李复,特殊,藏剑武器·山海归心,-,
"219","微山书院","5人普通",月侍弓,特殊,银杏油,-,
"225","微山书院","5人英雄",凤息颜,特殊,炼气丸,-,
"225","微山书院","5人英雄",凤息颜,特殊,猫眼石,-,
"225","微山书院","5人英雄",凤息颜,特殊,玛瑙,-,
"225","微山书院","5人英雄",赵宫商,特殊,猫眼石,-,
"225","微山书院","5人英雄",赵宫商,特殊,炼气丸,-,
"225","微山书院","5人英雄",赵宫商,特殊,玛瑙,-,
"225","微山书院","5人英雄",月侍弓,特殊,猫眼石,-,
"225","微山书院","5人英雄",月侍弓,特殊,烟雨石,-,
"225","微山书院","5人英雄",月侍弓,特殊,炼气丸,-,
"225","微山书院","5人英雄",月侍弓,特殊,藏剑武器·紫云月朗,-,
"225","微山书院","5人英雄",月侍弓,特殊,银杏油,-,
"225","微山书院","5人英雄",月侍弓,特殊,玛瑙,-,
"192","太原之战·逐虎驱狼","10人普通",靺鞨三骑将,特殊,浮屠陨铁,-,
"192","太原之战·逐虎驱狼","10人普通",安雨,特殊,浮屠陨铁,-,
"192","太原之战·逐虎驱狼","10人普通",安雨,特殊,藏剑武器·白驹金虎,-,
"192","太原之战·逐虎驱狼","10人普通",安雨,特殊,神兵玉匣·逐虎驱狼,-,
"192","太原之战·逐虎驱狼","10人普通",月华,特殊,浮屠陨铁,-,
"192","太原之战·逐虎驱狼","10人普通",月华,特殊,藏剑武器·白驹金虎,-,
"192","太原之战·逐虎驱狼","10人普通",月华,特殊,神兵玉匣·逐虎驱狼,-,
"192","太原之战·逐虎驱狼","10人普通",白陶,特殊,浮屠陨铁,-,
"192","太原之战·逐虎驱狼","10人普通",白陶,特殊,藏剑武器·白驹金虎,-,
"192","太原之战·逐虎驱狼","10人普通",白陶,特殊,天机残页（腰带）·逐虎,-,
"192","太原之战·逐虎驱狼","10人普通",白陶,特殊,神兵玉匣·逐虎驱狼,-,
"192","太原之战·逐虎驱狼","10人普通",白陶,特殊,天机残页（鞋子）·逐虎,-,
"192","太原之战·逐虎驱狼","10人普通",史思明,特殊,浮屠陨铁,-,
"192","太原之战·逐虎驱狼","10人普通",史思明,特殊,天机残页（近战武器）·逐虎,-,
"192","太原之战·逐虎驱狼","10人普通",史思明,特殊,藏剑武器·白驹金虎,-,
"192","太原之战·逐虎驱狼","10人普通",史思明,特殊,天机残页（上衣）·逐虎,-,
"192","太原之战·逐虎驱狼","10人普通",史思明,特殊,神兵玉匣·逐虎驱狼,-,
"199","太原之战·逐虎驱狼","25人英雄",靺鞨三骑将,特殊,霜天护腕·五毒·逐虎,-,
"199","太原之战·逐虎驱狼","25人英雄",靺鞨三骑将,特殊,霜天护腕·天策·逐虎,-,
"199","太原之战·逐虎驱狼","25人英雄",靺鞨三骑将,特殊,霜天护腕·唐门·逐虎,-,
"199","太原之战·逐虎驱狼","25人英雄",靺鞨三骑将,特殊,霜天护腕·藏剑·逐虎,-,
"199","太原之战·逐虎驱狼","25人英雄",靺鞨三骑将,特殊,霜天护腕·纯阳·逐虎,-,
"199","太原之战·逐虎驱狼","25人英雄",靺鞨三骑将,特殊,霜天护腕·丐帮·逐虎,-,
"199","太原之战·逐虎驱狼","25人英雄",靺鞨三骑将,特殊,浮屠陨铁,-,
"199","太原之战·逐虎驱狼","25人英雄",靺鞨三骑将,特殊,霜天护腕·万花·逐虎,-,
"199","太原之战·逐虎驱狼","25人英雄",靺鞨三骑将,特殊,霜天护腕·明教·逐虎,-,
"199","太原之战·逐虎驱狼","25人英雄",靺鞨三骑将,特殊,霜天护腕·七秀·逐虎,-,
"199","太原之战·逐虎驱狼","25人英雄",靺鞨三骑将,特殊,霜天护腕·苍云·逐虎,-,
"199","太原之战·逐虎驱狼","25人英雄",靺鞨三骑将,特殊,霜天护腕·少林·逐虎,-,
"199","太原之战·逐虎驱狼","25人英雄",靺鞨三骑将,特殊,霜天宝匣·腕·逐虎,-,
"199","太原之战·逐虎驱狼","25人英雄",安雨,特殊,浮屠陨铁,-,
"199","太原之战·逐虎驱狼","25人英雄",安雨,特殊,藏剑武器·心茫蛰惊,-,
"199","太原之战·逐虎驱狼","25人英雄",安雨,特殊,霜天宝匣·腰·逐虎,-,
"199","太原之战·逐虎驱狼","25人英雄",安雨,特殊,霜天腰带·五毒·逐虎,-,
"199","太原之战·逐虎驱狼","25人英雄",安雨,特殊,神兵玉匣·英雄逐虎驱狼,-,
"199","太原之战·逐虎驱狼","25人英雄",安雨,特殊,霜天腰带·少林·逐虎,-,
"199","太原之战·逐虎驱狼","25人英雄",安雨,特殊,霜天腰带·天策·逐虎,-,
"199","太原之战·逐虎驱狼","25人英雄",安雨,特殊,霜天腰带·唐门·逐虎,-,
"199","太原之战·逐虎驱狼","25人英雄",安雨,特殊,霜天腰带·藏剑·逐虎,-,
"199","太原之战·逐虎驱狼","25人英雄",安雨,特殊,霜天腰带·纯阳·逐虎,-,
"199","太原之战·逐虎驱狼","25人英雄",安雨,特殊,霜天腰带·丐帮·逐虎,-,
"199","太原之战·逐虎驱狼","25人英雄",安雨,特殊,霜天腰带·明教·逐虎,-,
"199","太原之战·逐虎驱狼","25人英雄",安雨,特殊,霜天腰带·万花·逐虎,-,
"199","太原之战·逐虎驱狼","25人英雄",安雨,特殊,霜天腰带·七秀·逐虎,-,
"199","太原之战·逐虎驱狼","25人英雄",安雨,特殊,霜天腰带·苍云·逐虎,-,
"199","太原之战·逐虎驱狼","25人英雄",月华,特殊,天机残卷（上衣）·逐虎,-,
"199","太原之战·逐虎驱狼","25人英雄",月华,特殊,霜天鞋·五毒·逐虎,-,
"199","太原之战·逐虎驱狼","25人英雄",月华,特殊,天机残卷（腰带）·逐虎,-,
"199","太原之战·逐虎驱狼","25人英雄",月华,特殊,霜天鞋·少林·逐虎,-,
"199","太原之战·逐虎驱狼","25人英雄",月华,特殊,天机残卷（鞋子）·逐虎,-,
"199","太原之战·逐虎驱狼","25人英雄",月华,特殊,天机残卷（近战武器）·逐虎,-,
"199","太原之战·逐虎驱狼","25人英雄",月华,特殊,神兵玉匣·英雄逐虎驱狼,-,
"199","太原之战·逐虎驱狼","25人英雄",月华,特殊,霜天鞋·天策·逐虎,-,
"199","太原之战·逐虎驱狼","25人英雄",月华,特殊,楼兰旖语·墨絮,-,
"199","太原之战·逐虎驱狼","25人英雄",月华,特殊,霜天鞋·唐门·逐虎,-,
"199","太原之战·逐虎驱狼","25人英雄",月华,特殊,浮屠陨铁,-,
"199","太原之战·逐虎驱狼","25人英雄",月华,特殊,霜天鞋·藏剑·逐虎,-,
"199","太原之战·逐虎驱狼","25人英雄",月华,特殊,藏剑武器·心茫蛰惊,-,
"199","太原之战·逐虎驱狼","25人英雄",月华,特殊,霜天鞋·纯阳·逐虎,-,
"199","太原之战·逐虎驱狼","25人英雄",月华,特殊,霜天鞋·丐帮·逐虎,-,
"199","太原之战·逐虎驱狼","25人英雄",月华,特殊,霜天鞋·明教·逐虎,-,
"199","太原之战·逐虎驱狼","25人英雄",月华,特殊,霜天鞋·万花·逐虎,-,
"199","太原之战·逐虎驱狼","25人英雄",月华,特殊,霜天鞋·七秀·逐虎,-,
"199","太原之战·逐虎驱狼","25人英雄",月华,特殊,霜天鞋·苍云·逐虎,-,
"199","太原之战·逐虎驱狼","25人英雄",月华,特殊,霜天宝匣·鞋·逐虎,-,
"199","太原之战·逐虎驱狼","25人英雄",白陶,特殊,浮屠陨铁,-,
"199","太原之战·逐虎驱狼","25人英雄",白陶,特殊,霜天帽·万花·逐虎,-,
"199","太原之战·逐虎驱狼","25人英雄",白陶,特殊,天机残卷（上衣）·逐虎,-,
"199","太原之战·逐虎驱狼","25人英雄",白陶,特殊,天机残卷（腰带）·逐虎,-,
"199","太原之战·逐虎驱狼","25人英雄",白陶,特殊,天机残卷（鞋子）·逐虎,-,
"199","太原之战·逐虎驱狼","25人英雄",白陶,特殊,天机残卷（近战武器）·逐虎,-,
"199","太原之战·逐虎驱狼","25人英雄",白陶,特殊,神兵玉匣·英雄逐虎驱狼,-,
"199","太原之战·逐虎驱狼","25人英雄",白陶,特殊,藏剑武器·心茫蛰惊,-,
"199","太原之战·逐虎驱狼","25人英雄",白陶,特殊,霜天帽·五毒·逐虎,-,
"199","太原之战·逐虎驱狼","25人英雄",白陶,特殊,霜天帽·少林·逐虎,-,
"199","太原之战·逐虎驱狼","25人英雄",白陶,特殊,霜天帽·唐门·逐虎,-,
"199","太原之战·逐虎驱狼","25人英雄",白陶,特殊,霜天帽·天策·逐虎,-,
"199","太原之战·逐虎驱狼","25人英雄",白陶,特殊,霜天帽·藏剑·逐虎,-,
"199","太原之战·逐虎驱狼","25人英雄",白陶,特殊,霜天帽·丐帮·逐虎,-,
"199","太原之战·逐虎驱狼","25人英雄",白陶,特殊,霜天帽·纯阳·逐虎,-,
"199","太原之战·逐虎驱狼","25人英雄",白陶,特殊,苍龙璧,-,
"199","太原之战·逐虎驱狼","25人英雄",白陶,特殊,霜天帽·明教·逐虎,-,
"199","太原之战·逐虎驱狼","25人英雄",白陶,特殊,霜天帽·苍云·逐虎,-,
"199","太原之战·逐虎驱狼","25人英雄",白陶,特殊,霜天帽·七秀·逐虎,-,
"199","太原之战·逐虎驱狼","25人英雄",白陶,特殊,霜天宝匣·帽·逐虎,-,
"199","太原之战·逐虎驱狼","25人英雄",史思明,特殊,浮屠陨铁,-,
"199","太原之战·逐虎驱狼","25人英雄",史思明,特殊,天机残卷（上衣）·逐虎,-,
"199","太原之战·逐虎驱狼","25人英雄",史思明,特殊,天机残卷（腰带）·逐虎,-,
"199","太原之战·逐虎驱狼","25人英雄",史思明,特殊,天机残卷（鞋子）·逐虎,-,
"199","太原之战·逐虎驱狼","25人英雄",史思明,特殊,天机残卷（近战武器）·逐虎,-,
"199","太原之战·逐虎驱狼","25人英雄",史思明,特殊,霜天衣·五毒·逐虎,-,
"199","太原之战·逐虎驱狼","25人英雄",史思明,特殊,神兵玉匣·英雄逐虎驱狼·极,-,
"199","太原之战·逐虎驱狼","25人英雄",史思明,特殊,宝具玉匣·英雄逐虎驱狼·极,-,
"199","太原之战·逐虎驱狼","25人英雄",史思明,特殊,楼兰旖语·墨絮,-,
"199","太原之战·逐虎驱狼","25人英雄",史思明,特殊,霜天衣·唐门·逐虎,-,
"199","太原之战·逐虎驱狼","25人英雄",史思明,特殊,霜天衣·天策·逐虎,-,
"199","太原之战·逐虎驱狼","25人英雄",史思明,特殊,霜天衣·藏剑·逐虎,-,
"199","太原之战·逐虎驱狼","25人英雄",史思明,特殊,霜天衣·少林·逐虎,-,
"199","太原之战·逐虎驱狼","25人英雄",史思明,特殊,沉沙玄晶,-,
"199","太原之战·逐虎驱狼","25人英雄",史思明,特殊,霜天衣·丐帮·逐虎,-,
"199","太原之战·逐虎驱狼","25人英雄",史思明,特殊,霜天衣·纯阳·逐虎,-,
"199","太原之战·逐虎驱狼","25人英雄",史思明,特殊,藏剑武器·草谷朱寰,-,
"199","太原之战·逐虎驱狼","25人英雄",史思明,特殊,霜天衣·明教·逐虎,-,
"199","太原之战·逐虎驱狼","25人英雄",史思明,特殊,霜天衣·苍云·逐虎,-,
"199","太原之战·逐虎驱狼","25人英雄",史思明,特殊,霜天衣·七秀·逐虎,-,
"199","太原之战·逐虎驱狼","25人英雄",史思明,特殊,霜天衣·万花·逐虎,-,
"199","太原之战·逐虎驱狼","25人英雄",史思明,特殊,霜天宝匣·衣·逐虎,-,
"191","太原之战·夜守孤城","10人普通",可木汗,特殊,浮屠陨铁,-,
"191","太原之战·夜守孤城","10人普通",田布戈,特殊,浮屠陨铁,-,
"191","太原之战·夜守孤城","10人普通",田布戈,特殊,藏剑武器·好景折香,-,
"191","太原之战·夜守孤城","10人普通",田布戈,特殊,神兵玉匣·夜守孤城,-,
"191","太原之战·夜守孤城","10人普通",朝曦门防御战,特殊,浮屠陨铁,-,
"191","太原之战·夜守孤城","10人普通",朝曦门防御战,特殊,藏剑武器·好景折香,-,
"191","太原之战·夜守孤城","10人普通",朝曦门防御战,特殊,神兵玉匣·夜守孤城,-,
"191","太原之战·夜守孤城","10人普通",火龙摧城,特殊,浮屠陨铁,-,
"191","太原之战·夜守孤城","10人普通",火龙摧城,特殊,藏剑武器·好景折香,-,
"191","太原之战·夜守孤城","10人普通",火龙摧城,特殊,天机残页（腰带）·夜守,-,
"191","太原之战·夜守孤城","10人普通",火龙摧城,特殊,神兵玉匣·夜守孤城,-,
"191","太原之战·夜守孤城","10人普通",火龙摧城,特殊,天机残页（鞋子）·夜守,-,
"191","太原之战·夜守孤城","10人普通",莫遮,特殊,浮屠陨铁,-,
"191","太原之战·夜守孤城","10人普通",莫遮,特殊,神兵玉匣·夜守孤城,-,
"191","太原之战·夜守孤城","10人普通",莫遮,特殊,天机残页（上衣）·夜守,-,
"191","太原之战·夜守孤城","10人普通",莫遮,特殊,藏剑武器·好景折香,-,
"191","太原之战·夜守孤城","10人普通",莫遮,特殊,天机残页（近战武器）·夜守,-,
"198","太原之战·夜守孤城","25人英雄",可木汗,特殊,朔雪护腕·少林·夜守,-,
"198","太原之战·夜守孤城","25人英雄",可木汗,特殊,朔雪护腕·唐门·夜守,-,
"198","太原之战·夜守孤城","25人英雄",可木汗,特殊,朔雪护腕·万花·夜守,-,
"198","太原之战·夜守孤城","25人英雄",可木汗,特殊,朔雪护腕·纯阳·夜守,-,
"198","太原之战·夜守孤城","25人英雄",可木汗,特殊,朔雪护腕·藏剑·夜守,-,
"198","太原之战·夜守孤城","25人英雄",可木汗,特殊,朔雪护腕·丐帮·夜守,-,
"198","太原之战·夜守孤城","25人英雄",可木汗,特殊,浮屠陨铁,-,
"198","太原之战·夜守孤城","25人英雄",可木汗,特殊,朔雪护腕·七秀·夜守,-,
"198","太原之战·夜守孤城","25人英雄",可木汗,特殊,朔雪护腕·明教·夜守,-,
"198","太原之战·夜守孤城","25人英雄",可木汗,特殊,朔雪护腕·苍云·夜守,-,
"198","太原之战·夜守孤城","25人英雄",可木汗,特殊,朔雪护腕·天策·夜守,-,
"198","太原之战·夜守孤城","25人英雄",可木汗,特殊,朔雪护腕·五毒·夜守,-,
"198","太原之战·夜守孤城","25人英雄",可木汗,特殊,朔雪宝匣·腕·夜守,-,
"198","太原之战·夜守孤城","25人英雄",田布戈,特殊,朔雪腰带·天策·夜守,-,
"198","太原之战·夜守孤城","25人英雄",田布戈,特殊,神兵玉匣·英雄夜守孤城,-,
"198","太原之战·夜守孤城","25人英雄",田布戈,特殊,朔雪腰带·唐门·夜守,-,
"198","太原之战·夜守孤城","25人英雄",田布戈,特殊,浮屠陨铁,-,
"198","太原之战·夜守孤城","25人英雄",田布戈,特殊,朔雪腰带·藏剑·夜守,-,
"198","太原之战·夜守孤城","25人英雄",田布戈,特殊,朔雪腰带·纯阳·夜守,-,
"198","太原之战·夜守孤城","25人英雄",田布戈,特殊,朔雪腰带·万花·夜守,-,
"198","太原之战·夜守孤城","25人英雄",田布戈,特殊,朔雪腰带·丐帮·夜守,-,
"198","太原之战·夜守孤城","25人英雄",田布戈,特殊,朔雪腰带·少林·夜守,-,
"198","太原之战·夜守孤城","25人英雄",田布戈,特殊,朔雪腰带·明教·夜守,-,
"198","太原之战·夜守孤城","25人英雄",田布戈,特殊,朔雪腰带·七秀·夜守,-,
"198","太原之战·夜守孤城","25人英雄",田布戈,特殊,朔雪腰带·苍云·夜守,-,
"198","太原之战·夜守孤城","25人英雄",田布戈,特殊,朔雪宝匣·腰·夜守,-,
"198","太原之战·夜守孤城","25人英雄",田布戈,特殊,朔雪腰带·五毒·夜守,-,
"198","太原之战·夜守孤城","25人英雄",田布戈,特殊,藏剑武器·云栈龙城,-,
"198","太原之战·夜守孤城","25人英雄",朝曦门防御战,特殊,浮屠陨铁,-,
"198","太原之战·夜守孤城","25人英雄",朝曦门防御战,特殊,神兵玉匣·英雄夜守孤城,-,
"198","太原之战·夜守孤城","25人英雄",朝曦门防御战,特殊,天机残卷（上衣）·夜守,-,
"198","太原之战·夜守孤城","25人英雄",朝曦门防御战,特殊,天机残卷（腰带）·夜守,-,
"198","太原之战·夜守孤城","25人英雄",朝曦门防御战,特殊,朔雪鞋·唐门·夜守,-,
"198","太原之战·夜守孤城","25人英雄",朝曦门防御战,特殊,天机残卷（鞋子）·夜守,-,
"198","太原之战·夜守孤城","25人英雄",朝曦门防御战,特殊,天机残卷（近战武器）·夜守,-,
"198","太原之战·夜守孤城","25人英雄",朝曦门防御战,特殊,朔雪鞋·少林·夜守,-,
"198","太原之战·夜守孤城","25人英雄",朝曦门防御战,特殊,朔雪鞋·万花·夜守,-,
"198","太原之战·夜守孤城","25人英雄",朝曦门防御战,特殊,朔雪鞋·纯阳·夜守,-,
"198","太原之战·夜守孤城","25人英雄",朝曦门防御战,特殊,朔雪鞋·藏剑·夜守,-,
"198","太原之战·夜守孤城","25人英雄",朝曦门防御战,特殊,朔雪鞋·丐帮·夜守,-,
"198","太原之战·夜守孤城","25人英雄",朝曦门防御战,特殊,朔雪鞋·七秀·夜守,-,
"198","太原之战·夜守孤城","25人英雄",朝曦门防御战,特殊,朔雪鞋·明教·夜守,-,
"198","太原之战·夜守孤城","25人英雄",朝曦门防御战,特殊,朔雪鞋·苍云·夜守,-,
"198","太原之战·夜守孤城","25人英雄",朝曦门防御战,特殊,朔雪鞋·天策·夜守,-,
"198","太原之战·夜守孤城","25人英雄",朝曦门防御战,特殊,朔雪鞋·五毒·夜守,-,
"198","太原之战·夜守孤城","25人英雄",朝曦门防御战,特殊,朔雪宝匣·鞋·夜守,-,
"198","太原之战·夜守孤城","25人英雄",朝曦门防御战,特殊,藏剑武器·云栈龙城,-,
"198","太原之战·夜守孤城","25人英雄",火龙摧城,特殊,浮屠陨铁,-,
"198","太原之战·夜守孤城","25人英雄",火龙摧城,特殊,神兵玉匣·英雄夜守孤城,-,
"198","太原之战·夜守孤城","25人英雄",火龙摧城,特殊,朔雪帽·五毒·夜守,-,
"198","太原之战·夜守孤城","25人英雄",火龙摧城,特殊,天机残卷（上衣）·夜守,-,
"198","太原之战·夜守孤城","25人英雄",火龙摧城,特殊,天机残卷（腰带）·夜守,-,
"198","太原之战·夜守孤城","25人英雄",火龙摧城,特殊,天机残卷（鞋子）·夜守,-,
"198","太原之战·夜守孤城","25人英雄",火龙摧城,特殊,朔雪帽·天策·夜守,-,
"198","太原之战·夜守孤城","25人英雄",火龙摧城,特殊,天机残卷（近战武器）·夜守,-,
"198","太原之战·夜守孤城","25人英雄",火龙摧城,特殊,朔雪帽·唐门·夜守,-,
"198","太原之战·夜守孤城","25人英雄",火龙摧城,特殊,朔雪帽·藏剑·夜守,-,
"198","太原之战·夜守孤城","25人英雄",火龙摧城,特殊,朔雪帽·纯阳·夜守,-,
"198","太原之战·夜守孤城","25人英雄",火龙摧城,特殊,朔雪帽·丐帮·夜守,-,
"198","太原之战·夜守孤城","25人英雄",火龙摧城,特殊,朔雪帽·万花·夜守,-,
"198","太原之战·夜守孤城","25人英雄",火龙摧城,特殊,朔雪帽·明教·夜守,-,
"198","太原之战·夜守孤城","25人英雄",火龙摧城,特殊,朔雪帽·少林·夜守,-,
"198","太原之战·夜守孤城","25人英雄",火龙摧城,特殊,朔雪帽·七秀·夜守,-,
"198","太原之战·夜守孤城","25人英雄",火龙摧城,特殊,朔雪帽·苍云·夜守,-,
"198","太原之战·夜守孤城","25人英雄",火龙摧城,特殊,朔雪宝匣·帽·夜守,-,
"198","太原之战·夜守孤城","25人英雄",火龙摧城,特殊,藏剑武器·云栈龙城,-,
"198","太原之战·夜守孤城","25人英雄",莫遮,特殊,浮屠陨铁,-,
"198","太原之战·夜守孤城","25人英雄",莫遮,特殊,朔雪衣·少林·夜守,-,
"198","太原之战·夜守孤城","25人英雄",莫遮,特殊,朔雪衣·五毒·夜守,-,
"198","太原之战·夜守孤城","25人英雄",莫遮,特殊,神兵玉匣·英雄夜守孤城·极,-,
"198","太原之战·夜守孤城","25人英雄",莫遮,特殊,宝具玉匣·英雄夜守孤城·极,-,
"198","太原之战·夜守孤城","25人英雄",莫遮,特殊,朔雪衣·天策·夜守,-,
"198","太原之战·夜守孤城","25人英雄",莫遮,特殊,天机残卷（上衣）·夜守,-,
"198","太原之战·夜守孤城","25人英雄",莫遮,特殊,天机残卷（腰带）·夜守,-,
"198","太原之战·夜守孤城","25人英雄",莫遮,特殊,天机残卷（鞋子）·夜守,-,
"198","太原之战·夜守孤城","25人英雄",莫遮,特殊,天机残卷（近战武器）·夜守,-,
"198","太原之战·夜守孤城","25人英雄",莫遮,特殊,朔雪衣·唐门·夜守,-,
"198","太原之战·夜守孤城","25人英雄",莫遮,特殊,朔雪衣·藏剑·夜守,-,
"198","太原之战·夜守孤城","25人英雄",莫遮,特殊,朔雪衣·纯阳·夜守,-,
"198","太原之战·夜守孤城","25人英雄",莫遮,特殊,朔雪衣·丐帮·夜守,-,
"198","太原之战·夜守孤城","25人英雄",莫遮,特殊,沉沙玄晶,-,
"198","太原之战·夜守孤城","25人英雄",莫遮,特殊,朔雪衣·万花·夜守,-,
"198","太原之战·夜守孤城","25人英雄",莫遮,特殊,朔雪衣·明教·夜守,-,
"198","太原之战·夜守孤城","25人英雄",莫遮,特殊,朔雪衣·七秀·夜守,-,
"198","太原之战·夜守孤城","25人英雄",莫遮,特殊,朔雪衣·苍云·夜守,-,
"198","太原之战·夜守孤城","25人英雄",莫遮,特殊,朔雪宝匣·衣·夜守,-,
"198","太原之战·夜守孤城","25人英雄",莫遮,特殊,藏剑武器·冲霄透地,-,
"973","太原之战·夜守孤城","25人挑战",莫遮,特殊,天机玉轴（近战武器）·夜守,-,
"973","太原之战·夜守孤城","25人挑战",莫遮,特殊,天机玉轴（鞋子）·夜守,-,
"973","太原之战·夜守孤城","25人挑战",莫遮,特殊,宝具玉匣·英雄夜守孤城·极,-,
"973","太原之战·夜守孤城","25人挑战",莫遮,特殊,浮屠陨铁,-,
"973","太原之战·夜守孤城","25人挑战",莫遮,特殊,天机玉轴（上衣）·夜守,-,
"973","太原之战·夜守孤城","25人挑战",莫遮,特殊,沉沙玄晶,-,
"973","太原之战·夜守孤城","25人挑战",莫遮,特殊,天机玉轴（腰带）·夜守,-,
"182","秦皇陵","10人普通",王翦,特殊,浮屠陨铁,-,
"182","秦皇陵","10人普通",石麒麟,特殊,浮屠陨铁,-,
"182","秦皇陵","10人普通",石麒麟,特殊,神兵玉匣·秦皇陵,-,
"182","秦皇陵","10人普通",石麒麟,特殊,藏剑武器·辗转天人,-,
"182","秦皇陵","10人普通",探雪,特殊,浮屠陨铁,-,
"182","秦皇陵","10人普通",探雪,特殊,藏剑武器·辗转天人,-,
"182","秦皇陵","10人普通",探雪,特殊,神兵玉匣·秦皇陵,-,
"182","秦皇陵","10人普通",令狐伤,特殊,浮屠陨铁,-,
"182","秦皇陵","10人普通",令狐伤,特殊,藏剑武器·辗转天人,-,
"182","秦皇陵","10人普通",令狐伤,特殊,神兵玉匣·秦皇陵,-,
"182","秦皇陵","10人普通",安禄山,特殊,浮屠陨铁,-,
"182","秦皇陵","10人普通",安禄山,特殊,藏剑武器·辗转天人,-,
"182","秦皇陵","10人普通",安禄山,特殊,神兵玉匣·门派特殊武器,-,
"182","秦皇陵","10人普通",安禄山,特殊,神兵玉匣·秦皇陵,-,
"183","秦皇陵","25人英雄",王翦,特殊,秦风护腕·少林·秦皇,-,
"183","秦皇陵","25人英雄",王翦,特殊,秦风护腕·五毒·秦皇,-,
"183","秦皇陵","25人英雄",王翦,特殊,秦风护腕·天策·秦皇,-,
"183","秦皇陵","25人英雄",王翦,特殊,秦风护腕·唐门·秦皇,-,
"183","秦皇陵","25人英雄",王翦,特殊,浮屠陨铁,-,
"183","秦皇陵","25人英雄",王翦,特殊,秦风护腕·藏剑·秦皇,-,
"183","秦皇陵","25人英雄",王翦,特殊,秦风护腕·纯阳·秦皇,-,
"183","秦皇陵","25人英雄",王翦,特殊,秦风护腕·丐帮·秦皇,-,
"183","秦皇陵","25人英雄",王翦,特殊,秦风护腕·万花·秦皇,-,
"183","秦皇陵","25人英雄",王翦,特殊,秦风护腕·明教·秦皇,-,
"183","秦皇陵","25人英雄",王翦,特殊,秦风护腕·七秀·秦皇,-,
"183","秦皇陵","25人英雄",王翦,特殊,秦风护腕·苍云·秦皇,-,
"183","秦皇陵","25人英雄",王翦,特殊,秦风宝匣·腕·秦皇,-,
"183","秦皇陵","25人英雄",石麒麟,特殊,秦风宝匣·腰·秦皇,-,
"183","秦皇陵","25人英雄",石麒麟,特殊,神兵玉匣·英雄秦皇陵,-,
"183","秦皇陵","25人英雄",石麒麟,特殊,秦风腰带·五毒·秦皇,-,
"183","秦皇陵","25人英雄",石麒麟,特殊,熔岩核心,-,
"183","秦皇陵","25人英雄",石麒麟,特殊,秦风腰带·少林·秦皇,-,
"183","秦皇陵","25人英雄",石麒麟,特殊,秦风腰带·天策·秦皇,-,
"183","秦皇陵","25人英雄",石麒麟,特殊,秦风腰带·唐门·秦皇,-,
"183","秦皇陵","25人英雄",石麒麟,特殊,藏剑武器·山河天下,-,
"183","秦皇陵","25人英雄",石麒麟,特殊,秦风腰带·藏剑·秦皇,-,
"183","秦皇陵","25人英雄",石麒麟,特殊,浮屠陨铁,-,
"183","秦皇陵","25人英雄",石麒麟,特殊,秦风腰带·纯阳·秦皇,-,
"183","秦皇陵","25人英雄",石麒麟,特殊,秦风腰带·丐帮·秦皇,-,
"183","秦皇陵","25人英雄",石麒麟,特殊,秦风腰带·明教·秦皇,-,
"183","秦皇陵","25人英雄",石麒麟,特殊,秦风腰带·万花·秦皇,-,
"183","秦皇陵","25人英雄",石麒麟,特殊,秦风腰带·七秀·秦皇,-,
"183","秦皇陵","25人英雄",石麒麟,特殊,秦风腰带·苍云·秦皇,-,
"183","秦皇陵","25人英雄",探雪,特殊,浮屠陨铁,-,
"183","秦皇陵","25人英雄",探雪,特殊,秦风宝匣·鞋·秦皇,-,
"183","秦皇陵","25人英雄",探雪,特殊,神兵玉匣·英雄秦皇陵,-,
"183","秦皇陵","25人英雄",探雪,特殊,秦风鞋·五毒·秦皇,-,
"183","秦皇陵","25人英雄",探雪,特殊,秦风鞋·少林·秦皇,-,
"183","秦皇陵","25人英雄",探雪,特殊,秦风鞋·天策·秦皇,-,
"183","秦皇陵","25人英雄",探雪,特殊,秦风鞋·唐门·秦皇,-,
"183","秦皇陵","25人英雄",探雪,特殊,秦风鞋·藏剑·秦皇,-,
"183","秦皇陵","25人英雄",探雪,特殊,藏剑武器·山河天下,-,
"183","秦皇陵","25人英雄",探雪,特殊,秦风鞋·纯阳·秦皇,-,
"183","秦皇陵","25人英雄",探雪,特殊,秦风鞋·丐帮·秦皇,-,
"183","秦皇陵","25人英雄",探雪,特殊,秦风鞋·明教·秦皇,-,
"183","秦皇陵","25人英雄",探雪,特殊,秦风鞋·万花·秦皇,-,
"183","秦皇陵","25人英雄",探雪,特殊,秦风鞋·七秀·秦皇,-,
"183","秦皇陵","25人英雄",探雪,特殊,秦风鞋·苍云·秦皇,-,
"183","秦皇陵","25人英雄",令狐伤,特殊,浮屠陨铁,-,
"183","秦皇陵","25人英雄",令狐伤,特殊,恐牙,-,
"183","秦皇陵","25人英雄",令狐伤,特殊,秦风帽·七秀·秦皇,-,
"183","秦皇陵","25人英雄",令狐伤,特殊,神兵玉匣·英雄秦皇陵,-,
"183","秦皇陵","25人英雄",令狐伤,特殊,秦风帽·万花·秦皇,-,
"183","秦皇陵","25人英雄",令狐伤,特殊,瑶池灵玉·伤·腰（苍雪）,-,
"183","秦皇陵","25人英雄",令狐伤,特殊,瑶池灵玉·斩·腰（苍雪）,-,
"183","秦皇陵","25人英雄",令狐伤,特殊,瑶池灵玉·会·鞋（苍雪）,-,
"183","秦皇陵","25人英雄",令狐伤,特殊,瑶池灵玉·破·鞋（苍雪）,-,
"183","秦皇陵","25人英雄",令狐伤,特殊,秦风帽·五毒·秦皇,-,
"183","秦皇陵","25人英雄",令狐伤,特殊,藏剑武器·山河天下,-,
"183","秦皇陵","25人英雄",令狐伤,特殊,秦风帽·唐门·秦皇,-,
"183","秦皇陵","25人英雄",令狐伤,特殊,秦风帽·少林·秦皇,-,
"183","秦皇陵","25人英雄",令狐伤,特殊,秦风帽·天策·秦皇,-,
"183","秦皇陵","25人英雄",令狐伤,特殊,秦风帽·藏剑·秦皇,-,
"183","秦皇陵","25人英雄",令狐伤,特殊,秦风帽·丐帮·秦皇,-,
"183","秦皇陵","25人英雄",令狐伤,特殊,秦风帽·纯阳·秦皇,-,
"183","秦皇陵","25人英雄",令狐伤,特殊,秦风帽·明教·秦皇,-,
"183","秦皇陵","25人英雄",令狐伤,特殊,秦风帽·苍云·秦皇,-,
"183","秦皇陵","25人英雄",令狐伤,特殊,秦风宝匣·帽·秦皇,-,
"183","秦皇陵","25人英雄",安禄山,特殊,浮屠陨铁,-,
"183","秦皇陵","25人英雄",安禄山,特殊,神兵玉匣·英雄秦皇陵·极,-,
"183","秦皇陵","25人英雄",安禄山,特殊,宝具玉匣·英雄秦皇陵·极,-,
"183","秦皇陵","25人英雄",安禄山,特殊,神兵砺石·英雄秦皇陵,-,
"183","秦皇陵","25人英雄",安禄山,特殊,熔岩核心,-,
"183","秦皇陵","25人英雄",安禄山,特殊,神兵玉匣·门派特殊武器,-,
"183","秦皇陵","25人英雄",安禄山,特殊,秦风衣·五毒·秦皇,-,
"183","秦皇陵","25人英雄",安禄山,特殊,瑶池灵玉·破·衣（苍雪）,-,
"183","秦皇陵","25人英雄",安禄山,特殊,瑶池灵玉·会·衣（苍雪）,-,
"183","秦皇陵","25人英雄",安禄山,特殊,瑶池灵玉·伤·武（苍雪）,-,
"183","秦皇陵","25人英雄",安禄山,特殊,瑶池灵玉·蚀·武（苍雪）,-,
"183","秦皇陵","25人英雄",安禄山,特殊,秦风衣·唐门·秦皇,-,
"183","秦皇陵","25人英雄",安禄山,特殊,秦风衣·天策·秦皇,-,
"183","秦皇陵","25人英雄",安禄山,特殊,秦风衣·藏剑·秦皇,-,
"183","秦皇陵","25人英雄",安禄山,特殊,秦风衣·少林·秦皇,-,
"183","秦皇陵","25人英雄",安禄山,特殊,沉沙玄晶,-,
"183","秦皇陵","25人英雄",安禄山,特殊,秦风衣·丐帮·秦皇,-,
"183","秦皇陵","25人英雄",安禄山,特殊,秦风衣·纯阳·秦皇,-,
"183","秦皇陵","25人英雄",安禄山,特殊,藏剑武器·风月霜寒,-,
"183","秦皇陵","25人英雄",安禄山,特殊,秦风衣·明教·秦皇,-,
"183","秦皇陵","25人英雄",安禄山,特殊,恐牙,-,
"183","秦皇陵","25人英雄",安禄山,特殊,秦风衣·苍云·秦皇,-,
"183","秦皇陵","25人英雄",安禄山,特殊,秦风衣·七秀·秦皇,-,
"183","秦皇陵","25人英雄",安禄山,特殊,秦风衣·万花·秦皇,-,
"183","秦皇陵","25人英雄",安禄山,特殊,秦风宝匣·衣·秦皇,-,
"177","风雪稻香村","10人普通",地字一号,特殊,藏剑武器·涉津剑,-,
"177","风雪稻香村","10人普通",地字一号,特殊,神兵玉匣·风雪稻香村,-,
"177","风雪稻香村","10人普通",史朝义,特殊,藏剑武器·涉津剑,-,
"177","风雪稻香村","10人普通",史朝义,特殊,神兵玉匣·风雪稻香村,-,
"177","风雪稻香村","10人普通",黑鹰,特殊,藏剑武器·涉津剑,-,
"177","风雪稻香村","10人普通",黑鹰,特殊,神兵玉匣·风雪稻香村,-,
"177","风雪稻香村","10人普通",无名,特殊,藏剑武器·涉津剑,-,
"177","风雪稻香村","10人普通",无名,特殊,神兵玉匣·风雪稻香村,-,
"178","风雪稻香村","25人英雄",莫寻常,特殊,秦风护腕·少林·风雪,-,
"178","风雪稻香村","25人英雄",莫寻常,特殊,秦风护腕·纯阳·风雪,-,
"178","风雪稻香村","25人英雄",莫寻常,特殊,秦风护腕·藏剑·风雪,-,
"178","风雪稻香村","25人英雄",莫寻常,特殊,秦风护腕·丐帮·风雪,-,
"178","风雪稻香村","25人英雄",莫寻常,特殊,秦风护腕·七秀·风雪,-,
"178","风雪稻香村","25人英雄",莫寻常,特殊,秦风护腕·天策·风雪,-,
"178","风雪稻香村","25人英雄",莫寻常,特殊,秦风护腕·明教·风雪,-,
"178","风雪稻香村","25人英雄",莫寻常,特殊,秦风护腕·万花·风雪,-,
"178","风雪稻香村","25人英雄",莫寻常,特殊,秦风护腕·苍云·风雪,-,
"178","风雪稻香村","25人英雄",莫寻常,特殊,秦风护腕·五毒·风雪,-,
"178","风雪稻香村","25人英雄",莫寻常,特殊,秦风宝匣·腕·风雪,-,
"178","风雪稻香村","25人英雄",莫寻常,特殊,秦风护腕·唐门·风雪,-,
"178","风雪稻香村","25人英雄",地字一号,特殊,秦风腰带·万花·风雪,-,
"178","风雪稻香村","25人英雄",地字一号,特殊,秦风腰带·唐门·风雪,-,
"178","风雪稻香村","25人英雄",地字一号,特殊,秦风腰带·纯阳·风雪,-,
"178","风雪稻香村","25人英雄",地字一号,特殊,秦风腰带·藏剑·风雪,-,
"178","风雪稻香村","25人英雄",地字一号,特殊,秦风腰带·丐帮·风雪,-,
"178","风雪稻香村","25人英雄",地字一号,特殊,秦风腰带·七秀·风雪,-,
"178","风雪稻香村","25人英雄",地字一号,特殊,秦风腰带·少林·风雪,-,
"178","风雪稻香村","25人英雄",地字一号,特殊,秦风腰带·明教·风雪,-,
"178","风雪稻香村","25人英雄",地字一号,特殊,秦风腰带·天策·风雪,-,
"178","风雪稻香村","25人英雄",地字一号,特殊,秦风腰带·苍云·风雪,-,
"178","风雪稻香村","25人英雄",地字一号,特殊,秦风腰带·五毒·风雪,-,
"178","风雪稻香村","25人英雄",地字一号,特殊,秦风宝匣·腰·风雪,-,
"178","风雪稻香村","25人英雄",地字一号,特殊,藏剑武器·挂壶知命,-,
"178","风雪稻香村","25人英雄",地字一号,特殊,神兵玉匣·英雄风雪稻香村,-,
"178","风雪稻香村","25人英雄",史朝义,特殊,秦风鞋·少林·风雪,-,
"178","风雪稻香村","25人英雄",史朝义,特殊,秦风鞋·唐门·风雪,-,
"178","风雪稻香村","25人英雄",史朝义,特殊,秦风鞋·纯阳·风雪,-,
"178","风雪稻香村","25人英雄",史朝义,特殊,秦风鞋·藏剑·风雪,-,
"178","风雪稻香村","25人英雄",史朝义,特殊,秦风鞋·丐帮·风雪,-,
"178","风雪稻香村","25人英雄",史朝义,特殊,秦风鞋·七秀·风雪,-,
"178","风雪稻香村","25人英雄",史朝义,特殊,秦风鞋·明教·风雪,-,
"178","风雪稻香村","25人英雄",史朝义,特殊,秦风鞋·天策·风雪,-,
"178","风雪稻香村","25人英雄",史朝义,特殊,秦风鞋·苍云·风雪,-,
"178","风雪稻香村","25人英雄",史朝义,特殊,秦风鞋·五毒·风雪,-,
"178","风雪稻香村","25人英雄",史朝义,特殊,秦风鞋·万花·风雪,-,
"178","风雪稻香村","25人英雄",史朝义,特殊,秦风宝匣·鞋·风雪,-,
"178","风雪稻香村","25人英雄",史朝义,特殊,藏剑武器·挂壶知命,-,
"178","风雪稻香村","25人英雄",史朝义,特殊,神兵玉匣·英雄风雪稻香村,-,
"178","风雪稻香村","25人英雄",黑鹰,特殊,秦风帽·少林·风雪,-,
"178","风雪稻香村","25人英雄",黑鹰,特殊,瑶池灵玉·伤·腰（苍雪）,-,
"178","风雪稻香村","25人英雄",黑鹰,特殊,瑶池灵玉·斩·腰（苍雪）,-,
"178","风雪稻香村","25人英雄",黑鹰,特殊,瑶池灵玉·会·鞋（苍雪）,-,
"178","风雪稻香村","25人英雄",黑鹰,特殊,瑶池灵玉·破·鞋（苍雪）,-,
"178","风雪稻香村","25人英雄",黑鹰,特殊,秦风帽·唐门·风雪,-,
"178","风雪稻香村","25人英雄",黑鹰,特殊,秦风帽·万花·风雪,-,
"178","风雪稻香村","25人英雄",黑鹰,特殊,秦风帽·纯阳·风雪,-,
"178","风雪稻香村","25人英雄",黑鹰,特殊,秦风帽·藏剑·风雪,-,
"178","风雪稻香村","25人英雄",黑鹰,特殊,秦风帽·丐帮·风雪,-,
"178","风雪稻香村","25人英雄",黑鹰,特殊,秦风帽·七秀·风雪,-,
"178","风雪稻香村","25人英雄",黑鹰,特殊,秦风帽·明教·风雪,-,
"178","风雪稻香村","25人英雄",黑鹰,特殊,秦风帽·苍云·风雪,-,
"178","风雪稻香村","25人英雄",黑鹰,特殊,秦风宝匣·帽·风雪,-,
"178","风雪稻香村","25人英雄",黑鹰,特殊,藏剑武器·挂壶知命,-,
"178","风雪稻香村","25人英雄",黑鹰,特殊,秦风帽·天策·风雪,-,
"178","风雪稻香村","25人英雄",黑鹰,特殊,秦风帽·五毒·风雪,-,
"178","风雪稻香村","25人英雄",黑鹰,特殊,神兵玉匣·英雄风雪稻香村,-,
"178","风雪稻香村","25人英雄",无名,特殊,宝具玉匣·英雄风雪稻香村·极,-,
"178","风雪稻香村","25人英雄",无名,特殊,瑶池灵玉·破·衣（苍雪）,-,
"178","风雪稻香村","25人英雄",无名,特殊,瑶池灵玉·会·衣（苍雪）,-,
"178","风雪稻香村","25人英雄",无名,特殊,秦风衣·唐门·风雪,-,
"178","风雪稻香村","25人英雄",无名,特殊,瑶池灵玉·伤·武（苍雪）,-,
"178","风雪稻香村","25人英雄",无名,特殊,瑶池灵玉·蚀·武（苍雪）,-,
"178","风雪稻香村","25人英雄",无名,特殊,秦风衣·万花·风雪,-,
"178","风雪稻香村","25人英雄",无名,特殊,秦风衣·纯阳·风雪,-,
"178","风雪稻香村","25人英雄",无名,特殊,秦风衣·藏剑·风雪,-,
"178","风雪稻香村","25人英雄",无名,特殊,秦风衣·少林·风雪,-,
"178","风雪稻香村","25人英雄",无名,特殊,秦风衣·丐帮·风雪,-,
"178","风雪稻香村","25人英雄",无名,特殊,秦风衣·七秀·风雪,-,
"178","风雪稻香村","25人英雄",无名,特殊,秦风衣·明教·风雪,-,
"178","风雪稻香村","25人英雄",无名,特殊,秦风衣·苍云·风雪,-,
"178","风雪稻香村","25人英雄",无名,特殊,秦风衣·天策·风雪,-,
"178","风雪稻香村","25人英雄",无名,特殊,秦风宝匣·衣·风雪,-,
"178","风雪稻香村","25人英雄",无名,特殊,秦风衣·五毒·风雪,-,
"178","风雪稻香村","25人英雄",无名,特殊,藏剑武器·九宇万人,-,
"178","风雪稻香村","25人英雄",无名,特殊,神兵玉匣·英雄风雪稻香村·极,-,
"985","血战天策·决战","10人普通",沙叱博,特殊,神兵玉匣·血战天策·决战,-,
"985","血战天策·决战","10人普通",沙叱博,特殊,藏剑武器·荆衡风期,-,
"985","血战天策·决战","10人普通",黑齿元佑,特殊,神兵玉匣·血战天策·决战,-,
"985","血战天策·决战","10人普通",黑齿元佑,特殊,藏剑武器·荆衡风期,-,
"985","血战天策·决战","10人普通",苏曼莎,特殊,藏剑武器·荆衡风期,-,
"985","血战天策·决战","10人普通",苏曼莎,特殊,剑诀·残篇二章,-,
"985","血战天策·决战","10人普通",苏曼莎,特殊,神兵玉匣·血战天策·决战,-,
"985","血战天策·决战","10人普通",令狐伤,特殊,剑诀·残篇五章,-,
"985","血战天策·决战","10人普通",令狐伤,特殊,遗留的书信,-,
"985","血战天策·决战","10人普通",令狐伤,特殊,神兵玉匣·血战天策·决战,-,
"985","血战天策·决战","10人普通",令狐伤,特殊,藏剑武器·荆衡风期,-,
"986","血战天策·决战","25人英雄",独孤问俗,特殊,破虏护腕·少林·决战,-,
"986","血战天策·决战","25人英雄",独孤问俗,特殊,破虏护腕·万花·决战,-,
"986","血战天策·决战","25人英雄",独孤问俗,特殊,破虏护腕·天策·决战,-,
"986","血战天策·决战","25人英雄",独孤问俗,特殊,破虏护腕·纯阳·决战,-,
"986","血战天策·决战","25人英雄",独孤问俗,特殊,破虏护腕·七秀·决战,-,
"986","血战天策·决战","25人英雄",独孤问俗,特殊,破虏护腕·五毒·决战,-,
"986","血战天策·决战","25人英雄",独孤问俗,特殊,破虏护腕·唐门·决战,-,
"986","血战天策·决战","25人英雄",独孤问俗,特殊,破虏护腕·藏剑·决战,-,
"986","血战天策·决战","25人英雄",独孤问俗,特殊,破虏护腕·丐帮·决战,-,
"986","血战天策·决战","25人英雄",独孤问俗,特殊,破虏护腕·明教·决战,-,
"986","血战天策·决战","25人英雄",独孤问俗,特殊,破虏宝匣·腕·决战,-,
"986","血战天策·决战","25人英雄",独孤问俗,特殊,破虏护腕·苍云·决战,-,
"986","血战天策·决战","25人英雄",沙叱博,特殊,藏剑武器·驱俨俘尘,-,
"986","血战天策·决战","25人英雄",沙叱博,特殊,破虏腰带·少林·决战,-,
"986","血战天策·决战","25人英雄",沙叱博,特殊,破虏腰带·万花·决战,-,
"986","血战天策·决战","25人英雄",沙叱博,特殊,破虏腰带·天策·决战,-,
"986","血战天策·决战","25人英雄",沙叱博,特殊,破虏腰带·纯阳·决战,-,
"986","血战天策·决战","25人英雄",沙叱博,特殊,破虏腰带·七秀·决战,-,
"986","血战天策·决战","25人英雄",沙叱博,特殊,破虏腰带·五毒·决战,-,
"986","血战天策·决战","25人英雄",沙叱博,特殊,破虏腰带·唐门·决战,-,
"986","血战天策·决战","25人英雄",沙叱博,特殊,破虏腰带·藏剑·决战,-,
"986","血战天策·决战","25人英雄",沙叱博,特殊,破虏腰带·丐帮·决战,-,
"986","血战天策·决战","25人英雄",沙叱博,特殊,破虏腰带·明教·决战,-,
"986","血战天策·决战","25人英雄",沙叱博,特殊,神兵玉匣·英雄血战天策·决战,-,
"986","血战天策·决战","25人英雄",沙叱博,特殊,破虏宝匣·腰·决战,-,
"986","血战天策·决战","25人英雄",沙叱博,特殊,破虏腰带·苍云·决战,-,
"986","血战天策·决战","25人英雄",黑齿元佑,特殊,藏剑武器·驱俨俘尘,-,
"986","血战天策·决战","25人英雄",黑齿元佑,特殊,破虏鞋·少林·决战,-,
"986","血战天策·决战","25人英雄",黑齿元佑,特殊,破虏鞋·万花·决战,-,
"986","血战天策·决战","25人英雄",黑齿元佑,特殊,破虏鞋·天策·决战,-,
"986","血战天策·决战","25人英雄",黑齿元佑,特殊,破虏鞋·纯阳·决战,-,
"986","血战天策·决战","25人英雄",黑齿元佑,特殊,破虏鞋·七秀·决战,-,
"986","血战天策·决战","25人英雄",黑齿元佑,特殊,破虏鞋·五毒·决战,-,
"986","血战天策·决战","25人英雄",黑齿元佑,特殊,破虏鞋·唐门·决战,-,
"986","血战天策·决战","25人英雄",黑齿元佑,特殊,破虏鞋·藏剑·决战,-,
"986","血战天策·决战","25人英雄",黑齿元佑,特殊,破虏鞋·丐帮·决战,-,
"986","血战天策·决战","25人英雄",黑齿元佑,特殊,破虏鞋·明教·决战,-,
"986","血战天策·决战","25人英雄",黑齿元佑,特殊,神兵玉匣·英雄血战天策·决战,-,
"986","血战天策·决战","25人英雄",黑齿元佑,特殊,破虏宝匣·鞋·决战,-,
"986","血战天策·决战","25人英雄",黑齿元佑,特殊,破虏鞋·苍云·决战,-,
"986","血战天策·决战","25人英雄",苏曼莎,特殊,剑诀·残篇二章,-,
"986","血战天策·决战","25人英雄",苏曼莎,特殊,一剑诀本篇,-,
"986","血战天策·决战","25人英雄",苏曼莎,特殊,破虏帽·少林·决战,-,
"986","血战天策·决战","25人英雄",苏曼莎,特殊,破虏帽·万花·决战,-,
"986","血战天策·决战","25人英雄",苏曼莎,特殊,破虏帽·天策·决战,-,
"986","血战天策·决战","25人英雄",苏曼莎,特殊,破虏帽·纯阳·决战,-,
"986","血战天策·决战","25人英雄",苏曼莎,特殊,破虏帽·七秀·决战,-,
"986","血战天策·决战","25人英雄",苏曼莎,特殊,破虏帽·五毒·决战,-,
"986","血战天策·决战","25人英雄",苏曼莎,特殊,破虏帽·唐门·决战,-,
"986","血战天策·决战","25人英雄",苏曼莎,特殊,破虏帽·藏剑·决战,-,
"986","血战天策·决战","25人英雄",苏曼莎,特殊,破虏帽·丐帮·决战,-,
"986","血战天策·决战","25人英雄",苏曼莎,特殊,破虏帽·明教·决战,-,
"986","血战天策·决战","25人英雄",苏曼莎,特殊,破虏宝匣·帽·决战,-,
"986","血战天策·决战","25人英雄",苏曼莎,特殊,燃石,-,
"986","血战天策·决战","25人英雄",苏曼莎,特殊,破虏帽·苍云·决战,-,
"986","血战天策·决战","25人英雄",令狐伤,特殊,藏剑武器·寂亭颓岳,-,
"986","血战天策·决战","25人英雄",令狐伤,特殊,破虏衣·少林·决战,-,
"986","血战天策·决战","25人英雄",令狐伤,特殊,破虏衣·万花·决战,-,
"986","血战天策·决战","25人英雄",令狐伤,特殊,破虏衣·天策·决战,-,
"986","血战天策·决战","25人英雄",令狐伤,特殊,破虏衣·纯阳·决战,-,
"986","血战天策·决战","25人英雄",令狐伤,特殊,破虏衣·七秀·决战,-,
"986","血战天策·决战","25人英雄",令狐伤,特殊,破虏衣·五毒·决战,-,
"986","血战天策·决战","25人英雄",令狐伤,特殊,破虏衣·唐门·决战,-,
"986","血战天策·决战","25人英雄",令狐伤,特殊,破虏衣·藏剑·决战,-,
"986","血战天策·决战","25人英雄",令狐伤,特殊,破虏衣·丐帮·决战,-,
"986","血战天策·决战","25人英雄",令狐伤,特殊,破虏衣·明教·决战,-,
"986","血战天策·决战","25人英雄",令狐伤,特殊,神兵玉匣·英雄血战天策·决战·极,-,
"986","血战天策·决战","25人英雄",令狐伤,特殊,破虏宝匣·衣·决战,-,
"986","血战天策·决战","25人英雄",令狐伤,特殊,燃石,-,
"986","血战天策·决战","25人英雄",令狐伤,特殊,破虏衣·苍云·决战,-,
"986","血战天策·决战","25人英雄",令狐伤,特殊,宝具玉匣·英雄血战天策·决战·极,-,
"175","血战天策·驰援","10人普通",关卡：固守天策府,特殊,神兵玉匣·血战天策·驰援,-,
"175","血战天策·驰援","10人普通",关卡：固守天策府,特殊,藏剑武器·哈飒剑,-,
"175","血战天策·驰援","10人普通",曹炎烈,特殊,藏剑武器·哈飒剑,-,
"175","血战天策·驰援","10人普通",曹炎烈,特殊,神兵玉匣·血战天策·驰援,-,
"175","血战天策·驰援","10人普通",关卡：保护青骓牧场,特殊,藏剑武器·哈飒剑,-,
"175","血战天策·驰援","10人普通",关卡：保护青骓牧场,特殊,神兵玉匣·血战天策·驰援,-,
"175","血战天策·驰援","10人普通",阿史那从礼,特殊,神兵玉匣·血战天策·驰援,-,
"175","血战天策·驰援","10人普通",阿史那从礼,特殊,藏剑武器·哈飒剑,-,
"176","血战天策·驰援","25人英雄",席庶云,特殊,破虏护腕·天策·驰援,-,
"176","血战天策·驰援","25人英雄",席庶云,特殊,破虏护腕·纯阳·驰援,-,
"176","血战天策·驰援","25人英雄",席庶云,特殊,破虏护腕·七秀·驰援,-,
"176","血战天策·驰援","25人英雄",席庶云,特殊,破虏护腕·五毒·驰援,-,
"176","血战天策·驰援","25人英雄",席庶云,特殊,破虏护腕·唐门·驰援,-,
"176","血战天策·驰援","25人英雄",席庶云,特殊,破虏护腕·藏剑·驰援,-,
"176","血战天策·驰援","25人英雄",席庶云,特殊,破虏护腕·丐帮·驰援,-,
"176","血战天策·驰援","25人英雄",席庶云,特殊,破虏护腕·明教·驰援,-,
"176","血战天策·驰援","25人英雄",席庶云,特殊,破虏护腕·苍云·驰援,-,
"176","血战天策·驰援","25人英雄",席庶云,特殊,破虏宝匣·腕·驰援,-,
"176","血战天策·驰援","25人英雄",席庶云,特殊,破虏护腕·少林·驰援,-,
"176","血战天策·驰援","25人英雄",席庶云,特殊,破虏护腕·万花·驰援,-,
"176","血战天策·驰援","25人英雄",关卡：固守天策府,特殊,破虏腰带·万花·驰援,-,
"176","血战天策·驰援","25人英雄",关卡：固守天策府,特殊,破虏腰带·天策·驰援,-,
"176","血战天策·驰援","25人英雄",关卡：固守天策府,特殊,破虏腰带·纯阳·驰援,-,
"176","血战天策·驰援","25人英雄",关卡：固守天策府,特殊,破虏腰带·七秀·驰援,-,
"176","血战天策·驰援","25人英雄",关卡：固守天策府,特殊,破虏腰带·五毒·驰援,-,
"176","血战天策·驰援","25人英雄",关卡：固守天策府,特殊,破虏腰带·唐门·驰援,-,
"176","血战天策·驰援","25人英雄",关卡：固守天策府,特殊,破虏腰带·藏剑·驰援,-,
"176","血战天策·驰援","25人英雄",关卡：固守天策府,特殊,破虏腰带·丐帮·驰援,-,
"176","血战天策·驰援","25人英雄",关卡：固守天策府,特殊,破虏腰带·明教·驰援,-,
"176","血战天策·驰援","25人英雄",关卡：固守天策府,特殊,破虏腰带·苍云·驰援,-,
"176","血战天策·驰援","25人英雄",关卡：固守天策府,特殊,藏剑武器·蔚秀云归,-,
"176","血战天策·驰援","25人英雄",关卡：固守天策府,特殊,破虏宝匣·腰·驰援,-,
"176","血战天策·驰援","25人英雄",关卡：固守天策府,特殊,神兵玉匣·英雄血战天策·驰援,-,
"176","血战天策·驰援","25人英雄",关卡：固守天策府,特殊,破虏腰带·少林·驰援,-,
"176","血战天策·驰援","25人英雄",曹炎烈,特殊,破虏鞋·天策·驰援,-,
"176","血战天策·驰援","25人英雄",曹炎烈,特殊,破虏鞋·纯阳·驰援,-,
"176","血战天策·驰援","25人英雄",曹炎烈,特殊,破虏鞋·七秀·驰援,-,
"176","血战天策·驰援","25人英雄",曹炎烈,特殊,破虏鞋·五毒·驰援,-,
"176","血战天策·驰援","25人英雄",曹炎烈,特殊,破虏鞋·唐门·驰援,-,
"176","血战天策·驰援","25人英雄",曹炎烈,特殊,破虏鞋·藏剑·驰援,-,
"176","血战天策·驰援","25人英雄",曹炎烈,特殊,破虏鞋·丐帮·驰援,-,
"176","血战天策·驰援","25人英雄",曹炎烈,特殊,破虏鞋·明教·驰援,-,
"176","血战天策·驰援","25人英雄",曹炎烈,特殊,破虏鞋·苍云·驰援,-,
"176","血战天策·驰援","25人英雄",曹炎烈,特殊,藏剑武器·蔚秀云归,-,
"176","血战天策·驰援","25人英雄",曹炎烈,特殊,破虏宝匣·鞋·驰援,-,
"176","血战天策·驰援","25人英雄",曹炎烈,特殊,神兵玉匣·英雄血战天策·驰援,-,
"176","血战天策·驰援","25人英雄",曹炎烈,特殊,破虏鞋·少林·驰援,-,
"176","血战天策·驰援","25人英雄",曹炎烈,特殊,瑶池灵玉·伤·腰,-,
"176","血战天策·驰援","25人英雄",曹炎烈,特殊,瑶池灵玉·斩·腰,-,
"176","血战天策·驰援","25人英雄",曹炎烈,特殊,瑶池灵玉·会·鞋,-,
"176","血战天策·驰援","25人英雄",曹炎烈,特殊,瑶池灵玉·破·鞋,-,
"176","血战天策·驰援","25人英雄",曹炎烈,特殊,破虏鞋·万花·驰援,-,
"176","血战天策·驰援","25人英雄",关卡：保护青骓牧场,特殊,破虏帽·万花·驰援,-,
"176","血战天策·驰援","25人英雄",关卡：保护青骓牧场,特殊,破虏帽·天策·驰援,-,
"176","血战天策·驰援","25人英雄",关卡：保护青骓牧场,特殊,破虏帽·纯阳·驰援,-,
"176","血战天策·驰援","25人英雄",关卡：保护青骓牧场,特殊,破虏帽·七秀·驰援,-,
"176","血战天策·驰援","25人英雄",关卡：保护青骓牧场,特殊,破虏帽·五毒·驰援,-,
"176","血战天策·驰援","25人英雄",关卡：保护青骓牧场,特殊,破虏帽·唐门·驰援,-,
"176","血战天策·驰援","25人英雄",关卡：保护青骓牧场,特殊,破虏帽·藏剑·驰援,-,
"176","血战天策·驰援","25人英雄",关卡：保护青骓牧场,特殊,破虏帽·丐帮·驰援,-,
"176","血战天策·驰援","25人英雄",关卡：保护青骓牧场,特殊,破虏帽·明教·驰援,-,
"176","血战天策·驰援","25人英雄",关卡：保护青骓牧场,特殊,破虏帽·苍云·驰援,-,
"176","血战天策·驰援","25人英雄",关卡：保护青骓牧场,特殊,破虏宝匣·帽·驰援,-,
"176","血战天策·驰援","25人英雄",关卡：保护青骓牧场,特殊,破虏帽·少林·驰援,-,
"176","血战天策·驰援","25人英雄",阿史那从礼,特殊,破虏衣·万花·驰援,-,
"176","血战天策·驰援","25人英雄",阿史那从礼,特殊,破虏衣·天策·驰援,-,
"176","血战天策·驰援","25人英雄",阿史那从礼,特殊,破虏衣·纯阳·驰援,-,
"176","血战天策·驰援","25人英雄",阿史那从礼,特殊,破虏衣·七秀·驰援,-,
"176","血战天策·驰援","25人英雄",阿史那从礼,特殊,破虏衣·五毒·驰援,-,
"176","血战天策·驰援","25人英雄",阿史那从礼,特殊,破虏衣·唐门·驰援,-,
"176","血战天策·驰援","25人英雄",阿史那从礼,特殊,破虏衣·藏剑·驰援,-,
"176","血战天策·驰援","25人英雄",阿史那从礼,特殊,破虏衣·丐帮·驰援,-,
"176","血战天策·驰援","25人英雄",阿史那从礼,特殊,破虏衣·明教·驰援,-,
"176","血战天策·驰援","25人英雄",阿史那从礼,特殊,破虏衣·苍云·驰援,-,
"176","血战天策·驰援","25人英雄",阿史那从礼,特殊,藏剑武器·望舒挥翰,-,
"176","血战天策·驰援","25人英雄",阿史那从礼,特殊,破虏宝匣·衣·驰援,-,
"176","血战天策·驰援","25人英雄",阿史那从礼,特殊,神兵玉匣·英雄血战天策·驰援·极,-,
"176","血战天策·驰援","25人英雄",阿史那从礼,特殊,瑶池灵玉·破·衣,-,
"176","血战天策·驰援","25人英雄",阿史那从礼,特殊,瑶池灵玉·会·衣,-,
"176","血战天策·驰援","25人英雄",阿史那从礼,特殊,瑶池灵玉·伤·武,-,
"176","血战天策·驰援","25人英雄",阿史那从礼,特殊,瑶池灵玉·蚀·武,-,
"176","血战天策·驰援","25人英雄",阿史那从礼,特殊,破虏衣·少林·驰援,-,
"164","大明宫","10人普通",六道傀儡,特殊,藏剑武器·千嶂承光,-,
"164","大明宫","10人普通",六道傀儡,特殊,神兵玉匣·大明宫,-,
"164","大明宫","10人普通",无名,特殊,藏剑武器·千嶂承光,-,
"164","大明宫","10人普通",无名,特殊,神兵玉匣·大明宫,-,
"164","大明宫","10人普通",伊玛目,特殊,神兵玉匣·大明宫,-,
"164","大明宫","10人普通",伊玛目,特殊,藏剑武器·千嶂承光,-,
"164","大明宫","10人普通",安禄山,特殊,藏剑武器·千嶂承光,-,
"164","大明宫","10人普通",安禄山,特殊,神兵玉匣·大明宫,-,
"165","大明宫","25人英雄",耶律燕、独孤问俗,特殊,定国护腕·少林,-,
"165","大明宫","25人英雄",耶律燕、独孤问俗,特殊,定国护腕·纯阳,-,
"165","大明宫","25人英雄",耶律燕、独孤问俗,特殊,定国宝匣·腕,-,
"165","大明宫","25人英雄",耶律燕、独孤问俗,特殊,定国护腕·藏剑,-,
"165","大明宫","25人英雄",耶律燕、独孤问俗,特殊,定国护腕·丐帮,-,
"165","大明宫","25人英雄",耶律燕、独孤问俗,特殊,定国护腕·七秀,-,
"165","大明宫","25人英雄",耶律燕、独孤问俗,特殊,定国护腕·天策,-,
"165","大明宫","25人英雄",耶律燕、独孤问俗,特殊,定国护腕·明教,-,
"165","大明宫","25人英雄",耶律燕、独孤问俗,特殊,定国护腕·万花,-,
"165","大明宫","25人英雄",耶律燕、独孤问俗,特殊,定国护腕·五毒,-,
"165","大明宫","25人英雄",耶律燕、独孤问俗,特殊,定国护腕·苍云,-,
"165","大明宫","25人英雄",耶律燕、独孤问俗,特殊,藏剑武器·雨墨伫萝,-,
"165","大明宫","25人英雄",耶律燕、独孤问俗,特殊,定国护腕·唐门,-,
"165","大明宫","25人英雄",耶律燕、独孤问俗,特殊,神兵玉匣·英雄大明宫,-,
"165","大明宫","25人英雄",六道傀儡,特殊,定国腰带·万花,-,
"165","大明宫","25人英雄",六道傀儡,特殊,定国腰带·唐门,-,
"165","大明宫","25人英雄",六道傀儡,特殊,定国宝匣·腰,-,
"165","大明宫","25人英雄",六道傀儡,特殊,定国腰带·纯阳,-,
"165","大明宫","25人英雄",六道傀儡,特殊,定国腰带·藏剑,-,
"165","大明宫","25人英雄",六道傀儡,特殊,定国腰带·丐帮,-,
"165","大明宫","25人英雄",六道傀儡,特殊,定国腰带·七秀,-,
"165","大明宫","25人英雄",六道傀儡,特殊,定国腰带·少林,-,
"165","大明宫","25人英雄",六道傀儡,特殊,定国腰带·明教,-,
"165","大明宫","25人英雄",六道傀儡,特殊,定国腰带·天策,-,
"165","大明宫","25人英雄",六道傀儡,特殊,定国腰带·苍云,-,
"165","大明宫","25人英雄",六道傀儡,特殊,定国腰带·五毒,-,
"165","大明宫","25人英雄",六道傀儡,特殊,藏剑武器·雨墨伫萝,-,
"165","大明宫","25人英雄",六道傀儡,特殊,神兵玉匣·英雄大明宫,-,
"165","大明宫","25人英雄",剑圣,特殊,定国宝匣·衣,-,
"165","大明宫","25人英雄",剑圣,特殊,定国衣·唐门,-,
"165","大明宫","25人英雄",剑圣,特殊,定国衣·万花,-,
"165","大明宫","25人英雄",剑圣,特殊,定国衣·纯阳,-,
"165","大明宫","25人英雄",剑圣,特殊,定国衣·藏剑,-,
"165","大明宫","25人英雄",剑圣,特殊,定国衣·少林,-,
"165","大明宫","25人英雄",剑圣,特殊,定国衣·丐帮,-,
"165","大明宫","25人英雄",剑圣,特殊,定国衣·七秀,-,
"165","大明宫","25人英雄",剑圣,特殊,定国衣·明教,-,
"165","大明宫","25人英雄",剑圣,特殊,碧玺,-,
"165","大明宫","25人英雄",剑圣,特殊,定国衣·苍云,-,
"165","大明宫","25人英雄",剑圣,特殊,定国衣·天策,-,
"165","大明宫","25人英雄",剑圣,特殊,藏剑武器·雨墨伫萝,-,
"165","大明宫","25人英雄",剑圣,特殊,定国衣·五毒,-,
"165","大明宫","25人英雄",剑圣,特殊,神兵玉匣·英雄大明宫,-,
"165","大明宫","25人英雄",无名,特殊,定国帽·少林,-,
"165","大明宫","25人英雄",无名,特殊,定国宝匣·帽,-,
"165","大明宫","25人英雄",无名,特殊,定国帽·唐门,-,
"165","大明宫","25人英雄",无名,特殊,定国帽·万花,-,
"165","大明宫","25人英雄",无名,特殊,定国帽·纯阳,-,
"165","大明宫","25人英雄",无名,特殊,定国帽·藏剑,-,
"165","大明宫","25人英雄",无名,特殊,定国帽·丐帮,-,
"165","大明宫","25人英雄",无名,特殊,定国帽·七秀,-,
"165","大明宫","25人英雄",无名,特殊,定国帽·明教,-,
"165","大明宫","25人英雄",无名,特殊,定国帽·苍云,-,
"165","大明宫","25人英雄",无名,特殊,藏剑武器·雨墨伫萝,-,
"165","大明宫","25人英雄",无名,特殊,定国帽·天策,-,
"165","大明宫","25人英雄",无名,特殊,定国帽·五毒,-,
"165","大明宫","25人英雄",无名,特殊,神兵玉匣·英雄大明宫,-,
"165","大明宫","25人英雄",伊玛目,特殊,定国鞋·少林,-,
"165","大明宫","25人英雄",伊玛目,特殊,定国鞋·唐门,-,
"165","大明宫","25人英雄",伊玛目,特殊,定国宝匣·鞋,-,
"165","大明宫","25人英雄",伊玛目,特殊,定国鞋·纯阳,-,
"165","大明宫","25人英雄",伊玛目,特殊,定国鞋·藏剑,-,
"165","大明宫","25人英雄",伊玛目,特殊,定国鞋·丐帮,-,
"165","大明宫","25人英雄",伊玛目,特殊,定国鞋·七秀,-,
"165","大明宫","25人英雄",伊玛目,特殊,定国鞋·明教,-,
"165","大明宫","25人英雄",伊玛目,特殊,定国鞋·天策,-,
"165","大明宫","25人英雄",伊玛目,特殊,定国鞋·苍云,-,
"165","大明宫","25人英雄",伊玛目,特殊,定国鞋·五毒,-,
"165","大明宫","25人英雄",伊玛目,特殊,定国鞋·万花,-,
"165","大明宫","25人英雄",伊玛目,特殊,藏剑武器·雨墨伫萝,-,
"165","大明宫","25人英雄",伊玛目,特殊,神兵玉匣·英雄大明宫,-,
"165","大明宫","25人英雄",安禄山,特殊,碧玺,-,
"165","大明宫","25人英雄",安禄山,特殊,藏剑武器·云影商风,-,
"165","大明宫","25人英雄",安禄山,特殊,神兵玉匣·英雄大明宫·极,-,
"160","战宝军械库","10人普通",闻人彦范,特殊,狼烟护腕·丐帮,-,
"160","战宝军械库","10人普通",闻人彦范,特殊,狼烟护腕·苍云,-,
"160","战宝军械库","10人普通",闻人彦范,特殊,狼烟护腕·少林,-,
"160","战宝军械库","10人普通",闻人彦范,特殊,狼烟护腕·万花,-,
"160","战宝军械库","10人普通",闻人彦范,特殊,狼烟护腕·天策,-,
"160","战宝军械库","10人普通",闻人彦范,特殊,狼烟护腕·纯阳,-,
"160","战宝军械库","10人普通",闻人彦范,特殊,狼烟护腕·七秀,-,
"160","战宝军械库","10人普通",闻人彦范,特殊,狼烟护腕·五毒,-,
"160","战宝军械库","10人普通",闻人彦范,特殊,狼烟护腕·唐门,-,
"160","战宝军械库","10人普通",闻人彦范,特殊,狼烟护腕·藏剑,-,
"160","战宝军械库","10人普通",闻人彦范,特殊,狼烟护腕·明教,-,
"160","战宝军械库","10人普通",闻人彦范,特殊,狼烟宝匣·腕,-,
"160","战宝军械库","10人普通",岳承志,特殊,狼烟腰带·唐门,-,
"160","战宝军械库","10人普通",岳承志,特殊,狼烟腰带·丐帮,-,
"160","战宝军械库","10人普通",岳承志,特殊,狼烟腰带·苍云,-,
"160","战宝军械库","10人普通",岳承志,特殊,狼烟宝匣·腰,-,
"160","战宝军械库","10人普通",岳承志,特殊,狼烟腰带·少林,-,
"160","战宝军械库","10人普通",岳承志,特殊,狼烟腰带·万花,-,
"160","战宝军械库","10人普通",岳承志,特殊,狼烟腰带·天策,-,
"160","战宝军械库","10人普通",岳承志,特殊,狼烟腰带·纯阳,-,
"160","战宝军械库","10人普通",岳承志,特殊,狼烟腰带·七秀,-,
"160","战宝军械库","10人普通",岳承志,特殊,狼烟腰带·五毒,-,
"160","战宝军械库","10人普通",岳承志,特殊,狼烟腰带·藏剑,-,
"160","战宝军械库","10人普通",岳承志,特殊,狼烟腰带·明教,-,
"160","战宝军械库","10人普通",卓力格图,特殊,狼烟鞋·藏剑,-,
"160","战宝军械库","10人普通",卓力格图,特殊,狼烟鞋·明教,-,
"160","战宝军械库","10人普通",卓力格图,特殊,狼烟鞋·少林,-,
"160","战宝军械库","10人普通",卓力格图,特殊,狼烟鞋·万花,-,
"160","战宝军械库","10人普通",卓力格图,特殊,狼烟鞋·天策,-,
"160","战宝军械库","10人普通",卓力格图,特殊,狼烟鞋·纯阳,-,
"160","战宝军械库","10人普通",卓力格图,特殊,狼烟鞋·七秀,-,
"160","战宝军械库","10人普通",卓力格图,特殊,狼烟鞋·五毒,-,
"160","战宝军械库","10人普通",卓力格图,特殊,狼烟鞋·唐门,-,
"160","战宝军械库","10人普通",卓力格图,特殊,狼烟鞋·丐帮,-,
"160","战宝军械库","10人普通",卓力格图,特殊,狼烟鞋·苍云,-,
"160","战宝军械库","10人普通",卓力格图,特殊,狼烟宝匣·鞋,-,
"160","战宝军械库","10人普通",澹台枯火,特殊,狼烟帽·唐门,-,
"160","战宝军械库","10人普通",澹台枯火,特殊,狼烟帽·丐帮,-,
"160","战宝军械库","10人普通",澹台枯火,特殊,狼烟帽·苍云,-,
"160","战宝军械库","10人普通",澹台枯火,特殊,藏剑武器·雨信泽屠,-,
"160","战宝军械库","10人普通",澹台枯火,特殊,狼烟宝匣·帽,-,
"160","战宝军械库","10人普通",澹台枯火,特殊,狼烟帽·少林,-,
"160","战宝军械库","10人普通",澹台枯火,特殊,狼烟帽·万花,-,
"160","战宝军械库","10人普通",澹台枯火,特殊,狼烟帽·天策,-,
"160","战宝军械库","10人普通",澹台枯火,特殊,狼烟帽·纯阳,-,
"160","战宝军械库","10人普通",澹台枯火,特殊,狼烟帽·七秀,-,
"160","战宝军械库","10人普通",澹台枯火,特殊,狼烟帽·五毒,-,
"160","战宝军械库","10人普通",澹台枯火,特殊,狼烟帽·藏剑,-,
"160","战宝军械库","10人普通",澹台枯火,特殊,狼烟帽·明教,-,
"160","战宝军械库","10人普通",澹台枯火,特殊,神兵玉匣·战宝军械库,-,
"160","战宝军械库","10人普通",萧沙、韦柔丝,特殊,狼烟衣·藏剑,-,
"160","战宝军械库","10人普通",萧沙、韦柔丝,特殊,狼烟衣·明教,-,
"160","战宝军械库","10人普通",萧沙、韦柔丝,特殊,神兵玉匣·战宝军械库,-,
"160","战宝军械库","10人普通",萧沙、韦柔丝,特殊,狼烟衣·少林,-,
"160","战宝军械库","10人普通",萧沙、韦柔丝,特殊,狼烟衣·万花,-,
"160","战宝军械库","10人普通",萧沙、韦柔丝,特殊,狼烟衣·天策,-,
"160","战宝军械库","10人普通",萧沙、韦柔丝,特殊,狼烟衣·纯阳,-,
"160","战宝军械库","10人普通",萧沙、韦柔丝,特殊,狼烟衣·七秀,-,
"160","战宝军械库","10人普通",萧沙、韦柔丝,特殊,狼烟衣·五毒,-,
"160","战宝军械库","10人普通",萧沙、韦柔丝,特殊,狼烟衣·唐门,-,
"160","战宝军械库","10人普通",萧沙、韦柔丝,特殊,狼烟衣·丐帮,-,
"160","战宝军械库","10人普通",萧沙、韦柔丝,特殊,狼烟衣·苍云,-,
"160","战宝军械库","10人普通",萧沙、韦柔丝,特殊,藏剑武器·雨信泽屠,-,
"160","战宝军械库","10人普通",萧沙、韦柔丝,特殊,狼烟宝匣·衣,-,
"171","战宝军械库","25人英雄",闻人彦范,特殊,靖世护腕·少林,-,
"171","战宝军械库","25人英雄",闻人彦范,特殊,靖世护腕·万花,-,
"171","战宝军械库","25人英雄",闻人彦范,特殊,靖世护腕·纯阳,-,
"171","战宝军械库","25人英雄",闻人彦范,特殊,靖世护腕·丐帮,-,
"171","战宝军械库","25人英雄",闻人彦范,特殊,靖世护腕·七秀,-,
"171","战宝军械库","25人英雄",闻人彦范,特殊,靖世护腕·苍云,-,
"171","战宝军械库","25人英雄",闻人彦范,特殊,靖世护腕·天策,-,
"171","战宝军械库","25人英雄",闻人彦范,特殊,靖世护腕·五毒,-,
"171","战宝军械库","25人英雄",闻人彦范,特殊,靖世护腕·藏剑,-,
"171","战宝军械库","25人英雄",闻人彦范,特殊,靖世宝匣·腕,-,
"171","战宝军械库","25人英雄",闻人彦范,特殊,靖世护腕·唐门,-,
"171","战宝军械库","25人英雄",闻人彦范,特殊,靖世护腕·明教,-,
"171","战宝军械库","25人英雄",岳承志,特殊,靖世腰带·少林,-,
"171","战宝军械库","25人英雄",岳承志,特殊,靖世腰带·万花,-,
"171","战宝军械库","25人英雄",岳承志,特殊,靖世腰带·五毒,-,
"171","战宝军械库","25人英雄",岳承志,特殊,靖世腰带·明教,-,
"171","战宝军械库","25人英雄",岳承志,特殊,靖世宝匣·腰,-,
"171","战宝军械库","25人英雄",岳承志,特殊,靖世腰带·唐门,-,
"171","战宝军械库","25人英雄",岳承志,特殊,藏剑武器·青枫赤叶,-,
"171","战宝军械库","25人英雄",岳承志,特殊,靖世腰带·丐帮,-,
"171","战宝军械库","25人英雄",岳承志,特殊,靖世腰带·天策,-,
"171","战宝军械库","25人英雄",岳承志,特殊,靖世腰带·纯阳,-,
"171","战宝军械库","25人英雄",岳承志,特殊,神兵玉匣·英雄战宝军械库,-,
"171","战宝军械库","25人英雄",岳承志,特殊,靖世腰带·苍云,-,
"171","战宝军械库","25人英雄",岳承志,特殊,靖世腰带·七秀,-,
"171","战宝军械库","25人英雄",岳承志,特殊,靖世腰带·藏剑,-,
"171","战宝军械库","25人英雄",卓力格图,特殊,靖世鞋·少林,-,
"171","战宝军械库","25人英雄",卓力格图,特殊,靖世鞋·万花,-,
"171","战宝军械库","25人英雄",卓力格图,特殊,靖世鞋·天策,-,
"171","战宝军械库","25人英雄",卓力格图,特殊,靖世鞋·唐门,-,
"171","战宝军械库","25人英雄",卓力格图,特殊,靖世宝匣·鞋,-,
"171","战宝军械库","25人英雄",卓力格图,特殊,靖世鞋·纯阳,-,
"171","战宝军械库","25人英雄",卓力格图,特殊,靖世鞋·丐帮,-,
"171","战宝军械库","25人英雄",卓力格图,特殊,藏剑武器·青枫赤叶,-,
"171","战宝军械库","25人英雄",卓力格图,特殊,靖世鞋·七秀,-,
"171","战宝军械库","25人英雄",卓力格图,特殊,靖世鞋·苍云,-,
"171","战宝军械库","25人英雄",卓力格图,特殊,神兵玉匣·英雄战宝军械库,-,
"171","战宝军械库","25人英雄",卓力格图,特殊,靖世鞋·藏剑,-,
"171","战宝军械库","25人英雄",卓力格图,特殊,靖世鞋·五毒,-,
"171","战宝军械库","25人英雄",卓力格图,特殊,靖世鞋·明教,-,
"171","战宝军械库","25人英雄",澹台枯火,特殊,靖世帽·少林,-,
"171","战宝军械库","25人英雄",澹台枯火,特殊,靖世帽·万花,-,
"171","战宝军械库","25人英雄",澹台枯火,特殊,靖世帽·纯阳,-,
"171","战宝军械库","25人英雄",澹台枯火,特殊,靖世帽·藏剑,-,
"171","战宝军械库","25人英雄",澹台枯火,特殊,藏剑武器·青枫赤叶,-,
"171","战宝军械库","25人英雄",澹台枯火,特殊,靖世帽·七秀,-,
"171","战宝军械库","25人英雄",澹台枯火,特殊,靖世帽·明教,-,
"171","战宝军械库","25人英雄",澹台枯火,特殊,靖世帽·唐门,-,
"171","战宝军械库","25人英雄",澹台枯火,特殊,神兵玉匣·英雄战宝军械库,-,
"171","战宝军械库","25人英雄",澹台枯火,特殊,靖世帽·天策,-,
"171","战宝军械库","25人英雄",澹台枯火,特殊,靖世帽·五毒,-,
"171","战宝军械库","25人英雄",澹台枯火,特殊,靖世帽·丐帮,-,
"171","战宝军械库","25人英雄",澹台枯火,特殊,靖世宝匣·帽,-,
"171","战宝军械库","25人英雄",澹台枯火,特殊,靖世帽·苍云,-,
"171","战宝军械库","25人英雄",萧沙、韦柔丝,特殊,靖世宝匣·衣,-,
"171","战宝军械库","25人英雄",萧沙、韦柔丝,特殊,靖世衣·少林,-,
"171","战宝军械库","25人英雄",萧沙、韦柔丝,特殊,靖世衣·天策,-,
"171","战宝军械库","25人英雄",萧沙、韦柔丝,特殊,靖世衣·七秀,-,
"171","战宝军械库","25人英雄",萧沙、韦柔丝,特殊,靖世衣·明教,-,
"171","战宝军械库","25人英雄",萧沙、韦柔丝,特殊,藏剑武器·青枫赤叶,-,
"171","战宝军械库","25人英雄",萧沙、韦柔丝,特殊,靖世衣·五毒,-,
"171","战宝军械库","25人英雄",萧沙、韦柔丝,特殊,靖世衣·唐门,-,
"171","战宝军械库","25人英雄",萧沙、韦柔丝,特殊,碧玺,-,
"171","战宝军械库","25人英雄",萧沙、韦柔丝,特殊,神兵玉匣·英雄战宝军械库,-,
"171","战宝军械库","25人英雄",萧沙、韦柔丝,特殊,靖世衣·万花,-,
"171","战宝军械库","25人英雄",萧沙、韦柔丝,特殊,靖世衣·丐帮,-,
"171","战宝军械库","25人英雄",萧沙、韦柔丝,特殊,靖世衣·纯阳,-,
"171","战宝军械库","25人英雄",萧沙、韦柔丝,特殊,靖世衣·苍云,-,
"171","战宝军械库","25人英雄",萧沙、韦柔丝,特殊,靖世衣·藏剑,-,
"169","流离岛","5人普通",第五雍容,特殊,养心丹,-,
"169","流离岛","5人普通",第五雍容,特殊,紫金养心丹,-,
"170","流离岛","5人英雄",第五雍容,特殊,紫金养心丹,-,
"170","流离岛","5人英雄",第五雍容,特殊,养心丹,-,
"170","流离岛","5人英雄",詹毅,特殊,金玄玉,-,
"163","华清宫回忆录","5人英雄",安禄山,特殊,金玄玉,-,
"162","华清宫","5人英雄",葛尔东赞,特殊,金玄玉,-,
"157","一线天","5人英雄",列缺、霹雳,特殊,金玄玉,-,
"179","直城门","5人英雄",恶狼,特殊,藏剑武器·荆衡风期,-,
"195","雁门关之役","5人英雄",中田海,特殊,《百兽纲·中》,-,
"195","雁门关之役","5人英雄",拓跋离,特殊,《百兽纲·中》,-,
"195","雁门关之役","5人英雄",独孤问俗,特殊,《百兽纲·中》,-,
"196","雁门关之役","5人普通",中田海,特殊,《百兽纲·中》,-,
"196","雁门关之役","5人普通",拓跋离,特殊,《百兽纲·中》,-,
"196","雁门关之役","5人普通",独孤问俗,特殊,《百兽纲·中》,-,
"138","会战唐门","10人挑战",狼牙军阵,特殊,淬炼晶矿·腕,-,
"138","会战唐门","10人挑战",狼牙军阵,特殊,淬炼晶矿·腰,-,
"138","会战唐门","10人挑战",狼牙军阵,特殊,淬炼晶矿·鞋,-,
"138","会战唐门","10人挑战",狼牙军阵,特殊,乌金陨铁,-,
"138","会战唐门","10人挑战",汪莽,特殊,乌金陨铁,-,
"138","会战唐门","10人挑战",汪莽,特殊,化玉玄晶,-,
"138","会战唐门","10人挑战",汪莽,特殊,淬炼晶矿·帽,-,
"138","会战唐门","10人挑战",汪莽宝箱2,特殊,淬炼晶矿·帽,-,
"138","会战唐门","10人挑战",汪莽宝箱2,特殊,淬炼晶矿·衣,-,
"138","会战唐门","10人挑战",汪莽宝箱1,特殊,淬炼晶矿·帽,-,
"138","会战唐门","10人挑战",汪莽,特殊,淬炼晶矿·衣,-,
"140","南诏皇宫","10人普通",枯荣大师,特殊,乌金陨铁,-,
"140","南诏皇宫","10人普通",枯荣大师,特殊,烛天护腕·少林,-,
"140","南诏皇宫","10人普通",枯荣大师,特殊,烛天护腕·七秀,-,
"140","南诏皇宫","10人普通",枯荣大师,特殊,烛天护腕·唐门,-,
"140","南诏皇宫","10人普通",枯荣大师,特殊,烛天护腕·万花,-,
"140","南诏皇宫","10人普通",枯荣大师,特殊,烛天宝匣·腕,-,
"140","南诏皇宫","10人普通",枯荣大师,特殊,烛天护腕·天策,-,
"140","南诏皇宫","10人普通",枯荣大师,特殊,烛天护腕·纯阳,-,
"140","南诏皇宫","10人普通",枯荣大师,特殊,烛天护腕·五毒,-,
"140","南诏皇宫","10人普通",枯荣大师,特殊,烛天护腕·明教,-,
"140","南诏皇宫","10人普通",枯荣大师,特殊,烛天护腕·藏剑,-,
"140","南诏皇宫","10人普通",段宗公、泰崇傣、阁逻鸿,特殊,乌金陨铁,-,
"140","南诏皇宫","10人普通",段宗公、泰崇傣、阁逻鸿,特殊,烛天腰带·少林,-,
"140","南诏皇宫","10人普通",段宗公、泰崇傣、阁逻鸿,特殊,烛天腰带·纯阳,-,
"140","南诏皇宫","10人普通",段宗公、泰崇傣、阁逻鸿,特殊,烛天腰带·藏剑,-,
"140","南诏皇宫","10人普通",段宗公、泰崇傣、阁逻鸿,特殊,烛天腰带·唐门,-,
"140","南诏皇宫","10人普通",段宗公、泰崇傣、阁逻鸿,特殊,烛天腰带·天策,-,
"140","南诏皇宫","10人普通",段宗公、泰崇傣、阁逻鸿,特殊,烛天腰带·七秀,-,
"140","南诏皇宫","10人普通",段宗公、泰崇傣、阁逻鸿,特殊,烛天宝匣·腰,-,
"140","南诏皇宫","10人普通",段宗公、泰崇傣、阁逻鸿,特殊,烛天腰带·万花,-,
"140","南诏皇宫","10人普通",段宗公、泰崇傣、阁逻鸿,特殊,烛天腰带·五毒,-,
"140","南诏皇宫","10人普通",段宗公、泰崇傣、阁逻鸿,特殊,烛天腰带·明教,-,
"140","南诏皇宫","10人普通",萧沙,特殊,乌金陨铁,-,
"140","南诏皇宫","10人普通",萧沙,特殊,烛天鞋·少林,-,
"140","南诏皇宫","10人普通",萧沙,特殊,烛天鞋·天策,-,
"140","南诏皇宫","10人普通",萧沙,特殊,烛天鞋·藏剑,-,
"140","南诏皇宫","10人普通",萧沙,特殊,烛天鞋·七秀,-,
"140","南诏皇宫","10人普通",萧沙,特殊,烛天鞋·唐门,-,
"140","南诏皇宫","10人普通",萧沙,特殊,烛天宝匣·鞋,-,
"140","南诏皇宫","10人普通",萧沙,特殊,烛天鞋·万花,-,
"140","南诏皇宫","10人普通",萧沙,特殊,烛天鞋·五毒,-,
"140","南诏皇宫","10人普通",萧沙,特殊,烛天鞋·明教,-,
"140","南诏皇宫","10人普通",萧沙,特殊,烛天鞋·纯阳,-,
"140","南诏皇宫","10人普通",摩提耶罗,特殊,乌金陨铁,-,
"140","南诏皇宫","10人普通",摩提耶罗,特殊,烛天帽·少林,-,
"140","南诏皇宫","10人普通",摩提耶罗,特殊,烛天帽·七秀,-,
"140","南诏皇宫","10人普通",摩提耶罗,特殊,烛天帽·五毒,-,
"140","南诏皇宫","10人普通",摩提耶罗,特殊,藏剑武器·浪剑青芒,-,
"140","南诏皇宫","10人普通",摩提耶罗,特殊,烛天帽·万花,-,
"140","南诏皇宫","10人普通",摩提耶罗,特殊,烛天宝匣·帽,-,
"140","南诏皇宫","10人普通",摩提耶罗,特殊,烛天帽·藏剑,-,
"140","南诏皇宫","10人普通",摩提耶罗,特殊,烛天帽·天策,-,
"140","南诏皇宫","10人普通",摩提耶罗,特殊,烛天帽·纯阳,-,
"140","南诏皇宫","10人普通",摩提耶罗,特殊,烛天帽·唐门,-,
"140","南诏皇宫","10人普通",摩提耶罗,特殊,神兵玉匣·南诏皇宫·极,-,
"140","南诏皇宫","10人普通",摩提耶罗,特殊,烛天帽·明教,-,
"140","南诏皇宫","10人普通",陈和尚、康雪烛、柳公子、阁逻凤,特殊,乌金陨铁,-,
"140","南诏皇宫","10人普通",陈和尚、康雪烛、柳公子、阁逻凤,特殊,烛天衣·天策,-,
"140","南诏皇宫","10人普通",陈和尚、康雪烛、柳公子、阁逻凤,特殊,烛天衣·万花,-,
"140","南诏皇宫","10人普通",陈和尚、康雪烛、柳公子、阁逻凤,特殊,藏剑武器·清川景行,-,
"140","南诏皇宫","10人普通",陈和尚、康雪烛、柳公子、阁逻凤,特殊,烛天衣·纯阳,-,
"140","南诏皇宫","10人普通",陈和尚、康雪烛、柳公子、阁逻凤,特殊,烛天衣·藏剑,-,
"140","南诏皇宫","10人普通",陈和尚、康雪烛、柳公子、阁逻凤,特殊,烛天宝匣·衣,-,
"140","南诏皇宫","10人普通",陈和尚、康雪烛、柳公子、阁逻凤,特殊,烛天衣·少林,-,
"140","南诏皇宫","10人普通",陈和尚、康雪烛、柳公子、阁逻凤,特殊,烛天衣·唐门,-,
"140","南诏皇宫","10人普通",陈和尚、康雪烛、柳公子、阁逻凤,特殊,神兵玉匣·南诏皇宫,-,
"140","南诏皇宫","10人普通",陈和尚、康雪烛、柳公子、阁逻凤,特殊,烛天衣·七秀,-,
"140","南诏皇宫","10人普通",陈和尚、康雪烛、柳公子、阁逻凤,特殊,烛天衣·明教,-,
"140","南诏皇宫","10人普通",陈和尚、康雪烛、柳公子、阁逻凤,特殊,烛天衣·五毒,-,
"155","南诏皇宫","25人英雄",枯荣大师,特殊,破军护腕·少林,-,
"155","南诏皇宫","25人英雄",枯荣大师宝箱4,特殊,破军护腕·少林,-,
"155","南诏皇宫","25人英雄",枯荣大师宝箱5,特殊,破军护腕·少林,-,
"155","南诏皇宫","25人英雄",枯荣大师,特殊,乌金陨铁,-,
"155","南诏皇宫","25人英雄",枯荣大师,特殊,破军护腕·天策,-,
"155","南诏皇宫","25人英雄",枯荣大师宝箱4,特殊,破军护腕·天策,-,
"155","南诏皇宫","25人英雄",枯荣大师宝箱5,特殊,破军护腕·天策,-,
"155","南诏皇宫","25人英雄",枯荣大师,特殊,破军护腕·七秀,-,
"155","南诏皇宫","25人英雄",枯荣大师宝箱4,特殊,破军护腕·七秀,-,
"155","南诏皇宫","25人英雄",枯荣大师宝箱5,特殊,破军护腕·七秀,-,
"155","南诏皇宫","25人英雄",枯荣大师,特殊,破军护腕·万花,-,
"155","南诏皇宫","25人英雄",枯荣大师宝箱4,特殊,破军护腕·万花,-,
"155","南诏皇宫","25人英雄",枯荣大师宝箱5,特殊,破军护腕·万花,-,
"155","南诏皇宫","25人英雄",枯荣大师,特殊,破军护腕·纯阳,-,
"155","南诏皇宫","25人英雄",枯荣大师宝箱4,特殊,破军护腕·纯阳,-,
"155","南诏皇宫","25人英雄",枯荣大师宝箱5,特殊,破军护腕·纯阳,-,
"155","南诏皇宫","25人英雄",枯荣大师,特殊,破军护腕·藏剑,-,
"155","南诏皇宫","25人英雄",枯荣大师宝箱4,特殊,破军护腕·藏剑,-,
"155","南诏皇宫","25人英雄",枯荣大师宝箱5,特殊,破军护腕·藏剑,-,
"155","南诏皇宫","25人英雄",枯荣大师,特殊,破军护腕·五毒,-,
"155","南诏皇宫","25人英雄",枯荣大师宝箱4,特殊,破军护腕·五毒,-,
"155","南诏皇宫","25人英雄",枯荣大师宝箱5,特殊,破军护腕·五毒,-,
"155","南诏皇宫","25人英雄",枯荣大师,特殊,破军护腕·唐门,-,
"155","南诏皇宫","25人英雄",枯荣大师宝箱4,特殊,破军护腕·唐门,-,
"155","南诏皇宫","25人英雄",枯荣大师宝箱5,特殊,破军护腕·唐门,-,
"155","南诏皇宫","25人英雄",枯荣大师,特殊,破军护腕·明教,-,
"155","南诏皇宫","25人英雄",枯荣大师宝箱4,特殊,破军护腕·明教,-,
"155","南诏皇宫","25人英雄",枯荣大师宝箱5,特殊,破军护腕·明教,-,
"155","南诏皇宫","25人英雄",枯荣大师,特殊,藏剑武器·铎鞘风牙,-,
"155","南诏皇宫","25人英雄",枯荣大师宝箱2,特殊,藏剑武器·铎鞘风牙,-,
"155","南诏皇宫","25人英雄",枯荣大师宝箱3,特殊,藏剑武器·铎鞘风牙,-,
"155","南诏皇宫","25人英雄",枯荣大师宝箱4,特殊,藏剑武器·铎鞘风牙,-,
"155","南诏皇宫","25人英雄",枯荣大师宝箱5,特殊,藏剑武器·铎鞘风牙,-,
"155","南诏皇宫","25人英雄",枯荣大师,特殊,神兵玉匣·英雄南诏皇宫,-,
"155","南诏皇宫","25人英雄",枯荣大师宝箱2,特殊,神兵玉匣·英雄南诏皇宫,-,
"155","南诏皇宫","25人英雄",枯荣大师宝箱3,特殊,神兵玉匣·英雄南诏皇宫,-,
"155","南诏皇宫","25人英雄",枯荣大师宝箱4,特殊,神兵玉匣·英雄南诏皇宫,-,
"155","南诏皇宫","25人英雄",枯荣大师宝箱5,特殊,神兵玉匣·英雄南诏皇宫,-,
"155","南诏皇宫","25人英雄",枯荣大师,特殊,破军宝匣·腕,-,
"155","南诏皇宫","25人英雄",枯荣大师宝箱4,特殊,破军宝匣·腕,-,
"155","南诏皇宫","25人英雄",枯荣大师宝箱5,特殊,破军宝匣·腕,-,
"155","南诏皇宫","25人英雄",段宗公、泰崇傣、阁逻鸿,特殊,乌金陨铁,-,
"155","南诏皇宫","25人英雄",段宗公、泰崇傣、阁逻鸿,特殊,破军腰带·少林,-,
"155","南诏皇宫","25人英雄",段宗公、泰崇傣、阁逻鸿,特殊,破军腰带·天策,-,
"155","南诏皇宫","25人英雄",段宗公、泰崇傣、阁逻鸿,特殊,破军腰带·七秀,-,
"155","南诏皇宫","25人英雄",段宗公、泰崇傣、阁逻鸿,特殊,破军腰带·万花,-,
"155","南诏皇宫","25人英雄",段宗公、泰崇傣、阁逻鸿,特殊,破军腰带·纯阳,-,
"155","南诏皇宫","25人英雄",段宗公、泰崇傣、阁逻鸿,特殊,破军腰带·藏剑,-,
"155","南诏皇宫","25人英雄",段宗公、泰崇傣、阁逻鸿,特殊,破军腰带·五毒,-,
"155","南诏皇宫","25人英雄",段宗公、泰崇傣、阁逻鸿,特殊,破军腰带·唐门,-,
"155","南诏皇宫","25人英雄",段宗公、泰崇傣、阁逻鸿,特殊,破军腰带·明教,-,
"155","南诏皇宫","25人英雄",段宗公、泰崇傣、阁逻鸿,特殊,火正令牌,-,
"155","南诏皇宫","25人英雄",段宗公、泰崇傣、阁逻鸿,特殊,藏剑武器·铎鞘风牙,-,
"155","南诏皇宫","25人英雄",段宗公、泰崇傣、阁逻鸿,特殊,神兵玉匣·英雄南诏皇宫,-,
"155","南诏皇宫","25人英雄",段宗公、泰崇傣、阁逻鸿,特殊,破军宝匣·腰,-,
"155","南诏皇宫","25人英雄",萧沙,特殊,破军鞋·少林,-,
"155","南诏皇宫","25人英雄",萧沙宝箱4,特殊,破军鞋·少林,-,
"155","南诏皇宫","25人英雄",萧沙宝箱5,特殊,破军鞋·少林,-,
"155","南诏皇宫","25人英雄",萧沙,特殊,破军鞋·天策,-,
"155","南诏皇宫","25人英雄",萧沙宝箱4,特殊,破军鞋·天策,-,
"155","南诏皇宫","25人英雄",萧沙宝箱5,特殊,破军鞋·天策,-,
"155","南诏皇宫","25人英雄",萧沙,特殊,破军鞋·七秀,-,
"155","南诏皇宫","25人英雄",萧沙宝箱4,特殊,破军鞋·七秀,-,
"155","南诏皇宫","25人英雄",萧沙宝箱5,特殊,破军鞋·七秀,-,
"155","南诏皇宫","25人英雄",萧沙,特殊,破军鞋·万花,-,
"155","南诏皇宫","25人英雄",萧沙宝箱4,特殊,破军鞋·万花,-,
"155","南诏皇宫","25人英雄",萧沙宝箱5,特殊,破军鞋·万花,-,
"155","南诏皇宫","25人英雄",萧沙,特殊,乌金陨铁,-,
"155","南诏皇宫","25人英雄",萧沙,特殊,破军鞋·纯阳,-,
"155","南诏皇宫","25人英雄",萧沙宝箱4,特殊,破军鞋·纯阳,-,
"155","南诏皇宫","25人英雄",萧沙宝箱5,特殊,破军鞋·纯阳,-,
"155","南诏皇宫","25人英雄",萧沙,特殊,破军鞋·藏剑,-,
"155","南诏皇宫","25人英雄",萧沙宝箱4,特殊,破军鞋·藏剑,-,
"155","南诏皇宫","25人英雄",萧沙宝箱5,特殊,破军鞋·藏剑,-,
"155","南诏皇宫","25人英雄",萧沙,特殊,破军鞋·五毒,-,
"155","南诏皇宫","25人英雄",萧沙宝箱4,特殊,破军鞋·五毒,-,
"155","南诏皇宫","25人英雄",萧沙宝箱5,特殊,破军鞋·五毒,-,
"155","南诏皇宫","25人英雄",萧沙,特殊,破军鞋·唐门,-,
"155","南诏皇宫","25人英雄",萧沙宝箱4,特殊,破军鞋·唐门,-,
"155","南诏皇宫","25人英雄",萧沙宝箱5,特殊,破军鞋·唐门,-,
"155","南诏皇宫","25人英雄",萧沙,特殊,破军鞋·明教,-,
"155","南诏皇宫","25人英雄",萧沙宝箱4,特殊,破军鞋·明教,-,
"155","南诏皇宫","25人英雄",萧沙宝箱5,特殊,破军鞋·明教,-,
"155","南诏皇宫","25人英雄",萧沙,特殊,明月锁,-,
"155","南诏皇宫","25人英雄",萧沙,特殊,藏剑武器·铎鞘风牙,-,
"155","南诏皇宫","25人英雄",萧沙宝箱2,特殊,藏剑武器·铎鞘风牙,-,
"155","南诏皇宫","25人英雄",萧沙宝箱3,特殊,藏剑武器·铎鞘风牙,-,
"155","南诏皇宫","25人英雄",萧沙宝箱4,特殊,藏剑武器·铎鞘风牙,-,
"155","南诏皇宫","25人英雄",萧沙宝箱5,特殊,藏剑武器·铎鞘风牙,-,
"155","南诏皇宫","25人英雄",萧沙,特殊,神兵玉匣·英雄南诏皇宫,-,
"155","南诏皇宫","25人英雄",萧沙宝箱2,特殊,神兵玉匣·英雄南诏皇宫,-,
"155","南诏皇宫","25人英雄",萧沙宝箱3,特殊,神兵玉匣·英雄南诏皇宫,-,
"155","南诏皇宫","25人英雄",萧沙宝箱4,特殊,神兵玉匣·英雄南诏皇宫,-,
"155","南诏皇宫","25人英雄",萧沙宝箱5,特殊,神兵玉匣·英雄南诏皇宫,-,
"155","南诏皇宫","25人英雄",萧沙,特殊,破军宝匣·鞋,-,
"155","南诏皇宫","25人英雄",萧沙宝箱4,特殊,破军宝匣·鞋,-,
"155","南诏皇宫","25人英雄",萧沙宝箱5,特殊,破军宝匣·鞋,-,
"155","南诏皇宫","25人英雄",摩提耶罗,特殊,破军帽·少林,-,
"155","南诏皇宫","25人英雄",摩提耶罗宝箱4,特殊,破军帽·少林,-,
"155","南诏皇宫","25人英雄",摩提耶罗宝箱5,特殊,破军帽·少林,-,
"155","南诏皇宫","25人英雄",摩提耶罗,特殊,破军帽·天策,-,
"155","南诏皇宫","25人英雄",摩提耶罗宝箱4,特殊,破军帽·天策,-,
"155","南诏皇宫","25人英雄",摩提耶罗宝箱5,特殊,破军帽·天策,-,
"155","南诏皇宫","25人英雄",摩提耶罗,特殊,破军帽·七秀,-,
"155","南诏皇宫","25人英雄",摩提耶罗宝箱4,特殊,破军帽·七秀,-,
"155","南诏皇宫","25人英雄",摩提耶罗,特殊,乌金陨铁,-,
"155","南诏皇宫","25人英雄",摩提耶罗宝箱5,特殊,破军帽·七秀,-,
"155","南诏皇宫","25人英雄",摩提耶罗,特殊,破军帽·万花,-,
"155","南诏皇宫","25人英雄",摩提耶罗宝箱4,特殊,破军帽·万花,-,
"155","南诏皇宫","25人英雄",摩提耶罗宝箱5,特殊,破军帽·万花,-,
"155","南诏皇宫","25人英雄",摩提耶罗,特殊,破军帽·纯阳,-,
"155","南诏皇宫","25人英雄",摩提耶罗宝箱4,特殊,破军帽·纯阳,-,
"155","南诏皇宫","25人英雄",摩提耶罗宝箱5,特殊,破军帽·纯阳,-,
"155","南诏皇宫","25人英雄",摩提耶罗,特殊,破军帽·藏剑,-,
"155","南诏皇宫","25人英雄",摩提耶罗宝箱4,特殊,破军帽·藏剑,-,
"155","南诏皇宫","25人英雄",摩提耶罗宝箱5,特殊,破军帽·藏剑,-,
"155","南诏皇宫","25人英雄",摩提耶罗,特殊,破军帽·五毒,-,
"155","南诏皇宫","25人英雄",摩提耶罗宝箱4,特殊,破军帽·五毒,-,
"155","南诏皇宫","25人英雄",摩提耶罗宝箱5,特殊,破军帽·五毒,-,
"155","南诏皇宫","25人英雄",摩提耶罗,特殊,破军帽·唐门,-,
"155","南诏皇宫","25人英雄",摩提耶罗宝箱4,特殊,破军帽·唐门,-,
"155","南诏皇宫","25人英雄",摩提耶罗宝箱5,特殊,破军帽·唐门,-,
"155","南诏皇宫","25人英雄",摩提耶罗,特殊,破军帽·明教,-,
"155","南诏皇宫","25人英雄",摩提耶罗宝箱4,特殊,破军帽·明教,-,
"155","南诏皇宫","25人英雄",摩提耶罗宝箱5,特殊,破军帽·明教,-,
"155","南诏皇宫","25人英雄",摩提耶罗,特殊,破军宝匣·帽,-,
"155","南诏皇宫","25人英雄",摩提耶罗宝箱4,特殊,破军宝匣·帽,-,
"155","南诏皇宫","25人英雄",摩提耶罗宝箱5,特殊,破军宝匣·帽,-,
"155","南诏皇宫","25人英雄",陈和尚、康雪烛、柳公子、阁逻凤,特殊,破军衣·少林,-,
"155","南诏皇宫","25人英雄",陈和尚、康雪烛、柳公子、阁逻凤,特殊,破军衣·天策,-,
"155","南诏皇宫","25人英雄",陈和尚、康雪烛、柳公子、阁逻凤,特殊,破军衣·七秀,-,
"155","南诏皇宫","25人英雄",陈和尚、康雪烛、柳公子、阁逻凤,特殊,破军衣·万花,-,
"155","南诏皇宫","25人英雄",陈和尚、康雪烛、柳公子、阁逻凤,特殊,破军衣·纯阳,-,
"155","南诏皇宫","25人英雄",陈和尚、康雪烛、柳公子、阁逻凤,特殊,化玉玄晶,-,
"155","南诏皇宫","25人英雄",陈和尚、康雪烛、柳公子、阁逻凤,特殊,破军衣·藏剑,-,
"155","南诏皇宫","25人英雄",陈和尚、康雪烛、柳公子、阁逻凤,特殊,破军衣·五毒,-,
"155","南诏皇宫","25人英雄",陈和尚、康雪烛、柳公子、阁逻凤,特殊,破军衣·唐门,-,
"155","南诏皇宫","25人英雄",陈和尚、康雪烛、柳公子、阁逻凤,特殊,破军衣·明教,-,
"155","南诏皇宫","25人英雄",陈和尚、康雪烛、柳公子、阁逻凤,特殊,南王玄玉剑鞘,-,
"155","南诏皇宫","25人英雄",陈和尚、康雪烛、柳公子、阁逻凤,特殊,镇剑道符,-,
"155","南诏皇宫","25人英雄",陈和尚、康雪烛、柳公子、阁逻凤,特殊,藏剑武器·铎鞘风牙,-,
"155","南诏皇宫","25人英雄",陈和尚、康雪烛、柳公子、阁逻凤,特殊,神兵玉匣·英雄南诏皇宫,-,
"155","南诏皇宫","25人英雄",陈和尚、康雪烛、柳公子、阁逻凤,特殊,破军宝匣·衣,-,
"155","南诏皇宫","25人英雄",陈和尚、康雪烛、柳公子、阁逻凤,特殊,南红,-,
"155","南诏皇宫","25人英雄",陈和尚、康雪烛、柳公子、阁逻凤,特殊,乌金陨铁,-,
"155","南诏皇宫","25人英雄",李倓,特殊,乌金陨铁,-,
"155","南诏皇宫","25人英雄",李倓,特殊,化玉玄晶,-,
"155","南诏皇宫","25人英雄",李倓,特殊,伪造的信件,-,
"155","南诏皇宫","25人英雄",李倓,特殊,藏剑武器·狂歌千秋,-,
"155","南诏皇宫","25人英雄",李倓,特殊,神兵玉匣·英雄南诏皇宫·极,-,
"155","南诏皇宫","25人英雄",李倓,特殊,南红,-,
"133","烛龙殿","25人英雄",胡鞑、武逸青,特殊,乌金陨铁,-,
"133","烛龙殿","25人英雄",陆寻,特殊,烛天衣·少林,-,
"133","烛龙殿","25人英雄",陆寻宝箱4,特殊,烛天衣·少林,-,
"133","烛龙殿","25人英雄",陆寻宝箱5,特殊,烛天衣·少林,-,
"133","烛龙殿","25人英雄",陆寻,特殊,乌金陨铁,-,
"133","烛龙殿","25人英雄",陆寻,特殊,烛天衣·天策,-,
"133","烛龙殿","25人英雄",陆寻宝箱4,特殊,烛天衣·天策,-,
"133","烛龙殿","25人英雄",陆寻宝箱5,特殊,烛天衣·天策,-,
"133","烛龙殿","25人英雄",陆寻,特殊,烛天衣·七秀,-,
"133","烛龙殿","25人英雄",陆寻宝箱4,特殊,烛天衣·七秀,-,
"133","烛龙殿","25人英雄",陆寻宝箱5,特殊,烛天衣·七秀,-,
"133","烛龙殿","25人英雄",陆寻,特殊,烛天衣·万花,-,
"133","烛龙殿","25人英雄",陆寻宝箱4,特殊,烛天衣·万花,-,
"133","烛龙殿","25人英雄",陆寻宝箱5,特殊,烛天衣·万花,-,
"133","烛龙殿","25人英雄",陆寻,特殊,烛天衣·纯阳,-,
"133","烛龙殿","25人英雄",陆寻宝箱4,特殊,烛天衣·纯阳,-,
"133","烛龙殿","25人英雄",陆寻宝箱5,特殊,烛天衣·纯阳,-,
"133","烛龙殿","25人英雄",陆寻,特殊,烛天衣·藏剑,-,
"133","烛龙殿","25人英雄",陆寻宝箱4,特殊,烛天衣·藏剑,-,
"133","烛龙殿","25人英雄",陆寻宝箱5,特殊,烛天衣·藏剑,-,
"133","烛龙殿","25人英雄",陆寻,特殊,烛天衣·五毒,-,
"133","烛龙殿","25人英雄",陆寻宝箱4,特殊,烛天衣·五毒,-,
"133","烛龙殿","25人英雄",陆寻宝箱5,特殊,烛天衣·五毒,-,
"133","烛龙殿","25人英雄",陆寻,特殊,化玉玄晶,-,
"133","烛龙殿","25人英雄",陆寻,特殊,烛天衣·唐门,-,
"133","烛龙殿","25人英雄",陆寻宝箱4,特殊,烛天衣·唐门,-,
"133","烛龙殿","25人英雄",陆寻宝箱5,特殊,烛天衣·唐门,-,
"133","烛龙殿","25人英雄",陆寻,特殊,天王珠,-,
"133","烛龙殿","25人英雄",陆寻,特殊,影刃,-,
"133","烛龙殿","25人英雄",陆寻,特殊,烛天衣·明教,-,
"133","烛龙殿","25人英雄",陆寻宝箱4,特殊,烛天衣·明教,-,
"133","烛龙殿","25人英雄",陆寻宝箱5,特殊,烛天衣·明教,-,
"133","烛龙殿","25人英雄",陆寻,特殊,蜀玉,-,
"133","烛龙殿","25人英雄",陆寻,特殊,藏剑武器·星辰鹏翼,-,
"133","烛龙殿","25人英雄",陆寻,特殊,金蛇残片,-,
"133","烛龙殿","25人英雄",陆寻宝箱3,特殊,藏剑武器·星辰鹏翼,-,
"133","烛龙殿","25人英雄",陆寻宝箱4,特殊,藏剑武器·星辰鹏翼,-,
"133","烛龙殿","25人英雄",陆寻宝箱5,特殊,藏剑武器·星辰鹏翼,-,
"133","烛龙殿","25人英雄",陆寻,特殊,烛天宝匣·衣,-,
"133","烛龙殿","25人英雄",陆寻宝箱4,特殊,烛天宝匣·衣,-,
"133","烛龙殿","25人英雄",陆寻宝箱5,特殊,烛天宝匣·衣,-,
"133","烛龙殿","25人英雄",陆寻,特殊,神兵玉匣·英雄烛龙殿,-,
"133","烛龙殿","25人英雄",陆寻宝箱3,特殊,神兵玉匣·英雄烛龙殿,-,
"133","烛龙殿","25人英雄",陆寻宝箱4,特殊,神兵玉匣·英雄烛龙殿,-,
"133","烛龙殿","25人英雄",陆寻宝箱5,特殊,神兵玉匣·英雄烛龙殿,-,
"133","烛龙殿","25人英雄",陆寻,特殊,双蛇拥蝎玉,-,
"133","烛龙殿","25人英雄",南之雷神,特殊,烛天鞋·天策,-,
"133","烛龙殿","25人英雄",南之雷神宝箱4,特殊,烛天鞋·天策,-,
"133","烛龙殿","25人英雄",南之雷神宝箱5,特殊,烛天鞋·天策,-,
"133","烛龙殿","25人英雄",南之雷神,特殊,乌金陨铁,-,
"133","烛龙殿","25人英雄",南之雷神,特殊,烛天鞋·七秀,-,
"133","烛龙殿","25人英雄",南之雷神宝箱4,特殊,烛天鞋·七秀,-,
"133","烛龙殿","25人英雄",南之雷神宝箱5,特殊,烛天鞋·七秀,-,
"133","烛龙殿","25人英雄",南之雷神,特殊,烛天鞋·万花,-,
"133","烛龙殿","25人英雄",南之雷神宝箱4,特殊,烛天鞋·万花,-,
"133","烛龙殿","25人英雄",南之雷神宝箱5,特殊,烛天鞋·万花,-,
"133","烛龙殿","25人英雄",南之雷神,特殊,烛天鞋·纯阳,-,
"133","烛龙殿","25人英雄",南之雷神宝箱4,特殊,烛天鞋·纯阳,-,
"133","烛龙殿","25人英雄",南之雷神宝箱5,特殊,烛天鞋·纯阳,-,
"133","烛龙殿","25人英雄",南之雷神,特殊,烛天鞋·藏剑,-,
"133","烛龙殿","25人英雄",南之雷神宝箱4,特殊,烛天鞋·藏剑,-,
"133","烛龙殿","25人英雄",南之雷神宝箱5,特殊,烛天鞋·藏剑,-,
"133","烛龙殿","25人英雄",南之雷神,特殊,烛天鞋·五毒,-,
"133","烛龙殿","25人英雄",南之雷神宝箱4,特殊,烛天鞋·五毒,-,
"133","烛龙殿","25人英雄",南之雷神宝箱5,特殊,烛天鞋·五毒,-,
"133","烛龙殿","25人英雄",南之雷神,特殊,烛天鞋·唐门,-,
"133","烛龙殿","25人英雄",南之雷神宝箱4,特殊,烛天鞋·唐门,-,
"133","烛龙殿","25人英雄",南之雷神宝箱5,特殊,烛天鞋·唐门,-,
"133","烛龙殿","25人英雄",南之雷神,特殊,天王珠,-,
"133","烛龙殿","25人英雄",南之雷神,特殊,影刃,-,
"133","烛龙殿","25人英雄",南之雷神,特殊,烛天鞋·明教,-,
"133","烛龙殿","25人英雄",南之雷神宝箱4,特殊,烛天鞋·明教,-,
"133","烛龙殿","25人英雄",南之雷神宝箱5,特殊,烛天鞋·明教,-,
"133","烛龙殿","25人英雄",南之雷神,特殊,藏剑武器·星辰鹏翼,-,
"133","烛龙殿","25人英雄",南之雷神宝箱3,特殊,藏剑武器·星辰鹏翼,-,
"133","烛龙殿","25人英雄",南之雷神宝箱4,特殊,藏剑武器·星辰鹏翼,-,
"133","烛龙殿","25人英雄",南之雷神宝箱5,特殊,藏剑武器·星辰鹏翼,-,
"133","烛龙殿","25人英雄",南之雷神,特殊,金蛇残片,-,
"133","烛龙殿","25人英雄",南之雷神,特殊,烛天宝匣·鞋,-,
"133","烛龙殿","25人英雄",南之雷神宝箱4,特殊,烛天宝匣·鞋,-,
"133","烛龙殿","25人英雄",南之雷神宝箱5,特殊,烛天宝匣·鞋,-,
"133","烛龙殿","25人英雄",南之雷神,特殊,神兵玉匣·英雄烛龙殿,-,
"133","烛龙殿","25人英雄",南之雷神宝箱3,特殊,神兵玉匣·英雄烛龙殿,-,
"133","烛龙殿","25人英雄",南之雷神宝箱4,特殊,神兵玉匣·英雄烛龙殿,-,
"133","烛龙殿","25人英雄",南之雷神宝箱5,特殊,神兵玉匣·英雄烛龙殿,-,
"133","烛龙殿","25人英雄",南之雷神,特殊,双蛇拥蝎玉,-,
"133","烛龙殿","25人英雄",南之雷神,特殊,烛天鞋·少林,-,
"133","烛龙殿","25人英雄",南之雷神宝箱4,特殊,烛天鞋·少林,-,
"133","烛龙殿","25人英雄",南之雷神宝箱5,特殊,烛天鞋·少林,-,
"133","烛龙殿","25人英雄",醉蛛老人宝箱5,特殊,烛天腰带·少林,-,
"133","烛龙殿","25人英雄",醉蛛老人,特殊,烛天腰带·天策,-,
"133","烛龙殿","25人英雄",醉蛛老人宝箱4,特殊,烛天腰带·天策,-,
"133","烛龙殿","25人英雄",醉蛛老人宝箱5,特殊,烛天腰带·天策,-,
"133","烛龙殿","25人英雄",醉蛛老人,特殊,烛天腰带·七秀,-,
"133","烛龙殿","25人英雄",醉蛛老人宝箱4,特殊,烛天腰带·七秀,-,
"133","烛龙殿","25人英雄",醉蛛老人宝箱5,特殊,烛天腰带·七秀,-,
"133","烛龙殿","25人英雄",醉蛛老人,特殊,烛天腰带·万花,-,
"133","烛龙殿","25人英雄",醉蛛老人宝箱4,特殊,烛天腰带·万花,-,
"133","烛龙殿","25人英雄",醉蛛老人宝箱5,特殊,烛天腰带·万花,-,
"133","烛龙殿","25人英雄",醉蛛老人,特殊,烛天腰带·纯阳,-,
"133","烛龙殿","25人英雄",醉蛛老人宝箱4,特殊,烛天腰带·纯阳,-,
"133","烛龙殿","25人英雄",醉蛛老人宝箱5,特殊,烛天腰带·纯阳,-,
"133","烛龙殿","25人英雄",醉蛛老人,特殊,烛天腰带·藏剑,-,
"133","烛龙殿","25人英雄",醉蛛老人宝箱4,特殊,烛天腰带·藏剑,-,
"133","烛龙殿","25人英雄",醉蛛老人宝箱5,特殊,烛天腰带·藏剑,-,
"133","烛龙殿","25人英雄",醉蛛老人,特殊,乌金陨铁,-,
"133","烛龙殿","25人英雄",醉蛛老人,特殊,烛天腰带·五毒,-,
"133","烛龙殿","25人英雄",醉蛛老人宝箱4,特殊,烛天腰带·五毒,-,
"133","烛龙殿","25人英雄",醉蛛老人宝箱5,特殊,烛天腰带·五毒,-,
"133","烛龙殿","25人英雄",醉蛛老人,特殊,烛天腰带·唐门,-,
"133","烛龙殿","25人英雄",醉蛛老人宝箱4,特殊,烛天腰带·唐门,-,
"133","烛龙殿","25人英雄",醉蛛老人宝箱5,特殊,烛天腰带·唐门,-,
"133","烛龙殿","25人英雄",醉蛛老人,特殊,烛天腰带·明教,-,
"133","烛龙殿","25人英雄",醉蛛老人宝箱4,特殊,烛天腰带·明教,-,
"133","烛龙殿","25人英雄",醉蛛老人宝箱5,特殊,烛天腰带·明教,-,
"133","烛龙殿","25人英雄",醉蛛老人,特殊,藏剑武器·星辰鹏翼,-,
"133","烛龙殿","25人英雄",醉蛛老人宝箱3,特殊,藏剑武器·星辰鹏翼,-,
"133","烛龙殿","25人英雄",醉蛛老人宝箱4,特殊,藏剑武器·星辰鹏翼,-,
"133","烛龙殿","25人英雄",醉蛛老人宝箱5,特殊,藏剑武器·星辰鹏翼,-,
"133","烛龙殿","25人英雄",醉蛛老人,特殊,烛天宝匣·腰,-,
"133","烛龙殿","25人英雄",醉蛛老人宝箱4,特殊,烛天宝匣·腰,-,
"133","烛龙殿","25人英雄",醉蛛老人宝箱5,特殊,烛天宝匣·腰,-,
"133","烛龙殿","25人英雄",醉蛛老人,特殊,神兵玉匣·英雄烛龙殿,-,
"133","烛龙殿","25人英雄",醉蛛老人宝箱3,特殊,神兵玉匣·英雄烛龙殿,-,
"133","烛龙殿","25人英雄",醉蛛老人宝箱4,特殊,神兵玉匣·英雄烛龙殿,-,
"133","烛龙殿","25人英雄",醉蛛老人宝箱5,特殊,神兵玉匣·英雄烛龙殿,-,
"133","烛龙殿","25人英雄",醉蛛老人,特殊,烛天腰带·少林,-,
"133","烛龙殿","25人英雄",醉蛛老人宝箱4,特殊,烛天腰带·少林,-,
"133","烛龙殿","25人英雄",索笛尔,特殊,烛天护腕·天策,-,
"133","烛龙殿","25人英雄",索笛尔宝箱4,特殊,烛天护腕·天策,-,
"133","烛龙殿","25人英雄",索笛尔宝箱5,特殊,烛天护腕·天策,-,
"133","烛龙殿","25人英雄",索笛尔,特殊,烛天护腕·七秀,-,
"133","烛龙殿","25人英雄",索笛尔宝箱4,特殊,烛天护腕·七秀,-,
"133","烛龙殿","25人英雄",索笛尔宝箱5,特殊,烛天护腕·七秀,-,
"133","烛龙殿","25人英雄",索笛尔,特殊,烛天护腕·万花,-,
"133","烛龙殿","25人英雄",索笛尔宝箱4,特殊,烛天护腕·万花,-,
"133","烛龙殿","25人英雄",索笛尔宝箱5,特殊,烛天护腕·万花,-,
"133","烛龙殿","25人英雄",索笛尔,特殊,烛天护腕·纯阳,-,
"133","烛龙殿","25人英雄",索笛尔宝箱4,特殊,烛天护腕·纯阳,-,
"133","烛龙殿","25人英雄",索笛尔宝箱5,特殊,烛天护腕·纯阳,-,
"133","烛龙殿","25人英雄",索笛尔,特殊,乌金陨铁,-,
"133","烛龙殿","25人英雄",索笛尔,特殊,烛天护腕·藏剑,-,
"133","烛龙殿","25人英雄",索笛尔宝箱4,特殊,烛天护腕·藏剑,-,
"133","烛龙殿","25人英雄",索笛尔宝箱5,特殊,烛天护腕·藏剑,-,
"133","烛龙殿","25人英雄",索笛尔,特殊,烛天护腕·五毒,-,
"133","烛龙殿","25人英雄",索笛尔宝箱4,特殊,烛天护腕·五毒,-,
"133","烛龙殿","25人英雄",索笛尔宝箱5,特殊,烛天护腕·五毒,-,
"133","烛龙殿","25人英雄",索笛尔,特殊,烛天护腕·唐门,-,
"133","烛龙殿","25人英雄",索笛尔宝箱4,特殊,烛天护腕·唐门,-,
"133","烛龙殿","25人英雄",索笛尔宝箱5,特殊,烛天护腕·唐门,-,
"133","烛龙殿","25人英雄",索笛尔,特殊,烛天护腕·明教,-,
"133","烛龙殿","25人英雄",索笛尔宝箱4,特殊,烛天护腕·明教,-,
"133","烛龙殿","25人英雄",索笛尔宝箱5,特殊,烛天护腕·明教,-,
"133","烛龙殿","25人英雄",索笛尔,特殊,烛天宝匣·腕,-,
"133","烛龙殿","25人英雄",索笛尔宝箱4,特殊,烛天宝匣·腕,-,
"133","烛龙殿","25人英雄",索笛尔宝箱5,特殊,烛天宝匣·腕,-,
"133","烛龙殿","25人英雄",索笛尔,特殊,烛天护腕·少林,-,
"133","烛龙殿","25人英雄",索笛尔宝箱4,特殊,烛天护腕·少林,-,
"133","烛龙殿","25人英雄",索笛尔宝箱5,特殊,烛天护腕·少林,-,
"133","烛龙殿","25人英雄",千秋子,特殊,烛天帽·少林,-,
"133","烛龙殿","25人英雄",千秋子宝箱4,特殊,烛天帽·少林,-,
"133","烛龙殿","25人英雄",千秋子宝箱5,特殊,烛天帽·少林,-,
"133","烛龙殿","25人英雄",千秋子,特殊,烛天帽·天策,-,
"133","烛龙殿","25人英雄",千秋子宝箱4,特殊,烛天帽·天策,-,
"133","烛龙殿","25人英雄",千秋子宝箱5,特殊,烛天帽·天策,-,
"133","烛龙殿","25人英雄",千秋子,特殊,烛天帽·七秀,-,
"133","烛龙殿","25人英雄",千秋子宝箱4,特殊,烛天帽·七秀,-,
"133","烛龙殿","25人英雄",千秋子宝箱5,特殊,烛天帽·七秀,-,
"133","烛龙殿","25人英雄",千秋子,特殊,乌金陨铁,-,
"133","烛龙殿","25人英雄",千秋子,特殊,烛天帽·万花,-,
"133","烛龙殿","25人英雄",千秋子宝箱4,特殊,烛天帽·万花,-,
"133","烛龙殿","25人英雄",千秋子宝箱5,特殊,烛天帽·万花,-,
"133","烛龙殿","25人英雄",千秋子,特殊,烛天帽·纯阳,-,
"133","烛龙殿","25人英雄",千秋子宝箱4,特殊,烛天帽·纯阳,-,
"133","烛龙殿","25人英雄",千秋子宝箱5,特殊,烛天帽·纯阳,-,
"133","烛龙殿","25人英雄",千秋子,特殊,烛天帽·藏剑,-,
"133","烛龙殿","25人英雄",千秋子宝箱4,特殊,烛天帽·藏剑,-,
"133","烛龙殿","25人英雄",千秋子宝箱5,特殊,烛天帽·藏剑,-,
"133","烛龙殿","25人英雄",千秋子,特殊,烛天帽·五毒,-,
"133","烛龙殿","25人英雄",千秋子宝箱4,特殊,烛天帽·五毒,-,
"133","烛龙殿","25人英雄",千秋子宝箱5,特殊,烛天帽·五毒,-,
"133","烛龙殿","25人英雄",千秋子,特殊,烛天帽·唐门,-,
"133","烛龙殿","25人英雄",千秋子宝箱4,特殊,烛天帽·唐门,-,
"133","烛龙殿","25人英雄",千秋子宝箱5,特殊,烛天帽·唐门,-,
"133","烛龙殿","25人英雄",千秋子,特殊,天王珠,-,
"133","烛龙殿","25人英雄",千秋子,特殊,影刃,-,
"133","烛龙殿","25人英雄",千秋子,特殊,烛天帽·明教,-,
"133","烛龙殿","25人英雄",千秋子宝箱4,特殊,烛天帽·明教,-,
"133","烛龙殿","25人英雄",千秋子宝箱5,特殊,烛天帽·明教,-,
"133","烛龙殿","25人英雄",千秋子,特殊,藏剑武器·星辰鹏翼,-,
"133","烛龙殿","25人英雄",千秋子宝箱3,特殊,藏剑武器·星辰鹏翼,-,
"133","烛龙殿","25人英雄",千秋子宝箱4,特殊,藏剑武器·星辰鹏翼,-,
"133","烛龙殿","25人英雄",千秋子宝箱5,特殊,藏剑武器·星辰鹏翼,-,
"133","烛龙殿","25人英雄",千秋子,特殊,烛天宝匣·帽,-,
"133","烛龙殿","25人英雄",千秋子宝箱4,特殊,烛天宝匣·帽,-,
"133","烛龙殿","25人英雄",千秋子宝箱5,特殊,烛天宝匣·帽,-,
"133","烛龙殿","25人英雄",千秋子,特殊,金蛇残片,-,
"133","烛龙殿","25人英雄",千秋子,特殊,神兵玉匣·英雄烛龙殿,-,
"133","烛龙殿","25人英雄",千秋子宝箱3,特殊,神兵玉匣·英雄烛龙殿,-,
"133","烛龙殿","25人英雄",千秋子宝箱4,特殊,神兵玉匣·英雄烛龙殿,-,
"133","烛龙殿","25人英雄",千秋子宝箱5,特殊,神兵玉匣·英雄烛龙殿,-,
"133","烛龙殿","25人英雄",千秋子,特殊,双蛇拥蝎玉,-,
"133","烛龙殿","25人英雄",乌蒙贵,特殊,乌金陨铁,-,
"133","烛龙殿","25人英雄",乌蒙贵,特殊,化玉玄晶,-,
"133","烛龙殿","25人英雄",乌蒙贵,特殊,蜀玉,-,
"133","烛龙殿","25人英雄",乌蒙贵,特殊,藏剑武器·岚尘金蛇,-,
"133","烛龙殿","25人英雄",乌蒙贵,特殊,神兵玉匣·英雄烛龙殿·极,-,
"134","烛龙殿","10人普通",陆寻,特殊,斗麟帽·七秀,-,
"134","烛龙殿","10人普通",陆寻,特殊,斗麟帽·万花,-,
"134","烛龙殿","10人普通",陆寻,特殊,斗麟帽·藏剑,-,
"134","烛龙殿","10人普通",陆寻,特殊,斗麟帽·唐门,-,
"134","烛龙殿","10人普通",陆寻,特殊,斗麟帽·少林,-,
"134","烛龙殿","10人普通",陆寻,特殊,斗麟帽·纯阳,-,
"134","烛龙殿","10人普通",陆寻,特殊,斗麟帽·天策,-,
"134","烛龙殿","10人普通",陆寻,特殊,斗麟帽·五毒,-,
"134","烛龙殿","10人普通",陆寻,特殊,斗麟帽·明教,-,
"134","烛龙殿","10人普通",陆寻,特殊,斗麟宝匣·帽,-,
"134","烛龙殿","10人普通",南之雷神,特殊,斗麟鞋·明教,-,
"134","烛龙殿","10人普通",南之雷神,特殊,斗麟鞋·纯阳,-,
"134","烛龙殿","10人普通",南之雷神,特殊,斗麟鞋·万花,-,
"134","烛龙殿","10人普通",南之雷神,特殊,斗麟宝匣·鞋,-,
"134","烛龙殿","10人普通",南之雷神,特殊,斗麟鞋·天策,-,
"134","烛龙殿","10人普通",南之雷神,特殊,斗麟鞋·藏剑,-,
"134","烛龙殿","10人普通",南之雷神,特殊,斗麟鞋·少林,-,
"134","烛龙殿","10人普通",南之雷神,特殊,斗麟鞋·五毒,-,
"134","烛龙殿","10人普通",南之雷神,特殊,斗麟鞋·唐门,-,
"134","烛龙殿","10人普通",南之雷神,特殊,斗麟鞋·七秀,-,
"134","烛龙殿","10人普通",醉蛛老人,特殊,斗麟护腕·少林,-,
"134","烛龙殿","10人普通",醉蛛老人,特殊,斗麟护腕·七秀,-,
"134","烛龙殿","10人普通",醉蛛老人,特殊,斗麟护腕·纯阳,-,
"134","烛龙殿","10人普通",醉蛛老人,特殊,斗麟护腕·万花,-,
"134","烛龙殿","10人普通",醉蛛老人,特殊,斗麟护腕·天策,-,
"134","烛龙殿","10人普通",醉蛛老人,特殊,斗麟护腕·藏剑,-,
"134","烛龙殿","10人普通",醉蛛老人,特殊,斗麟护腕·五毒,-,
"134","烛龙殿","10人普通",醉蛛老人,特殊,斗麟护腕·唐门,-,
"134","烛龙殿","10人普通",醉蛛老人,特殊,斗麟护腕·明教,-,
"134","烛龙殿","10人普通",醉蛛老人,特殊,斗麟宝匣·腕,-,
"134","烛龙殿","10人普通",千秋子,特殊,斗麟腰带·纯阳,-,
"134","烛龙殿","10人普通",千秋子,特殊,斗麟腰带·万花,-,
"134","烛龙殿","10人普通",千秋子,特殊,斗麟腰带·明教,-,
"134","烛龙殿","10人普通",千秋子,特殊,斗麟腰带·天策,-,
"134","烛龙殿","10人普通",千秋子,特殊,斗麟宝匣·腰,-,
"134","烛龙殿","10人普通",千秋子,特殊,斗麟腰带·藏剑,-,
"134","烛龙殿","10人普通",千秋子,特殊,斗麟腰带·五毒,-,
"134","烛龙殿","10人普通",千秋子,特殊,斗麟腰带·唐门,-,
"134","烛龙殿","10人普通",千秋子,特殊,斗麟腰带·少林,-,
"134","烛龙殿","10人普通",千秋子,特殊,斗麟腰带·七秀,-,
"134","烛龙殿","10人普通",乌蒙贵,特殊,斗麟衣·万花,-,
"134","烛龙殿","10人普通",乌蒙贵,特殊,斗麟衣·唐门,-,
"134","烛龙殿","10人普通",乌蒙贵,特殊,斗麟宝匣·衣,-,
"134","烛龙殿","10人普通",乌蒙贵宝箱2,特殊,神兵玉匣·烛龙殿,-,
"134","烛龙殿","10人普通",乌蒙贵,特殊,神兵玉匣·烛龙殿·极,-,
"134","烛龙殿","10人普通",乌蒙贵,特殊,斗麟衣·少林,-,
"134","烛龙殿","10人普通",乌蒙贵,特殊,斗麟衣·天策,-,
"134","烛龙殿","10人普通",乌蒙贵宝箱2,特殊,神兵玉匣·烛龙殿·极,-,
"134","烛龙殿","10人普通",乌蒙贵,特殊,藏剑武器·一叶长空,-,
"134","烛龙殿","10人普通",乌蒙贵,特殊,斗麟衣·七秀,-,
"134","烛龙殿","10人普通",乌蒙贵,特殊,斗麟衣·藏剑,-,
"134","烛龙殿","10人普通",乌蒙贵宝箱2,特殊,藏剑武器·一叶长空,-,
"134","烛龙殿","10人普通",乌蒙贵,特殊,藏剑武器·云衢岚烟,-,
"134","烛龙殿","10人普通",乌蒙贵,特殊,斗麟衣·纯阳,-,
"134","烛龙殿","10人普通",乌蒙贵,特殊,斗麟衣·五毒,-,
"134","烛龙殿","10人普通",乌蒙贵,特殊,斗麟衣·明教,-,
"134","烛龙殿","10人普通",乌蒙贵宝箱2,特殊,藏剑武器·云衢岚烟,-,
"134","烛龙殿","10人普通",乌蒙贵,特殊,神兵玉匣·烛龙殿,-,
"141","光明顶秘道","5人英雄",薛山,特殊,玄龙石,-,
"142","光明顶秘道","5人普通",薛山,特殊,《幻魔妙相·极乐引》穴位图残页,-,
"996","剑湖宫","10人普通",褚吉光,特殊,南皇护腕·少林,-,
"996","剑湖宫","10人普通",柳公子,特殊,南皇腰带·少林,-,
"996","剑湖宫","10人普通",褚吉光,特殊,南皇护腕·七秀,-,
"996","剑湖宫","10人普通",柳公子,特殊,南皇腰带·七秀,-,
"996","剑湖宫","10人普通",褚吉光,特殊,南皇护腕·纯阳,-,
"996","剑湖宫","10人普通",柳公子,特殊,南皇腰带·唐门,-,
"996","剑湖宫","10人普通",柳公子,特殊,藏剑武器·龙辉有肃,-,
"996","剑湖宫","10人普通",柳公子,特殊,南皇宝匣·腰,-,
"996","剑湖宫","10人普通",柳公子,特殊,南皇腰带·万花,-,
"996","剑湖宫","10人普通",褚吉光,特殊,南皇护腕·藏剑,-,
"996","剑湖宫","10人普通",褚吉光,特殊,南皇护腕·五毒,-,
"996","剑湖宫","10人普通",褚吉光,特殊,藏剑武器·凭溪棹歌,-,
"996","剑湖宫","10人普通",褚吉光,特殊,南皇护腕·天策,-,
"996","剑湖宫","10人普通",柳公子,特殊,南皇腰带·天策,-,
"996","剑湖宫","10人普通",柳公子,特殊,南皇腰带·纯阳,-,
"996","剑湖宫","10人普通",柳公子,特殊,南皇腰带·五毒,-,
"996","剑湖宫","10人普通",褚吉光,特殊,南皇护腕·明教,-,
"996","剑湖宫","10人普通",褚吉光,特殊,南皇宝匣·腕,-,
"996","剑湖宫","10人普通",褚吉光,特殊,南皇护腕·万花,-,
"996","剑湖宫","10人普通",柳公子,特殊,南皇腰带·藏剑,-,
"996","剑湖宫","10人普通",柳公子,特殊,南皇腰带·明教,-,
"996","剑湖宫","10人普通",褚吉光,特殊,南皇护腕·唐门,-,
"996","剑湖宫","10人普通",扶风,特殊,南皇鞋·少林,-,
"996","剑湖宫","10人普通",扶风,特殊,南皇鞋·天策,-,
"996","剑湖宫","10人普通",扶风,特殊,南皇鞋·万花,-,
"996","剑湖宫","10人普通",扶风,特殊,南皇鞋·唐门,-,
"996","剑湖宫","10人普通",扶风,特殊,南皇宝匣·鞋,-,
"996","剑湖宫","10人普通",扶风,特殊,南皇鞋·纯阳,-,
"996","剑湖宫","10人普通",扶风,特殊,南皇鞋·五毒,-,
"996","剑湖宫","10人普通",扶风,特殊,南皇鞋·七秀,-,
"996","剑湖宫","10人普通",扶风,特殊,南皇鞋·藏剑,-,
"996","剑湖宫","10人普通",扶风,特殊,藏剑武器·凭溪棹歌,-,
"996","剑湖宫","10人普通",扶风,特殊,南皇鞋·明教,-,
"996","剑湖宫","10人普通",玄冥灵龟,特殊,南皇帽·少林,-,
"996","剑湖宫","10人普通",玄冥灵龟,特殊,南皇帽·纯阳,-,
"996","剑湖宫","10人普通",玄冥灵龟,特殊,南皇帽·明教,-,
"996","剑湖宫","10人普通",玄冥灵龟,特殊,南皇帽·藏剑,-,
"996","剑湖宫","10人普通",玄冥灵龟,特殊,藏剑武器·龙辉有肃,-,
"996","剑湖宫","10人普通",玄冥灵龟,特殊,南皇帽·唐门,-,
"996","剑湖宫","10人普通",玄冥灵龟,特殊,南皇帽·天策,-,
"996","剑湖宫","10人普通",玄冥灵龟,特殊,南皇帽·七秀,-,
"996","剑湖宫","10人普通",玄冥灵龟,特殊,南皇帽·万花,-,
"996","剑湖宫","10人普通",玄冥灵龟,特殊,南皇帽·五毒,-,
"996","剑湖宫","10人普通",玄冥灵龟,特殊,南皇宝匣·帽,-,
"996","剑湖宫","10人普通",迦牟,特殊,南诏剑神迦牟·上,-,
"996","剑湖宫","10人普通",迦牟,特殊,南诏剑神迦牟·中,-,
"996","剑湖宫","10人普通",迦牟,特殊,南诏剑神迦牟·下,-,
"996","剑湖宫","10人普通",迦牟,特殊,南皇衣·少林,-,
"996","剑湖宫","10人普通",迦牟,特殊,南皇衣·天策,-,
"996","剑湖宫","10人普通",迦牟,特殊,南皇衣·藏剑,-,
"996","剑湖宫","10人普通",迦牟,特殊,南皇衣·七秀,-,
"996","剑湖宫","10人普通",迦牟,特殊,南皇衣·唐门,-,
"996","剑湖宫","10人普通",迦牟,特殊,南皇衣·万花,-,
"996","剑湖宫","10人普通",迦牟,特殊,南皇衣·五毒,-,
"996","剑湖宫","10人普通",迦牟,特殊,南皇衣·纯阳,-,
"996","剑湖宫","10人普通",迦牟,特殊,南皇衣·明教,-,
"996","剑湖宫","10人普通",迦牟,特殊,南皇宝匣·衣,-,
"997","剑湖宫","10人挑战",褚吉光,特殊,逾越晶石·护手·少林,-,
"997","剑湖宫","10人挑战",褚吉光,特殊,逾越晶石·护手·万花,-,
"997","剑湖宫","10人挑战",褚吉光,特殊,逾越晶石·护手·天策,-,
"997","剑湖宫","10人挑战",褚吉光,特殊,逾越晶石·护手·纯阳,-,
"997","剑湖宫","10人挑战",褚吉光,特殊,逾越晶石·护手·五毒,-,
"997","剑湖宫","10人挑战",褚吉光,特殊,逾越晶石·护手·藏剑,-,
"997","剑湖宫","10人挑战",柳公子,特殊,逾越晶石·腰带·万花,-,
"997","剑湖宫","10人挑战",柳公子,特殊,逾越晶石·腰带·纯阳,-,
"997","剑湖宫","10人挑战",柳公子,特殊,逾越晶石·腰带·藏剑,-,
"997","剑湖宫","10人挑战",柳公子,特殊,逾越晶石·腰带·七秀,-,
"997","剑湖宫","10人挑战",褚吉光,特殊,逾越晶石·护手·明教,-,
"997","剑湖宫","10人挑战",柳公子,特殊,纵侠河山,-,
"997","剑湖宫","10人挑战",柳公子,特殊,逾越晶石·腰带·明教,-,
"997","剑湖宫","10人挑战",褚吉光,特殊,逾越晶石·护手·七秀,-,
"997","剑湖宫","10人挑战",褚吉光,特殊,逾越晶石·护手·唐门,-,
"997","剑湖宫","10人挑战",柳公子,特殊,逾越晶石·腰带·少林,-,
"997","剑湖宫","10人挑战",柳公子,特殊,逾越晶石·腰带·天策,-,
"997","剑湖宫","10人挑战",柳公子,特殊,逾越晶石·腰带·五毒,-,
"997","剑湖宫","10人挑战",褚吉光,特殊,逾越晶矿·腕,-,
"997","剑湖宫","10人挑战",柳公子,特殊,逾越晶石·腰带·唐门,-,
"997","剑湖宫","10人挑战",柳公子,特殊,逾越晶矿·腰,-,
"997","剑湖宫","10人挑战",褚吉光,特殊,纵侠河山,-,
"997","剑湖宫","10人挑战",扶风,特殊,逾越晶石·鞋·纯阳,-,
"997","剑湖宫","10人挑战",扶风,特殊,逾越晶石·鞋·藏剑,-,
"997","剑湖宫","10人挑战",扶风,特殊,纵侠河山,-,
"997","剑湖宫","10人挑战",扶风,特殊,逾越晶石·鞋·少林,-,
"997","剑湖宫","10人挑战",扶风,特殊,逾越晶石·鞋·七秀,-,
"997","剑湖宫","10人挑战",扶风,特殊,逾越晶石·鞋·万花,-,
"997","剑湖宫","10人挑战",扶风,特殊,逾越晶石·鞋·五毒,-,
"997","剑湖宫","10人挑战",扶风,特殊,逾越晶石·鞋·明教,-,
"997","剑湖宫","10人挑战",扶风,特殊,逾越晶石·鞋·天策,-,
"997","剑湖宫","10人挑战",扶风,特殊,逾越晶石·鞋·唐门,-,
"997","剑湖宫","10人挑战",扶风,特殊,逾越晶矿·鞋,-,
"997","剑湖宫","10人挑战",玄冥灵龟,特殊,逾越晶石·帽·纯阳,-,
"997","剑湖宫","10人挑战",玄冥灵龟,特殊,逾越晶矿·帽,-,
"997","剑湖宫","10人挑战",玄冥灵龟,特殊,逾越晶石·帽·七秀,-,
"997","剑湖宫","10人挑战",玄冥灵龟,特殊,逾越晶石·帽·少林,-,
"997","剑湖宫","10人挑战",玄冥灵龟,特殊,逾越晶石·帽·五毒,-,
"997","剑湖宫","10人挑战",玄冥灵龟,特殊,逾越晶石·帽·唐门,-,
"997","剑湖宫","10人挑战",玄冥灵龟,特殊,纵侠河山,-,
"997","剑湖宫","10人挑战",玄冥灵龟,特殊,逾越晶石·帽·万花,-,
"997","剑湖宫","10人挑战",玄冥灵龟,特殊,逾越晶石·帽·藏剑,-,
"997","剑湖宫","10人挑战",玄冥灵龟,特殊,逾越晶石·帽·明教,-,
"997","剑湖宫","10人挑战",玄冥灵龟,特殊,逾越晶石·帽·天策,-,
"997","剑湖宫","10人挑战",迦牟,特殊,南诏剑神迦牟·上,-,
"997","剑湖宫","10人挑战",迦牟,特殊,南诏剑神迦牟·中,-,
"997","剑湖宫","10人挑战",迦牟,特殊,南诏剑神迦牟·下,-,
"997","剑湖宫","10人挑战",迦牟,特殊,寒凝砂,-,
"997","剑湖宫","10人挑战",迦牟,特殊,逾越晶石·衣·纯阳,-,
"997","剑湖宫","10人挑战",迦牟,特殊,逾越晶石·衣·七秀,-,
"997","剑湖宫","10人挑战",迦牟,特殊,逾越晶矿·衣,-,
"997","剑湖宫","10人挑战",迦牟,特殊,纵侠河山,-,
"997","剑湖宫","10人挑战",迦牟,特殊,逾越晶石·衣·五毒,-,
"997","剑湖宫","10人挑战",迦牟,特殊,逾越晶石·衣·唐门,-,
"997","剑湖宫","10人挑战",迦牟,特殊,逾越晶石·衣·藏剑,-,
"997","剑湖宫","10人挑战",迦牟,特殊,逾越晶石·衣·少林,-,
"997","剑湖宫","10人挑战",迦牟,特殊,逾越晶石·衣·万花,-,
"997","剑湖宫","10人挑战",迦牟,特殊,逾越晶石·衣·明教,-,
"997","剑湖宫","10人挑战",迦牟,特殊,逾越晶石·衣·天策,-,
"998","剑湖宫","25人英雄",褚吉光,特殊,斗麟护腕·唐门,-,
"998","剑湖宫","25人英雄",褚吉光,特殊,斗麟护腕·明教,-,
"998","剑湖宫","25人英雄",柳公子,特殊,斗麟腰带·明教,-,
"998","剑湖宫","25人英雄",柳公子,特殊,斗麟腰带·少林,-,
"998","剑湖宫","25人英雄",柳公子,特殊,斗麟腰带·七秀,-,
"998","剑湖宫","25人英雄",柳公子,特殊,斗麟腰带·纯阳,-,
"998","剑湖宫","25人英雄",柳公子,特殊,斗麟腰带·万花,-,
"998","剑湖宫","25人英雄",柳公子,特殊,斗麟腰带·天策,-,
"998","剑湖宫","25人英雄",柳公子,特殊,斗麟腰带·藏剑,-,
"998","剑湖宫","25人英雄",柳公子,特殊,斗麟腰带·五毒,-,
"998","剑湖宫","25人英雄",柳公子,特殊,斗麟腰带·唐门,-,
"998","剑湖宫","25人英雄",褚吉光,特殊,斗麟宝匣·腕,-,
"998","剑湖宫","25人英雄",柳公子,特殊,斗麟宝匣·腰,-,
"998","剑湖宫","25人英雄",褚吉光,特殊,斗麟护腕·少林,-,
"998","剑湖宫","25人英雄",褚吉光,特殊,斗麟护腕·七秀,-,
"998","剑湖宫","25人英雄",褚吉光,特殊,斗麟护腕·纯阳,-,
"998","剑湖宫","25人英雄",褚吉光,特殊,斗麟护腕·万花,-,
"998","剑湖宫","25人英雄",褚吉光,特殊,斗麟护腕·天策,-,
"998","剑湖宫","25人英雄",褚吉光,特殊,斗麟护腕·藏剑,-,
"998","剑湖宫","25人英雄",褚吉光,特殊,斗麟护腕·五毒,-,
"998","剑湖宫","25人英雄",扶风,特殊,斗麟鞋·明教,-,
"998","剑湖宫","25人英雄",扶风宝箱,特殊,斗麟鞋·明教,-,
"998","剑湖宫","25人英雄",扶风,特殊,斗麟鞋·少林,-,
"998","剑湖宫","25人英雄",扶风宝箱,特殊,斗麟鞋·少林,-,
"998","剑湖宫","25人英雄",扶风,特殊,斗麟鞋·七秀,-,
"998","剑湖宫","25人英雄",扶风宝箱,特殊,斗麟鞋·七秀,-,
"998","剑湖宫","25人英雄",扶风,特殊,斗麟鞋·纯阳,-,
"998","剑湖宫","25人英雄",扶风宝箱,特殊,斗麟鞋·纯阳,-,
"998","剑湖宫","25人英雄",扶风,特殊,斗麟鞋·万花,-,
"998","剑湖宫","25人英雄",扶风宝箱,特殊,斗麟鞋·万花,-,
"998","剑湖宫","25人英雄",扶风,特殊,斗麟鞋·天策,-,
"998","剑湖宫","25人英雄",扶风宝箱,特殊,斗麟鞋·天策,-,
"998","剑湖宫","25人英雄",扶风,特殊,斗麟鞋·藏剑,-,
"998","剑湖宫","25人英雄",扶风,特殊,藏剑武器·影絮阑夕,-,
"998","剑湖宫","25人英雄",扶风宝箱,特殊,斗麟鞋·藏剑,-,
"998","剑湖宫","25人英雄",扶风,特殊,斗麟鞋·五毒,-,
"998","剑湖宫","25人英雄",扶风宝箱,特殊,斗麟鞋·五毒,-,
"998","剑湖宫","25人英雄",扶风,特殊,斗麟鞋·唐门,-,
"998","剑湖宫","25人英雄",扶风宝箱,特殊,斗麟鞋·唐门,-,
"998","剑湖宫","25人英雄",扶风宝箱,特殊,藏剑武器·影絮阑夕,-,
"998","剑湖宫","25人英雄",扶风宝箱,特殊,藏剑武器·影絮阑夕,-,
"998","剑湖宫","25人英雄",扶风,特殊,斗麟宝匣·鞋,-,
"998","剑湖宫","25人英雄",扶风宝箱,特殊,斗麟宝匣·鞋,-,
"998","剑湖宫","25人英雄",扶风,特殊,神兵玉匣·英雄剑湖宫,-,
"998","剑湖宫","25人英雄",扶风宝箱,特殊,神兵玉匣·英雄剑湖宫,-,
"998","剑湖宫","25人英雄",扶风宝箱,特殊,神兵玉匣·英雄剑湖宫,-,
"998","剑湖宫","25人英雄",玄冥灵龟,特殊,斗麟帽·少林,-,
"998","剑湖宫","25人英雄",玄冥灵龟宝箱,特殊,斗麟帽·少林,-,
"998","剑湖宫","25人英雄",玄冥灵龟,特殊,斗麟帽·七秀,-,
"998","剑湖宫","25人英雄",玄冥灵龟宝箱,特殊,斗麟帽·七秀,-,
"998","剑湖宫","25人英雄",玄冥灵龟,特殊,斗麟帽·纯阳,-,
"998","剑湖宫","25人英雄",玄冥灵龟宝箱,特殊,斗麟帽·纯阳,-,
"998","剑湖宫","25人英雄",玄冥灵龟,特殊,斗麟帽·万花,-,
"998","剑湖宫","25人英雄",玄冥灵龟宝箱,特殊,斗麟帽·万花,-,
"998","剑湖宫","25人英雄",玄冥灵龟,特殊,斗麟帽·天策,-,
"998","剑湖宫","25人英雄",玄冥灵龟宝箱,特殊,斗麟帽·天策,-,
"998","剑湖宫","25人英雄",玄冥灵龟,特殊,斗麟帽·藏剑,-,
"998","剑湖宫","25人英雄",玄冥灵龟宝箱,特殊,斗麟帽·藏剑,-,
"998","剑湖宫","25人英雄",玄冥灵龟,特殊,斗麟帽·五毒,-,
"998","剑湖宫","25人英雄",玄冥灵龟宝箱,特殊,斗麟帽·五毒,-,
"998","剑湖宫","25人英雄",玄冥灵龟,特殊,斗麟帽·唐门,-,
"998","剑湖宫","25人英雄",玄冥灵龟宝箱,特殊,斗麟帽·唐门,-,
"998","剑湖宫","25人英雄",玄冥灵龟,特殊,斗麟帽·明教,-,
"998","剑湖宫","25人英雄",玄冥灵龟宝箱,特殊,斗麟帽·明教,-,
"998","剑湖宫","25人英雄",玄冥灵龟,特殊,藏剑武器·蹉跎足道,-,
"998","剑湖宫","25人英雄",玄冥灵龟宝箱,特殊,藏剑武器·蹉跎足道,-,
"998","剑湖宫","25人英雄",玄冥灵龟宝箱,特殊,藏剑武器·蹉跎足道,-,
"998","剑湖宫","25人英雄",玄冥灵龟,特殊,纵侠河山,-,
"998","剑湖宫","25人英雄",玄冥灵龟,特殊,斗麟宝匣·帽,-,
"998","剑湖宫","25人英雄",玄冥灵龟宝箱,特殊,斗麟宝匣·帽,-,
"998","剑湖宫","25人英雄",玄冥灵龟,特殊,神兵玉匣·英雄剑湖宫,-,
"998","剑湖宫","25人英雄",玄冥灵龟宝箱,特殊,神兵玉匣·英雄剑湖宫,-,
"998","剑湖宫","25人英雄",玄冥灵龟宝箱,特殊,神兵玉匣·英雄剑湖宫,-,
"998","剑湖宫","25人英雄",玄冥灵龟,特殊,藏剑武器·影絮阑夕,-,
"998","剑湖宫","25人英雄",玄冥灵龟,特殊,神兵玉匣·英雄剑湖宫·极,-,
"998","剑湖宫","25人英雄",玄冥灵龟宝箱,特殊,神兵玉匣·英雄剑湖宫·极,-,
"998","剑湖宫","25人英雄",玄冥灵龟宝箱,特殊,神兵玉匣·英雄剑湖宫·极,-,
"998","剑湖宫","25人英雄",玄冥灵龟宝箱,特殊,藏剑武器·影絮阑夕,-,
"998","剑湖宫","25人英雄",玄冥灵龟宝箱,特殊,藏剑武器·影絮阑夕,-,
"998","剑湖宫","25人英雄",迦牟,特殊,南诏剑神迦牟·中,-,
"998","剑湖宫","25人英雄",迦牟,特殊,斗麟衣·少林,-,
"998","剑湖宫","25人英雄",迦牟,特殊,斗麟衣·七秀,-,
"998","剑湖宫","25人英雄",迦牟,特殊,斗麟衣·纯阳,-,
"998","剑湖宫","25人英雄",迦牟,特殊,南诏剑神迦牟·下,-,
"998","剑湖宫","25人英雄",迦牟,特殊,斗麟衣·万花,-,
"998","剑湖宫","25人英雄",迦牟,特殊,斗麟衣·天策,-,
"998","剑湖宫","25人英雄",迦牟,特殊,斗麟衣·藏剑,-,
"998","剑湖宫","25人英雄",迦牟,特殊,斗麟衣·五毒,-,
"998","剑湖宫","25人英雄",迦牟,特殊,斗麟衣·唐门,-,
"998","剑湖宫","25人英雄",迦牟,特殊,斗麟衣·明教,-,
"998","剑湖宫","25人英雄",迦牟,特殊,寒凝砂,-,
"998","剑湖宫","25人英雄",迦牟,特殊,藏剑武器·蹉跎足道,-,
"998","剑湖宫","25人英雄",迦牟,特殊,纵侠河山,-,
"998","剑湖宫","25人英雄",迦牟,特殊,斗麟宝匣·衣,-,
"998","剑湖宫","25人英雄",迦牟,特殊,神兵玉匣·英雄剑湖宫·极,-,
"998","剑湖宫","25人英雄",迦牟,特殊,南诏剑神迦牟·上,-,
"68","荻花圣殿·正殿","10人普通",阿里曼执法长老,特殊,卫七少,-,
"68","荻花圣殿·正殿","10人普通",卫栖梧、阿里曼执法长老,特殊,卫七少,-,
"68","荻花圣殿·正殿","10人普通",卫栖梧、阿里曼执法长老,特殊,千里相送,-,
"68","荻花圣殿·正殿","10人普通",卫栖梧、阿里曼执法长老,特殊,黄山盗书,-,
"68","荻花圣殿·正殿","10人普通",卫栖梧、阿里曼执法长老,特殊,神偷侠盗,-,
"68","荻花圣殿·正殿","10人普通",卫栖梧、阿里曼执法长老,特殊,蜀风鞋·天策,-,
"68","荻花圣殿·正殿","10人普通",阿里曼执法长老,特殊,蜀风鞋·七秀,-,
"68","荻花圣殿·正殿","10人普通",卫栖梧、阿里曼执法长老,特殊,蜀风鞋·七秀,-,
"68","荻花圣殿·正殿","10人普通",阿里曼执法长老,特殊,蜀风鞋·万花,-,
"68","荻花圣殿·正殿","10人普通",阿里曼执法长老,特殊,蜀风鞋·纯阳,-,
"68","荻花圣殿·正殿","10人普通",卫栖梧、阿里曼执法长老,特殊,蜀风鞋·纯阳,-,
"68","荻花圣殿·正殿","10人普通",卫栖梧、阿里曼执法长老,特殊,蜀风鞋·万花,-,
"68","荻花圣殿·正殿","10人普通",阿里曼执法长老,特殊,蜀风鞋·五毒,-,
"68","荻花圣殿·正殿","10人普通",卫栖梧、阿里曼执法长老,特殊,蜀风鞋·五毒,-,
"68","荻花圣殿·正殿","10人普通",阿里曼执法长老,特殊,蜀风鞋·明教,-,
"68","荻花圣殿·正殿","10人普通",卫栖梧、阿里曼执法长老,特殊,蜀风鞋·明教,-,
"68","荻花圣殿·正殿","10人普通",阿里曼执法长老,特殊,蜀风鞋·少林,-,
"68","荻花圣殿·正殿","10人普通",阿里曼执法长老,特殊,蜀风鞋·藏剑,-,
"68","荻花圣殿·正殿","10人普通",卫栖梧、阿里曼执法长老,特殊,蜀风鞋·少林,-,
"68","荻花圣殿·正殿","10人普通",卫栖梧、阿里曼执法长老,特殊,蜀风鞋·藏剑,-,
"68","荻花圣殿·正殿","10人普通",阿里曼执法长老,特殊,蜀风鞋·唐门,-,
"68","荻花圣殿·正殿","10人普通",阿里曼执法长老,特殊,蜀风鞋·天策,-,
"68","荻花圣殿·正殿","10人普通",卫栖梧、阿里曼执法长老,特殊,蜀风鞋·唐门,-,
"68","荻花圣殿·正殿","10人普通",阿萨辛,特殊,绝代双骄,-,
"68","荻花圣殿·正殿","10人普通",阿萨辛,特殊,阴阳论,-,
"68","荻花圣殿·正殿","10人普通",阿萨辛,特殊,二元阿萨辛,-,
"68","荻花圣殿·正殿","10人普通",阿萨辛,特殊,蜀风帽·藏剑,-,
"68","荻花圣殿·正殿","10人普通",阿萨辛,特殊,蜀风帽·唐门,-,
"68","荻花圣殿·正殿","10人普通",阿萨辛,特殊,蜀风帽·少林,-,
"68","荻花圣殿·正殿","10人普通",阿萨辛,特殊,蜀风帽·纯阳,-,
"68","荻花圣殿·正殿","10人普通",阿萨辛,特殊,中土之行,-,
"68","荻花圣殿·正殿","10人普通",阿萨辛,特殊,多歧路,-,
"68","荻花圣殿·正殿","10人普通",阿萨辛,特殊,蜀风帽·天策,-,
"68","荻花圣殿·正殿","10人普通",阿萨辛,特殊,蜀风帽·五毒,-,
"68","荻花圣殿·正殿","10人普通",阿萨辛,特殊,蜀风帽·七秀,-,
"68","荻花圣殿·正殿","10人普通",阿萨辛,特殊,蜀风帽·明教,-,
"68","荻花圣殿·正殿","10人普通",阿萨辛,特殊,蜀风帽·万花,-,
"68","荻花圣殿·正殿","10人普通",卓婉清,特殊,曾记得,-,
"68","荻花圣殿·正殿","10人普通",卓婉清,特殊,蜀风衣·唐门,-,
"68","荻花圣殿·正殿","10人普通",卓婉清,特殊,贤妻的规条,-,
"68","荻花圣殿·正殿","10人普通",卓婉清,特殊,蜀风衣·少林,-,
"68","荻花圣殿·正殿","10人普通",卓婉清,特殊,蜀风衣·天策,-,
"68","荻花圣殿·正殿","10人普通",卓婉清,特殊,蜀风衣·纯阳,-,
"68","荻花圣殿·正殿","10人普通",卓婉清,特殊,爱子的下落,-,
"68","荻花圣殿·正殿","10人普通",卓婉清,特殊,蜀风衣·七秀,-,
"68","荻花圣殿·正殿","10人普通",卓婉清,特殊,蜀风衣·五毒,-,
"68","荻花圣殿·正殿","10人普通",卓婉清,特殊,蜀风衣·万花,-,
"68","荻花圣殿·正殿","10人普通",卓婉清,特殊,蜀风衣·明教,-,
"68","荻花圣殿·正殿","10人普通",卓婉清,特殊,醒来之日,-,
"68","荻花圣殿·正殿","10人普通",卓婉清,特殊,藏剑武器·贪狼铁脊,-,
"68","荻花圣殿·正殿","10人普通",卓婉清,特殊,蜀风衣·藏剑,-,
"68","荻花圣殿·正殿","10人普通",卓婉清,特殊,藏剑武器·猿影熊怒,-,
"68","荻花圣殿·正殿","10人普通",沙利亚,特殊,两心知,-,
"68","荻花圣殿·正殿","10人普通",沙利亚,特殊,负心人,-,
"68","荻花圣殿·正殿","10人普通",沙利亚,特殊,少女旧事,-,
"68","荻花圣殿·正殿","10人普通",沙利亚,特殊,当时的心情,-,
"68","荻花圣殿·正殿","10人普通",沙利亚,特殊,藏剑武器·贪狼铁脊,-,
"68","荻花圣殿·正殿","10人普通",沙利亚,特殊,藏剑武器·猿影熊怒,-,
"70","荻花圣殿·正殿","25人英雄",卫栖梧、阿里曼执法长老,特殊,卫七少,-,
"70","荻花圣殿·正殿","25人英雄",卫栖梧、阿里曼执法长老,特殊,千里相送,-,
"70","荻花圣殿·正殿","25人英雄",卫栖梧、阿里曼执法长老,特殊,黄山盗书,-,
"70","荻花圣殿·正殿","25人英雄",卫栖梧、阿里曼执法长老,特殊,神偷侠盗,-,
"70","荻花圣殿·正殿","25人英雄",卫栖梧、阿里曼执法长老,特殊,南皇鞋·少林,-,
"70","荻花圣殿·正殿","25人英雄",卫栖梧、阿里曼执法长老,特殊,南皇鞋·纯阳,-,
"70","荻花圣殿·正殿","25人英雄",卫栖梧、阿里曼执法长老,特殊,白龙珠,-,
"70","荻花圣殿·正殿","25人英雄",卫栖梧、阿里曼执法长老,特殊,南皇鞋·万花,-,
"70","荻花圣殿·正殿","25人英雄",卫栖梧、阿里曼执法长老,特殊,天钿女,-,
"70","荻花圣殿·正殿","25人英雄",卫栖梧、阿里曼执法长老,特殊,藏剑武器·蒲元斩颚,-,
"70","荻花圣殿·正殿","25人英雄",卫栖梧、阿里曼执法长老,特殊,南皇鞋·藏剑,-,
"70","荻花圣殿·正殿","25人英雄",卫栖梧、阿里曼执法长老,特殊,南皇鞋·唐门,-,
"70","荻花圣殿·正殿","25人英雄",卫栖梧、阿里曼执法长老,特殊,南皇鞋·七秀,-,
"70","荻花圣殿·正殿","25人英雄",卫栖梧、阿里曼执法长老,特殊,南皇鞋·天策,-,
"70","荻花圣殿·正殿","25人英雄",卫栖梧、阿里曼执法长老,特殊,南皇鞋·五毒,-,
"70","荻花圣殿·正殿","25人英雄",卫栖梧、阿里曼执法长老,特殊,南皇鞋·明教,-,
"70","荻花圣殿·正殿","25人英雄",阿萨辛,特殊,绝代双骄,-,
"70","荻花圣殿·正殿","25人英雄",阿萨辛,特殊,中土之行,-,
"70","荻花圣殿·正殿","25人英雄",阿萨辛,特殊,阴阳论,-,
"70","荻花圣殿·正殿","25人英雄",阿萨辛,特殊,多歧路,-,
"70","荻花圣殿·正殿","25人英雄",阿萨辛,特殊,南皇帽·七秀,-,
"70","荻花圣殿·正殿","25人英雄",阿萨辛,特殊,南皇帽·五毒,-,
"70","荻花圣殿·正殿","25人英雄",阿萨辛,特殊,南皇帽·明教,-,
"70","荻花圣殿·正殿","25人英雄",阿萨辛,特殊,藏剑武器·蒲元斩颚,-,
"70","荻花圣殿·正殿","25人英雄",阿萨辛,特殊,南皇帽·天策,-,
"70","荻花圣殿·正殿","25人英雄",阿萨辛,特殊,南皇帽·纯阳,-,
"70","荻花圣殿·正殿","25人英雄",阿萨辛,特殊,二元阿萨辛,-,
"70","荻花圣殿·正殿","25人英雄",阿萨辛,特殊,南皇帽·少林,-,
"70","荻花圣殿·正殿","25人英雄",阿萨辛,特殊,南皇帽·藏剑,-,
"70","荻花圣殿·正殿","25人英雄",阿萨辛,特殊,南皇帽·唐门,-,
"70","荻花圣殿·正殿","25人英雄",阿萨辛,特殊,南皇帽·万花,-,
"70","荻花圣殿·正殿","25人英雄",卓婉清,特殊,曾记得,-,
"70","荻花圣殿·正殿","25人英雄",卓婉清,特殊,爱子的下落,-,
"70","荻花圣殿·正殿","25人英雄",卓婉清,特殊,南皇衣·天策,-,
"70","荻花圣殿·正殿","25人英雄",卓婉清,特殊,南皇衣·纯阳,-,
"70","荻花圣殿·正殿","25人英雄",卓婉清,特殊,醒来之日,-,
"70","荻花圣殿·正殿","25人英雄",卓婉清,特殊,南皇衣·少林,-,
"70","荻花圣殿·正殿","25人英雄",卓婉清,特殊,藏剑武器·蒲元斩颚,-,
"70","荻花圣殿·正殿","25人英雄",卓婉清,特殊,贤妻的规条,-,
"70","荻花圣殿·正殿","25人英雄",卓婉清,特殊,南皇衣·万花,-,
"70","荻花圣殿·正殿","25人英雄",卓婉清,特殊,南皇衣·藏剑,-,
"70","荻花圣殿·正殿","25人英雄",卓婉清,特殊,南皇衣·唐门,-,
"70","荻花圣殿·正殿","25人英雄",卓婉清,特殊,真龙谱,-,
"70","荻花圣殿·正殿","25人英雄",卓婉清,特殊,南皇衣·七秀,-,
"70","荻花圣殿·正殿","25人英雄",卓婉清,特殊,南皇衣·五毒,-,
"70","荻花圣殿·正殿","25人英雄",卓婉清,特殊,南皇衣·明教,-,
"70","荻花圣殿·正殿","25人英雄",沙利亚,特殊,少女旧事,-,
"70","荻花圣殿·正殿","25人英雄",沙利亚,特殊,负心人,-,
"70","荻花圣殿·正殿","25人英雄",沙利亚,特殊,两心知,-,
"70","荻花圣殿·正殿","25人英雄",沙利亚,特殊,当时的心情,-,
"70","荻花圣殿·正殿","25人英雄",沙利亚,特殊,真龙谱,-,
"70","荻花圣殿·正殿","25人英雄",沙利亚,特殊,藏剑武器·刻诛辟沌,-,
"119","龙渊泽","10人普通",慕容野狐、殷青丝,特殊,蜀风护腕·五毒,-,
"119","龙渊泽","10人普通",慕容野狐、殷青丝,特殊,蜀风护腕·唐门,-,
"119","龙渊泽","10人普通",慕容野狐、殷青丝,特殊,蜀风护腕·明教,-,
"119","龙渊泽","10人普通",慕容野狐、殷青丝,特殊,北霸枪,-,
"119","龙渊泽","10人普通",慕容野狐、殷青丝,特殊,辽东火凤,-,
"119","龙渊泽","10人普通",慕容野狐、殷青丝,特殊,琼楼玉宇,-,
"119","龙渊泽","10人普通",慕容野狐、殷青丝,特殊,金风玉露,-,
"119","龙渊泽","10人普通",慕容野狐、殷青丝,特殊,杂贺火忍·雾隐寅藏,-,
"119","龙渊泽","10人普通",慕容野狐、殷青丝,特殊,杂贺冰忍·杂贺源五郎,-,
"119","龙渊泽","10人普通",慕容野狐、殷青丝,特殊,杂贺阴忍·仓凛柿子,-,
"119","龙渊泽","10人普通",慕容野狐、殷青丝,特殊,杂贺忍者,-,
"119","龙渊泽","10人普通",慕容野狐、殷青丝,特殊,蜀风护腕·少林,-,
"119","龙渊泽","10人普通",慕容野狐、殷青丝,特殊,蜀风护腕·天策,-,
"119","龙渊泽","10人普通",慕容野狐、殷青丝,特殊,蜀风护腕·七秀,-,
"119","龙渊泽","10人普通",慕容野狐、殷青丝,特殊,蜀风护腕·万花,-,
"119","龙渊泽","10人普通",慕容野狐、殷青丝,特殊,蜀风护腕·纯阳,-,
"119","龙渊泽","10人普通",慕容野狐、殷青丝,特殊,蜀风护腕·藏剑,-,
"119","龙渊泽","10人普通",里赤梅、苏贝德哈,特殊,风魔家大公子·风魔空,-,
"119","龙渊泽","10人普通",里赤梅、苏贝德哈,特殊,风魔家总师范·风魔钢,-,
"119","龙渊泽","10人普通",里赤梅、苏贝德哈,特殊,风魔世家,-,
"119","龙渊泽","10人普通",里赤梅、苏贝德哈,特殊,雪麒剑,-,
"119","龙渊泽","10人普通",里赤梅、苏贝德哈,特殊,蛮将·苏贝德哈,-,
"119","龙渊泽","10人普通",里赤梅、苏贝德哈,特殊,蛮帅·里赤梅,-,
"119","龙渊泽","10人普通",里赤梅、苏贝德哈,特殊,虎族,-,
"119","龙渊泽","10人普通",里赤梅、苏贝德哈,特殊,藤蓝甲,-,
"119","龙渊泽","10人普通",里赤梅、苏贝德哈,特殊,骨面天君,-,
"119","龙渊泽","10人普通",里赤梅、苏贝德哈,特殊,鹰眼客,-,
"119","龙渊泽","10人普通",里赤梅、苏贝德哈,特殊,树敌万千,-,
"119","龙渊泽","10人普通",里赤梅、苏贝德哈,特殊,醉蝶林之战,-,
"119","龙渊泽","10人普通",里赤梅、苏贝德哈,特殊,蜀风腰带·少林,-,
"119","龙渊泽","10人普通",里赤梅、苏贝德哈,特殊,蜀风腰带·天策,-,
"119","龙渊泽","10人普通",里赤梅、苏贝德哈,特殊,蜀风腰带·七秀,-,
"119","龙渊泽","10人普通",里赤梅、苏贝德哈,特殊,蜀风腰带·万花,-,
"119","龙渊泽","10人普通",里赤梅、苏贝德哈,特殊,蜀风腰带·纯阳,-,
"119","龙渊泽","10人普通",里赤梅、苏贝德哈,特殊,蜀风腰带·藏剑,-,
"119","龙渊泽","10人普通",里赤梅、苏贝德哈,特殊,蜀风腰带·五毒,-,
"119","龙渊泽","10人普通",里赤梅、苏贝德哈,特殊,蜀风腰带·唐门,-,
"119","龙渊泽","10人普通",里赤梅、苏贝德哈,特殊,蜀风腰带·明教,-,
"117","龙渊泽","25人英雄",慕容野狐、殷青丝,特殊,北霸枪,-,
"117","龙渊泽","25人英雄",慕容野狐、殷青丝,特殊,辽东火凤,-,
"117","龙渊泽","25人英雄",慕容野狐、殷青丝,特殊,琼楼玉宇,-,
"117","龙渊泽","25人英雄",慕容野狐、殷青丝,特殊,金风玉露,-,
"117","龙渊泽","25人英雄",慕容野狐、殷青丝,特殊,杂贺火忍·雾隐寅藏,-,
"117","龙渊泽","25人英雄",慕容野狐、殷青丝,特殊,杂贺冰忍·杂贺源五郎,-,
"117","龙渊泽","25人英雄",慕容野狐、殷青丝,特殊,杂贺阴忍·仓凛柿子,-,
"117","龙渊泽","25人英雄",慕容野狐、殷青丝,特殊,南皇护腕·唐门,-,
"117","龙渊泽","25人英雄",慕容野狐、殷青丝,特殊,南皇护腕·少林,-,
"117","龙渊泽","25人英雄",慕容野狐、殷青丝,特殊,南皇护腕·纯阳,-,
"117","龙渊泽","25人英雄",慕容野狐、殷青丝,特殊,南皇护腕·明教,-,
"117","龙渊泽","25人英雄",慕容野狐、殷青丝,特殊,南皇护腕·天策,-,
"117","龙渊泽","25人英雄",慕容野狐、殷青丝,特殊,南皇护腕·藏剑,-,
"117","龙渊泽","25人英雄",慕容野狐、殷青丝,特殊,杂贺忍者,-,
"117","龙渊泽","25人英雄",慕容野狐、殷青丝,特殊,南皇护腕·七秀,-,
"117","龙渊泽","25人英雄",慕容野狐、殷青丝,特殊,南皇护腕·五毒,-,
"117","龙渊泽","25人英雄",慕容野狐、殷青丝,特殊,南皇护腕·万花,-,
"117","龙渊泽","25人英雄",里赤梅、苏贝德哈,特殊,风魔家大公子·风魔空,-,
"117","龙渊泽","25人英雄",里赤梅、苏贝德哈,特殊,风魔世家,-,
"117","龙渊泽","25人英雄",里赤梅、苏贝德哈,特殊,蛮将·苏贝德哈,-,
"117","龙渊泽","25人英雄",里赤梅、苏贝德哈,特殊,鹰眼客,-,
"117","龙渊泽","25人英雄",里赤梅、苏贝德哈,特殊,南皇腰带·万花,-,
"117","龙渊泽","25人英雄",里赤梅、苏贝德哈,特殊,南皇腰带·唐门,-,
"117","龙渊泽","25人英雄",里赤梅、苏贝德哈,特殊,虎族,-,
"117","龙渊泽","25人英雄",里赤梅、苏贝德哈,特殊,树敌万千,-,
"117","龙渊泽","25人英雄",里赤梅、苏贝德哈,特殊,南皇腰带·少林,-,
"117","龙渊泽","25人英雄",里赤梅、苏贝德哈,特殊,南皇腰带·纯阳,-,
"117","龙渊泽","25人英雄",里赤梅、苏贝德哈,特殊,南皇腰带·明教,-,
"117","龙渊泽","25人英雄",里赤梅、苏贝德哈,特殊,风魔家总师范·风魔钢,-,
"117","龙渊泽","25人英雄",里赤梅、苏贝德哈,特殊,雪麒剑,-,
"117","龙渊泽","25人英雄",里赤梅、苏贝德哈,特殊,蛮帅·里赤梅,-,
"117","龙渊泽","25人英雄",里赤梅、苏贝德哈,特殊,藤蓝甲,-,
"117","龙渊泽","25人英雄",里赤梅、苏贝德哈,特殊,醉蝶林之战,-,
"117","龙渊泽","25人英雄",里赤梅、苏贝德哈,特殊,南皇腰带·天策,-,
"117","龙渊泽","25人英雄",里赤梅、苏贝德哈,特殊,南皇腰带·藏剑,-,
"117","龙渊泽","25人英雄",里赤梅、苏贝德哈,特殊,骨面天君,-,
"117","龙渊泽","25人英雄",里赤梅、苏贝德哈,特殊,南皇腰带·七秀,-,
"117","龙渊泽","25人英雄",里赤梅、苏贝德哈,特殊,南皇腰带·五毒,-,
"112","毒神殿","5人英雄",乌灵风,特殊,玄龙石,-,
"115","法王窟","5人英雄",智慧,特殊,玄龙石,-,
"107","无量宫","5人普通",桃叶仙,特殊,恶人谷宝箱钥匙,-,
"114","无量宫","5人英雄",桃叶仙,特殊,恶人谷宝箱钥匙,-,
"114","无量宫","5人英雄",多多,特殊,玄龙石,-,
"113","寂灭厅","5人英雄",摩提耶罗,特殊,玄龙石,-,
"125","唐门密室","5人英雄",汉唐,特殊,玄龙石,-,
"71","仙踪林","5人英雄",塔纳刀王,特殊,《补天心经·醉舞九天》人偶图断篇,-,
"71","仙踪林","5人英雄",苏髓,特殊,天泉水玉,-,
"116","仙踪林","5人普通",塔纳刀王,特殊,《补天心经·冰蚕牵丝》注解残页,-,
"116","仙踪林","5人普通",塔纳刀王,特殊,兵甲图谱,-,
"116","仙踪林","5人普通",水云,特殊,兵甲图谱,-,
"116","仙踪林","5人普通",水云,特殊,《引魂蛊术·夺命蛊》注解残页,-,
"116","仙踪林","5人普通",苏髓,特殊,《补天心经·冰蚕牵丝》真传残页,-,
"116","仙踪林","5人普通",苏髓,特殊,兵甲图谱,-,
"69","荻花圣殿·前厅","10人普通",牡丹,特殊,天外陨铁,-,
"69","荻花圣殿·前厅","10人普通",塔洛马蒂、姬无双,特殊,天外陨铁,-,
"69","荻花圣殿·前厅","10人普通",慕容追风,特殊,天外陨铁,-,
"69","荻花圣殿·前厅","10人普通",蛮熊之力,特殊,天外陨铁,-,
"69","荻花圣殿·前厅","10人普通",贪狼之牙,特殊,天外陨铁,-,
"69","荻花圣殿·前厅","10人普通",飞猿之影、镰鼬之影,特殊,天外陨铁,-,
"72","荻花圣殿·前厅","25人英雄",牡丹,特殊,天外陨铁,-,
"72","荻花圣殿·前厅","25人英雄",牡丹宝箱1,特殊,天外陨铁,-,
"72","荻花圣殿·前厅","25人英雄",牡丹宝箱2,特殊,天外陨铁,-,
"72","荻花圣殿·前厅","25人英雄",牡丹宝箱3,特殊,天外陨铁,-,
"72","荻花圣殿·前厅","25人英雄",牡丹宝箱4,特殊,天外陨铁,-,
"72","荻花圣殿·前厅","25人英雄",牡丹宝箱5,特殊,天外陨铁,-,
"72","荻花圣殿·前厅","25人英雄",牡丹,特殊,花俏书生,-,
"72","荻花圣殿·前厅","25人英雄",牡丹宝箱1,特殊,花俏书生,-,
"72","荻花圣殿·前厅","25人英雄",牡丹宝箱2,特殊,花俏书生,-,
"72","荻花圣殿·前厅","25人英雄",牡丹宝箱3,特殊,花俏书生,-,
"72","荻花圣殿·前厅","25人英雄",牡丹宝箱4,特殊,花俏书生,-,
"72","荻花圣殿·前厅","25人英雄",牡丹宝箱5,特殊,花俏书生,-,
"72","荻花圣殿·前厅","25人英雄",牡丹,特殊,洱海王子,-,
"72","荻花圣殿·前厅","25人英雄",牡丹宝箱1,特殊,洱海王子,-,
"72","荻花圣殿·前厅","25人英雄",牡丹宝箱2,特殊,洱海王子,-,
"72","荻花圣殿·前厅","25人英雄",牡丹宝箱3,特殊,洱海王子,-,
"72","荻花圣殿·前厅","25人英雄",牡丹宝箱4,特殊,洱海王子,-,
"72","荻花圣殿·前厅","25人英雄",牡丹宝箱5,特殊,洱海王子,-,
"72","荻花圣殿·前厅","25人英雄",牡丹,特殊,六诏之乱,-,
"72","荻花圣殿·前厅","25人英雄",牡丹宝箱1,特殊,六诏之乱,-,
"72","荻花圣殿·前厅","25人英雄",牡丹宝箱2,特殊,六诏之乱,-,
"72","荻花圣殿·前厅","25人英雄",牡丹宝箱3,特殊,六诏之乱,-,
"72","荻花圣殿·前厅","25人英雄",牡丹宝箱4,特殊,六诏之乱,-,
"72","荻花圣殿·前厅","25人英雄",牡丹宝箱5,特殊,六诏之乱,-,
"72","荻花圣殿·前厅","25人英雄",牡丹,特殊,牡丹与阿萨辛,-,
"72","荻花圣殿·前厅","25人英雄",牡丹宝箱1,特殊,牡丹与阿萨辛,-,
"72","荻花圣殿·前厅","25人英雄",牡丹宝箱2,特殊,牡丹与阿萨辛,-,
"72","荻花圣殿·前厅","25人英雄",牡丹宝箱3,特殊,牡丹与阿萨辛,-,
"72","荻花圣殿·前厅","25人英雄",牡丹宝箱4,特殊,牡丹与阿萨辛,-,
"72","荻花圣殿·前厅","25人英雄",牡丹宝箱5,特殊,牡丹与阿萨辛,-,
"72","荻花圣殿·前厅","25人英雄",牡丹,特殊,蚩灵护腕·少林,-,
"72","荻花圣殿·前厅","25人英雄",牡丹宝箱4,特殊,蚩灵护腕·少林,-,
"72","荻花圣殿·前厅","25人英雄",牡丹宝箱5,特殊,蚩灵护腕·少林,-,
"72","荻花圣殿·前厅","25人英雄",牡丹,特殊,蚩灵护腕·天策,-,
"72","荻花圣殿·前厅","25人英雄",牡丹宝箱4,特殊,蚩灵护腕·天策,-,
"72","荻花圣殿·前厅","25人英雄",牡丹宝箱5,特殊,蚩灵护腕·天策,-,
"72","荻花圣殿·前厅","25人英雄",牡丹,特殊,蚩灵护腕·七秀,-,
"72","荻花圣殿·前厅","25人英雄",牡丹宝箱4,特殊,蚩灵护腕·七秀,-,
"72","荻花圣殿·前厅","25人英雄",牡丹宝箱5,特殊,蚩灵护腕·七秀,-,
"72","荻花圣殿·前厅","25人英雄",牡丹,特殊,蚩灵护腕·万花,-,
"72","荻花圣殿·前厅","25人英雄",牡丹宝箱4,特殊,蚩灵护腕·万花,-,
"72","荻花圣殿·前厅","25人英雄",牡丹宝箱5,特殊,蚩灵护腕·万花,-,
"72","荻花圣殿·前厅","25人英雄",牡丹,特殊,蚩灵护腕·纯阳,-,
"72","荻花圣殿·前厅","25人英雄",牡丹宝箱4,特殊,蚩灵护腕·纯阳,-,
"72","荻花圣殿·前厅","25人英雄",牡丹宝箱5,特殊,蚩灵护腕·纯阳,-,
"72","荻花圣殿·前厅","25人英雄",牡丹,特殊,蚩灵护腕·藏剑,-,
"72","荻花圣殿·前厅","25人英雄",牡丹宝箱4,特殊,蚩灵护腕·藏剑,-,
"72","荻花圣殿·前厅","25人英雄",牡丹宝箱5,特殊,蚩灵护腕·藏剑,-,
"72","荻花圣殿·前厅","25人英雄",牡丹,特殊,蚩灵护腕·五毒,-,
"72","荻花圣殿·前厅","25人英雄",牡丹宝箱4,特殊,蚩灵护腕·五毒,-,
"72","荻花圣殿·前厅","25人英雄",牡丹宝箱5,特殊,蚩灵护腕·五毒,-,
"72","荻花圣殿·前厅","25人英雄",牡丹,特殊,蚩灵护腕·唐门,-,
"72","荻花圣殿·前厅","25人英雄",牡丹宝箱4,特殊,蚩灵护腕·唐门,-,
"72","荻花圣殿·前厅","25人英雄",牡丹宝箱5,特殊,蚩灵护腕·唐门,-,
"72","荻花圣殿·前厅","25人英雄",塔洛马蒂、姬无双,特殊,天外陨铁,-,
"72","荻花圣殿·前厅","25人英雄",塔洛马蒂、姬无双,特殊,六大恶魔,-,
"72","荻花圣殿·前厅","25人英雄",塔洛马蒂、姬无双,特殊,塔洛马蒂之鼻,-,
"72","荻花圣殿·前厅","25人英雄",塔洛马蒂、姬无双,特殊,蛇厨子,-,
"72","荻花圣殿·前厅","25人英雄",塔洛马蒂、姬无双,特殊,背叛的后果,-,
"72","荻花圣殿·前厅","25人英雄",塔洛马蒂、姬无双,特殊,蚩灵腰带·少林,-,
"72","荻花圣殿·前厅","25人英雄",塔洛马蒂、姬无双,特殊,蚩灵腰带·天策,-,
"72","荻花圣殿·前厅","25人英雄",塔洛马蒂、姬无双,特殊,蚩灵腰带·七秀,-,
"72","荻花圣殿·前厅","25人英雄",塔洛马蒂、姬无双,特殊,蚩灵腰带·万花,-,
"72","荻花圣殿·前厅","25人英雄",塔洛马蒂、姬无双,特殊,蚩灵腰带·纯阳,-,
"72","荻花圣殿·前厅","25人英雄",塔洛马蒂、姬无双,特殊,蚩灵腰带·藏剑,-,
"72","荻花圣殿·前厅","25人英雄",塔洛马蒂、姬无双,特殊,蚩灵腰带·五毒,-,
"72","荻花圣殿·前厅","25人英雄",塔洛马蒂、姬无双,特殊,蚩灵腰带·唐门,-,
"72","荻花圣殿·前厅","25人英雄",慕容追风,特殊,天外陨铁,-,
"72","荻花圣殿·前厅","25人英雄",慕容追风宝箱1,特殊,天外陨铁,-,
"72","荻花圣殿·前厅","25人英雄",慕容追风宝箱2,特殊,天外陨铁,-,
"72","荻花圣殿·前厅","25人英雄",慕容追风宝箱3,特殊,天外陨铁,-,
"72","荻花圣殿·前厅","25人英雄",慕容追风宝箱4,特殊,天外陨铁,-,
"72","荻花圣殿·前厅","25人英雄",慕容追风宝箱5,特殊,天外陨铁,-,
"72","荻花圣殿·前厅","25人英雄",慕容追风,特殊,飞仙玄晶,-,
"72","荻花圣殿·前厅","25人英雄",慕容追风,特殊,背棺者,-,
"72","荻花圣殿·前厅","25人英雄",慕容追风宝箱1,特殊,背棺者,-,
"72","荻花圣殿·前厅","25人英雄",慕容追风宝箱2,特殊,背棺者,-,
"72","荻花圣殿·前厅","25人英雄",慕容追风宝箱3,特殊,背棺者,-,
"72","荻花圣殿·前厅","25人英雄",慕容追风宝箱4,特殊,背棺者,-,
"72","荻花圣殿·前厅","25人英雄",慕容追风宝箱5,特殊,背棺者,-,
"72","荻花圣殿·前厅","25人英雄",慕容追风,特殊,爱与责任,-,
"72","荻花圣殿·前厅","25人英雄",慕容追风宝箱1,特殊,爱与责任,-,
"72","荻花圣殿·前厅","25人英雄",慕容追风宝箱2,特殊,爱与责任,-,
"72","荻花圣殿·前厅","25人英雄",慕容追风宝箱3,特殊,爱与责任,-,
"72","荻花圣殿·前厅","25人英雄",慕容追风宝箱4,特殊,爱与责任,-,
"72","荻花圣殿·前厅","25人英雄",慕容追风宝箱5,特殊,爱与责任,-,
"72","荻花圣殿·前厅","25人英雄",慕容追风,特殊,红尘相守,-,
"72","荻花圣殿·前厅","25人英雄",慕容追风宝箱1,特殊,红尘相守,-,
"72","荻花圣殿·前厅","25人英雄",慕容追风宝箱2,特殊,红尘相守,-,
"72","荻花圣殿·前厅","25人英雄",慕容追风宝箱3,特殊,红尘相守,-,
"72","荻花圣殿·前厅","25人英雄",慕容追风宝箱4,特殊,红尘相守,-,
"72","荻花圣殿·前厅","25人英雄",慕容追风宝箱5,特殊,红尘相守,-,
"72","荻花圣殿·前厅","25人英雄",慕容追风,特殊,永远的伴,-,
"72","荻花圣殿·前厅","25人英雄",慕容追风宝箱1,特殊,永远的伴,-,
"72","荻花圣殿·前厅","25人英雄",慕容追风宝箱2,特殊,永远的伴,-,
"72","荻花圣殿·前厅","25人英雄",慕容追风宝箱3,特殊,永远的伴,-,
"72","荻花圣殿·前厅","25人英雄",慕容追风宝箱4,特殊,永远的伴,-,
"72","荻花圣殿·前厅","25人英雄",慕容追风宝箱5,特殊,永远的伴,-,
"72","荻花圣殿·前厅","25人英雄",慕容追风,特殊,蚩灵衣·少林,-,
"72","荻花圣殿·前厅","25人英雄",慕容追风宝箱4,特殊,蚩灵衣·少林,-,
"72","荻花圣殿·前厅","25人英雄",慕容追风宝箱5,特殊,蚩灵衣·少林,-,
"72","荻花圣殿·前厅","25人英雄",慕容追风,特殊,蚩灵衣·天策,-,
"72","荻花圣殿·前厅","25人英雄",慕容追风宝箱4,特殊,蚩灵衣·天策,-,
"72","荻花圣殿·前厅","25人英雄",慕容追风宝箱5,特殊,蚩灵衣·天策,-,
"72","荻花圣殿·前厅","25人英雄",慕容追风,特殊,蚩灵衣·七秀,-,
"72","荻花圣殿·前厅","25人英雄",慕容追风宝箱4,特殊,蚩灵衣·七秀,-,
"72","荻花圣殿·前厅","25人英雄",慕容追风宝箱5,特殊,蚩灵衣·七秀,-,
"72","荻花圣殿·前厅","25人英雄",慕容追风,特殊,蚩灵衣·万花,-,
"72","荻花圣殿·前厅","25人英雄",慕容追风宝箱4,特殊,蚩灵衣·万花,-,
"72","荻花圣殿·前厅","25人英雄",慕容追风宝箱5,特殊,蚩灵衣·万花,-,
"72","荻花圣殿·前厅","25人英雄",慕容追风,特殊,蚩灵衣·纯阳,-,
"72","荻花圣殿·前厅","25人英雄",慕容追风宝箱4,特殊,蚩灵衣·纯阳,-,
"72","荻花圣殿·前厅","25人英雄",慕容追风宝箱5,特殊,蚩灵衣·纯阳,-,
"72","荻花圣殿·前厅","25人英雄",慕容追风,特殊,蚩灵衣·藏剑,-,
"72","荻花圣殿·前厅","25人英雄",慕容追风宝箱4,特殊,蚩灵衣·藏剑,-,
"72","荻花圣殿·前厅","25人英雄",慕容追风宝箱5,特殊,蚩灵衣·藏剑,-,
"72","荻花圣殿·前厅","25人英雄",慕容追风,特殊,蚩灵衣·五毒,-,
"72","荻花圣殿·前厅","25人英雄",慕容追风宝箱4,特殊,蚩灵衣·五毒,-,
"72","荻花圣殿·前厅","25人英雄",慕容追风宝箱5,特殊,蚩灵衣·五毒,-,
"72","荻花圣殿·前厅","25人英雄",慕容追风,特殊,蚩灵衣·唐门,-,
"72","荻花圣殿·前厅","25人英雄",慕容追风宝箱4,特殊,蚩灵衣·唐门,-,
"72","荻花圣殿·前厅","25人英雄",慕容追风宝箱5,特殊,蚩灵衣·唐门,-,
"72","荻花圣殿·前厅","25人英雄",慕容追风,特殊,藏剑武器·破军龙仞,-,
"72","荻花圣殿·前厅","25人英雄",蛮熊之力,特殊,天外陨铁,-,
"72","荻花圣殿·前厅","25人英雄",蛮熊之力,特殊,乌蒙贵的作品,-,
"72","荻花圣殿·前厅","25人英雄",蛮熊之力,特殊,蟒熊猿狼,-,
"72","荻花圣殿·前厅","25人英雄",蛮熊之力,特殊,标本之蛇与猿,-,
"72","荻花圣殿·前厅","25人英雄",蛮熊之力,特殊,标本之熊与狼,-,
"72","荻花圣殿·前厅","25人英雄",蛮熊之力,特殊,蚩灵鞋·少林,-,
"72","荻花圣殿·前厅","25人英雄",蛮熊之力,特殊,蚩灵鞋·天策,-,
"72","荻花圣殿·前厅","25人英雄",蛮熊之力,特殊,蚩灵鞋·七秀,-,
"72","荻花圣殿·前厅","25人英雄",蛮熊之力,特殊,蚩灵鞋·万花,-,
"72","荻花圣殿·前厅","25人英雄",蛮熊之力,特殊,蚩灵鞋·纯阳,-,
"72","荻花圣殿·前厅","25人英雄",蛮熊之力,特殊,蚩灵鞋·藏剑,-,
"72","荻花圣殿·前厅","25人英雄",蛮熊之力,特殊,蚩灵鞋·五毒,-,
"72","荻花圣殿·前厅","25人英雄",蛮熊之力,特殊,蚩灵鞋·唐门,-,
"72","荻花圣殿·前厅","25人英雄",蛮熊之力,特殊,藏剑武器·破军龙仞,-,
"72","荻花圣殿·前厅","25人英雄",蛮熊之力,特殊,藏剑武器·猿狼啸,-,
"72","荻花圣殿·前厅","25人英雄",贪狼之牙,特殊,天外陨铁,-,
"72","荻花圣殿·前厅","25人英雄",贪狼之牙,特殊,乌蒙贵的作品,-,
"72","荻花圣殿·前厅","25人英雄",贪狼之牙,特殊,蟒熊猿狼,-,
"72","荻花圣殿·前厅","25人英雄",贪狼之牙,特殊,标本之蛇与猿,-,
"72","荻花圣殿·前厅","25人英雄",贪狼之牙,特殊,标本之熊与狼,-,
"72","荻花圣殿·前厅","25人英雄",贪狼之牙,特殊,蚩灵帽·少林,-,
"72","荻花圣殿·前厅","25人英雄",贪狼之牙,特殊,蚩灵帽·天策,-,
"72","荻花圣殿·前厅","25人英雄",贪狼之牙,特殊,蚩灵帽·七秀,-,
"72","荻花圣殿·前厅","25人英雄",贪狼之牙,特殊,蚩灵帽·万花,-,
"72","荻花圣殿·前厅","25人英雄",贪狼之牙,特殊,蚩灵帽·纯阳,-,
"72","荻花圣殿·前厅","25人英雄",贪狼之牙,特殊,蚩灵帽·藏剑,-,
"72","荻花圣殿·前厅","25人英雄",贪狼之牙,特殊,蚩灵帽·五毒,-,
"72","荻花圣殿·前厅","25人英雄",贪狼之牙,特殊,蚩灵帽·唐门,-,
"72","荻花圣殿·前厅","25人英雄",贪狼之牙,特殊,藏剑武器·破军龙仞,-,
"72","荻花圣殿·前厅","25人英雄",贪狼之牙,特殊,藏剑武器·猿狼啸,-,
"72","荻花圣殿·前厅","25人英雄",飞猿之影、镰鼬之影,特殊,乌蒙贵的作品,-,
"72","荻花圣殿·前厅","25人英雄",飞猿之影、镰鼬之影,特殊,蟒熊猿狼,-,
"72","荻花圣殿·前厅","25人英雄",飞猿之影、镰鼬之影,特殊,标本之蛇与猿,-,
"72","荻花圣殿·前厅","25人英雄",飞猿之影、镰鼬之影,特殊,标本之熊与狼,-,
"72","荻花圣殿·前厅","25人英雄",飞猿之影、镰鼬之影,特殊,蚩灵裤·少林,-,
"72","荻花圣殿·前厅","25人英雄",飞猿之影、镰鼬之影,特殊,蚩灵裤·天策,-,
"72","荻花圣殿·前厅","25人英雄",飞猿之影、镰鼬之影,特殊,蚩灵裤·七秀,-,
"72","荻花圣殿·前厅","25人英雄",飞猿之影、镰鼬之影,特殊,蚩灵裤·万花,-,
"72","荻花圣殿·前厅","25人英雄",飞猿之影、镰鼬之影,特殊,蚩灵裤·纯阳,-,
"72","荻花圣殿·前厅","25人英雄",飞猿之影、镰鼬之影,特殊,蚩灵裤·藏剑,-,
"72","荻花圣殿·前厅","25人英雄",飞猿之影、镰鼬之影,特殊,蚩灵裤·五毒,-,
"72","荻花圣殿·前厅","25人英雄",飞猿之影、镰鼬之影,特殊,蚩灵裤·唐门,-,
"72","荻花圣殿·前厅","25人英雄",飞猿之影、镰鼬之影,特殊,藏剑武器·破军龙仞,-,
"72","荻花圣殿·前厅","25人英雄",飞猿之影、镰鼬之影,特殊,藏剑武器·猿狼啸,-,
"72","荻花圣殿·前厅","25人英雄",飞猿之影、镰鼬之影,特殊,天外陨铁,-,
"67","荻花宫后山","10人普通",罗索斯,特殊,天外陨铁,-,
"67","荻花宫后山","10人普通",罗索斯宝箱1,特殊,天外陨铁,-,
"67","荻花宫后山","10人普通",罗索斯宝箱2,特殊,天外陨铁,-,
"67","荻花宫后山","10人普通",罗索斯宝箱1,特殊,牢笼的钥匙,-,
"67","荻花宫后山","10人普通",罗索斯宝箱2,特殊,牢笼的钥匙,-,
"67","荻花宫后山","10人普通",罗索斯,特殊,牢笼的钥匙,-,
"67","荻花宫后山","10人普通",乌蛊婆婆宝箱1,特殊,天外陨铁,-,
"67","荻花宫后山","10人普通",乌蛊婆婆,特殊,天外陨铁,-,
"67","荻花宫后山","10人普通",乌蛊婆婆宝箱2,特殊,天外陨铁,-,
"67","荻花宫后山","10人普通",水烟,特殊,天外陨铁,-,
"67","荻花宫后山","10人普通",水烟宝箱1,特殊,天外陨铁,-,
"67","荻花宫后山","10人普通",水烟宝箱2,特殊,天外陨铁,-,
"67","荻花宫后山","10人普通",仄羽戈,特殊,天外陨铁,-,
"67","荻花宫后山","10人普通",仄羽戈宝箱1,特殊,天外陨铁,-,
"67","荻花宫后山","10人普通",仄羽戈宝箱2,特殊,天外陨铁,-,
"67","荻花宫后山","10人普通",提坦德亚罗,特殊,天外陨铁,-,
"67","荻花宫后山","10人普通",牡丹,特殊,天外陨铁,-,
"67","荻花宫后山","10人普通",牡丹宝箱1,特殊,天外陨铁,-,
"67","荻花宫后山","10人普通",牡丹宝箱2,特殊,天外陨铁,-,
"58","荻花宫后山","25人英雄",罗索斯宝箱1,特殊,天外陨铁,-,
"58","荻花宫后山","25人英雄",罗索斯,特殊,牢笼的钥匙,-,
"58","荻花宫后山","25人英雄",罗索斯宝箱1,特殊,牢笼的钥匙,-,
"58","荻花宫后山","25人英雄",罗索斯宝箱2,特殊,牢笼的钥匙,-,
"58","荻花宫后山","25人英雄",罗索斯宝箱3,特殊,牢笼的钥匙,-,
"58","荻花宫后山","25人英雄",罗索斯宝箱4,特殊,牢笼的钥匙,-,
"58","荻花宫后山","25人英雄",罗索斯宝箱5,特殊,牢笼的钥匙,-,
"58","荻花宫后山","25人英雄",罗索斯,特殊,荻魂护腕·少林,-,
"58","荻花宫后山","25人英雄",罗索斯宝箱4,特殊,荻魂护腕·少林,-,
"58","荻花宫后山","25人英雄",罗索斯宝箱5,特殊,荻魂护腕·少林,-,
"58","荻花宫后山","25人英雄",罗索斯宝箱2,特殊,天外陨铁,-,
"58","荻花宫后山","25人英雄",罗索斯宝箱3,特殊,天外陨铁,-,
"58","荻花宫后山","25人英雄",罗索斯,特殊,荻魂护腕·天策,-,
"58","荻花宫后山","25人英雄",罗索斯宝箱4,特殊,荻魂护腕·天策,-,
"58","荻花宫后山","25人英雄",罗索斯宝箱5,特殊,荻魂护腕·天策,-,
"58","荻花宫后山","25人英雄",罗索斯宝箱4,特殊,天外陨铁,-,
"58","荻花宫后山","25人英雄",罗索斯,特殊,荻魂护腕·七秀,-,
"58","荻花宫后山","25人英雄",罗索斯宝箱4,特殊,荻魂护腕·七秀,-,
"58","荻花宫后山","25人英雄",罗索斯宝箱5,特殊,荻魂护腕·七秀,-,
"58","荻花宫后山","25人英雄",罗索斯宝箱5,特殊,天外陨铁,-,
"58","荻花宫后山","25人英雄",罗索斯,特殊,荻魂护腕·万花,-,
"58","荻花宫后山","25人英雄",罗索斯宝箱4,特殊,荻魂护腕·万花,-,
"58","荻花宫后山","25人英雄",罗索斯宝箱5,特殊,荻魂护腕·万花,-,
"58","荻花宫后山","25人英雄",罗索斯,特殊,荻魂护腕·纯阳,-,
"58","荻花宫后山","25人英雄",罗索斯宝箱4,特殊,荻魂护腕·纯阳,-,
"58","荻花宫后山","25人英雄",罗索斯宝箱5,特殊,荻魂护腕·纯阳,-,
"58","荻花宫后山","25人英雄",罗索斯,特殊,荻魂护腕·藏剑,-,
"58","荻花宫后山","25人英雄",罗索斯宝箱4,特殊,荻魂护腕·藏剑,-,
"58","荻花宫后山","25人英雄",罗索斯宝箱5,特殊,荻魂护腕·藏剑,-,
"58","荻花宫后山","25人英雄",罗索斯,特殊,荻魂护腕·五毒,-,
"58","荻花宫后山","25人英雄",罗索斯宝箱4,特殊,荻魂护腕·五毒,-,
"58","荻花宫后山","25人英雄",罗索斯宝箱5,特殊,荻魂护腕·五毒,-,
"58","荻花宫后山","25人英雄",罗索斯,特殊,荻魂护腕·唐门,-,
"58","荻花宫后山","25人英雄",罗索斯宝箱4,特殊,荻魂护腕·唐门,-,
"58","荻花宫后山","25人英雄",罗索斯宝箱5,特殊,荻魂护腕·唐门,-,
"58","荻花宫后山","25人英雄",罗索斯,特殊,天外陨铁,-,
"58","荻花宫后山","25人英雄",乌蛊婆婆宝箱4,特殊,天外陨铁,-,
"58","荻花宫后山","25人英雄",乌蛊婆婆宝箱5,特殊,天外陨铁,-,
"58","荻花宫后山","25人英雄",乌蛊婆婆,特殊,荻魂帽·少林,-,
"58","荻花宫后山","25人英雄",乌蛊婆婆宝箱4,特殊,荻魂帽·少林,-,
"58","荻花宫后山","25人英雄",乌蛊婆婆宝箱5,特殊,荻魂帽·少林,-,
"58","荻花宫后山","25人英雄",乌蛊婆婆,特殊,荻魂帽·天策,-,
"58","荻花宫后山","25人英雄",乌蛊婆婆宝箱4,特殊,荻魂帽·天策,-,
"58","荻花宫后山","25人英雄",乌蛊婆婆宝箱5,特殊,荻魂帽·天策,-,
"58","荻花宫后山","25人英雄",乌蛊婆婆,特殊,荻魂帽·七秀,-,
"58","荻花宫后山","25人英雄",乌蛊婆婆宝箱4,特殊,荻魂帽·七秀,-,
"58","荻花宫后山","25人英雄",乌蛊婆婆宝箱5,特殊,荻魂帽·七秀,-,
"58","荻花宫后山","25人英雄",乌蛊婆婆,特殊,荻魂帽·万花,-,
"58","荻花宫后山","25人英雄",乌蛊婆婆宝箱4,特殊,荻魂帽·万花,-,
"58","荻花宫后山","25人英雄",乌蛊婆婆宝箱5,特殊,荻魂帽·万花,-,
"58","荻花宫后山","25人英雄",乌蛊婆婆,特殊,荻魂帽·纯阳,-,
"58","荻花宫后山","25人英雄",乌蛊婆婆宝箱4,特殊,荻魂帽·纯阳,-,
"58","荻花宫后山","25人英雄",乌蛊婆婆宝箱5,特殊,荻魂帽·纯阳,-,
"58","荻花宫后山","25人英雄",乌蛊婆婆,特殊,荻魂帽·藏剑,-,
"58","荻花宫后山","25人英雄",乌蛊婆婆宝箱4,特殊,荻魂帽·藏剑,-,
"58","荻花宫后山","25人英雄",乌蛊婆婆宝箱5,特殊,荻魂帽·藏剑,-,
"58","荻花宫后山","25人英雄",乌蛊婆婆,特殊,荻魂帽·五毒,-,
"58","荻花宫后山","25人英雄",乌蛊婆婆宝箱4,特殊,荻魂帽·五毒,-,
"58","荻花宫后山","25人英雄",乌蛊婆婆宝箱5,特殊,荻魂帽·五毒,-,
"58","荻花宫后山","25人英雄",乌蛊婆婆,特殊,荻魂帽·唐门,-,
"58","荻花宫后山","25人英雄",乌蛊婆婆宝箱4,特殊,荻魂帽·唐门,-,
"58","荻花宫后山","25人英雄",乌蛊婆婆宝箱5,特殊,荻魂帽·唐门,-,
"58","荻花宫后山","25人英雄",乌蛊婆婆,特殊,天外陨铁,-,
"58","荻花宫后山","25人英雄",乌蛊婆婆宝箱1,特殊,天外陨铁,-,
"58","荻花宫后山","25人英雄",乌蛊婆婆宝箱2,特殊,天外陨铁,-,
"58","荻花宫后山","25人英雄",乌蛊婆婆宝箱3,特殊,天外陨铁,-,
"58","荻花宫后山","25人英雄",水烟,特殊,荻魂鞋·少林,-,
"58","荻花宫后山","25人英雄",水烟宝箱4,特殊,荻魂鞋·少林,-,
"58","荻花宫后山","25人英雄",水烟宝箱5,特殊,荻魂鞋·少林,-,
"58","荻花宫后山","25人英雄",水烟,特殊,荻魂鞋·天策,-,
"58","荻花宫后山","25人英雄",水烟宝箱4,特殊,荻魂鞋·天策,-,
"58","荻花宫后山","25人英雄",水烟宝箱5,特殊,荻魂鞋·天策,-,
"58","荻花宫后山","25人英雄",水烟,特殊,荻魂鞋·七秀,-,
"58","荻花宫后山","25人英雄",水烟宝箱4,特殊,荻魂鞋·七秀,-,
"58","荻花宫后山","25人英雄",水烟宝箱5,特殊,荻魂鞋·七秀,-,
"58","荻花宫后山","25人英雄",水烟,特殊,荻魂鞋·万花,-,
"58","荻花宫后山","25人英雄",水烟宝箱4,特殊,荻魂鞋·万花,-,
"58","荻花宫后山","25人英雄",水烟宝箱5,特殊,荻魂鞋·万花,-,
"58","荻花宫后山","25人英雄",水烟,特殊,荻魂鞋·纯阳,-,
"58","荻花宫后山","25人英雄",水烟宝箱4,特殊,荻魂鞋·纯阳,-,
"58","荻花宫后山","25人英雄",水烟宝箱5,特殊,荻魂鞋·纯阳,-,
"58","荻花宫后山","25人英雄",水烟,特殊,荻魂鞋·藏剑,-,
"58","荻花宫后山","25人英雄",水烟宝箱4,特殊,荻魂鞋·藏剑,-,
"58","荻花宫后山","25人英雄",水烟宝箱5,特殊,荻魂鞋·藏剑,-,
"58","荻花宫后山","25人英雄",水烟,特殊,荻魂鞋·五毒,-,
"58","荻花宫后山","25人英雄",水烟宝箱4,特殊,荻魂鞋·五毒,-,
"58","荻花宫后山","25人英雄",水烟宝箱5,特殊,荻魂鞋·五毒,-,
"58","荻花宫后山","25人英雄",水烟,特殊,天外陨铁,-,
"58","荻花宫后山","25人英雄",水烟,特殊,荻魂鞋·唐门,-,
"58","荻花宫后山","25人英雄",水烟宝箱4,特殊,荻魂鞋·唐门,-,
"58","荻花宫后山","25人英雄",水烟宝箱5,特殊,荻魂鞋·唐门,-,
"58","荻花宫后山","25人英雄",水烟宝箱1,特殊,天外陨铁,-,
"58","荻花宫后山","25人英雄",水烟宝箱2,特殊,天外陨铁,-,
"58","荻花宫后山","25人英雄",水烟宝箱3,特殊,天外陨铁,-,
"58","荻花宫后山","25人英雄",水烟宝箱4,特殊,天外陨铁,-,
"58","荻花宫后山","25人英雄",水烟宝箱5,特殊,天外陨铁,-,
"58","荻花宫后山","25人英雄",仄羽戈,特殊,天外陨铁,-,
"58","荻花宫后山","25人英雄",仄羽戈宝箱1,特殊,天外陨铁,-,
"58","荻花宫后山","25人英雄",仄羽戈宝箱2,特殊,天外陨铁,-,
"58","荻花宫后山","25人英雄",仄羽戈宝箱3,特殊,天外陨铁,-,
"58","荻花宫后山","25人英雄",仄羽戈宝箱4,特殊,天外陨铁,-,
"58","荻花宫后山","25人英雄",仄羽戈宝箱5,特殊,天外陨铁,-,
"58","荻花宫后山","25人英雄",仄羽戈,特殊,荻魂裤·少林,-,
"58","荻花宫后山","25人英雄",仄羽戈宝箱3,特殊,荻魂裤·少林,-,
"58","荻花宫后山","25人英雄",仄羽戈宝箱4,特殊,荻魂裤·少林,-,
"58","荻花宫后山","25人英雄",仄羽戈宝箱5,特殊,荻魂裤·少林,-,
"58","荻花宫后山","25人英雄",仄羽戈,特殊,荻魂裤·天策,-,
"58","荻花宫后山","25人英雄",仄羽戈宝箱3,特殊,荻魂裤·天策,-,
"58","荻花宫后山","25人英雄",仄羽戈宝箱4,特殊,荻魂裤·天策,-,
"58","荻花宫后山","25人英雄",仄羽戈宝箱5,特殊,荻魂裤·天策,-,
"58","荻花宫后山","25人英雄",仄羽戈,特殊,荻魂裤·七秀,-,
"58","荻花宫后山","25人英雄",仄羽戈宝箱3,特殊,荻魂裤·七秀,-,
"58","荻花宫后山","25人英雄",仄羽戈宝箱4,特殊,荻魂裤·七秀,-,
"58","荻花宫后山","25人英雄",仄羽戈宝箱5,特殊,荻魂裤·七秀,-,
"58","荻花宫后山","25人英雄",仄羽戈,特殊,荻魂裤·万花,-,
"58","荻花宫后山","25人英雄",仄羽戈宝箱3,特殊,荻魂裤·万花,-,
"58","荻花宫后山","25人英雄",仄羽戈宝箱4,特殊,荻魂裤·万花,-,
"58","荻花宫后山","25人英雄",仄羽戈宝箱5,特殊,荻魂裤·万花,-,
"58","荻花宫后山","25人英雄",仄羽戈,特殊,荻魂裤·纯阳,-,
"58","荻花宫后山","25人英雄",仄羽戈宝箱3,特殊,荻魂裤·纯阳,-,
"58","荻花宫后山","25人英雄",仄羽戈宝箱4,特殊,荻魂裤·纯阳,-,
"58","荻花宫后山","25人英雄",仄羽戈宝箱5,特殊,荻魂裤·纯阳,-,
"58","荻花宫后山","25人英雄",仄羽戈,特殊,荻魂裤·藏剑,-,
"58","荻花宫后山","25人英雄",仄羽戈宝箱3,特殊,荻魂裤·藏剑,-,
"58","荻花宫后山","25人英雄",仄羽戈宝箱4,特殊,荻魂裤·藏剑,-,
"58","荻花宫后山","25人英雄",仄羽戈宝箱5,特殊,荻魂裤·藏剑,-,
"58","荻花宫后山","25人英雄",仄羽戈,特殊,藏剑武器·水心霄灵,-,
"58","荻花宫后山","25人英雄",仄羽戈,特殊,荻魂裤·五毒,-,
"58","荻花宫后山","25人英雄",仄羽戈宝箱3,特殊,荻魂裤·五毒,-,
"58","荻花宫后山","25人英雄",仄羽戈宝箱4,特殊,荻魂裤·五毒,-,
"58","荻花宫后山","25人英雄",仄羽戈宝箱5,特殊,荻魂裤·五毒,-,
"58","荻花宫后山","25人英雄",仄羽戈,特殊,荻魂裤·唐门,-,
"58","荻花宫后山","25人英雄",仄羽戈宝箱3,特殊,荻魂裤·唐门,-,
"58","荻花宫后山","25人英雄",仄羽戈宝箱4,特殊,荻魂裤·唐门,-,
"58","荻花宫后山","25人英雄",仄羽戈宝箱5,特殊,荻魂裤·唐门,-,
"58","荻花宫后山","25人英雄",提坦德亚罗,特殊,荻魂腰带·少林,-,
"58","荻花宫后山","25人英雄",提坦德亚罗,特殊,荻魂腰带·天策,-,
"58","荻花宫后山","25人英雄",提坦德亚罗,特殊,荻魂腰带·七秀,-,
"58","荻花宫后山","25人英雄",提坦德亚罗,特殊,荻魂腰带·万花,-,
"58","荻花宫后山","25人英雄",提坦德亚罗,特殊,荻魂腰带·纯阳,-,
"58","荻花宫后山","25人英雄",提坦德亚罗,特殊,荻魂腰带·藏剑,-,
"58","荻花宫后山","25人英雄",提坦德亚罗,特殊,藏剑武器·水心霄灵,-,
"58","荻花宫后山","25人英雄",提坦德亚罗,特殊,荻魂腰带·五毒,-,
"58","荻花宫后山","25人英雄",提坦德亚罗,特殊,荻魂腰带·唐门,-,
"58","荻花宫后山","25人英雄",提坦德亚罗,特殊,天外陨铁,-,
"58","荻花宫后山","25人英雄",牡丹,特殊,飞仙玄晶,-,
"58","荻花宫后山","25人英雄",牡丹宝箱5,特殊,飞仙玄晶,-,
"58","荻花宫后山","25人英雄",牡丹,特殊,荻魂衣·少林,-,
"58","荻花宫后山","25人英雄",牡丹宝箱3,特殊,荻魂衣·少林,-,
"58","荻花宫后山","25人英雄",牡丹宝箱4,特殊,荻魂衣·少林,-,
"58","荻花宫后山","25人英雄",牡丹宝箱5,特殊,荻魂衣·少林,-,
"58","荻花宫后山","25人英雄",牡丹,特殊,荻魂衣·天策,-,
"58","荻花宫后山","25人英雄",牡丹宝箱3,特殊,荻魂衣·天策,-,
"58","荻花宫后山","25人英雄",牡丹宝箱4,特殊,荻魂衣·天策,-,
"58","荻花宫后山","25人英雄",牡丹宝箱5,特殊,荻魂衣·天策,-,
"58","荻花宫后山","25人英雄",牡丹,特殊,荻魂衣·七秀,-,
"58","荻花宫后山","25人英雄",牡丹宝箱3,特殊,荻魂衣·七秀,-,
"58","荻花宫后山","25人英雄",牡丹宝箱4,特殊,荻魂衣·七秀,-,
"58","荻花宫后山","25人英雄",牡丹宝箱5,特殊,荻魂衣·七秀,-,
"58","荻花宫后山","25人英雄",牡丹,特殊,荻魂衣·万花,-,
"58","荻花宫后山","25人英雄",牡丹,特殊,天外陨铁,-,
"58","荻花宫后山","25人英雄",牡丹宝箱3,特殊,荻魂衣·万花,-,
"58","荻花宫后山","25人英雄",牡丹宝箱4,特殊,荻魂衣·万花,-,
"58","荻花宫后山","25人英雄",牡丹宝箱5,特殊,荻魂衣·万花,-,
"58","荻花宫后山","25人英雄",牡丹宝箱1,特殊,天外陨铁,-,
"58","荻花宫后山","25人英雄",牡丹,特殊,荻魂衣·纯阳,-,
"58","荻花宫后山","25人英雄",牡丹宝箱3,特殊,荻魂衣·纯阳,-,
"58","荻花宫后山","25人英雄",牡丹宝箱4,特殊,荻魂衣·纯阳,-,
"58","荻花宫后山","25人英雄",牡丹宝箱5,特殊,荻魂衣·纯阳,-,
"58","荻花宫后山","25人英雄",牡丹宝箱2,特殊,天外陨铁,-,
"58","荻花宫后山","25人英雄",牡丹,特殊,荻魂衣·藏剑,-,
"58","荻花宫后山","25人英雄",牡丹宝箱3,特殊,荻魂衣·藏剑,-,
"58","荻花宫后山","25人英雄",牡丹宝箱4,特殊,荻魂衣·藏剑,-,
"58","荻花宫后山","25人英雄",牡丹宝箱5,特殊,荻魂衣·藏剑,-,
"58","荻花宫后山","25人英雄",牡丹宝箱3,特殊,天外陨铁,-,
"58","荻花宫后山","25人英雄",牡丹,特殊,藏剑武器·水心霄灵,-,
"58","荻花宫后山","25人英雄",牡丹,特殊,藏剑武器·赤霁转魄,-,
"58","荻花宫后山","25人英雄",牡丹宝箱4,特殊,天外陨铁,-,
"58","荻花宫后山","25人英雄",牡丹,特殊,荻魂衣·五毒,-,
"58","荻花宫后山","25人英雄",牡丹宝箱3,特殊,荻魂衣·五毒,-,
"58","荻花宫后山","25人英雄",牡丹宝箱4,特殊,荻魂衣·五毒,-,
"58","荻花宫后山","25人英雄",牡丹宝箱5,特殊,荻魂衣·五毒,-,
"58","荻花宫后山","25人英雄",牡丹宝箱5,特殊,天外陨铁,-,
"58","荻花宫后山","25人英雄",牡丹,特殊,荻魂衣·唐门,-,
"58","荻花宫后山","25人英雄",牡丹宝箱3,特殊,荻魂衣·唐门,-,
"58","荻花宫后山","25人英雄",牡丹宝箱4,特殊,荻魂衣·唐门,-,
"58","荻花宫后山","25人英雄",牡丹宝箱5,特殊,荻魂衣·唐门,-,
"51","剑冢","5人普通",叶琦菲,特殊,武诀·蹑云逐月第三重,-,
"51","剑冢","5人普通",叶琦菲,特殊,《秀水剑法·九溪弥烟》秘诀残页,-,
"62","剑冢","5人英雄",叶秋池,特殊,《西子情·风吹荷》穴位图断篇,-,
"62","剑冢","5人英雄",叶秋池,特殊,天泉水玉,-,
"60","持国天王殿","10人普通",提多罗吒宝箱2,特殊,天煞兵器谱兵器碎片,-,
"60","持国天王殿","10人普通",提多罗吒宝箱2,特殊,天外陨铁,-,
"60","持国天王殿","10人普通",提多罗吒宝箱3,特殊,天外陨铁,-,
"60","持国天王殿","10人普通",提多罗吒宝箱3,特殊,天煞兵器谱兵器碎片,-,
"60","持国天王殿","10人普通",提多罗吒,特殊,天煞兵器谱兵器碎片,-,
"60","持国天王殿","10人普通",提多罗吒,特殊,龙魂谱,-,
"60","持国天王殿","10人普通",提多罗吒宝箱2,特殊,龙魂谱,-,
"60","持国天王殿","10人普通",提多罗吒宝箱3,特殊,龙魂谱,-,
"60","持国天王殿","10人普通",提多罗吒,特殊,天外陨铁,-,
"66","持国天王殿","25人英雄",提多罗吒,特殊,万花岐黄术第三章,-,
"66","持国天王殿","25人英雄",提多罗吒,特殊,《坐忘经·返本归元》人偶图绝章,-,
"66","持国天王殿","25人英雄",提多罗吒宝箱1,特殊,《坐忘经·返本归元》人偶图绝章,-,
"66","持国天王殿","25人英雄",提多罗吒宝箱2,特殊,《坐忘经·返本归元》人偶图绝章,-,
"66","持国天王殿","25人英雄",提多罗吒宝箱3,特殊,《坐忘经·返本归元》人偶图绝章,-,
"66","持国天王殿","25人英雄",提多罗吒宝箱4,特殊,《坐忘经·返本归元》人偶图绝章,-,
"66","持国天王殿","25人英雄",提多罗吒宝箱5,特殊,《坐忘经·返本归元》人偶图绝章,-,
"66","持国天王殿","25人英雄",提多罗吒,特殊,《纯阳诀·生太极》经脉图断篇,-,
"66","持国天王殿","25人英雄",提多罗吒宝箱1,特殊,《纯阳诀·生太极》经脉图断篇,-,
"66","持国天王殿","25人英雄",提多罗吒宝箱3,特殊,《纯阳诀·生太极》经脉图断篇,-,
"66","持国天王殿","25人英雄",提多罗吒宝箱5,特殊,《纯阳诀·生太极》经脉图断篇,-,
"66","持国天王殿","25人英雄",提多罗吒宝箱1,特殊,《扫叶腿法·回风扫叶》穴位图断篇,-,
"66","持国天王殿","25人英雄",提多罗吒宝箱3,特殊,《扫叶腿法·回风扫叶》穴位图断篇,-,
"66","持国天王殿","25人英雄",提多罗吒宝箱1,特殊,《剑器浑脱·满堂势》人偶图残页,-,
"66","持国天王殿","25人英雄",提多罗吒宝箱5,特殊,《剑器浑脱·满堂势》人偶图残页,-,
"66","持国天王殿","25人英雄",提多罗吒宝箱3,特殊,《西河剑器·月华倾泻》穴位图断篇,-,
"66","持国天王殿","25人英雄",提多罗吒宝箱1,特殊,《袈裟伏魔功·大狮子吼》人偶图残页,-,
"66","持国天王殿","25人英雄",提多罗吒宝箱3,特殊,《袈裟伏魔功·袖纳乾坤》注释断篇,-,
"66","持国天王殿","25人英雄",提多罗吒宝箱5,特殊,《虎牙令·守如山》穴位图绝章,-,
"66","持国天王殿","25人英雄",提多罗吒宝箱1,特殊,《养心诀·清风垂露》人偶图绝章,-,
"66","持国天王殿","25人英雄",提多罗吒宝箱3,特殊,《太素九针·提针》经脉图断篇,-,
"66","持国天王殿","25人英雄",提多罗吒宝箱1,特殊,纯阳诀其三,-,
"66","持国天王殿","25人英雄",提多罗吒宝箱5,特殊,大力金刚掌第三式,-,
"66","持国天王殿","25人英雄",提多罗吒宝箱3,特殊,太宗兵法第二章,-,
"66","持国天王殿","25人英雄",提多罗吒宝箱1,特殊,万花岐黄术第三章,-,
"66","持国天王殿","25人英雄",提多罗吒宝箱2,特殊,万花岐黄术第三章,-,
"66","持国天王殿","25人英雄",提多罗吒宝箱4,特殊,《太素九针·提针》经脉图断篇,-,
"66","持国天王殿","25人英雄",提多罗吒宝箱2,特殊,纯阳诀其三,-,
"66","持国天王殿","25人英雄",提多罗吒,特殊,七秀剑舞诀第二章,-,
"66","持国天王殿","25人英雄",提多罗吒宝箱4,特殊,太宗兵法第二章,-,
"66","持国天王殿","25人英雄",提多罗吒宝箱3,特殊,万花岐黄术第三章,-,
"66","持国天王殿","25人英雄",提多罗吒宝箱4,特殊,万花岐黄术第三章,-,
"66","持国天王殿","25人英雄",提多罗吒宝箱2,特殊,《袈裟伏魔功·大狮子吼》人偶图残页,-,
"66","持国天王殿","25人英雄",提多罗吒宝箱4,特殊,《袈裟伏魔功·袖纳乾坤》注释断篇,-,
"66","持国天王殿","25人英雄",提多罗吒,特殊,《奔雷枪术·突》穴位图断篇,-,
"66","持国天王殿","25人英雄",提多罗吒宝箱2,特殊,《养心诀·清风垂露》人偶图绝章,-,
"66","持国天王殿","25人英雄",提多罗吒宝箱5,特殊,《太素九针·提针》经脉图断篇,-,
"66","持国天王殿","25人英雄",提多罗吒宝箱3,特殊,纯阳诀其三,-,
"66","持国天王殿","25人英雄",提多罗吒宝箱1,特殊,七秀剑舞诀第二章,-,
"66","持国天王殿","25人英雄",提多罗吒宝箱5,特殊,太宗兵法第二章,-,
"66","持国天王殿","25人英雄",提多罗吒宝箱5,特殊,万花岐黄术第三章,-,
"66","持国天王殿","25人英雄",提多罗吒,特殊,三宿印,-,
"66","持国天王殿","25人英雄",提多罗吒,特殊,天外陨铁,-,
"66","持国天王殿","25人英雄",提多罗吒宝箱4,特殊,纯阳诀其三,-,
"66","持国天王殿","25人英雄",提多罗吒宝箱2,特殊,七秀剑舞诀第二章,-,
"66","持国天王殿","25人英雄",提多罗吒,特殊,太宗兵法第三章,-,
"66","持国天王殿","25人英雄",提多罗吒宝箱3,特殊,三宿印,-,
"66","持国天王殿","25人英雄",提多罗吒宝箱4,特殊,三宿印,-,
"66","持国天王殿","25人英雄",提多罗吒宝箱4,特殊,《扫叶腿法·回风扫叶》穴位图断篇,-,
"66","持国天王殿","25人英雄",提多罗吒宝箱2,特殊,《剑器浑脱·满堂势》人偶图残页,-,
"66","持国天王殿","25人英雄",提多罗吒,特殊,《西河剑器·月华倾泻》穴位图断篇,-,
"66","持国天王殿","25人英雄",提多罗吒宝箱4,特殊,《西河剑器·月华倾泻》穴位图断篇,-,
"66","持国天王殿","25人英雄",提多罗吒宝箱3,特殊,《袈裟伏魔功·大狮子吼》人偶图残页,-,
"66","持国天王殿","25人英雄",提多罗吒宝箱5,特殊,《袈裟伏魔功·袖纳乾坤》注释断篇,-,
"66","持国天王殿","25人英雄",提多罗吒宝箱1,特殊,《奔雷枪术·突》穴位图断篇,-,
"66","持国天王殿","25人英雄",提多罗吒宝箱3,特殊,《养心诀·清风垂露》人偶图绝章,-,
"66","持国天王殿","25人英雄",提多罗吒宝箱1,特殊,天外陨铁,-,
"66","持国天王殿","25人英雄",提多罗吒宝箱5,特殊,纯阳诀其三,-,
"66","持国天王殿","25人英雄",提多罗吒宝箱3,特殊,七秀剑舞诀第二章,-,
"66","持国天王殿","25人英雄",提多罗吒宝箱1,特殊,太宗兵法第三章,-,
"66","持国天王殿","25人英雄",提多罗吒宝箱5,特殊,三宿印,-,
"66","持国天王殿","25人英雄",提多罗吒,特殊,三宿链,-,
"66","持国天王殿","25人英雄",提多罗吒宝箱2,特殊,天外陨铁,-,
"66","持国天王殿","25人英雄",提多罗吒,特殊,大力金刚掌第二式,-,
"66","持国天王殿","25人英雄",提多罗吒宝箱4,特殊,七秀剑舞诀第二章,-,
"66","持国天王殿","25人英雄",提多罗吒宝箱2,特殊,太宗兵法第三章,-,
"66","持国天王殿","25人英雄",提多罗吒宝箱3,特殊,三宿链,-,
"66","持国天王殿","25人英雄",提多罗吒宝箱4,特殊,三宿链,-,
"66","持国天王殿","25人英雄",提多罗吒宝箱4,特殊,《袈裟伏魔功·大狮子吼》人偶图残页,-,
"66","持国天王殿","25人英雄",提多罗吒,特殊,《虎牙令·守如山》穴位图绝章,-,
"66","持国天王殿","25人英雄",提多罗吒宝箱2,特殊,《奔雷枪术·突》穴位图断篇,-,
"66","持国天王殿","25人英雄",提多罗吒宝箱4,特殊,《养心诀·清风垂露》人偶图绝章,-,
"66","持国天王殿","25人英雄",提多罗吒宝箱3,特殊,天外陨铁,-,
"66","持国天王殿","25人英雄",提多罗吒宝箱1,特殊,大力金刚掌第二式,-,
"66","持国天王殿","25人英雄",提多罗吒宝箱5,特殊,七秀剑舞诀第二章,-,
"66","持国天王殿","25人英雄",提多罗吒宝箱3,特殊,太宗兵法第三章,-,
"66","持国天王殿","25人英雄",提多罗吒宝箱5,特殊,三宿链,-,
"66","持国天王殿","25人英雄",提多罗吒宝箱4,特殊,天外陨铁,-,
"66","持国天王殿","25人英雄",提多罗吒宝箱2,特殊,大力金刚掌第二式,-,
"66","持国天王殿","25人英雄",提多罗吒,特殊,七秀剑舞诀第三章,-,
"66","持国天王殿","25人英雄",提多罗吒宝箱4,特殊,太宗兵法第三章,-,
"66","持国天王殿","25人英雄",提多罗吒宝箱2,特殊,《纯阳诀·生太极》经脉图断篇,-,
"66","持国天王殿","25人英雄",提多罗吒宝箱4,特殊,《纯阳诀·生太极》经脉图断篇,-,
"66","持国天王殿","25人英雄",提多罗吒,特殊,《扫叶腿法·回风扫叶》穴位图断篇,-,
"66","持国天王殿","25人英雄",提多罗吒宝箱2,特殊,《扫叶腿法·回风扫叶》穴位图断篇,-,
"66","持国天王殿","25人英雄",提多罗吒宝箱5,特殊,《扫叶腿法·回风扫叶》穴位图断篇,-,
"66","持国天王殿","25人英雄",提多罗吒宝箱3,特殊,《剑器浑脱·满堂势》人偶图残页,-,
"66","持国天王殿","25人英雄",提多罗吒宝箱1,特殊,《西河剑器·月华倾泻》穴位图断篇,-,
"66","持国天王殿","25人英雄",提多罗吒宝箱5,特殊,《西河剑器·月华倾泻》穴位图断篇,-,
"66","持国天王殿","25人英雄",提多罗吒宝箱5,特殊,《袈裟伏魔功·大狮子吼》人偶图残页,-,
"66","持国天王殿","25人英雄",提多罗吒宝箱1,特殊,《虎牙令·守如山》穴位图绝章,-,
"66","持国天王殿","25人英雄",提多罗吒宝箱3,特殊,《奔雷枪术·突》穴位图断篇,-,
"66","持国天王殿","25人英雄",提多罗吒宝箱5,特殊,《养心诀·清风垂露》人偶图绝章,-,
"66","持国天王殿","25人英雄",提多罗吒宝箱5,特殊,天外陨铁,-,
"66","持国天王殿","25人英雄",提多罗吒宝箱3,特殊,大力金刚掌第二式,-,
"66","持国天王殿","25人英雄",提多罗吒宝箱1,特殊,七秀剑舞诀第三章,-,
"66","持国天王殿","25人英雄",提多罗吒宝箱5,特殊,太宗兵法第三章,-,
"66","持国天王殿","25人英雄",提多罗吒,特殊,纯阳诀其二,-,
"66","持国天王殿","25人英雄",提多罗吒宝箱4,特殊,大力金刚掌第二式,-,
"66","持国天王殿","25人英雄",提多罗吒宝箱2,特殊,七秀剑舞诀第三章,-,
"66","持国天王殿","25人英雄",提多罗吒,特殊,万花岐黄术第二章,-,
"66","持国天王殿","25人英雄",提多罗吒,特殊,《袈裟伏魔功·袖纳乾坤》注释断篇,-,
"66","持国天王殿","25人英雄",提多罗吒宝箱2,特殊,《虎牙令·守如山》穴位图绝章,-,
"66","持国天王殿","25人英雄",提多罗吒宝箱4,特殊,《奔雷枪术·突》穴位图断篇,-,
"66","持国天王殿","25人英雄",提多罗吒,特殊,《太素九针·提针》经脉图断篇,-,
"66","持国天王殿","25人英雄",提多罗吒宝箱1,特殊,纯阳诀其二,-,
"66","持国天王殿","25人英雄",提多罗吒宝箱5,特殊,大力金刚掌第二式,-,
"66","持国天王殿","25人英雄",提多罗吒宝箱3,特殊,七秀剑舞诀第三章,-,
"66","持国天王殿","25人英雄",提多罗吒宝箱1,特殊,万花岐黄术第二章,-,
"66","持国天王殿","25人英雄",提多罗吒宝箱2,特殊,纯阳诀其二,-,
"66","持国天王殿","25人英雄",提多罗吒,特殊,大力金刚掌第三式,-,
"66","持国天王殿","25人英雄",提多罗吒宝箱4,特殊,七秀剑舞诀第三章,-,
"66","持国天王殿","25人英雄",提多罗吒宝箱2,特殊,万花岐黄术第二章,-,
"66","持国天王殿","25人英雄",提多罗吒,特殊,《剑器浑脱·满堂势》人偶图残页,-,
"66","持国天王殿","25人英雄",提多罗吒宝箱4,特殊,《剑器浑脱·满堂势》人偶图残页,-,
"66","持国天王殿","25人英雄",提多罗吒宝箱2,特殊,《西河剑器·月华倾泻》穴位图断篇,-,
"66","持国天王殿","25人英雄",提多罗吒,特殊,《袈裟伏魔功·大狮子吼》人偶图残页,-,
"66","持国天王殿","25人英雄",提多罗吒宝箱1,特殊,《袈裟伏魔功·袖纳乾坤》注释断篇,-,
"66","持国天王殿","25人英雄",提多罗吒宝箱3,特殊,《虎牙令·守如山》穴位图绝章,-,
"66","持国天王殿","25人英雄",提多罗吒宝箱5,特殊,《奔雷枪术·突》穴位图断篇,-,
"66","持国天王殿","25人英雄",提多罗吒宝箱1,特殊,《太素九针·提针》经脉图断篇,-,
"66","持国天王殿","25人英雄",提多罗吒宝箱3,特殊,纯阳诀其二,-,
"66","持国天王殿","25人英雄",提多罗吒宝箱1,特殊,大力金刚掌第三式,-,
"66","持国天王殿","25人英雄",提多罗吒宝箱5,特殊,七秀剑舞诀第三章,-,
"66","持国天王殿","25人英雄",提多罗吒宝箱3,特殊,万花岐黄术第二章,-,
"66","持国天王殿","25人英雄",提多罗吒宝箱4,特殊,纯阳诀其二,-,
"66","持国天王殿","25人英雄",提多罗吒宝箱2,特殊,大力金刚掌第三式,-,
"66","持国天王殿","25人英雄",提多罗吒,特殊,太宗兵法第二章,-,
"66","持国天王殿","25人英雄",提多罗吒宝箱4,特殊,万花岐黄术第二章,-,
"66","持国天王殿","25人英雄",提多罗吒宝箱2,特殊,《袈裟伏魔功·袖纳乾坤》注释断篇,-,
"66","持国天王殿","25人英雄",提多罗吒宝箱4,特殊,《虎牙令·守如山》穴位图绝章,-,
"66","持国天王殿","25人英雄",提多罗吒,特殊,《养心诀·清风垂露》人偶图绝章,-,
"66","持国天王殿","25人英雄",提多罗吒宝箱2,特殊,《太素九针·提针》经脉图断篇,-,
"66","持国天王殿","25人英雄",提多罗吒宝箱5,特殊,纯阳诀其二,-,
"66","持国天王殿","25人英雄",提多罗吒宝箱3,特殊,大力金刚掌第三式,-,
"66","持国天王殿","25人英雄",提多罗吒宝箱1,特殊,太宗兵法第二章,-,
"66","持国天王殿","25人英雄",提多罗吒宝箱5,特殊,万花岐黄术第二章,-,
"66","持国天王殿","25人英雄",提多罗吒,特殊,纯阳诀其三,-,
"66","持国天王殿","25人英雄",提多罗吒宝箱4,特殊,大力金刚掌第三式,-,
"66","持国天王殿","25人英雄",提多罗吒宝箱2,特殊,太宗兵法第二章,-,
"65","持国天王殿","25人挑战",提多罗吒宝箱1,特殊,天外陨铁,-,
"65","持国天王殿","25人挑战",提多罗吒,特殊,镜湖垂烟·踏晓,-,
"65","持国天王殿","25人挑战",提多罗吒宝箱2,特殊,天外陨铁,-,
"65","持国天王殿","25人挑战",提多罗吒宝箱5,特殊,镜湖垂烟·踏晓,-,
"65","持国天王殿","25人挑战",提多罗吒宝箱3,特殊,天外陨铁,-,
"65","持国天王殿","25人挑战",提多罗吒宝箱4,特殊,天外陨铁,-,
"65","持国天王殿","25人挑战",提多罗吒宝箱5,特殊,天外陨铁,-,
"65","持国天王殿","25人挑战",提多罗吒,特殊,天外陨铁,-,
"65","持国天王殿","25人挑战",提多罗吒,特殊,飞仙玄晶,-,
"61","宫中神武遗迹","10人普通",谢云流,特殊,天煞兵器谱兵器碎片,-,
"61","宫中神武遗迹","10人普通",谢云流宝箱1,特殊,天煞兵器谱兵器碎片,-,
"61","宫中神武遗迹","10人普通",谢云流宝箱2,特殊,天煞兵器谱兵器碎片,-,
"61","宫中神武遗迹","10人普通",谢云流,特殊,龙魂谱,-,
"61","宫中神武遗迹","10人普通",谢云流宝箱1,特殊,龙魂谱,-,
"61","宫中神武遗迹","10人普通",谢云流宝箱2,特殊,龙魂谱,-,
"61","宫中神武遗迹","10人普通",谢云流,特殊,天外陨铁,-,
"61","宫中神武遗迹","10人普通",谢云流宝箱1,特殊,天外陨铁,-,
"61","宫中神武遗迹","10人普通",谢云流宝箱2,特殊,天外陨铁,-,
"63","宫中神武遗迹","25人英雄",谢云流宝箱1,特殊,太宗兵法第二章,-,
"63","宫中神武遗迹","25人英雄",谢云流宝箱3,特殊,《坐忘经·返本归元》人偶图绝章,-,
"63","宫中神武遗迹","25人英雄",谢云流宝箱1,特殊,《纯阳诀·生太极》经脉图断篇,-,
"63","宫中神武遗迹","25人英雄",谢云流宝箱5,特殊,《纯阳诀·生太极》经脉图断篇,-,
"63","宫中神武遗迹","25人英雄",谢云流宝箱3,特殊,《扫叶腿法·回风扫叶》穴位图断篇,-,
"63","宫中神武遗迹","25人英雄",谢云流宝箱5,特殊,《剑器浑脱·满堂势》人偶图残页,-,
"63","宫中神武遗迹","25人英雄",谢云流宝箱1,特殊,《袈裟伏魔功·大狮子吼》人偶图残页,-,
"63","宫中神武遗迹","25人英雄",谢云流宝箱3,特殊,《袈裟伏魔功·袖纳乾坤》注释断篇,-,
"63","宫中神武遗迹","25人英雄",谢云流宝箱5,特殊,《虎牙令·守如山》穴位图绝章,-,
"63","宫中神武遗迹","25人英雄",谢云流宝箱3,特殊,《太素九针·提针》经脉图断篇,-,
"63","宫中神武遗迹","25人英雄",谢云流,特殊,纯阳诀其三,-,
"63","宫中神武遗迹","25人英雄",谢云流宝箱4,特殊,大力金刚掌第三式,-,
"63","宫中神武遗迹","25人英雄",谢云流宝箱2,特殊,太宗兵法第二章,-,
"63","宫中神武遗迹","25人英雄",谢云流宝箱3,特殊,太宗兵法第二章,-,
"63","宫中神武遗迹","25人英雄",谢云流,特殊,《奔雷枪术·突》穴位图断篇,-,
"63","宫中神武遗迹","25人英雄",谢云流宝箱4,特殊,《太素九针·提针》经脉图断篇,-,
"63","宫中神武遗迹","25人英雄",谢云流宝箱1,特殊,纯阳诀其三,-,
"63","宫中神武遗迹","25人英雄",谢云流宝箱5,特殊,大力金刚掌第三式,-,
"63","宫中神武遗迹","25人英雄",谢云流宝箱4,特殊,太宗兵法第二章,-,
"63","宫中神武遗迹","25人英雄",谢云流宝箱5,特殊,太宗兵法第二章,-,
"63","宫中神武遗迹","25人英雄",谢云流宝箱4,特殊,《扫叶腿法·回风扫叶》穴位图断篇,-,
"63","宫中神武遗迹","25人英雄",谢云流,特殊,《西河剑器·月华倾泻》穴位图断篇,-,
"63","宫中神武遗迹","25人英雄",谢云流宝箱2,特殊,《袈裟伏魔功·大狮子吼》人偶图残页,-,
"63","宫中神武遗迹","25人英雄",谢云流宝箱4,特殊,《袈裟伏魔功·袖纳乾坤》注释断篇,-,
"63","宫中神武遗迹","25人英雄",谢云流宝箱1,特殊,《奔雷枪术·突》穴位图断篇,-,
"63","宫中神武遗迹","25人英雄",谢云流宝箱5,特殊,《太素九针·提针》经脉图断篇,-,
"63","宫中神武遗迹","25人英雄",谢云流宝箱2,特殊,纯阳诀其三,-,
"63","宫中神武遗迹","25人英雄",谢云流,特殊,七秀剑舞诀第二章,-,
"63","宫中神武遗迹","25人英雄",谢云流,特殊,太宗兵法第三章,-,
"63","宫中神武遗迹","25人英雄",谢云流宝箱1,特殊,太宗兵法第三章,-,
"63","宫中神武遗迹","25人英雄",谢云流宝箱2,特殊,《奔雷枪术·突》穴位图断篇,-,
"63","宫中神武遗迹","25人英雄",谢云流宝箱3,特殊,纯阳诀其三,-,
"63","宫中神武遗迹","25人英雄",谢云流宝箱1,特殊,七秀剑舞诀第二章,-,
"63","宫中神武遗迹","25人英雄",谢云流宝箱2,特殊,太宗兵法第三章,-,
"63","宫中神武遗迹","25人英雄",谢云流宝箱3,特殊,太宗兵法第三章,-,
"63","宫中神武遗迹","25人英雄",谢云流,特殊,《坐忘经·返本归元》人偶图绝章,-,
"63","宫中神武遗迹","25人英雄",谢云流宝箱4,特殊,《坐忘经·返本归元》人偶图绝章,-,
"63","宫中神武遗迹","25人英雄",谢云流宝箱2,特殊,《纯阳诀·生太极》经脉图断篇,-,
"63","宫中神武遗迹","25人英雄",谢云流,特殊,《扫叶腿法·回风扫叶》穴位图断篇,-,
"63","宫中神武遗迹","25人英雄",谢云流宝箱5,特殊,《扫叶腿法·回风扫叶》穴位图断篇,-,
"63","宫中神武遗迹","25人英雄",谢云流宝箱1,特殊,《西河剑器·月华倾泻》穴位图断篇,-,
"63","宫中神武遗迹","25人英雄",谢云流宝箱3,特殊,《袈裟伏魔功·大狮子吼》人偶图残页,-,
"63","宫中神武遗迹","25人英雄",谢云流宝箱5,特殊,《袈裟伏魔功·袖纳乾坤》注释断篇,-,
"63","宫中神武遗迹","25人英雄",谢云流宝箱3,特殊,《奔雷枪术·突》穴位图断篇,-,
"63","宫中神武遗迹","25人英雄",谢云流,特殊,天外陨铁,-,
"63","宫中神武遗迹","25人英雄",谢云流宝箱4,特殊,纯阳诀其三,-,
"63","宫中神武遗迹","25人英雄",谢云流宝箱2,特殊,七秀剑舞诀第二章,-,
"63","宫中神武遗迹","25人英雄",谢云流宝箱4,特殊,太宗兵法第三章,-,
"63","宫中神武遗迹","25人英雄",谢云流宝箱5,特殊,太宗兵法第三章,-,
"63","宫中神武遗迹","25人英雄",谢云流宝箱4,特殊,《奔雷枪术·突》穴位图断篇,-,
"63","宫中神武遗迹","25人英雄",谢云流宝箱1,特殊,天外陨铁,-,
"63","宫中神武遗迹","25人英雄",谢云流宝箱5,特殊,纯阳诀其三,-,
"63","宫中神武遗迹","25人英雄",谢云流宝箱3,特殊,七秀剑舞诀第二章,-,
"63","宫中神武遗迹","25人英雄",谢云流,特殊,万花岐黄术第二章,-,
"63","宫中神武遗迹","25人英雄",谢云流宝箱1,特殊,万花岐黄术第二章,-,
"63","宫中神武遗迹","25人英雄",谢云流,特殊,《剑器浑脱·满堂势》人偶图残页,-,
"63","宫中神武遗迹","25人英雄",谢云流宝箱2,特殊,《西河剑器·月华倾泻》穴位图断篇,-,
"63","宫中神武遗迹","25人英雄",谢云流宝箱4,特殊,《袈裟伏魔功·大狮子吼》人偶图残页,-,
"63","宫中神武遗迹","25人英雄",谢云流,特殊,《虎牙令·守如山》穴位图绝章,-,
"63","宫中神武遗迹","25人英雄",谢云流宝箱5,特殊,《奔雷枪术·突》穴位图断篇,-,
"63","宫中神武遗迹","25人英雄",谢云流宝箱2,特殊,天外陨铁,-,
"63","宫中神武遗迹","25人英雄",谢云流,特殊,大力金刚掌第二式,-,
"63","宫中神武遗迹","25人英雄",谢云流宝箱4,特殊,七秀剑舞诀第二章,-,
"63","宫中神武遗迹","25人英雄",谢云流宝箱2,特殊,万花岐黄术第二章,-,
"63","宫中神武遗迹","25人英雄",谢云流宝箱3,特殊,万花岐黄术第二章,-,
"63","宫中神武遗迹","25人英雄",谢云流,特殊,《养心诀·清风垂露》人偶图绝章,-,
"63","宫中神武遗迹","25人英雄",谢云流宝箱3,特殊,天外陨铁,-,
"63","宫中神武遗迹","25人英雄",谢云流宝箱1,特殊,大力金刚掌第二式,-,
"63","宫中神武遗迹","25人英雄",谢云流宝箱5,特殊,七秀剑舞诀第二章,-,
"63","宫中神武遗迹","25人英雄",谢云流宝箱4,特殊,万花岐黄术第二章,-,
"63","宫中神武遗迹","25人英雄",谢云流宝箱1,特殊,《坐忘经·返本归元》人偶图绝章,-,
"63","宫中神武遗迹","25人英雄",谢云流宝箱5,特殊,《坐忘经·返本归元》人偶图绝章,-,
"63","宫中神武遗迹","25人英雄",谢云流宝箱3,特殊,《纯阳诀·生太极》经脉图断篇,-,
"63","宫中神武遗迹","25人英雄",谢云流宝箱1,特殊,《扫叶腿法·回风扫叶》穴位图断篇,-,
"63","宫中神武遗迹","25人英雄",谢云流宝箱1,特殊,《剑器浑脱·满堂势》人偶图残页,-,
"63","宫中神武遗迹","25人英雄",谢云流宝箱3,特殊,《西河剑器·月华倾泻》穴位图断篇,-,
"63","宫中神武遗迹","25人英雄",谢云流宝箱5,特殊,《袈裟伏魔功·大狮子吼》人偶图残页,-,
"63","宫中神武遗迹","25人英雄",谢云流宝箱1,特殊,《虎牙令·守如山》穴位图绝章,-,
"63","宫中神武遗迹","25人英雄",谢云流宝箱1,特殊,《养心诀·清风垂露》人偶图绝章,-,
"63","宫中神武遗迹","25人英雄",谢云流宝箱4,特殊,天外陨铁,-,
"63","宫中神武遗迹","25人英雄",谢云流宝箱2,特殊,大力金刚掌第二式,-,
"63","宫中神武遗迹","25人英雄",谢云流,特殊,七秀剑舞诀第三章,-,
"63","宫中神武遗迹","25人英雄",谢云流,特殊,万花岐黄术第三章,-,
"63","宫中神武遗迹","25人英雄",谢云流宝箱1,特殊,万花岐黄术第三章,-,
"63","宫中神武遗迹","25人英雄",谢云流宝箱2,特殊,《养心诀·清风垂露》人偶图绝章,-,
"63","宫中神武遗迹","25人英雄",谢云流宝箱5,特殊,天外陨铁,-,
"63","宫中神武遗迹","25人英雄",谢云流宝箱3,特殊,大力金刚掌第二式,-,
"63","宫中神武遗迹","25人英雄",谢云流宝箱1,特殊,七秀剑舞诀第三章,-,
"63","宫中神武遗迹","25人英雄",谢云流宝箱2,特殊,万花岐黄术第三章,-,
"63","宫中神武遗迹","25人英雄",谢云流宝箱3,特殊,万花岐黄术第三章,-,
"63","宫中神武遗迹","25人英雄",谢云流宝箱2,特殊,《剑器浑脱·满堂势》人偶图残页,-,
"63","宫中神武遗迹","25人英雄",谢云流宝箱4,特殊,《西河剑器·月华倾泻》穴位图断篇,-,
"63","宫中神武遗迹","25人英雄",谢云流,特殊,《袈裟伏魔功·袖纳乾坤》注释断篇,-,
"63","宫中神武遗迹","25人英雄",谢云流宝箱2,特殊,《虎牙令·守如山》穴位图绝章,-,
"63","宫中神武遗迹","25人英雄",谢云流宝箱3,特殊,《养心诀·清风垂露》人偶图绝章,-,
"63","宫中神武遗迹","25人英雄",谢云流,特殊,纯阳诀其二,-,
"63","宫中神武遗迹","25人英雄",谢云流宝箱4,特殊,大力金刚掌第二式,-,
"63","宫中神武遗迹","25人英雄",谢云流宝箱2,特殊,七秀剑舞诀第三章,-,
"63","宫中神武遗迹","25人英雄",谢云流宝箱4,特殊,万花岐黄术第三章,-,
"63","宫中神武遗迹","25人英雄",谢云流宝箱5,特殊,万花岐黄术第三章,-,
"63","宫中神武遗迹","25人英雄",谢云流宝箱4,特殊,《养心诀·清风垂露》人偶图绝章,-,
"63","宫中神武遗迹","25人英雄",谢云流宝箱1,特殊,纯阳诀其二,-,
"63","宫中神武遗迹","25人英雄",谢云流宝箱5,特殊,大力金刚掌第二式,-,
"63","宫中神武遗迹","25人英雄",谢云流宝箱3,特殊,七秀剑舞诀第三章,-,
"63","宫中神武遗迹","25人英雄",谢云流,特殊,三宿戒,-,
"63","宫中神武遗迹","25人英雄",谢云流宝箱3,特殊,三宿戒,-,
"63","宫中神武遗迹","25人英雄",谢云流宝箱2,特殊,《坐忘经·返本归元》人偶图绝章,-,
"63","宫中神武遗迹","25人英雄",谢云流,特殊,《纯阳诀·生太极》经脉图断篇,-,
"63","宫中神武遗迹","25人英雄",谢云流宝箱4,特殊,《纯阳诀·生太极》经脉图断篇,-,
"63","宫中神武遗迹","25人英雄",谢云流宝箱2,特殊,《扫叶腿法·回风扫叶》穴位图断篇,-,
"63","宫中神武遗迹","25人英雄",谢云流宝箱3,特殊,《剑器浑脱·满堂势》人偶图残页,-,
"63","宫中神武遗迹","25人英雄",谢云流宝箱5,特殊,《西河剑器·月华倾泻》穴位图断篇,-,
"63","宫中神武遗迹","25人英雄",谢云流宝箱1,特殊,《袈裟伏魔功·袖纳乾坤》注释断篇,-,
"63","宫中神武遗迹","25人英雄",谢云流宝箱3,特殊,《虎牙令·守如山》穴位图绝章,-,
"63","宫中神武遗迹","25人英雄",谢云流宝箱5,特殊,《养心诀·清风垂露》人偶图绝章,-,
"63","宫中神武遗迹","25人英雄",谢云流宝箱2,特殊,纯阳诀其二,-,
"63","宫中神武遗迹","25人英雄",谢云流,特殊,大力金刚掌第三式,-,
"63","宫中神武遗迹","25人英雄",谢云流宝箱4,特殊,七秀剑舞诀第三章,-,
"63","宫中神武遗迹","25人英雄",谢云流宝箱4,特殊,三宿戒,-,
"63","宫中神武遗迹","25人英雄",谢云流宝箱5,特殊,三宿戒,-,
"63","宫中神武遗迹","25人英雄",谢云流,特殊,《太素九针·提针》经脉图断篇,-,
"63","宫中神武遗迹","25人英雄",谢云流宝箱3,特殊,纯阳诀其二,-,
"63","宫中神武遗迹","25人英雄",谢云流宝箱1,特殊,大力金刚掌第三式,-,
"63","宫中神武遗迹","25人英雄",谢云流宝箱5,特殊,七秀剑舞诀第三章,-,
"63","宫中神武遗迹","25人英雄",谢云流,特殊,三宿链,-,
"63","宫中神武遗迹","25人英雄",谢云流宝箱3,特殊,三宿链,-,
"63","宫中神武遗迹","25人英雄",谢云流宝箱4,特殊,《剑器浑脱·满堂势》人偶图残页,-,
"63","宫中神武遗迹","25人英雄",谢云流,特殊,《袈裟伏魔功·大狮子吼》人偶图残页,-,
"63","宫中神武遗迹","25人英雄",谢云流宝箱2,特殊,《袈裟伏魔功·袖纳乾坤》注释断篇,-,
"63","宫中神武遗迹","25人英雄",谢云流宝箱4,特殊,《虎牙令·守如山》穴位图绝章,-,
"63","宫中神武遗迹","25人英雄",谢云流宝箱1,特殊,《太素九针·提针》经脉图断篇,-,
"63","宫中神武遗迹","25人英雄",谢云流宝箱4,特殊,纯阳诀其二,-,
"63","宫中神武遗迹","25人英雄",谢云流宝箱2,特殊,大力金刚掌第三式,-,
"63","宫中神武遗迹","25人英雄",谢云流,特殊,太宗兵法第二章,-,
"63","宫中神武遗迹","25人英雄",谢云流宝箱4,特殊,三宿链,-,
"63","宫中神武遗迹","25人英雄",谢云流宝箱5,特殊,三宿链,-,
"63","宫中神武遗迹","25人英雄",谢云流宝箱2,特殊,《太素九针·提针》经脉图断篇,-,
"63","宫中神武遗迹","25人英雄",谢云流宝箱5,特殊,纯阳诀其二,-,
"63","宫中神武遗迹","25人英雄",谢云流宝箱3,特殊,大力金刚掌第三式,-,
"63","宫中神武遗迹","25人英雄",谢云流宝箱5,特殊,万花岐黄术第二章,-,
"32","战宝迦兰","10人普通",王海银,特殊,雁虞护腕,-,
"32","战宝迦兰","10人普通",王海银宝箱2,特殊,雁虞护腕,-,
"32","战宝迦兰","10人普通",王海银,特殊,天煞兵器谱兵器碎片,-,
"32","战宝迦兰","10人普通",王海银宝箱1,特殊,天煞兵器谱兵器碎片,-,
"32","战宝迦兰","10人普通",王海银宝箱2,特殊,天煞兵器谱兵器碎片,-,
"32","战宝迦兰","10人普通",王海银,特殊,龙魂谱,-,
"32","战宝迦兰","10人普通",王海银宝箱1,特殊,龙魂谱,-,
"32","战宝迦兰","10人普通",王海银宝箱2,特殊,龙魂谱,-,
"32","战宝迦兰","10人普通",朱癸,特殊,雁虞帽,-,
"32","战宝迦兰","10人普通",朱癸宝箱2,特殊,雁虞帽,-,
"32","战宝迦兰","10人普通",朱癸,特殊,天煞兵器谱兵器碎片,-,
"32","战宝迦兰","10人普通",朱癸宝箱1,特殊,天煞兵器谱兵器碎片,-,
"32","战宝迦兰","10人普通",朱癸宝箱2,特殊,天煞兵器谱兵器碎片,-,
"32","战宝迦兰","10人普通",朱癸,特殊,龙魂谱,-,
"32","战宝迦兰","10人普通",朱癸宝箱1,特殊,龙魂谱,-,
"32","战宝迦兰","10人普通",朱癸宝箱2,特殊,龙魂谱,-,
"32","战宝迦兰","10人普通",平等,特殊,雁虞鞋,-,
"32","战宝迦兰","10人普通",平等宝箱2,特殊,雁虞鞋,-,
"32","战宝迦兰","10人普通",平等,特殊,天煞兵器谱兵器碎片,-,
"32","战宝迦兰","10人普通",平等宝箱1,特殊,天煞兵器谱兵器碎片,-,
"32","战宝迦兰","10人普通",平等宝箱2,特殊,天煞兵器谱兵器碎片,-,
"32","战宝迦兰","10人普通",平等,特殊,龙魂谱,-,
"32","战宝迦兰","10人普通",平等宝箱1,特殊,龙魂谱,-,
"32","战宝迦兰","10人普通",平等宝箱2,特殊,龙魂谱,-,
"32","战宝迦兰","10人普通",掌火,特殊,天煞兵器谱兵器碎片,-,
"32","战宝迦兰","10人普通",掌火宝箱2,特殊,天煞兵器谱兵器碎片,-,
"32","战宝迦兰","10人普通",掌火,特殊,龙魂谱,-,
"32","战宝迦兰","10人普通",掌火宝箱1,特殊,龙魂谱,-,
"32","战宝迦兰","10人普通",掌火宝箱2,特殊,龙魂谱,-,
"32","战宝迦兰","10人普通",掌火,特殊,雁虞裤,-,
"32","战宝迦兰","10人普通",掌火宝箱2,特殊,雁虞裤,-,
"32","战宝迦兰","10人普通",掌火宝箱1,特殊,天煞兵器谱兵器碎片,-,
"32","战宝迦兰","10人普通",镇恶,特殊,雁虞腰带,-,
"32","战宝迦兰","10人普通",镇恶宝箱2,特殊,雁虞腰带,-,
"32","战宝迦兰","10人普通",镇恶,特殊,天煞兵器谱兵器碎片,-,
"32","战宝迦兰","10人普通",镇恶宝箱1,特殊,天煞兵器谱兵器碎片,-,
"32","战宝迦兰","10人普通",镇恶宝箱2,特殊,天煞兵器谱兵器碎片,-,
"32","战宝迦兰","10人普通",镇恶,特殊,龙魂谱,-,
"32","战宝迦兰","10人普通",镇恶宝箱1,特殊,龙魂谱,-,
"32","战宝迦兰","10人普通",镇恶宝箱2,特殊,龙魂谱,-,
"32","战宝迦兰","10人普通",餐风、饮火、吞云,特殊,雁虞衣,-,
"32","战宝迦兰","10人普通",餐风、饮火、吞云,特殊,天煞兵器谱兵器碎片,-,
"32","战宝迦兰","10人普通",餐风、饮火、吞云,特殊,龙魂谱,-,
"32","战宝迦兰","10人普通",千手观音,特殊,天煞兵器谱兵器碎片,-,
"32","战宝迦兰","10人普通",千手观音宝箱1,特殊,天煞兵器谱兵器碎片,-,
"32","战宝迦兰","10人普通",千手观音宝箱2,特殊,天煞兵器谱兵器碎片,-,
"32","战宝迦兰","10人普通",千手观音,特殊,龙魂谱,-,
"32","战宝迦兰","10人普通",千手观音宝箱1,特殊,龙魂谱,-,
"32","战宝迦兰","10人普通",千手观音宝箱2,特殊,龙魂谱,-,
"46","战宝迦兰","25人英雄",王海银,特殊,剑茗护腕·少林,-,
"46","战宝迦兰","25人英雄",王海银宝箱5,特殊,剑茗护腕·少林,-,
"46","战宝迦兰","25人英雄",王海银,特殊,天工图：七星龙渊,-,
"46","战宝迦兰","25人英雄",王海银宝箱2,特殊,天工图：七星龙渊,-,
"46","战宝迦兰","25人英雄",王海银宝箱4,特殊,天工图：七星龙渊,-,
"46","战宝迦兰","25人英雄",王海银,特殊,天工图：泰岳清风,-,
"46","战宝迦兰","25人英雄",王海银宝箱2,特殊,天工图：泰岳清风,-,
"46","战宝迦兰","25人英雄",王海银宝箱4,特殊,天工图：泰岳清风,-,
"46","战宝迦兰","25人英雄",王海银,特殊,天工图：古尘,-,
"46","战宝迦兰","25人英雄",王海银宝箱5,特殊,天工图：古尘,-,
"46","战宝迦兰","25人英雄",王海银宝箱1,特殊,天工图：不染尘,-,
"46","战宝迦兰","25人英雄",王海银宝箱5,特殊,天工图：不染尘,-,
"46","战宝迦兰","25人英雄",王海银宝箱1,特殊,天工图：恨铁,-,
"46","战宝迦兰","25人英雄",王海银宝箱5,特殊,天工图：恨铁,-,
"46","战宝迦兰","25人英雄",王海银宝箱1,特殊,天工图：鬼见愁,-,
"46","战宝迦兰","25人英雄",王海银宝箱5,特殊,天工图：鬼见愁,-,
"46","战宝迦兰","25人英雄",王海银宝箱1,特殊,天工图：七杀刀,-,
"46","战宝迦兰","25人英雄",王海银宝箱5,特殊,天工图：七杀刀,-,
"46","战宝迦兰","25人英雄",王海银宝箱1,特殊,天工图：沥泉,-,
"46","战宝迦兰","25人英雄",王海银宝箱5,特殊,天工图：沥泉,-,
"46","战宝迦兰","25人英雄",王海银宝箱1,特殊,天工图：青鸾,-,
"46","战宝迦兰","25人英雄",王海银宝箱5,特殊,天工图：青鸾,-,
"46","战宝迦兰","25人英雄",王海银宝箱1,特殊,天工图：紫莲,-,
"46","战宝迦兰","25人英雄",王海银宝箱5,特殊,天工图：紫莲,-,
"46","战宝迦兰","25人英雄",王海银宝箱4,特殊,剑茗护腕·天策,-,
"46","战宝迦兰","25人英雄",王海银宝箱4,特殊,剑茗护腕·万花,-,
"46","战宝迦兰","25人英雄",王海银宝箱5,特殊,剑茗护腕·藏剑,-,
"46","战宝迦兰","25人英雄",王海银宝箱3,特殊,天工图：玄铁剑,-,
"46","战宝迦兰","25人英雄",王海银宝箱3,特殊,天工图：君子,-,
"46","战宝迦兰","25人英雄",王海银宝箱3,特殊,七秀剑舞诀第一章,-,
"46","战宝迦兰","25人英雄",王海银宝箱4,特殊,剑茗护腕·五毒,-,
"46","战宝迦兰","25人英雄",王海银宝箱2,特殊,天工图：不染尘,-,
"46","战宝迦兰","25人英雄",王海银宝箱2,特殊,天工图：鬼见愁,-,
"46","战宝迦兰","25人英雄",王海银宝箱2,特殊,天工图：沥泉,-,
"46","战宝迦兰","25人英雄",王海银宝箱2,特殊,天工图：紫莲,-,
"46","战宝迦兰","25人英雄",王海银宝箱5,特殊,剑茗护腕·万花,-,
"46","战宝迦兰","25人英雄",王海银,特殊,剑茗护腕·纯阳,-,
"46","战宝迦兰","25人英雄",王海银宝箱4,特殊,天工图：玄铁剑,-,
"46","战宝迦兰","25人英雄",王海银,特殊,天工图：君子,-,
"46","战宝迦兰","25人英雄",王海银宝箱4,特殊,天工图：君子,-,
"46","战宝迦兰","25人英雄",王海银,特殊,七秀剑舞诀第一章,-,
"46","战宝迦兰","25人英雄",王海银宝箱4,特殊,七秀剑舞诀第一章,-,
"46","战宝迦兰","25人英雄",王海银宝箱5,特殊,剑茗护腕·五毒,-,
"46","战宝迦兰","25人英雄",王海银,特殊,剑茗护腕·唐门,-,
"46","战宝迦兰","25人英雄",王海银宝箱4,特殊,剑茗护腕·少林,-,
"46","战宝迦兰","25人英雄",王海银宝箱1,特殊,天工图：七星龙渊,-,
"46","战宝迦兰","25人英雄",王海银宝箱3,特殊,天工图：七星龙渊,-,
"46","战宝迦兰","25人英雄",王海银宝箱5,特殊,天工图：七星龙渊,-,
"46","战宝迦兰","25人英雄",王海银宝箱1,特殊,天工图：泰岳清风,-,
"46","战宝迦兰","25人英雄",王海银宝箱3,特殊,天工图：泰岳清风,-,
"46","战宝迦兰","25人英雄",王海银宝箱5,特殊,天工图：泰岳清风,-,
"46","战宝迦兰","25人英雄",王海银宝箱1,特殊,天工图：古尘,-,
"46","战宝迦兰","25人英雄",王海银宝箱3,特殊,天工图：古尘,-,
"46","战宝迦兰","25人英雄",王海银宝箱3,特殊,天工图：不染尘,-,
"46","战宝迦兰","25人英雄",王海银宝箱3,特殊,天工图：恨铁,-,
"46","战宝迦兰","25人英雄",王海银宝箱3,特殊,天工图：鬼见愁,-,
"46","战宝迦兰","25人英雄",王海银宝箱3,特殊,天工图：七杀刀,-,
"46","战宝迦兰","25人英雄",王海银宝箱3,特殊,天工图：沥泉,-,
"46","战宝迦兰","25人英雄",王海银宝箱3,特殊,天工图：青鸾,-,
"46","战宝迦兰","25人英雄",王海银宝箱3,特殊,天工图：紫莲,-,
"46","战宝迦兰","25人英雄",王海银宝箱4,特殊,剑茗护腕·七秀,-,
"46","战宝迦兰","25人英雄",王海银宝箱4,特殊,剑茗护腕·纯阳,-,
"46","战宝迦兰","25人英雄",王海银,特殊,剑茗护腕·藏剑,-,
"46","战宝迦兰","25人英雄",王海银宝箱1,特殊,天工图：玄铁剑,-,
"46","战宝迦兰","25人英雄",王海银宝箱5,特殊,天工图：玄铁剑,-,
"46","战宝迦兰","25人英雄",王海银宝箱1,特殊,天工图：君子,-,
"46","战宝迦兰","25人英雄",王海银宝箱5,特殊,天工图：君子,-,
"46","战宝迦兰","25人英雄",王海银宝箱1,特殊,七秀剑舞诀第一章,-,
"46","战宝迦兰","25人英雄",王海银宝箱5,特殊,七秀剑舞诀第一章,-,
"46","战宝迦兰","25人英雄",王海银宝箱4,特殊,剑茗护腕·唐门,-,
"46","战宝迦兰","25人英雄",王海银宝箱4,特殊,天工图：古尘,-,
"46","战宝迦兰","25人英雄",王海银,特殊,天工图：不染尘,-,
"46","战宝迦兰","25人英雄",王海银宝箱4,特殊,天工图：不染尘,-,
"46","战宝迦兰","25人英雄",王海银,特殊,天工图：恨铁,-,
"46","战宝迦兰","25人英雄",王海银宝箱4,特殊,天工图：恨铁,-,
"46","战宝迦兰","25人英雄",王海银,特殊,天工图：鬼见愁,-,
"46","战宝迦兰","25人英雄",王海银宝箱4,特殊,天工图：鬼见愁,-,
"46","战宝迦兰","25人英雄",王海银,特殊,天工图：七杀刀,-,
"46","战宝迦兰","25人英雄",王海银宝箱4,特殊,天工图：七杀刀,-,
"46","战宝迦兰","25人英雄",王海银,特殊,天工图：沥泉,-,
"46","战宝迦兰","25人英雄",王海银宝箱4,特殊,天工图：沥泉,-,
"46","战宝迦兰","25人英雄",王海银,特殊,天工图：青鸾,-,
"46","战宝迦兰","25人英雄",王海银宝箱4,特殊,天工图：青鸾,-,
"46","战宝迦兰","25人英雄",王海银,特殊,天工图：紫莲,-,
"46","战宝迦兰","25人英雄",王海银宝箱4,特殊,天工图：紫莲,-,
"46","战宝迦兰","25人英雄",王海银,特殊,剑茗护腕·天策,-,
"46","战宝迦兰","25人英雄",王海银宝箱5,特殊,剑茗护腕·七秀,-,
"46","战宝迦兰","25人英雄",王海银,特殊,剑茗护腕·万花,-,
"46","战宝迦兰","25人英雄",王海银宝箱5,特殊,剑茗护腕·纯阳,-,
"46","战宝迦兰","25人英雄",王海银宝箱4,特殊,剑茗护腕·藏剑,-,
"46","战宝迦兰","25人英雄",王海银宝箱2,特殊,天工图：玄铁剑,-,
"46","战宝迦兰","25人英雄",王海银宝箱2,特殊,天工图：君子,-,
"46","战宝迦兰","25人英雄",王海银宝箱2,特殊,七秀剑舞诀第一章,-,
"46","战宝迦兰","25人英雄",王海银,特殊,剑茗护腕·五毒,-,
"46","战宝迦兰","25人英雄",王海银宝箱5,特殊,剑茗护腕·唐门,-,
"46","战宝迦兰","25人英雄",王海银,特殊,天工图：玄铁剑,-,
"46","战宝迦兰","25人英雄",王海银,特殊,天外陨铁,-,
"46","战宝迦兰","25人英雄",王海银,特殊,剑茗护腕·七秀,-,
"46","战宝迦兰","25人英雄",王海银宝箱5,特殊,剑茗护腕·天策,-,
"46","战宝迦兰","25人英雄",王海银宝箱2,特殊,天工图：青鸾,-,
"46","战宝迦兰","25人英雄",王海银宝箱2,特殊,天工图：七杀刀,-,
"46","战宝迦兰","25人英雄",王海银宝箱2,特殊,天工图：恨铁,-,
"46","战宝迦兰","25人英雄",王海银宝箱2,特殊,天工图：古尘,-,
"46","战宝迦兰","25人英雄",朱癸,特殊,《太素九针·提针》人偶图断篇,-,
"46","战宝迦兰","25人英雄",朱癸宝箱2,特殊,《太素九针·提针》人偶图断篇,-,
"46","战宝迦兰","25人英雄",朱癸宝箱4,特殊,《太素九针·提针》人偶图断篇,-,
"46","战宝迦兰","25人英雄",朱癸宝箱4,特殊,剑茗帽·少林,-,
"46","战宝迦兰","25人英雄",朱癸,特殊,天工图：七星龙渊,-,
"46","战宝迦兰","25人英雄",朱癸宝箱2,特殊,天工图：七星龙渊,-,
"46","战宝迦兰","25人英雄",朱癸宝箱4,特殊,天工图：七星龙渊,-,
"46","战宝迦兰","25人英雄",朱癸,特殊,天工图：泰岳清风,-,
"46","战宝迦兰","25人英雄",朱癸宝箱2,特殊,天工图：泰岳清风,-,
"46","战宝迦兰","25人英雄",朱癸宝箱4,特殊,天工图：泰岳清风,-,
"46","战宝迦兰","25人英雄",朱癸宝箱3,特殊,天工图：古尘,-,
"46","战宝迦兰","25人英雄",朱癸宝箱3,特殊,天工图：不染尘,-,
"46","战宝迦兰","25人英雄",朱癸宝箱3,特殊,天工图：恨铁,-,
"46","战宝迦兰","25人英雄",朱癸宝箱3,特殊,天工图：鬼见愁,-,
"46","战宝迦兰","25人英雄",朱癸宝箱3,特殊,天工图：七杀刀,-,
"46","战宝迦兰","25人英雄",朱癸宝箱3,特殊,天工图：沥泉,-,
"46","战宝迦兰","25人英雄",朱癸宝箱3,特殊,天工图：青鸾,-,
"46","战宝迦兰","25人英雄",朱癸宝箱3,特殊,天工图：紫莲,-,
"46","战宝迦兰","25人英雄",朱癸宝箱5,特殊,剑茗帽·天策,-,
"46","战宝迦兰","25人英雄",朱癸,特殊,剑茗帽·七秀,-,
"46","战宝迦兰","25人英雄",朱癸宝箱5,特殊,剑茗帽·万花,-,
"46","战宝迦兰","25人英雄",朱癸,特殊,剑茗帽·纯阳,-,
"46","战宝迦兰","25人英雄",朱癸,特殊,天外陨铁,-,
"46","战宝迦兰","25人英雄",朱癸宝箱1,特殊,天工图：玄铁剑,-,
"46","战宝迦兰","25人英雄",朱癸宝箱5,特殊,天工图：玄铁剑,-,
"46","战宝迦兰","25人英雄",朱癸宝箱1,特殊,天工图：君子,-,
"46","战宝迦兰","25人英雄",朱癸宝箱5,特殊,天工图：君子,-,
"46","战宝迦兰","25人英雄",朱癸宝箱3,特殊,万花岐黄术第一章,-,
"46","战宝迦兰","25人英雄",朱癸宝箱5,特殊,剑茗帽·五毒,-,
"46","战宝迦兰","25人英雄",朱癸,特殊,剑茗帽·唐门,-,
"46","战宝迦兰","25人英雄",朱癸宝箱4,特殊,天工图：古尘,-,
"46","战宝迦兰","25人英雄",朱癸,特殊,天工图：不染尘,-,
"46","战宝迦兰","25人英雄",朱癸宝箱4,特殊,天工图：不染尘,-,
"46","战宝迦兰","25人英雄",朱癸宝箱4,特殊,天工图：恨铁,-,
"46","战宝迦兰","25人英雄",朱癸,特殊,天工图：鬼见愁,-,
"46","战宝迦兰","25人英雄",朱癸宝箱4,特殊,天工图：鬼见愁,-,
"46","战宝迦兰","25人英雄",朱癸宝箱4,特殊,天工图：七杀刀,-,
"46","战宝迦兰","25人英雄",朱癸,特殊,天工图：沥泉,-,
"46","战宝迦兰","25人英雄",朱癸宝箱4,特殊,天工图：沥泉,-,
"46","战宝迦兰","25人英雄",朱癸宝箱4,特殊,天工图：青鸾,-,
"46","战宝迦兰","25人英雄",朱癸,特殊,天工图：紫莲,-,
"46","战宝迦兰","25人英雄",朱癸宝箱4,特殊,天工图：紫莲,-,
"46","战宝迦兰","25人英雄",朱癸宝箱4,特殊,剑茗帽·七秀,-,
"46","战宝迦兰","25人英雄",朱癸宝箱4,特殊,剑茗帽·纯阳,-,
"46","战宝迦兰","25人英雄",朱癸,特殊,剑茗帽·藏剑,-,
"46","战宝迦兰","25人英雄",朱癸宝箱2,特殊,天工图：玄铁剑,-,
"46","战宝迦兰","25人英雄",朱癸宝箱2,特殊,天工图：君子,-,
"46","战宝迦兰","25人英雄",朱癸,特殊,万花岐黄术第一章,-,
"46","战宝迦兰","25人英雄",朱癸宝箱4,特殊,剑茗帽·唐门,-,
"46","战宝迦兰","25人英雄",朱癸宝箱1,特殊,《太素九针·提针》人偶图断篇,-,
"46","战宝迦兰","25人英雄",朱癸宝箱3,特殊,《太素九针·提针》人偶图断篇,-,
"46","战宝迦兰","25人英雄",朱癸宝箱5,特殊,《太素九针·提针》人偶图断篇,-,
"46","战宝迦兰","25人英雄",朱癸,特殊,剑茗帽·少林,-,
"46","战宝迦兰","25人英雄",朱癸宝箱5,特殊,剑茗帽·少林,-,
"46","战宝迦兰","25人英雄",朱癸宝箱1,特殊,天工图：七星龙渊,-,
"46","战宝迦兰","25人英雄",朱癸宝箱3,特殊,天工图：七星龙渊,-,
"46","战宝迦兰","25人英雄",朱癸宝箱5,特殊,天工图：七星龙渊,-,
"46","战宝迦兰","25人英雄",朱癸宝箱1,特殊,天工图：泰岳清风,-,
"46","战宝迦兰","25人英雄",朱癸宝箱3,特殊,天工图：泰岳清风,-,
"46","战宝迦兰","25人英雄",朱癸宝箱5,特殊,天工图：泰岳清风,-,
"46","战宝迦兰","25人英雄",朱癸宝箱1,特殊,天工图：古尘,-,
"46","战宝迦兰","25人英雄",朱癸宝箱5,特殊,天工图：古尘,-,
"46","战宝迦兰","25人英雄",朱癸宝箱1,特殊,天工图：不染尘,-,
"46","战宝迦兰","25人英雄",朱癸宝箱5,特殊,天工图：不染尘,-,
"46","战宝迦兰","25人英雄",朱癸宝箱1,特殊,天工图：恨铁,-,
"46","战宝迦兰","25人英雄",朱癸宝箱5,特殊,天工图：恨铁,-,
"46","战宝迦兰","25人英雄",朱癸宝箱1,特殊,天工图：鬼见愁,-,
"46","战宝迦兰","25人英雄",朱癸宝箱5,特殊,天工图：鬼见愁,-,
"46","战宝迦兰","25人英雄",朱癸宝箱1,特殊,天工图：七杀刀,-,
"46","战宝迦兰","25人英雄",朱癸宝箱5,特殊,天工图：七杀刀,-,
"46","战宝迦兰","25人英雄",朱癸宝箱1,特殊,天工图：沥泉,-,
"46","战宝迦兰","25人英雄",朱癸宝箱5,特殊,天工图：沥泉,-,
"46","战宝迦兰","25人英雄",朱癸宝箱1,特殊,天工图：青鸾,-,
"46","战宝迦兰","25人英雄",朱癸宝箱5,特殊,天工图：青鸾,-,
"46","战宝迦兰","25人英雄",朱癸宝箱1,特殊,天工图：紫莲,-,
"46","战宝迦兰","25人英雄",朱癸宝箱5,特殊,天工图：紫莲,-,
"46","战宝迦兰","25人英雄",朱癸,特殊,剑茗帽·天策,-,
"46","战宝迦兰","25人英雄",朱癸宝箱5,特殊,剑茗帽·七秀,-,
"46","战宝迦兰","25人英雄",朱癸,特殊,剑茗帽·万花,-,
"46","战宝迦兰","25人英雄",朱癸宝箱5,特殊,剑茗帽·纯阳,-,
"46","战宝迦兰","25人英雄",朱癸宝箱4,特殊,剑茗帽·藏剑,-,
"46","战宝迦兰","25人英雄",朱癸宝箱3,特殊,天工图：玄铁剑,-,
"46","战宝迦兰","25人英雄",朱癸宝箱3,特殊,天工图：君子,-,
"46","战宝迦兰","25人英雄",朱癸宝箱1,特殊,万花岐黄术第一章,-,
"46","战宝迦兰","25人英雄",朱癸宝箱5,特殊,万花岐黄术第一章,-,
"46","战宝迦兰","25人英雄",朱癸,特殊,剑茗帽·五毒,-,
"46","战宝迦兰","25人英雄",朱癸宝箱5,特殊,剑茗帽·唐门,-,
"46","战宝迦兰","25人英雄",朱癸宝箱2,特殊,天工图：古尘,-,
"46","战宝迦兰","25人英雄",朱癸宝箱2,特殊,天工图：不染尘,-,
"46","战宝迦兰","25人英雄",朱癸宝箱2,特殊,天工图：恨铁,-,
"46","战宝迦兰","25人英雄",朱癸宝箱2,特殊,天工图：鬼见愁,-,
"46","战宝迦兰","25人英雄",朱癸宝箱2,特殊,天工图：七杀刀,-,
"46","战宝迦兰","25人英雄",朱癸宝箱2,特殊,天工图：沥泉,-,
"46","战宝迦兰","25人英雄",朱癸宝箱2,特殊,天工图：青鸾,-,
"46","战宝迦兰","25人英雄",朱癸宝箱2,特殊,天工图：紫莲,-,
"46","战宝迦兰","25人英雄",朱癸宝箱4,特殊,剑茗帽·天策,-,
"46","战宝迦兰","25人英雄",朱癸宝箱4,特殊,剑茗帽·万花,-,
"46","战宝迦兰","25人英雄",朱癸宝箱5,特殊,剑茗帽·藏剑,-,
"46","战宝迦兰","25人英雄",朱癸,特殊,天工图：玄铁剑,-,
"46","战宝迦兰","25人英雄",朱癸宝箱4,特殊,天工图：玄铁剑,-,
"46","战宝迦兰","25人英雄",朱癸,特殊,天工图：君子,-,
"46","战宝迦兰","25人英雄",朱癸宝箱4,特殊,天工图：君子,-,
"46","战宝迦兰","25人英雄",朱癸宝箱2,特殊,万花岐黄术第一章,-,
"46","战宝迦兰","25人英雄",朱癸宝箱4,特殊,剑茗帽·五毒,-,
"46","战宝迦兰","25人英雄",朱癸宝箱4,特殊,万花岐黄术第一章,-,
"46","战宝迦兰","25人英雄",朱癸,特殊,天工图：青鸾,-,
"46","战宝迦兰","25人英雄",朱癸,特殊,天工图：七杀刀,-,
"46","战宝迦兰","25人英雄",朱癸,特殊,天工图：恨铁,-,
"46","战宝迦兰","25人英雄",朱癸,特殊,天工图：古尘,-,
"46","战宝迦兰","25人英雄",平等,特殊,《虎牙令·啸如虎》穴位图绝章,-,
"46","战宝迦兰","25人英雄",平等宝箱2,特殊,《虎牙令·啸如虎》穴位图绝章,-,
"46","战宝迦兰","25人英雄",平等宝箱4,特殊,《虎牙令·啸如虎》穴位图绝章,-,
"46","战宝迦兰","25人英雄",平等,特殊,剑茗鞋·少林,-,
"46","战宝迦兰","25人英雄",平等宝箱5,特殊,剑茗鞋·少林,-,
"46","战宝迦兰","25人英雄",平等,特殊,天工图：七星龙渊,-,
"46","战宝迦兰","25人英雄",平等宝箱2,特殊,天工图：七星龙渊,-,
"46","战宝迦兰","25人英雄",平等宝箱4,特殊,天工图：七星龙渊,-,
"46","战宝迦兰","25人英雄",平等,特殊,天工图：泰岳清风,-,
"46","战宝迦兰","25人英雄",平等宝箱2,特殊,天工图：泰岳清风,-,
"46","战宝迦兰","25人英雄",平等宝箱4,特殊,天工图：泰岳清风,-,
"46","战宝迦兰","25人英雄",平等,特殊,天工图：古尘,-,
"46","战宝迦兰","25人英雄",平等宝箱2,特殊,天工图：古尘,-,
"46","战宝迦兰","25人英雄",平等宝箱4,特殊,天工图：古尘,-,
"46","战宝迦兰","25人英雄",平等宝箱3,特殊,天工图：不染尘,-,
"46","战宝迦兰","25人英雄",平等宝箱3,特殊,天工图：恨铁,-,
"46","战宝迦兰","25人英雄",平等宝箱3,特殊,天工图：鬼见愁,-,
"46","战宝迦兰","25人英雄",平等宝箱3,特殊,天工图：七杀刀,-,
"46","战宝迦兰","25人英雄",平等宝箱3,特殊,天工图：沥泉,-,
"46","战宝迦兰","25人英雄",平等宝箱3,特殊,天工图：青鸾,-,
"46","战宝迦兰","25人英雄",平等宝箱3,特殊,天工图：紫莲,-,
"46","战宝迦兰","25人英雄",平等宝箱4,特殊,剑茗鞋·天策,-,
"46","战宝迦兰","25人英雄",平等宝箱4,特殊,剑茗鞋·万花,-,
"46","战宝迦兰","25人英雄",平等宝箱5,特殊,剑茗鞋·藏剑,-,
"46","战宝迦兰","25人英雄",平等宝箱1,特殊,天工图：玄铁剑,-,
"46","战宝迦兰","25人英雄",平等宝箱5,特殊,天工图：玄铁剑,-,
"46","战宝迦兰","25人英雄",平等宝箱1,特殊,天工图：君子,-,
"46","战宝迦兰","25人英雄",平等宝箱5,特殊,天工图：君子,-,
"46","战宝迦兰","25人英雄",平等宝箱1,特殊,太宗兵法第一章,-,
"46","战宝迦兰","25人英雄",平等宝箱5,特殊,太宗兵法第一章,-,
"46","战宝迦兰","25人英雄",平等宝箱5,特殊,剑茗鞋·五毒,-,
"46","战宝迦兰","25人英雄",平等,特殊,天工图：不染尘,-,
"46","战宝迦兰","25人英雄",平等,特殊,天工图：恨铁,-,
"46","战宝迦兰","25人英雄",平等宝箱4,特殊,天工图：恨铁,-,
"46","战宝迦兰","25人英雄",平等,特殊,天工图：鬼见愁,-,
"46","战宝迦兰","25人英雄",平等,特殊,天工图：七杀刀,-,
"46","战宝迦兰","25人英雄",平等宝箱4,特殊,天工图：七杀刀,-,
"46","战宝迦兰","25人英雄",平等,特殊,天工图：沥泉,-,
"46","战宝迦兰","25人英雄",平等,特殊,天工图：青鸾,-,
"46","战宝迦兰","25人英雄",平等宝箱4,特殊,天工图：青鸾,-,
"46","战宝迦兰","25人英雄",平等,特殊,天工图：紫莲,-,
"46","战宝迦兰","25人英雄",平等宝箱5,特殊,剑茗鞋·天策,-,
"46","战宝迦兰","25人英雄",平等,特殊,剑茗鞋·七秀,-,
"46","战宝迦兰","25人英雄",平等宝箱2,特殊,天工图：玄铁剑,-,
"46","战宝迦兰","25人英雄",平等宝箱1,特殊,《虎牙令·啸如虎》穴位图绝章,-,
"46","战宝迦兰","25人英雄",平等宝箱3,特殊,《虎牙令·啸如虎》穴位图绝章,-,
"46","战宝迦兰","25人英雄",平等宝箱5,特殊,《虎牙令·啸如虎》穴位图绝章,-,
"46","战宝迦兰","25人英雄",平等宝箱4,特殊,剑茗鞋·少林,-,
"46","战宝迦兰","25人英雄",平等宝箱1,特殊,天工图：七星龙渊,-,
"46","战宝迦兰","25人英雄",平等宝箱3,特殊,天工图：七星龙渊,-,
"46","战宝迦兰","25人英雄",平等宝箱5,特殊,天工图：七星龙渊,-,
"46","战宝迦兰","25人英雄",平等宝箱1,特殊,天工图：泰岳清风,-,
"46","战宝迦兰","25人英雄",平等宝箱3,特殊,天工图：泰岳清风,-,
"46","战宝迦兰","25人英雄",平等宝箱5,特殊,天工图：泰岳清风,-,
"46","战宝迦兰","25人英雄",平等宝箱1,特殊,天工图：古尘,-,
"46","战宝迦兰","25人英雄",平等宝箱3,特殊,天工图：古尘,-,
"46","战宝迦兰","25人英雄",平等宝箱5,特殊,天工图：古尘,-,
"46","战宝迦兰","25人英雄",平等宝箱1,特殊,天工图：不染尘,-,
"46","战宝迦兰","25人英雄",平等宝箱5,特殊,天工图：不染尘,-,
"46","战宝迦兰","25人英雄",平等宝箱1,特殊,天工图：恨铁,-,
"46","战宝迦兰","25人英雄",平等宝箱5,特殊,天工图：恨铁,-,
"46","战宝迦兰","25人英雄",平等宝箱1,特殊,天工图：鬼见愁,-,
"46","战宝迦兰","25人英雄",平等宝箱5,特殊,天工图：鬼见愁,-,
"46","战宝迦兰","25人英雄",平等宝箱1,特殊,天工图：七杀刀,-,
"46","战宝迦兰","25人英雄",平等宝箱5,特殊,天工图：七杀刀,-,
"46","战宝迦兰","25人英雄",平等宝箱1,特殊,天工图：沥泉,-,
"46","战宝迦兰","25人英雄",平等宝箱5,特殊,天工图：沥泉,-,
"46","战宝迦兰","25人英雄",平等宝箱1,特殊,天工图：青鸾,-,
"46","战宝迦兰","25人英雄",平等宝箱5,特殊,天工图：青鸾,-,
"46","战宝迦兰","25人英雄",平等宝箱1,特殊,天工图：紫莲,-,
"46","战宝迦兰","25人英雄",平等宝箱5,特殊,天工图：紫莲,-,
"46","战宝迦兰","25人英雄",平等宝箱4,特殊,剑茗鞋·七秀,-,
"46","战宝迦兰","25人英雄",平等宝箱4,特殊,剑茗鞋·纯阳,-,
"46","战宝迦兰","25人英雄",平等,特殊,剑茗鞋·藏剑,-,
"46","战宝迦兰","25人英雄",平等宝箱3,特殊,天工图：玄铁剑,-,
"46","战宝迦兰","25人英雄",平等宝箱3,特殊,天工图：君子,-,
"46","战宝迦兰","25人英雄",平等宝箱3,特殊,太宗兵法第一章,-,
"46","战宝迦兰","25人英雄",平等,特殊,剑茗鞋·五毒,-,
"46","战宝迦兰","25人英雄",平等宝箱4,特殊,剑茗鞋·唐门,-,
"46","战宝迦兰","25人英雄",平等宝箱2,特殊,天工图：不染尘,-,
"46","战宝迦兰","25人英雄",平等宝箱2,特殊,天工图：恨铁,-,
"46","战宝迦兰","25人英雄",平等宝箱2,特殊,天工图：鬼见愁,-,
"46","战宝迦兰","25人英雄",平等宝箱2,特殊,天工图：七杀刀,-,
"46","战宝迦兰","25人英雄",平等宝箱2,特殊,天工图：沥泉,-,
"46","战宝迦兰","25人英雄",平等宝箱2,特殊,天工图：青鸾,-,
"46","战宝迦兰","25人英雄",平等宝箱2,特殊,天工图：紫莲,-,
"46","战宝迦兰","25人英雄",平等,特殊,剑茗鞋·天策,-,
"46","战宝迦兰","25人英雄",平等宝箱5,特殊,剑茗鞋·七秀,-,
"46","战宝迦兰","25人英雄",平等,特殊,剑茗鞋·万花,-,
"46","战宝迦兰","25人英雄",平等宝箱5,特殊,剑茗鞋·纯阳,-,
"46","战宝迦兰","25人英雄",平等,特殊,天外陨铁,-,
"46","战宝迦兰","25人英雄",平等宝箱4,特殊,剑茗鞋·藏剑,-,
"46","战宝迦兰","25人英雄",平等,特殊,天工图：玄铁剑,-,
"46","战宝迦兰","25人英雄",平等宝箱4,特殊,天工图：玄铁剑,-,
"46","战宝迦兰","25人英雄",平等,特殊,天工图：君子,-,
"46","战宝迦兰","25人英雄",平等宝箱4,特殊,天工图：君子,-,
"46","战宝迦兰","25人英雄",平等,特殊,太宗兵法第一章,-,
"46","战宝迦兰","25人英雄",平等宝箱4,特殊,太宗兵法第一章,-,
"46","战宝迦兰","25人英雄",平等宝箱4,特殊,剑茗鞋·五毒,-,
"46","战宝迦兰","25人英雄",平等宝箱5,特殊,剑茗鞋·唐门,-,
"46","战宝迦兰","25人英雄",平等,特殊,剑茗鞋·唐门,-,
"46","战宝迦兰","25人英雄",平等宝箱2,特殊,太宗兵法第一章,-,
"46","战宝迦兰","25人英雄",平等宝箱2,特殊,天工图：君子,-,
"46","战宝迦兰","25人英雄",平等,特殊,剑茗鞋·纯阳,-,
"46","战宝迦兰","25人英雄",平等宝箱5,特殊,剑茗鞋·万花,-,
"46","战宝迦兰","25人英雄",平等宝箱4,特殊,天工图：紫莲,-,
"46","战宝迦兰","25人英雄",平等宝箱4,特殊,天工图：沥泉,-,
"46","战宝迦兰","25人英雄",平等宝箱4,特殊,天工图：鬼见愁,-,
"46","战宝迦兰","25人英雄",平等宝箱4,特殊,天工图：不染尘,-,
"46","战宝迦兰","25人英雄",掌火,特殊,《罗汉棍法·韦陀献杵》人偶图残页,-,
"46","战宝迦兰","25人英雄",掌火宝箱2,特殊,《罗汉棍法·韦陀献杵》人偶图残页,-,
"46","战宝迦兰","25人英雄",掌火宝箱4,特殊,《罗汉棍法·韦陀献杵》人偶图残页,-,
"46","战宝迦兰","25人英雄",掌火宝箱4,特殊,剑茗裤·少林,-,
"46","战宝迦兰","25人英雄",掌火,特殊,天工图：七星龙渊,-,
"46","战宝迦兰","25人英雄",掌火宝箱2,特殊,天工图：七星龙渊,-,
"46","战宝迦兰","25人英雄",掌火宝箱4,特殊,天工图：七星龙渊,-,
"46","战宝迦兰","25人英雄",掌火,特殊,天工图：泰岳清风,-,
"46","战宝迦兰","25人英雄",掌火宝箱2,特殊,天工图：泰岳清风,-,
"46","战宝迦兰","25人英雄",掌火宝箱4,特殊,天工图：泰岳清风,-,
"46","战宝迦兰","25人英雄",掌火宝箱3,特殊,天工图：古尘,-,
"46","战宝迦兰","25人英雄",掌火宝箱3,特殊,天工图：不染尘,-,
"46","战宝迦兰","25人英雄",掌火宝箱3,特殊,天工图：恨铁,-,
"46","战宝迦兰","25人英雄",掌火宝箱3,特殊,天工图：鬼见愁,-,
"46","战宝迦兰","25人英雄",掌火宝箱3,特殊,天工图：七杀刀,-,
"46","战宝迦兰","25人英雄",掌火宝箱3,特殊,天工图：沥泉,-,
"46","战宝迦兰","25人英雄",掌火宝箱3,特殊,天工图：青鸾,-,
"46","战宝迦兰","25人英雄",掌火宝箱3,特殊,天工图：紫莲,-,
"46","战宝迦兰","25人英雄",掌火,特殊,剑茗裤·天策,-,
"46","战宝迦兰","25人英雄",掌火宝箱5,特殊,剑茗裤·七秀,-,
"46","战宝迦兰","25人英雄",掌火,特殊,剑茗裤·万花,-,
"46","战宝迦兰","25人英雄",掌火宝箱5,特殊,剑茗裤·纯阳,-,
"46","战宝迦兰","25人英雄",掌火宝箱4,特殊,剑茗裤·藏剑,-,
"46","战宝迦兰","25人英雄",掌火宝箱1,特殊,天工图：玄铁剑,-,
"46","战宝迦兰","25人英雄",掌火宝箱5,特殊,天工图：玄铁剑,-,
"46","战宝迦兰","25人英雄",掌火宝箱5,特殊,天工图：君子,-,
"46","战宝迦兰","25人英雄",掌火宝箱3,特殊,纯阳诀其一,-,
"46","战宝迦兰","25人英雄",掌火宝箱5,特殊,剑茗裤·唐门,-,
"46","战宝迦兰","25人英雄",掌火,特殊,天工图：古尘,-,
"46","战宝迦兰","25人英雄",掌火宝箱4,特殊,天工图：古尘,-,
"46","战宝迦兰","25人英雄",掌火,特殊,天工图：不染尘,-,
"46","战宝迦兰","25人英雄",掌火,特殊,天工图：恨铁,-,
"46","战宝迦兰","25人英雄",掌火宝箱4,特殊,天工图：恨铁,-,
"46","战宝迦兰","25人英雄",掌火,特殊,天工图：鬼见愁,-,
"46","战宝迦兰","25人英雄",掌火,特殊,天工图：七杀刀,-,
"46","战宝迦兰","25人英雄",掌火宝箱4,特殊,天工图：七杀刀,-,
"46","战宝迦兰","25人英雄",掌火,特殊,天工图：沥泉,-,
"46","战宝迦兰","25人英雄",掌火,特殊,天工图：青鸾,-,
"46","战宝迦兰","25人英雄",掌火宝箱4,特殊,天工图：青鸾,-,
"46","战宝迦兰","25人英雄",掌火,特殊,天工图：紫莲,-,
"46","战宝迦兰","25人英雄",掌火宝箱4,特殊,剑茗裤·天策,-,
"46","战宝迦兰","25人英雄",掌火宝箱4,特殊,剑茗裤·万花,-,
"46","战宝迦兰","25人英雄",掌火宝箱2,特殊,天工图：玄铁剑,-,
"46","战宝迦兰","25人英雄",掌火,特殊,纯阳诀其一,-,
"46","战宝迦兰","25人英雄",掌火宝箱4,特殊,纯阳诀其一,-,
"46","战宝迦兰","25人英雄",掌火,特殊,剑茗裤·五毒,-,
"46","战宝迦兰","25人英雄",掌火宝箱1,特殊,《罗汉棍法·韦陀献杵》人偶图残页,-,
"46","战宝迦兰","25人英雄",掌火宝箱3,特殊,《罗汉棍法·韦陀献杵》人偶图残页,-,
"46","战宝迦兰","25人英雄",掌火宝箱5,特殊,《罗汉棍法·韦陀献杵》人偶图残页,-,
"46","战宝迦兰","25人英雄",掌火,特殊,剑茗裤·少林,-,
"46","战宝迦兰","25人英雄",掌火宝箱5,特殊,剑茗裤·少林,-,
"46","战宝迦兰","25人英雄",掌火宝箱1,特殊,天工图：七星龙渊,-,
"46","战宝迦兰","25人英雄",掌火宝箱3,特殊,天工图：七星龙渊,-,
"46","战宝迦兰","25人英雄",掌火宝箱5,特殊,天工图：七星龙渊,-,
"46","战宝迦兰","25人英雄",掌火宝箱1,特殊,天工图：泰岳清风,-,
"46","战宝迦兰","25人英雄",掌火宝箱3,特殊,天工图：泰岳清风,-,
"46","战宝迦兰","25人英雄",掌火宝箱5,特殊,天工图：泰岳清风,-,
"46","战宝迦兰","25人英雄",掌火宝箱1,特殊,天工图：古尘,-,
"46","战宝迦兰","25人英雄",掌火宝箱5,特殊,天工图：古尘,-,
"46","战宝迦兰","25人英雄",掌火宝箱1,特殊,天工图：不染尘,-,
"46","战宝迦兰","25人英雄",掌火宝箱5,特殊,天工图：不染尘,-,
"46","战宝迦兰","25人英雄",掌火宝箱1,特殊,天工图：恨铁,-,
"46","战宝迦兰","25人英雄",掌火宝箱5,特殊,天工图：恨铁,-,
"46","战宝迦兰","25人英雄",掌火宝箱1,特殊,天工图：鬼见愁,-,
"46","战宝迦兰","25人英雄",掌火宝箱5,特殊,天工图：鬼见愁,-,
"46","战宝迦兰","25人英雄",掌火宝箱1,特殊,天工图：七杀刀,-,
"46","战宝迦兰","25人英雄",掌火宝箱5,特殊,天工图：七杀刀,-,
"46","战宝迦兰","25人英雄",掌火宝箱1,特殊,天工图：沥泉,-,
"46","战宝迦兰","25人英雄",掌火宝箱5,特殊,天工图：沥泉,-,
"46","战宝迦兰","25人英雄",掌火宝箱1,特殊,天工图：青鸾,-,
"46","战宝迦兰","25人英雄",掌火宝箱5,特殊,天工图：青鸾,-,
"46","战宝迦兰","25人英雄",掌火宝箱1,特殊,天工图：紫莲,-,
"46","战宝迦兰","25人英雄",掌火宝箱5,特殊,天工图：紫莲,-,
"46","战宝迦兰","25人英雄",掌火宝箱5,特殊,剑茗裤·天策,-,
"46","战宝迦兰","25人英雄",掌火,特殊,剑茗裤·七秀,-,
"46","战宝迦兰","25人英雄",掌火宝箱5,特殊,剑茗裤·万花,-,
"46","战宝迦兰","25人英雄",掌火,特殊,剑茗裤·纯阳,-,
"46","战宝迦兰","25人英雄",掌火,特殊,天外陨铁,-,
"46","战宝迦兰","25人英雄",掌火宝箱3,特殊,天工图：玄铁剑,-,
"46","战宝迦兰","25人英雄",掌火宝箱3,特殊,天工图：君子,-,
"46","战宝迦兰","25人英雄",掌火宝箱1,特殊,纯阳诀其一,-,
"46","战宝迦兰","25人英雄",掌火宝箱5,特殊,纯阳诀其一,-,
"46","战宝迦兰","25人英雄",掌火宝箱4,特殊,剑茗裤·五毒,-,
"46","战宝迦兰","25人英雄",掌火,特殊,剑茗裤·唐门,-,
"46","战宝迦兰","25人英雄",掌火宝箱2,特殊,天工图：古尘,-,
"46","战宝迦兰","25人英雄",掌火宝箱2,特殊,天工图：不染尘,-,
"46","战宝迦兰","25人英雄",掌火宝箱2,特殊,天工图：恨铁,-,
"46","战宝迦兰","25人英雄",掌火宝箱2,特殊,天工图：鬼见愁,-,
"46","战宝迦兰","25人英雄",掌火宝箱2,特殊,天工图：七杀刀,-,
"46","战宝迦兰","25人英雄",掌火宝箱2,特殊,天工图：沥泉,-,
"46","战宝迦兰","25人英雄",掌火宝箱2,特殊,天工图：青鸾,-,
"46","战宝迦兰","25人英雄",掌火宝箱2,特殊,天工图：紫莲,-,
"46","战宝迦兰","25人英雄",掌火宝箱4,特殊,剑茗裤·七秀,-,
"46","战宝迦兰","25人英雄",掌火宝箱4,特殊,剑茗裤·纯阳,-,
"46","战宝迦兰","25人英雄",掌火,特殊,剑茗裤·藏剑,-,
"46","战宝迦兰","25人英雄",掌火,特殊,天工图：玄铁剑,-,
"46","战宝迦兰","25人英雄",掌火宝箱4,特殊,天工图：玄铁剑,-,
"46","战宝迦兰","25人英雄",掌火,特殊,天工图：君子,-,
"46","战宝迦兰","25人英雄",掌火宝箱4,特殊,天工图：君子,-,
"46","战宝迦兰","25人英雄",掌火宝箱2,特殊,纯阳诀其一,-,
"46","战宝迦兰","25人英雄",掌火宝箱5,特殊,剑茗裤·五毒,-,
"46","战宝迦兰","25人英雄",掌火宝箱4,特殊,剑茗裤·唐门,-,
"46","战宝迦兰","25人英雄",掌火宝箱2,特殊,天工图：君子,-,
"46","战宝迦兰","25人英雄",掌火宝箱1,特殊,天工图：君子,-,
"46","战宝迦兰","25人英雄",掌火宝箱5,特殊,剑茗裤·藏剑,-,
"46","战宝迦兰","25人英雄",掌火宝箱4,特殊,天工图：紫莲,-,
"46","战宝迦兰","25人英雄",掌火宝箱4,特殊,天工图：沥泉,-,
"46","战宝迦兰","25人英雄",掌火宝箱4,特殊,天工图：鬼见愁,-,
"46","战宝迦兰","25人英雄",掌火宝箱4,特殊,天工图：不染尘,-,
"46","战宝迦兰","25人英雄",镇恶,特殊,《霓裳羽衣·左旋右转》真传绝章,-,
"46","战宝迦兰","25人英雄",镇恶宝箱2,特殊,《霓裳羽衣·左旋右转》真传绝章,-,
"46","战宝迦兰","25人英雄",镇恶宝箱4,特殊,《霓裳羽衣·左旋右转》真传绝章,-,
"46","战宝迦兰","25人英雄",镇恶宝箱4,特殊,剑茗腰带·少林,-,
"46","战宝迦兰","25人英雄",镇恶,特殊,天工图：七星龙渊,-,
"46","战宝迦兰","25人英雄",镇恶宝箱2,特殊,天工图：七星龙渊,-,
"46","战宝迦兰","25人英雄",镇恶宝箱4,特殊,天工图：七星龙渊,-,
"46","战宝迦兰","25人英雄",镇恶,特殊,天工图：泰岳清风,-,
"46","战宝迦兰","25人英雄",镇恶宝箱2,特殊,天工图：泰岳清风,-,
"46","战宝迦兰","25人英雄",镇恶宝箱4,特殊,天工图：泰岳清风,-,
"46","战宝迦兰","25人英雄",镇恶宝箱1,特殊,天工图：古尘,-,
"46","战宝迦兰","25人英雄",镇恶宝箱5,特殊,天工图：古尘,-,
"46","战宝迦兰","25人英雄",镇恶宝箱1,特殊,天工图：不染尘,-,
"46","战宝迦兰","25人英雄",镇恶宝箱5,特殊,天工图：不染尘,-,
"46","战宝迦兰","25人英雄",镇恶宝箱1,特殊,天工图：恨铁,-,
"46","战宝迦兰","25人英雄",镇恶宝箱5,特殊,天工图：恨铁,-,
"46","战宝迦兰","25人英雄",镇恶宝箱1,特殊,天工图：鬼见愁,-,
"46","战宝迦兰","25人英雄",镇恶宝箱5,特殊,天工图：鬼见愁,-,
"46","战宝迦兰","25人英雄",镇恶宝箱1,特殊,天工图：七杀刀,-,
"46","战宝迦兰","25人英雄",镇恶宝箱5,特殊,天工图：七杀刀,-,
"46","战宝迦兰","25人英雄",镇恶宝箱1,特殊,天工图：沥泉,-,
"46","战宝迦兰","25人英雄",镇恶宝箱5,特殊,天工图：沥泉,-,
"46","战宝迦兰","25人英雄",镇恶宝箱1,特殊,天工图：青鸾,-,
"46","战宝迦兰","25人英雄",镇恶宝箱1,特殊,天工图：紫莲,-,
"46","战宝迦兰","25人英雄",镇恶宝箱5,特殊,天工图：紫莲,-,
"46","战宝迦兰","25人英雄",镇恶宝箱5,特殊,剑茗腰带·天策,-,
"46","战宝迦兰","25人英雄",镇恶,特殊,剑茗腰带·七秀,-,
"46","战宝迦兰","25人英雄",镇恶宝箱5,特殊,剑茗腰带·万花,-,
"46","战宝迦兰","25人英雄",镇恶,特殊,剑茗腰带·纯阳,-,
"46","战宝迦兰","25人英雄",镇恶宝箱3,特殊,天工图：玄铁剑,-,
"46","战宝迦兰","25人英雄",镇恶宝箱3,特殊,天工图：君子,-,
"46","战宝迦兰","25人英雄",镇恶宝箱1,特殊,大力金刚掌第一式,-,
"46","战宝迦兰","25人英雄",镇恶宝箱5,特殊,大力金刚掌第一式,-,
"46","战宝迦兰","25人英雄",镇恶,特殊,剑茗腰带·五毒,-,
"46","战宝迦兰","25人英雄",镇恶,特殊,剑茗腰带·唐门,-,
"46","战宝迦兰","25人英雄",镇恶宝箱2,特殊,天工图：古尘,-,
"46","战宝迦兰","25人英雄",镇恶宝箱2,特殊,天工图：不染尘,-,
"46","战宝迦兰","25人英雄",镇恶宝箱2,特殊,天工图：恨铁,-,
"46","战宝迦兰","25人英雄",镇恶宝箱2,特殊,天工图：鬼见愁,-,
"46","战宝迦兰","25人英雄",镇恶宝箱2,特殊,天工图：七杀刀,-,
"46","战宝迦兰","25人英雄",镇恶宝箱2,特殊,天工图：沥泉,-,
"46","战宝迦兰","25人英雄",镇恶宝箱2,特殊,天工图：青鸾,-,
"46","战宝迦兰","25人英雄",镇恶宝箱2,特殊,天工图：紫莲,-,
"46","战宝迦兰","25人英雄",镇恶宝箱4,特殊,剑茗腰带·纯阳,-,
"46","战宝迦兰","25人英雄",镇恶,特殊,剑茗腰带·藏剑,-,
"46","战宝迦兰","25人英雄",镇恶,特殊,天工图：玄铁剑,-,
"46","战宝迦兰","25人英雄",镇恶,特殊,天工图：君子,-,
"46","战宝迦兰","25人英雄",镇恶宝箱4,特殊,天工图：君子,-,
"46","战宝迦兰","25人英雄",镇恶宝箱4,特殊,剑茗腰带·五毒,-,
"46","战宝迦兰","25人英雄",镇恶宝箱4,特殊,剑茗腰带·唐门,-,
"46","战宝迦兰","25人英雄",镇恶宝箱1,特殊,《霓裳羽衣·左旋右转》真传绝章,-,
"46","战宝迦兰","25人英雄",镇恶宝箱3,特殊,《霓裳羽衣·左旋右转》真传绝章,-,
"46","战宝迦兰","25人英雄",镇恶宝箱5,特殊,《霓裳羽衣·左旋右转》真传绝章,-,
"46","战宝迦兰","25人英雄",镇恶,特殊,剑茗腰带·少林,-,
"46","战宝迦兰","25人英雄",镇恶宝箱5,特殊,剑茗腰带·少林,-,
"46","战宝迦兰","25人英雄",镇恶宝箱1,特殊,天工图：七星龙渊,-,
"46","战宝迦兰","25人英雄",镇恶宝箱3,特殊,天工图：七星龙渊,-,
"46","战宝迦兰","25人英雄",镇恶宝箱5,特殊,天工图：七星龙渊,-,
"46","战宝迦兰","25人英雄",镇恶宝箱1,特殊,天工图：泰岳清风,-,
"46","战宝迦兰","25人英雄",镇恶宝箱3,特殊,天工图：泰岳清风,-,
"46","战宝迦兰","25人英雄",镇恶宝箱5,特殊,天工图：泰岳清风,-,
"46","战宝迦兰","25人英雄",镇恶宝箱3,特殊,天工图：古尘,-,
"46","战宝迦兰","25人英雄",镇恶宝箱3,特殊,天工图：不染尘,-,
"46","战宝迦兰","25人英雄",镇恶宝箱3,特殊,天工图：恨铁,-,
"46","战宝迦兰","25人英雄",镇恶宝箱3,特殊,天工图：鬼见愁,-,
"46","战宝迦兰","25人英雄",镇恶宝箱3,特殊,天工图：七杀刀,-,
"46","战宝迦兰","25人英雄",镇恶宝箱3,特殊,天工图：沥泉,-,
"46","战宝迦兰","25人英雄",镇恶宝箱3,特殊,天工图：青鸾,-,
"46","战宝迦兰","25人英雄",镇恶宝箱3,特殊,天工图：紫莲,-,
"46","战宝迦兰","25人英雄",镇恶,特殊,剑茗腰带·天策,-,
"46","战宝迦兰","25人英雄",镇恶宝箱5,特殊,剑茗腰带·七秀,-,
"46","战宝迦兰","25人英雄",镇恶,特殊,剑茗腰带·万花,-,
"46","战宝迦兰","25人英雄",镇恶宝箱5,特殊,剑茗腰带·纯阳,-,
"46","战宝迦兰","25人英雄",镇恶宝箱4,特殊,剑茗腰带·藏剑,-,
"46","战宝迦兰","25人英雄",镇恶宝箱1,特殊,天工图：玄铁剑,-,
"46","战宝迦兰","25人英雄",镇恶宝箱5,特殊,天工图：玄铁剑,-,
"46","战宝迦兰","25人英雄",镇恶宝箱1,特殊,天工图：君子,-,
"46","战宝迦兰","25人英雄",镇恶宝箱5,特殊,天工图：君子,-,
"46","战宝迦兰","25人英雄",镇恶宝箱3,特殊,大力金刚掌第一式,-,
"46","战宝迦兰","25人英雄",镇恶宝箱5,特殊,剑茗腰带·五毒,-,
"46","战宝迦兰","25人英雄",镇恶宝箱5,特殊,剑茗腰带·唐门,-,
"46","战宝迦兰","25人英雄",镇恶,特殊,天工图：古尘,-,
"46","战宝迦兰","25人英雄",镇恶宝箱4,特殊,天工图：古尘,-,
"46","战宝迦兰","25人英雄",镇恶,特殊,天工图：不染尘,-,
"46","战宝迦兰","25人英雄",镇恶宝箱4,特殊,天工图：不染尘,-,
"46","战宝迦兰","25人英雄",镇恶,特殊,天工图：恨铁,-,
"46","战宝迦兰","25人英雄",镇恶宝箱4,特殊,天工图：恨铁,-,
"46","战宝迦兰","25人英雄",镇恶,特殊,天工图：鬼见愁,-,
"46","战宝迦兰","25人英雄",镇恶宝箱4,特殊,天工图：鬼见愁,-,
"46","战宝迦兰","25人英雄",镇恶,特殊,天工图：七杀刀,-,
"46","战宝迦兰","25人英雄",镇恶宝箱4,特殊,天工图：七杀刀,-,
"46","战宝迦兰","25人英雄",镇恶,特殊,天工图：沥泉,-,
"46","战宝迦兰","25人英雄",镇恶宝箱4,特殊,天工图：沥泉,-,
"46","战宝迦兰","25人英雄",镇恶,特殊,天工图：青鸾,-,
"46","战宝迦兰","25人英雄",镇恶宝箱4,特殊,天工图：青鸾,-,
"46","战宝迦兰","25人英雄",镇恶,特殊,天工图：紫莲,-,
"46","战宝迦兰","25人英雄",镇恶宝箱4,特殊,天工图：紫莲,-,
"46","战宝迦兰","25人英雄",镇恶宝箱4,特殊,剑茗腰带·天策,-,
"46","战宝迦兰","25人英雄",镇恶宝箱4,特殊,剑茗腰带·万花,-,
"46","战宝迦兰","25人英雄",镇恶,特殊,天外陨铁,-,
"46","战宝迦兰","25人英雄",镇恶宝箱5,特殊,剑茗腰带·藏剑,-,
"46","战宝迦兰","25人英雄",镇恶宝箱2,特殊,天工图：玄铁剑,-,
"46","战宝迦兰","25人英雄",镇恶宝箱2,特殊,天工图：君子,-,
"46","战宝迦兰","25人英雄",镇恶,特殊,大力金刚掌第一式,-,
"46","战宝迦兰","25人英雄",镇恶宝箱4,特殊,大力金刚掌第一式,-,
"46","战宝迦兰","25人英雄",镇恶宝箱2,特殊,大力金刚掌第一式,-,
"46","战宝迦兰","25人英雄",镇恶宝箱4,特殊,天工图：玄铁剑,-,
"46","战宝迦兰","25人英雄",镇恶宝箱4,特殊,剑茗腰带·七秀,-,
"46","战宝迦兰","25人英雄",镇恶宝箱5,特殊,天工图：青鸾,-,
"46","战宝迦兰","25人英雄",餐风、饮火、吞云,特殊,《坐忘经·凭虚御风》穴位图绝章,-,
"46","战宝迦兰","25人英雄",餐风、饮火、吞云,特殊,剑茗衣·少林,-,
"46","战宝迦兰","25人英雄",餐风、饮火、吞云,特殊,天工图：七星龙渊,-,
"46","战宝迦兰","25人英雄",餐风、饮火、吞云,特殊,天工图：泰岳清风,-,
"46","战宝迦兰","25人英雄",餐风、饮火、吞云,特殊,天工图：古尘,-,
"46","战宝迦兰","25人英雄",餐风、饮火、吞云,特殊,剑茗衣·藏剑,-,
"46","战宝迦兰","25人英雄",餐风、饮火、吞云,特殊,剑茗衣·天策,-,
"46","战宝迦兰","25人英雄",餐风、饮火、吞云,特殊,剑茗衣·万花,-,
"46","战宝迦兰","25人英雄",餐风、饮火、吞云,特殊,天工图：君子,-,
"46","战宝迦兰","25人英雄",餐风、饮火、吞云,特殊,天外陨铁,-,
"46","战宝迦兰","25人英雄",餐风、饮火、吞云,特殊,天工图：不染尘,-,
"46","战宝迦兰","25人英雄",餐风、饮火、吞云,特殊,天工图：恨铁,-,
"46","战宝迦兰","25人英雄",餐风、饮火、吞云,特殊,天工图：鬼见愁,-,
"46","战宝迦兰","25人英雄",餐风、饮火、吞云,特殊,天工图：七杀刀,-,
"46","战宝迦兰","25人英雄",餐风、饮火、吞云,特殊,天工图：沥泉,-,
"46","战宝迦兰","25人英雄",餐风、饮火、吞云,特殊,天工图：青鸾,-,
"46","战宝迦兰","25人英雄",餐风、饮火、吞云,特殊,天工图：紫莲,-,
"46","战宝迦兰","25人英雄",餐风、饮火、吞云,特殊,剑茗衣·七秀,-,
"46","战宝迦兰","25人英雄",餐风、饮火、吞云,特殊,剑茗衣·纯阳,-,
"46","战宝迦兰","25人英雄",餐风、饮火、吞云,特殊,剑茗衣·五毒,-,
"46","战宝迦兰","25人英雄",餐风、饮火、吞云,特殊,剑茗衣·唐门,-,
"46","战宝迦兰","25人英雄",餐风、饮火、吞云,特殊,天工图：玄铁剑,-,
"46","战宝迦兰","25人英雄",千手观音,特殊,《坐忘经·凭虚御风》穴位图绝章,-,
"46","战宝迦兰","25人英雄",千手观音宝箱2,特殊,《坐忘经·凭虚御风》穴位图绝章,-,
"46","战宝迦兰","25人英雄",千手观音,特殊,《霓裳羽衣·左旋右转》真传绝章,-,
"46","战宝迦兰","25人英雄",千手观音宝箱2,特殊,《霓裳羽衣·左旋右转》真传绝章,-,
"46","战宝迦兰","25人英雄",千手观音,特殊,《罗汉棍法·韦陀献杵》人偶图残页,-,
"46","战宝迦兰","25人英雄",千手观音宝箱2,特殊,《罗汉棍法·韦陀献杵》人偶图残页,-,
"46","战宝迦兰","25人英雄",千手观音,特殊,《虎牙令·啸如虎》穴位图绝章,-,
"46","战宝迦兰","25人英雄",千手观音宝箱2,特殊,《虎牙令·啸如虎》穴位图绝章,-,
"46","战宝迦兰","25人英雄",千手观音,特殊,《太素九针·提针》人偶图断篇,-,
"46","战宝迦兰","25人英雄",千手观音宝箱2,特殊,《太素九针·提针》人偶图断篇,-,
"46","战宝迦兰","25人英雄",千手观音,特殊,天工图：七星龙渊,-,
"46","战宝迦兰","25人英雄",千手观音宝箱2,特殊,天工图：七星龙渊,-,
"46","战宝迦兰","25人英雄",千手观音,特殊,天工图：泰岳清风,-,
"46","战宝迦兰","25人英雄",千手观音宝箱2,特殊,天工图：泰岳清风,-,
"46","战宝迦兰","25人英雄",千手观音,特殊,天工图：古尘,-,
"46","战宝迦兰","25人英雄",千手观音宝箱2,特殊,天工图：古尘,-,
"46","战宝迦兰","25人英雄",千手观音宝箱1,特殊,天工图：不染尘,-,
"46","战宝迦兰","25人英雄",千手观音宝箱1,特殊,天工图：恨铁,-,
"46","战宝迦兰","25人英雄",千手观音宝箱1,特殊,天工图：鬼见愁,-,
"46","战宝迦兰","25人英雄",千手观音宝箱1,特殊,天工图：七杀刀,-,
"46","战宝迦兰","25人英雄",千手观音宝箱1,特殊,天工图：沥泉,-,
"46","战宝迦兰","25人英雄",千手观音宝箱1,特殊,天工图：青鸾,-,
"46","战宝迦兰","25人英雄",千手观音宝箱1,特殊,天工图：紫莲,-,
"46","战宝迦兰","25人英雄",千手观音,特殊,天外陨铁,-,
"46","战宝迦兰","25人英雄",千手观音宝箱3,特殊,天工图：玄铁剑,-,
"46","战宝迦兰","25人英雄",千手观音宝箱3,特殊,天工图：君子,-,
"46","战宝迦兰","25人英雄",千手观音宝箱3,特殊,纯阳诀其一,-,
"46","战宝迦兰","25人英雄",千手观音宝箱1,特殊,大力金刚掌第一式,-,
"46","战宝迦兰","25人英雄",千手观音宝箱3,特殊,七秀剑舞诀第一章,-,
"46","战宝迦兰","25人英雄",千手观音宝箱3,特殊,太宗兵法第一章,-,
"46","战宝迦兰","25人英雄",千手观音宝箱3,特殊,万花岐黄术第一章,-,
"46","战宝迦兰","25人英雄",千手观音宝箱2,特殊,天工图：不染尘,-,
"46","战宝迦兰","25人英雄",千手观音宝箱2,特殊,天工图：恨铁,-,
"46","战宝迦兰","25人英雄",千手观音宝箱2,特殊,天工图：鬼见愁,-,
"46","战宝迦兰","25人英雄",千手观音宝箱2,特殊,天工图：七杀刀,-,
"46","战宝迦兰","25人英雄",千手观音宝箱2,特殊,天工图：沥泉,-,
"46","战宝迦兰","25人英雄",千手观音宝箱2,特殊,天工图：青鸾,-,
"46","战宝迦兰","25人英雄",千手观音宝箱2,特殊,天工图：紫莲,-,
"46","战宝迦兰","25人英雄",千手观音,特殊,飞仙玄晶,-,
"46","战宝迦兰","25人英雄",千手观音,特殊,天工图：玄铁剑,-,
"46","战宝迦兰","25人英雄",千手观音,特殊,天工图：君子,-,
"46","战宝迦兰","25人英雄",千手观音宝箱2,特殊,大力金刚掌第一式,-,
"46","战宝迦兰","25人英雄",千手观音,特殊,七秀剑舞诀第一章,-,
"46","战宝迦兰","25人英雄",千手观音,特殊,太宗兵法第一章,-,
"46","战宝迦兰","25人英雄",千手观音,特殊,万花岐黄术第一章,-,
"46","战宝迦兰","25人英雄",千手观音宝箱1,特殊,《坐忘经·凭虚御风》穴位图绝章,-,
"46","战宝迦兰","25人英雄",千手观音宝箱3,特殊,《坐忘经·凭虚御风》穴位图绝章,-,
"46","战宝迦兰","25人英雄",千手观音宝箱1,特殊,《霓裳羽衣·左旋右转》真传绝章,-,
"46","战宝迦兰","25人英雄",千手观音宝箱3,特殊,《霓裳羽衣·左旋右转》真传绝章,-,
"46","战宝迦兰","25人英雄",千手观音宝箱1,特殊,《罗汉棍法·韦陀献杵》人偶图残页,-,
"46","战宝迦兰","25人英雄",千手观音宝箱3,特殊,《罗汉棍法·韦陀献杵》人偶图残页,-,
"46","战宝迦兰","25人英雄",千手观音宝箱1,特殊,《虎牙令·啸如虎》穴位图绝章,-,
"46","战宝迦兰","25人英雄",千手观音宝箱3,特殊,《虎牙令·啸如虎》穴位图绝章,-,
"46","战宝迦兰","25人英雄",千手观音宝箱1,特殊,《太素九针·提针》人偶图断篇,-,
"46","战宝迦兰","25人英雄",千手观音宝箱3,特殊,《太素九针·提针》人偶图断篇,-,
"46","战宝迦兰","25人英雄",千手观音宝箱1,特殊,天工图：七星龙渊,-,
"46","战宝迦兰","25人英雄",千手观音宝箱3,特殊,天工图：七星龙渊,-,
"46","战宝迦兰","25人英雄",千手观音宝箱1,特殊,天工图：泰岳清风,-,
"46","战宝迦兰","25人英雄",千手观音宝箱3,特殊,天工图：泰岳清风,-,
"46","战宝迦兰","25人英雄",千手观音宝箱1,特殊,天工图：古尘,-,
"46","战宝迦兰","25人英雄",千手观音宝箱3,特殊,天工图：古尘,-,
"46","战宝迦兰","25人英雄",千手观音宝箱3,特殊,天工图：不染尘,-,
"46","战宝迦兰","25人英雄",千手观音宝箱3,特殊,天工图：恨铁,-,
"46","战宝迦兰","25人英雄",千手观音宝箱3,特殊,天工图：鬼见愁,-,
"46","战宝迦兰","25人英雄",千手观音宝箱3,特殊,天工图：七杀刀,-,
"46","战宝迦兰","25人英雄",千手观音宝箱3,特殊,天工图：沥泉,-,
"46","战宝迦兰","25人英雄",千手观音宝箱3,特殊,天工图：青鸾,-,
"46","战宝迦兰","25人英雄",千手观音宝箱3,特殊,天工图：紫莲,-,
"46","战宝迦兰","25人英雄",千手观音宝箱1,特殊,天工图：玄铁剑,-,
"46","战宝迦兰","25人英雄",千手观音宝箱1,特殊,天工图：君子,-,
"46","战宝迦兰","25人英雄",千手观音宝箱1,特殊,纯阳诀其一,-,
"46","战宝迦兰","25人英雄",千手观音宝箱3,特殊,大力金刚掌第一式,-,
"46","战宝迦兰","25人英雄",千手观音宝箱1,特殊,七秀剑舞诀第一章,-,
"46","战宝迦兰","25人英雄",千手观音宝箱1,特殊,太宗兵法第一章,-,
"46","战宝迦兰","25人英雄",千手观音宝箱1,特殊,万花岐黄术第一章,-,
"46","战宝迦兰","25人英雄",千手观音,特殊,天工图：不染尘,-,
"46","战宝迦兰","25人英雄",千手观音,特殊,天工图：恨铁,-,
"46","战宝迦兰","25人英雄",千手观音,特殊,天工图：鬼见愁,-,
"46","战宝迦兰","25人英雄",千手观音,特殊,天工图：七杀刀,-,
"46","战宝迦兰","25人英雄",千手观音,特殊,天工图：沥泉,-,
"46","战宝迦兰","25人英雄",千手观音,特殊,天工图：青鸾,-,
"46","战宝迦兰","25人英雄",千手观音,特殊,天工图：紫莲,-,
"46","战宝迦兰","25人英雄",千手观音宝箱2,特殊,天工图：玄铁剑,-,
"46","战宝迦兰","25人英雄",千手观音宝箱2,特殊,天工图：君子,-,
"46","战宝迦兰","25人英雄",千手观音宝箱2,特殊,纯阳诀其一,-,
"46","战宝迦兰","25人英雄",千手观音,特殊,大力金刚掌第一式,-,
"46","战宝迦兰","25人英雄",千手观音宝箱2,特殊,七秀剑舞诀第一章,-,
"46","战宝迦兰","25人英雄",千手观音宝箱2,特殊,太宗兵法第一章,-,
"46","战宝迦兰","25人英雄",千手观音宝箱2,特殊,万花岐黄术第一章,-,
"46","战宝迦兰","25人英雄",千手观音,特殊,纯阳诀其一,-,
"14","灵霄峡","5人普通",虎啸,特殊,达摩洗髓经上篇·无我,-,
"14","灵霄峡","5人普通",虎啸,特殊,牢笼钥匙,-,
"14","灵霄峡","5人普通",射云,特殊,达摩洗髓经下篇·无相,-,
"14","灵霄峡","5人普通",华鹤炎,特殊,《罗汉棍法·普渡四方》详解断篇,-,
"45","灵霄峡","5人英雄",慧钟,特殊,秘方：百纳包,-,
"45","灵霄峡","5人英雄",慧钟,特殊,图样：点睛甲片,-,
"45","灵霄峡","5人英雄",慧钟,特殊,天工图：千忍发冠,-,
"45","灵霄峡","5人英雄",慧钟,特殊,天工图：珠袖红纱装,-,
"45","灵霄峡","5人英雄",慧钟,特殊,天工图：纹龙头冠,-,
"45","灵霄峡","5人英雄",慧钟,特殊,天工图：连云衣,-,
"45","灵霄峡","5人英雄",慧钟,特殊,天工图：天宝袈裟,-,
"45","灵霄峡","5人英雄",慧钟,特殊,天工图：天宝装,-,
"45","灵霄峡","5人英雄",慧钟,特殊,天工图：千忍装,-,
"45","灵霄峡","5人英雄",慧钟,特殊,天工图：古月锦袍,-,
"45","灵霄峡","5人英雄",慧钟,特殊,天工图：珠袖红纱软鞋,-,
"45","灵霄峡","5人英雄",慧钟,特殊,天工图：乌锤裹腰,-,
"45","灵霄峡","5人英雄",慧钟,特殊,天工图：古月装,-,
"45","灵霄峡","5人英雄",慧钟,特殊,天工图：古月锦鞋,-,
"45","灵霄峡","5人英雄",慧钟,特殊,天工图：千忍鞋,-,
"45","灵霄峡","5人英雄",慧钟,特殊,天工图：乌锤护手,-,
"45","灵霄峡","5人英雄",慧钟,特殊,天工图：珠袖红纱衣,-,
"45","灵霄峡","5人英雄",慧钟,特殊,伏魔袈裟,-,
"45","灵霄峡","5人英雄",慧钟,特殊,天工图：天宝僧靴,-,
"45","灵霄峡","5人英雄",慧钟,特殊,图样：百鬼磨石,-,
"45","灵霄峡","5人英雄",千叶佛像,特殊,天工图：珠袖红纱衣,-,
"45","灵霄峡","5人英雄",千叶佛像,特殊,图样：百鬼磨石,-,
"45","灵霄峡","5人英雄",千叶佛像,特殊,秘方：百纳包,-,
"45","灵霄峡","5人英雄",千叶佛像,特殊,图样：点睛甲片,-,
"45","灵霄峡","5人英雄",千叶佛像,特殊,天工图：千忍发冠,-,
"45","灵霄峡","5人英雄",千叶佛像,特殊,《达摩武诀·清音诀》注解断篇,-,
"45","灵霄峡","5人英雄",千叶佛像,特殊,天工图：珠袖红纱装,-,
"45","灵霄峡","5人英雄",千叶佛像,特殊,天工图：纹龙头冠,-,
"45","灵霄峡","5人英雄",千叶佛像,特殊,天工图：连云衣,-,
"45","灵霄峡","5人英雄",千叶佛像,特殊,天工图：天宝装,-,
"45","灵霄峡","5人英雄",千叶佛像,特殊,天工图：天宝僧靴,-,
"45","灵霄峡","5人英雄",千叶佛像,特殊,天工图：千忍装,-,
"45","灵霄峡","5人英雄",千叶佛像,特殊,天工图：古月装,-,
"45","灵霄峡","5人英雄",千叶佛像,特殊,天工图：乌锤裹腰,-,
"45","灵霄峡","5人英雄",千叶佛像,特殊,天工图：古月锦鞋,-,
"45","灵霄峡","5人英雄",千叶佛像,特殊,天工图：珠袖红纱软鞋,-,
"45","灵霄峡","5人英雄",千叶佛像,特殊,天工图：千忍鞋,-,
"45","灵霄峡","5人英雄",千叶佛像,特殊,天工图：古月锦袍,-,
"45","灵霄峡","5人英雄",千叶佛像,特殊,天工图：乌锤护手,-,
"45","灵霄峡","5人英雄",千叶佛像,特殊,天工图：天宝袈裟,-,
"45","灵霄峡","5人英雄",水中月、镜中花、空中云,特殊,图样：百鬼磨石,-,
"45","灵霄峡","5人英雄",水中月、镜中花、空中云,特殊,天工图：珠袖红纱衣,-,
"45","灵霄峡","5人英雄",水中月、镜中花、空中云,特殊,秘方：百纳包,-,
"45","灵霄峡","5人英雄",水中月、镜中花、空中云,特殊,图样：点睛甲片,-,
"45","灵霄峡","5人英雄",水中月、镜中花、空中云,特殊,天工图：千忍发冠,-,
"45","灵霄峡","5人英雄",水中月、镜中花、空中云,特殊,《罗汉棍法·横扫六合》注解断篇,-,
"45","灵霄峡","5人英雄",水中月、镜中花、空中云,特殊,天工图：纹龙头冠,-,
"45","灵霄峡","5人英雄",水中月、镜中花、空中云,特殊,天工图：珠袖红纱装,-,
"45","灵霄峡","5人英雄",水中月、镜中花、空中云,特殊,天工图：连云衣,-,
"45","灵霄峡","5人英雄",水中月、镜中花、空中云,特殊,天工图：天宝装,-,
"45","灵霄峡","5人英雄",水中月、镜中花、空中云,特殊,天工图：天宝僧靴,-,
"45","灵霄峡","5人英雄",水中月、镜中花、空中云,特殊,天工图：古月锦袍,-,
"45","灵霄峡","5人英雄",水中月、镜中花、空中云,特殊,天工图：千忍装,-,
"45","灵霄峡","5人英雄",水中月、镜中花、空中云,特殊,天工图：乌锤裹腰,-,
"45","灵霄峡","5人英雄",水中月、镜中花、空中云,特殊,天工图：古月锦鞋,-,
"45","灵霄峡","5人英雄",水中月、镜中花、空中云,特殊,天工图：古月装,-,
"45","灵霄峡","5人英雄",水中月、镜中花、空中云,特殊,天工图：珠袖红纱软鞋,-,
"45","灵霄峡","5人英雄",水中月、镜中花、空中云,特殊,天工图：千忍鞋,-,
"45","灵霄峡","5人英雄",水中月、镜中花、空中云,特殊,天工图：天宝袈裟,-,
"45","灵霄峡","5人英雄",水中月、镜中花、空中云,特殊,沙罗杖,-,
"45","灵霄峡","5人英雄",水中月、镜中花、空中云,特殊,天泉水玉,-,
"45","灵霄峡","5人英雄",水中月、镜中花、空中云,特殊,天工图：乌锤护手,-,
"17","天工坊","5人普通",平三指,特殊,药方：飞鱼丸,-,
"17","天工坊","5人普通",震天甲士,特殊,《太素九针·局针》真传残页,-,
"37","天工坊","5人英雄",煞灵魔尸,特殊,天工图：纹龙头冠,-,
"37","天工坊","5人英雄",煞灵魔尸,特殊,天工图：连云衣,-,
"37","天工坊","5人英雄",煞灵魔尸,特殊,天工图：乌锤裹腰,-,
"37","天工坊","5人英雄",煞灵魔尸,特殊,天工图：珠袖红纱衣,-,
"37","天工坊","5人英雄",煞灵魔尸,特殊,天工图：千忍装,-,
"37","天工坊","5人英雄",煞灵魔尸,特殊,天工图：乌锤护手,-,
"37","天工坊","5人英雄",煞灵魔尸,特殊,天工图：珠袖红纱装,-,
"37","天工坊","5人英雄",煞灵魔尸,特殊,天工图：千忍鞋,-,
"37","天工坊","5人英雄",煞灵魔尸,特殊,天工图：珠袖红纱软鞋,-,
"37","天工坊","5人英雄",煞灵魔尸,特殊,图样：百鬼磨石,-,
"37","天工坊","5人英雄",煞灵魔尸,特殊,秘方：百纳包,-,
"37","天工坊","5人英雄",煞灵魔尸,特殊,天工图：天宝僧靴,-,
"37","天工坊","5人英雄",煞灵魔尸,特殊,天工图：古月锦袍,-,
"37","天工坊","5人英雄",煞灵魔尸,特殊,精准木甲素材,-,
"37","天工坊","5人英雄",煞灵魔尸,特殊,天工图：古月装,-,
"37","天工坊","5人英雄",煞灵魔尸,特殊,天工图：天宝装,-,
"37","天工坊","5人英雄",煞灵魔尸,特殊,天工图：天宝袈裟,-,
"37","天工坊","5人英雄",煞灵魔尸,特殊,图样：点睛甲片,-,
"37","天工坊","5人英雄",煞灵魔尸,特殊,天工图：古月锦鞋,-,
"37","天工坊","5人英雄",煞灵魔尸,特殊,天工图：千忍发冠,-,
"37","天工坊","5人英雄",塔玛,特殊,天工图：古月锦鞋,-,
"37","天工坊","5人英雄",塔玛,特殊,图样：点睛甲片,-,
"37","天工坊","5人英雄",塔玛,特殊,天工图：千忍发冠,-,
"37","天工坊","5人英雄",塔玛,特殊,天工图：纹龙头冠,-,
"37","天工坊","5人英雄",塔玛,特殊,《点穴截脉·阳明指》参悟断篇,-,
"37","天工坊","5人英雄",塔玛,特殊,天工图：连云衣,-,
"37","天工坊","5人英雄",塔玛,特殊,天工图：乌锤裹腰,-,
"37","天工坊","5人英雄",塔玛,特殊,天工图：珠袖红纱衣,-,
"37","天工坊","5人英雄",塔玛,特殊,天工图：千忍装,-,
"37","天工坊","5人英雄",塔玛,特殊,天工图：乌锤护手,-,
"37","天工坊","5人英雄",塔玛,特殊,天工图：珠袖红纱装,-,
"37","天工坊","5人英雄",塔玛,特殊,天工图：千忍鞋,-,
"37","天工坊","5人英雄",塔玛,特殊,天工图：珠袖红纱软鞋,-,
"37","天工坊","5人英雄",塔玛,特殊,天工图：天宝袈裟,-,
"37","天工坊","5人英雄",塔玛,特殊,天工图：天宝装,-,
"37","天工坊","5人英雄",塔玛,特殊,图样：百鬼磨石,-,
"37","天工坊","5人英雄",塔玛,特殊,精准木甲素材,-,
"37","天工坊","5人英雄",塔玛,特殊,天工图：天宝僧靴,-,
"37","天工坊","5人英雄",塔玛,特殊,天工图：古月锦袍,-,
"37","天工坊","5人英雄",塔玛,特殊,秘方：百纳包,-,
"37","天工坊","5人英雄",塔玛,特殊,天工图：古月装,-,
"37","天工坊","5人英雄",司徒一一,特殊,天工图：千忍发冠,-,
"37","天工坊","5人英雄",司徒一一,特殊,天工图：纹龙头冠,-,
"37","天工坊","5人英雄",司徒一一,特殊,天工图：连云衣,-,
"37","天工坊","5人英雄",司徒一一,特殊,天工图：乌锤裹腰,-,
"37","天工坊","5人英雄",司徒一一,特殊,《点穴截脉·商阳指》注解绝章,-,
"37","天工坊","5人英雄",司徒一一,特殊,天工图：珠袖红纱衣,-,
"37","天工坊","5人英雄",司徒一一,特殊,天工图：千忍装,-,
"37","天工坊","5人英雄",司徒一一,特殊,天工图：乌锤护手,-,
"37","天工坊","5人英雄",司徒一一,特殊,天工图：珠袖红纱装,-,
"37","天工坊","5人英雄",司徒一一,特殊,天工图：千忍鞋,-,
"37","天工坊","5人英雄",司徒一一,特殊,天工图：珠袖红纱软鞋,-,
"37","天工坊","5人英雄",司徒一一,特殊,天工图：天宝袈裟,-,
"37","天工坊","5人英雄",司徒一一,特殊,天工图：天宝装,-,
"37","天工坊","5人英雄",司徒一一,特殊,图样：百鬼磨石,-,
"37","天工坊","5人英雄",司徒一一,特殊,天工图：天宝僧靴,-,
"37","天工坊","5人英雄",司徒一一,特殊,天泉水玉,-,
"37","天工坊","5人英雄",司徒一一,特殊,秘方：百纳包,-,
"37","天工坊","5人英雄",司徒一一,特殊,精准木甲素材,-,
"37","天工坊","5人英雄",司徒一一,特殊,天工图：古月锦鞋,-,
"37","天工坊","5人英雄",司徒一一,特殊,天工图：古月锦袍,-,
"37","天工坊","5人英雄",司徒一一,特殊,天工图：古月装,-,
"37","天工坊","5人英雄",司徒一一,特殊,图样：点睛甲片,-,
"41","无盐岛","5人英雄",罗翼,特殊,天工图：连云衣,-,
"41","无盐岛","5人英雄",罗翼,特殊,天工图：天宝袈裟,-,
"41","无盐岛","5人英雄",罗翼,特殊,天工图：天宝装,-,
"41","无盐岛","5人英雄",罗翼,特殊,天工图：珠袖红纱衣,-,
"41","无盐岛","5人英雄",罗翼,特殊,天工图：乌锤裹腰,-,
"41","无盐岛","5人英雄",罗翼,特殊,天工图：天宝僧靴,-,
"41","无盐岛","5人英雄",罗翼,特殊,天工图：千忍装,-,
"41","无盐岛","5人英雄",罗翼,特殊,秘方：百纳包,-,
"41","无盐岛","5人英雄",罗翼,特殊,天工图：古月锦鞋,-,
"41","无盐岛","5人英雄",罗翼,特殊,天工图：乌锤护手,-,
"41","无盐岛","5人英雄",罗翼,特殊,天工图：千忍鞋,-,
"41","无盐岛","5人英雄",罗翼,特殊,神仙自在说,-,
"41","无盐岛","5人英雄",罗翼,特殊,天工图：珠袖红纱装,-,
"41","无盐岛","5人英雄",罗翼,特殊,图样：百鬼磨石,-,
"41","无盐岛","5人英雄",罗翼,特殊,天工图：千忍发冠,-,
"41","无盐岛","5人英雄",罗翼,特殊,图样：点睛甲片,-,
"41","无盐岛","5人英雄",罗翼,特殊,天工图：古月装,-,
"41","无盐岛","5人英雄",罗翼,特殊,天工图：珠袖红纱软鞋,-,
"41","无盐岛","5人英雄",罗翼,特殊,天工图：古月锦袍,-,
"41","无盐岛","5人英雄",罗翼,特殊,天工图：纹龙头冠,-,
"41","无盐岛","5人英雄",庞虎文,特殊,天工图：珠袖红纱软鞋,-,
"41","无盐岛","5人英雄",庞虎文,特殊,天工图：纹龙头冠,-,
"41","无盐岛","5人英雄",庞虎文,特殊,天工图：连云衣,-,
"41","无盐岛","5人英雄",庞虎文,特殊,天工图：天宝装,-,
"41","无盐岛","5人英雄",庞虎文,特殊,天工图：天宝僧靴,-,
"41","无盐岛","5人英雄",庞虎文,特殊,天工图：乌锤裹腰,-,
"41","无盐岛","5人英雄",庞虎文,特殊,天工图：古月锦袍,-,
"41","无盐岛","5人英雄",庞虎文,特殊,天工图：珠袖红纱衣,-,
"41","无盐岛","5人英雄",庞虎文,特殊,天工图：千忍装,-,
"41","无盐岛","5人英雄",庞虎文,特殊,天工图：古月锦鞋,-,
"41","无盐岛","5人英雄",庞虎文,特殊,秘方：百纳包,-,
"41","无盐岛","5人英雄",庞虎文,特殊,天工图：乌锤护手,-,
"41","无盐岛","5人英雄",庞虎文,特殊,天工图：千忍鞋,-,
"41","无盐岛","5人英雄",庞虎文,特殊,天工图：珠袖红纱装,-,
"41","无盐岛","5人英雄",庞虎文,特殊,图样：百鬼磨石,-,
"41","无盐岛","5人英雄",庞虎文,特殊,天工图：千忍发冠,-,
"41","无盐岛","5人英雄",庞虎文,特殊,《霓裳羽衣·左旋右转》注解断篇,-,
"41","无盐岛","5人英雄",庞虎文,特殊,图样：点睛甲片,-,
"41","无盐岛","5人英雄",庞虎文,特殊,天工图：古月装,-,
"41","无盐岛","5人英雄",庞虎文,特殊,天工图：天宝袈裟,-,
"41","无盐岛","5人英雄",杨心羽,特殊,天工图：纹龙头冠,-,
"41","无盐岛","5人英雄",杨心羽,特殊,天工图：天宝袈裟,-,
"41","无盐岛","5人英雄",杨心羽,特殊,天工图：珠袖红纱软鞋,-,
"41","无盐岛","5人英雄",杨心羽,特殊,天工图：连云衣,-,
"41","无盐岛","5人英雄",杨心羽,特殊,天工图：天宝僧靴,-,
"41","无盐岛","5人英雄",杨心羽,特殊,天工图：古月锦袍,-,
"41","无盐岛","5人英雄",杨心羽,特殊,天工图：乌锤裹腰,-,
"41","无盐岛","5人英雄",杨心羽,特殊,天工图：古月装,-,
"41","无盐岛","5人英雄",杨心羽,特殊,天工图：千忍装,-,
"41","无盐岛","5人英雄",杨心羽,特殊,天工图：珠袖红纱衣,-,
"41","无盐岛","5人英雄",杨心羽,特殊,天工图：乌锤护手,-,
"41","无盐岛","5人英雄",杨心羽,特殊,凌云心法,-,
"41","无盐岛","5人英雄",杨心羽,特殊,秘方：百纳包,-,
"41","无盐岛","5人英雄",杨心羽,特殊,天工图：千忍鞋,-,
"41","无盐岛","5人英雄",杨心羽,特殊,图样：百鬼磨石,-,
"41","无盐岛","5人英雄",杨心羽,特殊,天工图：珠袖红纱装,-,
"41","无盐岛","5人英雄",杨心羽,特殊,《西河剑器·天地低昂》注解断篇,-,
"41","无盐岛","5人英雄",杨心羽,特殊,天工图：千忍发冠,-,
"41","无盐岛","5人英雄",杨心羽,特殊,图样：点睛甲片,-,
"41","无盐岛","5人英雄",杨心羽,特殊,天泉水玉,-,
"41","无盐岛","5人英雄",杨心羽,特殊,天工图：古月锦鞋,-,
"41","无盐岛","5人英雄",杨心羽,特殊,天工图：天宝装,-,
"19","空雾峰","5人普通",冯度,特殊,清净妙论上篇·舍身,-,
"19","空雾峰","5人普通",王彦直,特殊,清净妙论下篇·坐忘,-,
"19","空雾峰","5人普通",鬼影小次郎,特殊,学呈谮书,-,
"19","空雾峰","5人普通",鬼影小次郎,特殊,《天道剑势·三环套月》详解残页,-,
"19","空雾峰","5人普通",鬼影小次郎,特殊,解毒药,-,
"19","空雾峰","5人普通",鬼影小次郎,特殊,强效解毒药,-,
"43","空雾峰","5人英雄",小次郎,特殊,秘方：酱猪肉,-,
"43","空雾峰","5人英雄",小次郎,特殊,菩提木,-,
"43","空雾峰","5人英雄",小次郎,特殊,珍珠缀放,-,
"43","空雾峰","5人英雄",小次郎,特殊,富水,-,
"43","空雾峰","5人英雄",小次郎,特殊,秘方：煎豆腐,-,
"43","空雾峰","5人英雄",小次郎,特殊,千年冰芯,-,
"43","空雾峰","5人英雄",小次郎,特殊,秘方：甘露羹,-,
"43","空雾峰","5人英雄",小次郎,特殊,金甲片,-,
"43","空雾峰","5人英雄",小次郎,特殊,秘方：团圆宴,-,
"43","空雾峰","5人英雄",小次郎,特殊,古井泉,-,
"43","空雾峰","5人英雄",小次郎,特殊,天山雪水,-,
"43","空雾峰","5人英雄",小次郎,特殊,玄铁碎片,-,
"43","空雾峰","5人英雄",小次郎,特殊,隐月线,-,
"43","空雾峰","5人英雄",小次郎,特殊,雨花石,-,
"43","空雾峰","5人英雄",小次郎,特殊,绢云母,-,
"43","空雾峰","5人英雄",小次郎,特殊,配方：金针·烟,-,
"43","空雾峰","5人英雄",小次郎,特殊,茜草,-,
"43","空雾峰","5人英雄",小次郎,特殊,地黄,-,
"43","空雾峰","5人英雄",小次郎,特殊,配方：金针·影,-,
"43","空雾峰","5人英雄",小次郎,特殊,西市腔,-,
"43","空雾峰","5人英雄",小次郎,特殊,鼠尾叶,-,
"43","空雾峰","5人英雄",小次郎,特殊,秘方：好逑汤,-,
"43","空雾峰","5人英雄",小次郎,特殊,地煞兵器谱兵器碎片,-,
"43","空雾峰","5人英雄",小次郎,特殊,靛蓝,-,
"43","空雾峰","5人英雄",小次郎,特殊,秘方：酱萝卜炸儿,-,
"43","空雾峰","5人英雄",小次郎,特殊,秘方：椒盐排骨,-,
"43","空雾峰","5人英雄",小次郎,特殊,秘方：银丝卷,-,
"43","空雾峰","5人英雄",小次郎,特殊,貂皮,-,
"43","空雾峰","5人英雄",夕罗双,特殊,天工图：珠袖红纱衣,-,
"43","空雾峰","5人英雄",夕罗双,特殊,天工图：珠袖红纱装,-,
"43","空雾峰","5人英雄",夕罗双,特殊,天工图：珠袖红纱软鞋,-,
"43","空雾峰","5人英雄",夕罗双,特殊,秘方：百纳包,-,
"43","空雾峰","5人英雄",夕罗双,特殊,天工图：千忍发冠,-,
"43","空雾峰","5人英雄",夕罗双,特殊,天工图：连云衣,-,
"43","空雾峰","5人英雄",夕罗双,特殊,天工图：千忍装,-,
"43","空雾峰","5人英雄",夕罗双,特殊,天工图：千忍鞋,-,
"43","空雾峰","5人英雄",夕罗双,特殊,图样：百鬼磨石,-,
"43","空雾峰","5人英雄",夕罗双,特殊,天工图：天宝袈裟,-,
"43","空雾峰","5人英雄",夕罗双,特殊,天工图：天宝装,-,
"43","空雾峰","5人英雄",夕罗双,特殊,图样：点睛甲片,-,
"43","空雾峰","5人英雄",夕罗双,特殊,天工图：古月锦袍,-,
"43","空雾峰","5人英雄",夕罗双,特殊,天工图：古月装,-,
"43","空雾峰","5人英雄",夕罗双,特殊,天工图：古月锦鞋,-,
"43","空雾峰","5人英雄",夕罗双,特殊,天工图：纹龙头冠,-,
"43","空雾峰","5人英雄",夕罗双,特殊,神仙自在说,-,
"43","空雾峰","5人英雄",夕罗双,特殊,天工图：乌锤裹腰,-,
"43","空雾峰","5人英雄",夕罗双,特殊,天工图：乌锤护手,-,
"43","空雾峰","5人英雄",夕罗双,特殊,天工图：天宝僧靴,-,
"43","空雾峰","5人英雄",藤原樱奈,特殊,天工图：珠袖红纱衣,-,
"43","空雾峰","5人英雄",藤原樱奈,特殊,天工图：珠袖红纱装,-,
"43","空雾峰","5人英雄",藤原樱奈,特殊,天工图：珠袖红纱软鞋,-,
"43","空雾峰","5人英雄",藤原樱奈,特殊,秘方：百纳包,-,
"43","空雾峰","5人英雄",藤原樱奈,特殊,天工图：千忍发冠,-,
"43","空雾峰","5人英雄",藤原樱奈,特殊,天工图：连云衣,-,
"43","空雾峰","5人英雄",藤原樱奈,特殊,天工图：千忍装,-,
"43","空雾峰","5人英雄",藤原樱奈,特殊,天工图：千忍鞋,-,
"43","空雾峰","5人英雄",藤原樱奈,特殊,图样：百鬼磨石,-,
"43","空雾峰","5人英雄",藤原樱奈,特殊,天工图：天宝袈裟,-,
"43","空雾峰","5人英雄",藤原樱奈,特殊,图样：点睛甲片,-,
"43","空雾峰","5人英雄",藤原樱奈,特殊,天工图：古月锦袍,-,
"43","空雾峰","5人英雄",藤原樱奈,特殊,天工图：古月装,-,
"43","空雾峰","5人英雄",藤原樱奈,特殊,天工图：纹龙头冠,-,
"43","空雾峰","5人英雄",藤原樱奈,特殊,天工图：乌锤裹腰,-,
"43","空雾峰","5人英雄",藤原樱奈,特殊,天工图：乌锤护手,-,
"43","空雾峰","5人英雄",藤原樱奈,特殊,《纯阳诀·生太极》真传断篇,-,
"43","空雾峰","5人英雄",藤原樱奈,特殊,天工图：古月锦鞋,-,
"43","空雾峰","5人英雄",藤原樱奈,特殊,天工图：天宝僧靴,-,
"43","空雾峰","5人英雄",藤原樱奈,特殊,天工图：天宝装,-,
"43","空雾峰","5人英雄",梅剑雄,特殊,天工图：珠袖红纱衣,-,
"43","空雾峰","5人英雄",梅剑雄,特殊,天工图：珠袖红纱装,-,
"43","空雾峰","5人英雄",梅剑雄,特殊,天工图：珠袖红纱软鞋,-,
"43","空雾峰","5人英雄",梅剑雄,特殊,秘方：百纳包,-,
"43","空雾峰","5人英雄",梅剑雄,特殊,天工图：千忍发冠,-,
"43","空雾峰","5人英雄",梅剑雄,特殊,天工图：连云衣,-,
"43","空雾峰","5人英雄",梅剑雄,特殊,天工图：千忍装,-,
"43","空雾峰","5人英雄",梅剑雄,特殊,天工图：千忍鞋,-,
"43","空雾峰","5人英雄",梅剑雄,特殊,图样：百鬼磨石,-,
"43","空雾峰","5人英雄",梅剑雄,特殊,图样：点睛甲片,-,
"43","空雾峰","5人英雄",梅剑雄,特殊,天工图：天宝装,-,
"43","空雾峰","5人英雄",梅剑雄,特殊,天工图：天宝僧靴,-,
"43","空雾峰","5人英雄",梅剑雄,特殊,天工图：古月锦袍,-,
"43","空雾峰","5人英雄",梅剑雄,特殊,天工图：纹龙头冠,-,
"43","空雾峰","5人英雄",梅剑雄,特殊,天工图：古月锦鞋,-,
"43","空雾峰","5人英雄",梅剑雄,特殊,凌云心法,-,
"43","空雾峰","5人英雄",梅剑雄,特殊,天泉水玉,-,
"43","空雾峰","5人英雄",梅剑雄,特殊,天工图：乌锤裹腰,-,
"43","空雾峰","5人英雄",梅剑雄,特殊,天工图：乌锤护手,-,
"43","空雾峰","5人英雄",梅剑雄,特殊,《坐忘经·返本归元》注解断篇,-,
"43","空雾峰","5人英雄",梅剑雄,特殊,天工图：古月装,-,
"43","空雾峰","5人英雄",梅剑雄,特殊,天工图：天宝袈裟,-,
"20","天地三才阵","5人普通",商仲永,特殊,《奔雷枪术·突》注解断篇,-,
"36","天地三才阵","5人英雄",范霸,特殊,天工图：乌锤护手,-,
"36","天地三才阵","5人英雄",范霸,特殊,天工图：千忍装,-,
"36","天地三才阵","5人英雄",范霸,特殊,天工图：珠袖红纱装,-,
"36","天地三才阵","5人英雄",范霸,特殊,天工图：千忍鞋,-,
"36","天地三才阵","5人英雄",范霸,特殊,天工图：天宝装,-,
"36","天地三才阵","5人英雄",范霸,特殊,天工图：珠袖红纱软鞋,-,
"36","天地三才阵","5人英雄",范霸,特殊,天工图：天宝僧靴,-,
"36","天地三才阵","5人英雄",范霸,特殊,天工图：古月锦袍,-,
"36","天地三才阵","5人英雄",范霸,特殊,图样：百鬼磨石,-,
"36","天地三才阵","5人英雄",范霸,特殊,秘方：百纳包,-,
"36","天地三才阵","5人英雄",范霸,特殊,图样：点睛甲片,-,
"36","天地三才阵","5人英雄",范霸,特殊,天工图：千忍发冠,-,
"36","天地三才阵","5人英雄",范霸,特殊,天工图：古月装,-,
"36","天地三才阵","5人英雄",范霸,特殊,天工图：古月锦鞋,-,
"36","天地三才阵","5人英雄",范霸,特殊,天工图：天宝袈裟,-,
"36","天地三才阵","5人英雄",范霸,特殊,天工图：纹龙头冠,-,
"36","天地三才阵","5人英雄",范霸,特殊,天工图：连云衣,-,
"36","天地三才阵","5人英雄",范霸,特殊,天工图：乌锤裹腰,-,
"36","天地三才阵","5人英雄",范霸,特殊,天工图：珠袖红纱衣,-,
"36","天地三才阵","5人英雄",赵天龙,特殊,天工图：连云衣,-,
"36","天地三才阵","5人英雄",赵天龙,特殊,天工图：乌锤裹腰,-,
"36","天地三才阵","5人英雄",赵天龙,特殊,天工图：珠袖红纱衣,-,
"36","天地三才阵","5人英雄",赵天龙,特殊,天工图：乌锤护手,-,
"36","天地三才阵","5人英雄",赵天龙,特殊,《奔雷枪术·灭》参悟断篇,-,
"36","天地三才阵","5人英雄",赵天龙,特殊,天工图：千忍装,-,
"36","天地三才阵","5人英雄",赵天龙,特殊,天工图：珠袖红纱装,-,
"36","天地三才阵","5人英雄",赵天龙,特殊,天工图：天宝袈裟,-,
"36","天地三才阵","5人英雄",赵天龙,特殊,天工图：天宝装,-,
"36","天地三才阵","5人英雄",赵天龙,特殊,天工图：千忍鞋,-,
"36","天地三才阵","5人英雄",赵天龙,特殊,天工图：古月锦袍,-,
"36","天地三才阵","5人英雄",赵天龙,特殊,天工图：珠袖红纱软鞋,-,
"36","天地三才阵","5人英雄",赵天龙,特殊,天工图：古月装,-,
"36","天地三才阵","5人英雄",赵天龙,特殊,天工图：古月锦鞋,-,
"36","天地三才阵","5人英雄",赵天龙,特殊,图样：百鬼磨石,-,
"36","天地三才阵","5人英雄",赵天龙,特殊,秘方：百纳包,-,
"36","天地三才阵","5人英雄",赵天龙,特殊,图样：点睛甲片,-,
"36","天地三才阵","5人英雄",赵天龙,特殊,天工图：天宝僧靴,-,
"36","天地三才阵","5人英雄",赵天龙,特殊,天工图：千忍发冠,-,
"36","天地三才阵","5人英雄",赵天龙备份,特殊,《奔雷枪术·灭》参悟断篇,-,
"36","天地三才阵","5人英雄",赵天龙,特殊,天工图：纹龙头冠,-,
"36","天地三才阵","5人英雄",朴宗资,特殊,天工图：乌锤裹腰,-,
"36","天地三才阵","5人英雄",朴宗资,特殊,天工图：珠袖红纱衣,-,
"36","天地三才阵","5人英雄",朴宗资,特殊,天工图：乌锤护手,-,
"36","天地三才阵","5人英雄",朴宗资,特殊,天工图：千忍装,-,
"36","天地三才阵","5人英雄",朴宗资,特殊,《奔雷枪术·突》注解断篇,-,
"36","天地三才阵","5人英雄",朴宗资备份,特殊,《奔雷枪术·突》注解断篇,-,
"36","天地三才阵","5人英雄",朴宗资,特殊,天工图：珠袖红纱装,-,
"36","天地三才阵","5人英雄",朴宗资,特殊,天工图：天宝袈裟,-,
"36","天地三才阵","5人英雄",朴宗资,特殊,天工图：千忍鞋,-,
"36","天地三才阵","5人英雄",朴宗资,特殊,天工图：天宝僧靴,-,
"36","天地三才阵","5人英雄",朴宗资,特殊,天工图：珠袖红纱软鞋,-,
"36","天地三才阵","5人英雄",朴宗资,特殊,天工图：古月锦袍,-,
"36","天地三才阵","5人英雄",朴宗资,特殊,天工图：古月装,-,
"36","天地三才阵","5人英雄",朴宗资,特殊,图样：百鬼磨石,-,
"36","天地三才阵","5人英雄",朴宗资,特殊,秘方：百纳包,-,
"36","天地三才阵","5人英雄",朴宗资,特殊,天泉水玉,-,
"36","天地三才阵","5人英雄",朴宗资,特殊,图样：点睛甲片,-,
"36","天地三才阵","5人英雄",朴宗资,特殊,天工图：千忍发冠,-,
"36","天地三才阵","5人英雄",朴宗资,特殊,天工图：古月锦鞋,-,
"36","天地三才阵","5人英雄",朴宗资,特殊,天工图：天宝装,-,
"36","天地三才阵","5人英雄",朴宗资,特殊,天工图：纹龙头冠,-,
"36","天地三才阵","5人英雄",朴宗资,特殊,天工图：连云衣,-,
"26","荻花宫前山","5人普通",阿里曼监察使,特殊,修罗谱,-,
"26","荻花宫前山","5人普通",阿里曼监察,特殊,天工图：修罗印心缠腰,-,
"26","荻花宫前山","5人普通",阿里曼监察,特殊,天工图：修罗流萤双剑,-,
"26","荻花宫前山","5人普通",阿里曼监察,特殊,《羽林枪法·龙牙》参悟断篇,-,
"26","荻花宫前山","5人普通",阿里曼监察,特殊,天工图：修罗惊雷剑,-,
"26","荻花宫前山","5人普通",阿里曼监察,特殊,天工图：修罗龙骨护臂,-,
"26","荻花宫前山","5人普通",阿里曼监察,特殊,天工图：修罗净业杖,-,
"26","荻花宫前山","5人普通",阿里曼监察,特殊,天工图：修罗挂日刀,-,
"26","荻花宫前山","5人普通",阿里曼监察使,特殊,久别离,-,
"26","荻花宫前山","5人普通",阿里曼监察,特殊,天工图：修罗天涛靴,-,
"26","荻花宫前山","5人普通",阿里曼监察,特殊,《太素九针·局针》人偶图断篇,-,
"26","荻花宫前山","5人普通",阿里曼监察,特殊,天工图：修罗巽风剑,-,
"26","荻花宫前山","5人普通",阿里曼监察,特殊,天工图：修罗忘然刺,-,
"26","荻花宫前山","5人普通",阿里曼监察使,特殊,神秘的卷轴,-,
"26","荻花宫前山","5人普通",阿里曼入教主祭司,特殊,修罗谱,-,
"26","荻花宫前山","5人普通",阿里曼入教主祭司,特殊,《点穴截脉·阳明指》秘诀断篇,-,
"26","荻花宫前山","5人普通",卫栖梧,特殊,人皮书,-,
"26","荻花宫前山","5人普通",卫栖梧,特殊,五木明琼,-,
"26","荻花宫前山","5人普通",卫栖梧,特殊,古朗月行,-,
"26","荻花宫前山","5人普通",卫栖梧,特殊,《剑器浑脱·心鼓弦》经脉图残页,-,
"26","荻花宫前山","5人普通",沙利亚,特殊,《坐忘经·凭虚御风》注解断篇,-,
"26","荻花宫前山","5人普通",沙利亚,特殊,修罗谱,-,
"26","荻花宫前山","5人普通",沙利亚,特殊,秘方：黄铜啸天冠,-,
"26","荻花宫前山","5人普通",阿斯玛,特殊,修罗谱,-,
"40","荻花宫前山","5人英雄",阿里曼监察使,特殊,天工图：珍珠锦銮装,-,
"40","荻花宫前山","5人英雄",阿里曼监察使,特殊,天工图：珍珠锦銮鞋,-,
"40","荻花宫前山","5人英雄",阿里曼监察,特殊,茜草,-,
"40","荻花宫前山","5人英雄",阿里曼监察使,特殊,天工图：雷烈,-,
"40","荻花宫前山","5人英雄",阿里曼监察使,特殊,天工图：红炎,-,
"40","荻花宫前山","5人英雄",阿里曼监察,特殊,天工图：千忍吞兽盔,-,
"40","荻花宫前山","5人英雄",阿里曼监察,特殊,地黄,-,
"40","荻花宫前山","5人英雄",阿里曼监察,特殊,菩提木,-,
"40","荻花宫前山","5人英雄",阿里曼监察,特殊,天工图：千忍吞兽护手,-,
"40","荻花宫前山","5人英雄",阿里曼监察,特殊,富水,-,
"40","荻花宫前山","5人英雄",阿里曼监察,特殊,秘方：团圆宴,-,
"40","荻花宫前山","5人英雄",阿里曼监察,特殊,靛蓝,-,
"40","荻花宫前山","5人英雄",阿里曼监察,特殊,秘方：欢庆宴,-,
"40","荻花宫前山","5人英雄",阿里曼监察,特殊,天山雪水,-,
"40","荻花宫前山","5人英雄",阿里曼监察,特殊,地煞兵器谱兵器碎片,-,
"40","荻花宫前山","5人英雄",阿里曼监察,特殊,珍珠缀放,-,
"40","荻花宫前山","5人英雄",阿里曼监察使,特殊,天工图：天玄笔,-,
"40","荻花宫前山","5人英雄",阿里曼监察使,特殊,天工图：天涛棍,-,
"40","荻花宫前山","5人英雄",阿里曼监察使,特殊,天工图：狮头宝刀,-,
"40","荻花宫前山","5人英雄",阿里曼监察,特殊,药方：中品展凤散,-,
"40","荻花宫前山","5人英雄",阿里曼监察使,特殊,天工图：九霄双剑,-,
"40","荻花宫前山","5人英雄",阿里曼监察使,特殊,天工图：乌金血剑,-,
"40","荻花宫前山","5人英雄",阿里曼监察使,特殊,天工图：九绝魔剑,-,
"40","荻花宫前山","5人英雄",阿里曼监察,特殊,千年冰芯,-,
"40","荻花宫前山","5人英雄",阿里曼监察,特殊,隐月线,-,
"40","荻花宫前山","5人英雄",阿里曼监察,特殊,天工图：花落无痕冠,-,
"40","荻花宫前山","5人英雄",阿里曼监察使,特殊,天工图：花落无痕装,-,
"40","荻花宫前山","5人英雄",阿里曼监察,特殊,金甲片,-,
"40","荻花宫前山","5人英雄",阿里曼监察使,特殊,天工图：花落无痕靴,-,
"40","荻花宫前山","5人英雄",阿里曼监察,特殊,天工图：寒尘霄雪宝衣,-,
"40","荻花宫前山","5人英雄",阿里曼监察,特殊,天工图：千忍吞兽护腰,-,
"40","荻花宫前山","5人英雄",阿里曼监察,特殊,天工图：寒尘霄雪冠,-,
"40","荻花宫前山","5人英雄",阿里曼监察,特殊,貂皮,-,
"40","荻花宫前山","5人英雄",阿里曼监察使,特殊,天工图：寒尘霄雪装,-,
"40","荻花宫前山","5人英雄",阿里曼监察使,特殊,天工图：寒尘霄雪靴,-,
"40","荻花宫前山","5人英雄",阿里曼监察,特殊,古井泉,-,
"40","荻花宫前山","5人英雄",阿里曼监察,特殊,天工图：战意御霆铠,-,
"40","荻花宫前山","5人英雄",阿里曼监察,特殊,雨花石,-,
"40","荻花宫前山","5人英雄",阿里曼监察,特殊,天工图：战意御霆盔,-,
"40","荻花宫前山","5人英雄",阿里曼监察,特殊,天工图：千忍吞兽宝甲,-,
"40","荻花宫前山","5人英雄",阿里曼监察使,特殊,天工图：战意御霆甲,-,
"40","荻花宫前山","5人英雄",阿里曼监察使,特殊,天工图：战意御霆靴,-,
"40","荻花宫前山","5人英雄",阿里曼监察,特殊,绢云母,-,
"40","荻花宫前山","5人英雄",阿里曼监察,特殊,天工图：珍珠锦銮宝衣,-,
"40","荻花宫前山","5人英雄",阿里曼监察使,特殊,神秘的卷轴,-,
"40","荻花宫前山","5人英雄",阿里曼监察,特殊,秘方：佛跳墙,-,
"40","荻花宫前山","5人英雄",阿里曼监察,特殊,西市腔,-,
"40","荻花宫前山","5人英雄",阿里曼监察,特殊,天工图：珍珠锦銮冠,-,
"40","荻花宫前山","5人英雄",阿里曼监察,特殊,天工图：花落无痕宝衣,-,
"40","荻花宫前山","5人英雄",阿里曼监察,特殊,鼠尾叶,-,
"40","荻花宫前山","5人英雄",阿里曼入教主祭司,特殊,天工图：珍珠锦銮装,-,
"40","荻花宫前山","5人英雄",阿里曼入教主祭司,特殊,天工图：珍珠锦銮鞋,-,
"40","荻花宫前山","5人英雄",阿里曼入教主祭司,特殊,天工图：雷烈,-,
"40","荻花宫前山","5人英雄",阿里曼入教主祭司,特殊,天工图：红炎,-,
"40","荻花宫前山","5人英雄",阿里曼入教主祭司,特殊,天工图：天玄笔,-,
"40","荻花宫前山","5人英雄",阿里曼入教主祭司,特殊,天工图：天涛棍,-,
"40","荻花宫前山","5人英雄",阿里曼入教主祭司,特殊,天工图：狮头宝刀,-,
"40","荻花宫前山","5人英雄",阿里曼入教主祭司,特殊,天工图：九霄双剑,-,
"40","荻花宫前山","5人英雄",阿里曼入教主祭司,特殊,天工图：乌金血剑,-,
"40","荻花宫前山","5人英雄",阿里曼入教主祭司,特殊,天工图：九绝魔剑,-,
"40","荻花宫前山","5人英雄",阿里曼入教主祭司,特殊,天工图：花落无痕装,-,
"40","荻花宫前山","5人英雄",阿里曼入教主祭司,特殊,天工图：花落无痕靴,-,
"40","荻花宫前山","5人英雄",阿里曼入教主祭司,特殊,天工图：寒尘霄雪装,-,
"40","荻花宫前山","5人英雄",阿里曼入教主祭司,特殊,天工图：寒尘霄雪靴,-,
"40","荻花宫前山","5人英雄",阿里曼入教主祭司,特殊,天工图：战意御霆甲,-,
"40","荻花宫前山","5人英雄",阿里曼入教主祭司,特殊,天工图：战意御霆靴,-,
"40","荻花宫前山","5人英雄",卫栖梧,特殊,天工图：珍珠锦銮装,-,
"40","荻花宫前山","5人英雄",卫栖梧,特殊,天工图：珍珠锦銮鞋,-,
"40","荻花宫前山","5人英雄",卫栖梧,特殊,《虎牙令·守如山》穴位图残页,-,
"40","荻花宫前山","5人英雄",卫栖梧,特殊,天工图：天玄笔,-,
"40","荻花宫前山","5人英雄",卫栖梧,特殊,天工图：天涛棍,-,
"40","荻花宫前山","5人英雄",卫栖梧,特殊,天工图：狮头宝刀,-,
"40","荻花宫前山","5人英雄",卫栖梧,特殊,天工图：九霄双剑,-,
"40","荻花宫前山","5人英雄",卫栖梧,特殊,天工图：乌金血剑,-,
"40","荻花宫前山","5人英雄",卫栖梧,特殊,天工图：九绝魔剑,-,
"40","荻花宫前山","5人英雄",卫栖梧,特殊,天工图：花落无痕装,-,
"40","荻花宫前山","5人英雄",卫栖梧,特殊,天工图：花落无痕靴,-,
"40","荻花宫前山","5人英雄",卫栖梧,特殊,天工图：寒尘霄雪装,-,
"40","荻花宫前山","5人英雄",卫栖梧,特殊,天工图：寒尘霄雪靴,-,
"40","荻花宫前山","5人英雄",卫栖梧,特殊,天工图：战意御霆甲,-,
"40","荻花宫前山","5人英雄",卫栖梧,特殊,天工图：战意御霆靴,-,
"40","荻花宫前山","5人英雄",卫栖梧,特殊,天工图：红炎,-,
"40","荻花宫前山","5人英雄",卫栖梧,特殊,天工图：雷烈,-,
"40","荻花宫前山","5人英雄",沙利亚,特殊,天工图：红炎,-,
"40","荻花宫前山","5人英雄",沙利亚,特殊,天泉水玉,-,
"40","荻花宫前山","5人英雄",沙利亚,特殊,《北冥剑气·两仪化形》秘诀绝章,-,
"40","荻花宫前山","5人英雄",沙利亚,特殊,天工图：天玄笔,-,
"40","荻花宫前山","5人英雄",沙利亚,特殊,天工图：天涛棍,-,
"40","荻花宫前山","5人英雄",沙利亚,特殊,天工图：狮头宝刀,-,
"40","荻花宫前山","5人英雄",沙利亚,特殊,天工图：乌金血剑,-,
"40","荻花宫前山","5人英雄",沙利亚,特殊,天工图：九绝魔剑,-,
"40","荻花宫前山","5人英雄",沙利亚,特殊,天工图：花落无痕装,-,
"40","荻花宫前山","5人英雄",沙利亚,特殊,天工图：花落无痕靴,-,
"40","荻花宫前山","5人英雄",沙利亚,特殊,天工图：寒尘霄雪装,-,
"40","荻花宫前山","5人英雄",沙利亚,特殊,天工图：战意御霆靴,-,
"40","荻花宫前山","5人英雄",沙利亚,特殊,天工图：雷烈,-,
"40","荻花宫前山","5人英雄",沙利亚,特殊,天工图：珍珠锦銮鞋,-,
"40","荻花宫前山","5人英雄",沙利亚,特殊,天工图：珍珠锦銮装,-,
"40","荻花宫前山","5人英雄",沙利亚,特殊,天工图：九霄双剑,-,
"40","荻花宫前山","5人英雄",沙利亚,特殊,天工图：战意御霆甲,-,
"40","荻花宫前山","5人英雄",沙利亚,特殊,天工图：寒尘霄雪靴,-,
"28","日轮山城","5人普通",上衫勇刀,特殊,修罗谱,-,
"28","日轮山城","5人普通",上衫勇刀,特殊,秘方：黄龙甲,-,
"28","日轮山城","5人普通",雾影奈叶,特殊,修罗谱,-,
"28","日轮山城","5人普通",雾影奈叶,特殊,秘方：黄龙甲,-,
"28","日轮山城","5人普通",雾影奈叶,特殊,蓝色烟玉,-,
"28","日轮山城","5人普通",雾影奈叶,特殊,《达摩武诀·清音诀》注解残页,-,
"28","日轮山城","5人普通",雾影奈叶、猿飞菖蒲,特殊,剑章第八,-,
"28","日轮山城","5人普通",源明雅,特殊,法符,-,
"28","日轮山城","5人普通",源明雅,特殊,秘方：黄龙甲,-,
"28","日轮山城","5人普通",源明雅,特殊,《纯阳诀·生太极》真传残页,-,
"28","日轮山城","5人普通",源明雅,特殊,剑章第三,-,
"28","日轮山城","5人普通",八歧大蛇,特殊,修罗谱,-,
"28","日轮山城","5人普通",八歧大蛇,特殊,秘方：黄龙甲,-,
"28","日轮山城","5人普通",八歧大蛇,特殊,秘方：山鬼劲装,-,
"28","日轮山城","5人普通",八歧大蛇,特殊,剑章第一,-,
"28","日轮山城","5人普通",八歧大蛇,特殊,《羽林枪法·穿云》秘诀断篇,-,
"28","日轮山城","5人普通",吉汰,特殊,修罗谱,-,
"44","日轮山城","5人英雄",尸灵武者,特殊,天工图：珍珠锦銮装,-,
"44","日轮山城","5人英雄",尸灵武者,特殊,天工图：九绝魔剑,-,
"44","日轮山城","5人英雄",尸灵武者,特殊,天工图：珍珠锦銮鞋,-,
"44","日轮山城","5人英雄",尸灵武者,特殊,天工图：雷烈,-,
"44","日轮山城","5人英雄",尸灵武者,特殊,天工图：红炎,-,
"44","日轮山城","5人英雄",尸灵武者,特殊,天工图：寒尘霄雪装,-,
"44","日轮山城","5人英雄",尸灵武者,特殊,天工图：寒尘霄雪靴,-,
"44","日轮山城","5人英雄",尸灵武者,特殊,天工图：天玄笔,-,
"44","日轮山城","5人英雄",尸灵武者,特殊,天工图：天涛棍,-,
"44","日轮山城","5人英雄",尸灵武者,特殊,天工图：战意御霆甲,-,
"44","日轮山城","5人英雄",尸灵武者,特殊,天工图：狮头宝刀,-,
"44","日轮山城","5人英雄",尸灵武者,特殊,天工图：花落无痕装,-,
"44","日轮山城","5人英雄",尸灵武者,特殊,天工图：战意御霆靴,-,
"44","日轮山城","5人英雄",尸灵武者,特殊,天工图：九霄双剑,-,
"44","日轮山城","5人英雄",尸灵武者,特殊,天工图：花落无痕靴,-,
"44","日轮山城","5人英雄",尸灵武者,特殊,天工图：乌金血剑,-,
"44","日轮山城","5人英雄",谢云流,特殊,天工图：珍珠锦銮鞋,-,
"44","日轮山城","5人英雄",谢云流,特殊,天工图：九绝魔剑,-,
"44","日轮山城","5人英雄",谢云流,特殊,天工图：雷烈,-,
"44","日轮山城","5人英雄",谢云流,特殊,天工图：红炎,-,
"44","日轮山城","5人英雄",谢云流,特殊,天工图：寒尘霄雪装,-,
"44","日轮山城","5人英雄",谢云流,特殊,天工图：寒尘霄雪靴,-,
"44","日轮山城","5人英雄",谢云流,特殊,天工图：天玄笔,-,
"44","日轮山城","5人英雄",谢云流,特殊,天工图：天涛棍,-,
"44","日轮山城","5人英雄",谢云流,特殊,天工图：战意御霆甲,-,
"44","日轮山城","5人英雄",谢云流,特殊,天工图：战意御霆靴,-,
"44","日轮山城","5人英雄",谢云流,特殊,天工图：狮头宝刀,-,
"44","日轮山城","5人英雄",谢云流,特殊,天工图：花落无痕装,-,
"44","日轮山城","5人英雄",谢云流,特殊,天工图：九霄双剑,-,
"44","日轮山城","5人英雄",谢云流,特殊,天工图：花落无痕靴,-,
"44","日轮山城","5人英雄",谢云流,特殊,天工图：珍珠锦銮装,-,
"44","日轮山城","5人英雄",谢云流,特殊,天工图：乌金血剑,-,
"44","日轮山城","5人英雄",野村一郎,特殊,天工图：乌金血剑,-,
"44","日轮山城","5人英雄",野村一郎,特殊,天工图：珍珠锦銮鞋,-,
"44","日轮山城","5人英雄",野村一郎,特殊,天工图：九绝魔剑,-,
"44","日轮山城","5人英雄",野村一郎,特殊,天工图：雷烈,-,
"44","日轮山城","5人英雄",野村一郎,特殊,天工图：红炎,-,
"44","日轮山城","5人英雄",野村一郎,特殊,天工图：寒尘霄雪靴,-,
"44","日轮山城","5人英雄",野村一郎,特殊,《百花拂穴手·浮花浪蕊》人偶图断篇,-,
"44","日轮山城","5人英雄",野村一郎,特殊,天工图：天玄笔,-,
"44","日轮山城","5人英雄",野村一郎,特殊,天工图：天涛棍,-,
"44","日轮山城","5人英雄",野村一郎,特殊,天工图：战意御霆甲,-,
"44","日轮山城","5人英雄",野村一郎,特殊,天工图：战意御霆靴,-,
"44","日轮山城","5人英雄",野村一郎,特殊,天工图：狮头宝刀,-,
"44","日轮山城","5人英雄",野村一郎,特殊,天工图：花落无痕装,-,
"44","日轮山城","5人英雄",野村一郎,特殊,天工图：九霄双剑,-,
"44","日轮山城","5人英雄",野村一郎,特殊,天工图：花落无痕靴,-,
"44","日轮山城","5人英雄",野村一郎,特殊,天工图：珍珠锦銮装,-,
"44","日轮山城","5人英雄",野村一郎,特殊,天工图：寒尘霄雪装,-,
"44","日轮山城","5人英雄",服部胧藏,特殊,天工图：寒尘霄雪装,-,
"44","日轮山城","5人英雄",服部胧藏,特殊,《霓裳羽衣·上元点鬟》注解绝章,-,
"44","日轮山城","5人英雄",服部胧藏,特殊,天工图：天玄笔,-,
"44","日轮山城","5人英雄",服部胧藏,特殊,天工图：珍珠锦銮鞋,-,
"44","日轮山城","5人英雄",服部胧藏,特殊,天工图：雷烈,-,
"44","日轮山城","5人英雄",服部胧藏,特殊,天工图：狮头宝刀,-,
"44","日轮山城","5人英雄",服部胧藏,特殊,天工图：花落无痕装,-,
"44","日轮山城","5人英雄",服部胧藏,特殊,天工图：战意御霆甲,-,
"44","日轮山城","5人英雄",服部胧藏,特殊,天工图：战意御霆靴,-,
"44","日轮山城","5人英雄",服部胧藏,特殊,天工图：九霄双剑,-,
"44","日轮山城","5人英雄",服部胧藏,特殊,天工图：花落无痕靴,-,
"44","日轮山城","5人英雄",服部胧藏,特殊,天泉水玉,-,
"44","日轮山城","5人英雄",服部胧藏,特殊,天工图：红炎,-,
"44","日轮山城","5人英雄",服部胧藏,特殊,天工图：珍珠锦銮装,-,
"44","日轮山城","5人英雄",服部胧藏,特殊,天工图：乌金血剑,-,
"44","日轮山城","5人英雄",服部胧藏,特殊,天工图：寒尘霄雪靴,-,
"44","日轮山城","5人英雄",服部胧藏,特殊,天工图：九绝魔剑,-,
"44","日轮山城","5人英雄",服部胧藏,特殊,天工图：天涛棍,-,
"33","天子峰","5人普通",柳随风,特殊,《坐忘经·凭虚御风》穴位图断篇,-,
"33","天子峰","5人普通",柳随风,特殊,剑章第五,-,
"33","天子峰","5人普通",孙敬萧,特殊,剑章第七,-,
"33","天子峰","5人普通",李尧,特殊,剑章第四,-,
"33","天子峰","5人普通",玄悲,特殊,《龙爪功·抱残式》穴位图残页,-,
"33","天子峰","5人普通",陌香,特殊,《西河剑器·江海凝光》真传断篇,-,
"42","天子峰","5人英雄",玄阴子,特殊,天工图：花落无痕靴,-,
"42","天子峰","5人英雄",玄阴子,特殊,天工图：寒尘霄雪装,-,
"42","天子峰","5人英雄",玄阴子,特殊,天工图：战意御霆靴,-,
"42","天子峰","5人英雄",玄阴子,特殊,天工图：战意御霆甲,-,
"42","天子峰","5人英雄",玄阴子,特殊,天工图：珍珠锦銮装,-,
"42","天子峰","5人英雄",玄阴子,特殊,天工图：雷烈,-,
"42","天子峰","5人英雄",玄阴子,特殊,天工图：红炎,-,
"42","天子峰","5人英雄",玄阴子,特殊,《天道剑势·无我无剑》秘诀绝章,-,
"42","天子峰","5人英雄",玄阴子,特殊,天工图：珍珠锦銮鞋,-,
"42","天子峰","5人英雄",玄阴子,特殊,天工图：天玄笔,-,
"42","天子峰","5人英雄",玄阴子,特殊,天工图：寒尘霄雪靴,-,
"42","天子峰","5人英雄",玄阴子,特殊,天工图：天涛棍,-,
"42","天子峰","5人英雄",玄阴子,特殊,天工图：花落无痕装,-,
"42","天子峰","5人英雄",玄阴子,特殊,天工图：狮头宝刀,-,
"42","天子峰","5人英雄",玄阴子,特殊,天工图：九绝魔剑,-,
"42","天子峰","5人英雄",玄阴子,特殊,天工图：九霄双剑,-,
"42","天子峰","5人英雄",玄阴子,特殊,天工图：乌金血剑,-,
"42","天子峰","5人英雄",程傲,特殊,天工图：花落无痕装,-,
"42","天子峰","5人英雄",程傲,特殊,天工图：花落无痕靴,-,
"42","天子峰","5人英雄",程傲,特殊,天工图：寒尘霄雪装,-,
"42","天子峰","5人英雄",程傲,特殊,天工图：寒尘霄雪靴,-,
"42","天子峰","5人英雄",程傲,特殊,天工图：战意御霆靴,-,
"42","天子峰","5人英雄",程傲,特殊,天工图：战意御霆甲,-,
"42","天子峰","5人英雄",程傲,特殊,天工图：珍珠锦銮装,-,
"42","天子峰","5人英雄",程傲,特殊,天工图：珍珠锦銮鞋,-,
"42","天子峰","5人英雄",程傲,特殊,天工图：雷烈,-,
"42","天子峰","5人英雄",程傲,特殊,天工图：红炎,-,
"42","天子峰","5人英雄",程傲,特殊,《虎牙令·守如山》穴位图断篇,-,
"42","天子峰","5人英雄",程傲,特殊,天工图：天玄笔,-,
"42","天子峰","5人英雄",程傲,特殊,天工图：天涛棍,-,
"42","天子峰","5人英雄",程傲,特殊,天工图：狮头宝刀,-,
"42","天子峰","5人英雄",程傲,特殊,天工图：九霄双剑,-,
"42","天子峰","5人英雄",程傲,特殊,天工图：九绝魔剑,-,
"42","天子峰","5人英雄",程傲,特殊,天工图：乌金血剑,-,
"42","天子峰","5人英雄",王积薪,特殊,天工图：九绝魔剑,-,
"42","天子峰","5人英雄",王积薪,特殊,天工图：花落无痕靴,-,
"42","天子峰","5人英雄",王积薪,特殊,天工图：寒尘霄雪装,-,
"42","天子峰","5人英雄",王积薪,特殊,天工图：寒尘霄雪靴,-,
"42","天子峰","5人英雄",王积薪,特殊,天工图：战意御霆甲,-,
"42","天子峰","5人英雄",王积薪,特殊,天工图：战意御霆靴,-,
"42","天子峰","5人英雄",王积薪,特殊,天工图：珍珠锦銮装,-,
"42","天子峰","5人英雄",王积薪,特殊,天工图：珍珠锦銮鞋,-,
"42","天子峰","5人英雄",王积薪,特殊,天工图：雷烈,-,
"42","天子峰","5人英雄",王积薪,特殊,天工图：红炎,-,
"42","天子峰","5人英雄",王积薪,特殊,《百花拂穴手·浮花浪蕊》人偶图残页,-,
"42","天子峰","5人英雄",王积薪,特殊,天工图：天玄笔,-,
"42","天子峰","5人英雄",王积薪,特殊,天工图：天涛棍,-,
"42","天子峰","5人英雄",王积薪,特殊,天工图：狮头宝刀,-,
"42","天子峰","5人英雄",王积薪,特殊,天工图：花落无痕装,-,
"42","天子峰","5人英雄",王积薪,特殊,天工图：九霄双剑,-,
"42","天子峰","5人英雄",王积薪,特殊,天工图：乌金血剑,-,
"42","天子峰","5人英雄",道衍,特殊,天工图：花落无痕靴,-,
"42","天子峰","5人英雄",道衍,特殊,天工图：寒尘霄雪装,-,
"42","天子峰","5人英雄",道衍,特殊,天工图：战意御霆靴,-,
"42","天子峰","5人英雄",道衍,特殊,天工图：珍珠锦銮装,-,
"42","天子峰","5人英雄",道衍,特殊,天工图：雷烈,-,
"42","天子峰","5人英雄",道衍,特殊,天工图：珍珠锦銮鞋,-,
"42","天子峰","5人英雄",道衍,特殊,天工图：红炎,-,
"42","天子峰","5人英雄",道衍,特殊,《袈裟伏魔功·五蕴皆空》注解断篇,-,
"42","天子峰","5人英雄",道衍,特殊,天工图：战意御霆甲,-,
"42","天子峰","5人英雄",道衍,特殊,天工图：天玄笔,-,
"42","天子峰","5人英雄",道衍,特殊,天工图：寒尘霄雪靴,-,
"42","天子峰","5人英雄",道衍,特殊,天工图：天涛棍,-,
"42","天子峰","5人英雄",道衍,特殊,天工图：狮头宝刀,-,
"42","天子峰","5人英雄",道衍,特殊,天工图：花落无痕装,-,
"42","天子峰","5人英雄",道衍,特殊,天工图：九霄双剑,-,
"42","天子峰","5人英雄",道衍,特殊,天工图：九绝魔剑,-,
"42","天子峰","5人英雄",道衍,特殊,天工图：乌金血剑,-,
"42","天子峰","5人英雄",李裳秋,特殊,天工图：九绝魔剑,-,
"42","天子峰","5人英雄",李裳秋,特殊,天工图：花落无痕装,-,
"42","天子峰","5人英雄",李裳秋,特殊,天工图：寒尘霄雪靴,-,
"42","天子峰","5人英雄",李裳秋,特殊,天工图：战意御霆甲,-,
"42","天子峰","5人英雄",李裳秋,特殊,天工图：珍珠锦銮鞋,-,
"42","天子峰","5人英雄",李裳秋,特殊,天工图：红炎,-,
"42","天子峰","5人英雄",李裳秋,特殊,天工图：珍珠锦銮装,-,
"42","天子峰","5人英雄",李裳秋,特殊,天工图：雷烈,-,
"42","天子峰","5人英雄",李裳秋,特殊,天工图：战意御霆靴,-,
"42","天子峰","5人英雄",李裳秋,特殊,天工图：天玄笔,-,
"42","天子峰","5人英雄",李裳秋,特殊,天工图：寒尘霄雪装,-,
"42","天子峰","5人英雄",李裳秋,特殊,天工图：天涛棍,-,
"42","天子峰","5人英雄",李裳秋,特殊,天工图：花落无痕靴,-,
"42","天子峰","5人英雄",李裳秋,特殊,天工图：九霄双剑,-,
"42","天子峰","5人英雄",李裳秋,特殊,天工图：狮头宝刀,-,
"42","天子峰","5人英雄",李裳秋,特殊,天工图：乌金血剑,-,
"42","天子峰","5人英雄",方鹤影,特殊,天工图：九绝魔剑,-,
"42","天子峰","5人英雄",方鹤影,特殊,天工图：花落无痕装,-,
"42","天子峰","5人英雄",方鹤影,特殊,天工图：花落无痕靴,-,
"42","天子峰","5人英雄",方鹤影,特殊,天工图：寒尘霄雪靴,-,
"42","天子峰","5人英雄",方鹤影,特殊,天工图：战意御霆甲,-,
"42","天子峰","5人英雄",方鹤影,特殊,天工图：战意御霆靴,-,
"42","天子峰","5人英雄",方鹤影,特殊,天工图：珍珠锦銮装,-,
"42","天子峰","5人英雄",方鹤影,特殊,天工图：珍珠锦銮鞋,-,
"42","天子峰","5人英雄",方鹤影,特殊,天工图：红炎,-,
"42","天子峰","5人英雄",方鹤影,特殊,天泉水玉,-,
"42","天子峰","5人英雄",方鹤影,特殊,天工图：雷烈,-,
"42","天子峰","5人英雄",方鹤影,特殊,天工图：天玄笔,-,
"42","天子峰","5人英雄",方鹤影,特殊,天工图：天涛棍,-,
"42","天子峰","5人英雄",方鹤影,特殊,天工图：寒尘霄雪装,-,
"42","天子峰","5人英雄",方鹤影,特殊,天工图：狮头宝刀,-,
"42","天子峰","5人英雄",方鹤影,特殊,天工图：九霄双剑,-,
"42","天子峰","5人英雄",方鹤影,特殊,天工图：乌金血剑,-,
"34","风雨稻香村","5人普通",殷不为,特殊,《罗汉棍法·普渡四方》参悟断篇,-,
"34","风雨稻香村","5人普通",殷不为,特殊,修罗谱,-,
"34","风雨稻香村","5人普通",殷不为,特殊,秘方：金丝铁甲护手,-,
"34","风雨稻香村","5人普通",殷不为,特殊,秘方：金丝银甲裹腰,-,
"34","风雨稻香村","5人普通",肖童,特殊,《霓裳羽衣·左旋右转》注解残页,-,
"34","风雨稻香村","5人普通",肖童,特殊,修罗谱,-,
"34","风雨稻香村","5人普通",肖童,特殊,秘方：金丝铁甲护手,-,
"34","风雨稻香村","5人普通",肖童,特殊,秘方：金丝银甲裹腰,-,
"34","风雨稻香村","5人普通",刘大海,特殊,《点穴截脉·少明指》参悟断篇,-,
"34","风雨稻香村","5人普通",刘大海,特殊,秘方：金丝铁甲护手,-,
"34","风雨稻香村","5人普通",刘大海,特殊,秘方：金丝银甲裹腰,-,
"34","风雨稻香村","5人普通",刘大海,特殊,剑章第六,-,
"34","风雨稻香村","5人普通",刘大海,特殊,秘方：苍狸裘裹腿,-,
"34","风雨稻香村","5人普通",秦雷,特殊,修罗谱,-,
"34","风雨稻香村","5人普通",秦雷,特殊,秘方：金丝铁甲护手,-,
"34","风雨稻香村","5人普通",秦雷,特殊,秘方：金丝银甲裹腰,-,
"34","风雨稻香村","5人普通",秦雷,特殊,《羽林枪法·破风》穴位图断篇,-,
"34","风雨稻香村","5人普通",秦雷,特殊,剑章第二,-,
"34","风雨稻香村","5人普通",狼牙夜暮刺客,特殊,修罗谱,-,
"47","风雨稻香村","5人英雄",狼牙夜暮刺客,特殊,古井泉,-,
"47","风雨稻香村","5人英雄",狼牙夜暮刺客,特殊,天山雪水,-,
"47","风雨稻香村","5人英雄",狼牙夜暮刺客,特殊,菩提木,-,
"47","风雨稻香村","5人英雄",狼牙夜暮刺客,特殊,隐月线,-,
"47","风雨稻香村","5人英雄",狼牙夜暮刺客,特殊,天工图：珍珠锦銮宝衣,-,
"47","风雨稻香村","5人英雄",狼牙夜暮刺客,特殊,雨花石,-,
"47","风雨稻香村","5人英雄",狼牙夜暮刺客,特殊,鼠尾叶,-,
"47","风雨稻香村","5人英雄",狼牙夜暮刺客,特殊,秘方：欢庆宴,-,
"47","风雨稻香村","5人英雄",狼牙夜暮刺客,特殊,天工图：珍珠锦銮冠,-,
"47","风雨稻香村","5人英雄",狼牙夜暮刺客,特殊,天工图：千忍吞兽宝甲,-,
"47","风雨稻香村","5人英雄",狼牙夜暮刺客,特殊,天工图：千忍吞兽护手,-,
"47","风雨稻香村","5人英雄",狼牙夜暮刺客,特殊,珍珠缀放,-,
"47","风雨稻香村","5人英雄",狼牙夜暮刺客,特殊,金甲片,-,
"47","风雨稻香村","5人英雄",狼牙夜暮刺客,特殊,天工图：战意御霆铠,-,
"47","风雨稻香村","5人英雄",狼牙夜暮刺客,特殊,绢云母,-,
"47","风雨稻香村","5人英雄",狼牙夜暮刺客,特殊,地煞兵器谱兵器碎片,-,
"47","风雨稻香村","5人英雄",狼牙夜暮刺客,特殊,天工图：战意御霆盔,-,
"47","风雨稻香村","5人英雄",狼牙夜暮刺客,特殊,西市腔,-,
"47","风雨稻香村","5人英雄",狼牙夜暮刺客,特殊,富水,-,
"47","风雨稻香村","5人英雄",狼牙夜暮刺客,特殊,药方：中品展凤散,-,
"47","风雨稻香村","5人英雄",狼牙夜暮刺客,特殊,天工图：千忍吞兽护腰,-,
"47","风雨稻香村","5人英雄",狼牙夜暮刺客,特殊,天工图：寒尘霄雪宝衣,-,
"47","风雨稻香村","5人英雄",狼牙夜暮刺客,特殊,茜草,-,
"47","风雨稻香村","5人英雄",狼牙夜暮刺客,特殊,秘方：佛跳墙,-,
"47","风雨稻香村","5人英雄",狼牙夜暮刺客,特殊,天工图：寒尘霄雪冠,-,
"47","风雨稻香村","5人英雄",狼牙夜暮刺客,特殊,天工图：千忍吞兽盔,-,
"47","风雨稻香村","5人英雄",狼牙夜暮刺客,特殊,靛蓝,-,
"47","风雨稻香村","5人英雄",狼牙夜暮刺客,特殊,千年冰芯,-,
"47","风雨稻香村","5人英雄",狼牙夜暮刺客,特殊,貂皮,-,
"47","风雨稻香村","5人英雄",狼牙夜暮刺客,特殊,天工图：花落无痕宝衣,-,
"47","风雨稻香村","5人英雄",狼牙夜暮刺客,特殊,地黄,-,
"47","风雨稻香村","5人英雄",狼牙夜暮刺客,特殊,秘方：团圆宴,-,
"47","风雨稻香村","5人英雄",狼牙夜暮刺客,特殊,天工图：花落无痕冠,-,
"47","风雨稻香村","5人英雄",卢元霸,特殊,天工图：红炎,-,
"47","风雨稻香村","5人英雄",卢元霸,特殊,天工图：九霄双剑,-,
"47","风雨稻香村","5人英雄",卢元霸,特殊,天工图：花落无痕装,-,
"47","风雨稻香村","5人英雄",卢元霸,特殊,天工图：寒尘霄雪靴,-,
"47","风雨稻香村","5人英雄",卢元霸,特殊,天工图：天涛棍,-,
"47","风雨稻香村","5人英雄",卢元霸,特殊,天工图：乌金血剑,-,
"47","风雨稻香村","5人英雄",卢元霸,特殊,天工图：花落无痕靴,-,
"47","风雨稻香村","5人英雄",卢元霸,特殊,天工图：珍珠锦銮装,-,
"47","风雨稻香村","5人英雄",卢元霸,特殊,天工图：九绝魔剑,-,
"47","风雨稻香村","5人英雄",卢元霸,特殊,天工图：战意御霆甲,-,
"47","风雨稻香村","5人英雄",卢元霸,特殊,天工图：珍珠锦銮鞋,-,
"47","风雨稻香村","5人英雄",卢元霸,特殊,天工图：天玄笔,-,
"47","风雨稻香村","5人英雄",卢元霸,特殊,天工图：狮头宝刀,-,
"47","风雨稻香村","5人英雄",卢元霸,特殊,天工图：寒尘霄雪装,-,
"47","风雨稻香村","5人英雄",卢元霸,特殊,天工图：战意御霆靴,-,
"47","风雨稻香村","5人英雄",卢元霸,特殊,天工图：雷烈,-,
"47","风雨稻香村","5人英雄",齐宗强,特殊,天工图：红炎,-,
"47","风雨稻香村","5人英雄",齐宗强,特殊,天工图：九霄双剑,-,
"47","风雨稻香村","5人英雄",齐宗强,特殊,天工图：花落无痕装,-,
"47","风雨稻香村","5人英雄",齐宗强,特殊,天工图：寒尘霄雪靴,-,
"47","风雨稻香村","5人英雄",齐宗强,特殊,天工图：天涛棍,-,
"47","风雨稻香村","5人英雄",齐宗强,特殊,天工图：乌金血剑,-,
"47","风雨稻香村","5人英雄",齐宗强,特殊,天工图：花落无痕靴,-,
"47","风雨稻香村","5人英雄",齐宗强,特殊,天工图：珍珠锦銮装,-,
"47","风雨稻香村","5人英雄",齐宗强,特殊,天工图：九绝魔剑,-,
"47","风雨稻香村","5人英雄",齐宗强,特殊,天工图：战意御霆甲,-,
"47","风雨稻香村","5人英雄",齐宗强,特殊,天工图：珍珠锦銮鞋,-,
"47","风雨稻香村","5人英雄",齐宗强,特殊,天工图：天玄笔,-,
"47","风雨稻香村","5人英雄",齐宗强,特殊,天工图：狮头宝刀,-,
"47","风雨稻香村","5人英雄",齐宗强,特殊,天工图：寒尘霄雪装,-,
"47","风雨稻香村","5人英雄",齐宗强,特殊,天工图：战意御霆靴,-,
"47","风雨稻香村","5人英雄",齐宗强,特殊,天工图：雷烈,-,
"47","风雨稻香村","5人英雄",肖红,特殊,天工图：雷烈,-,
"47","风雨稻香村","5人英雄",肖红,特殊,天工图：红炎,-,
"47","风雨稻香村","5人英雄",肖红,特殊,天工图：九霄双剑,-,
"47","风雨稻香村","5人英雄",肖红,特殊,天工图：花落无痕装,-,
"47","风雨稻香村","5人英雄",肖红,特殊,天工图：寒尘霄雪靴,-,
"47","风雨稻香村","5人英雄",肖红,特殊,《霓裳羽衣·上元点鬟》人偶图断篇,-,
"47","风雨稻香村","5人英雄",肖红,特殊,天工图：天涛棍,-,
"47","风雨稻香村","5人英雄",肖红,特殊,天工图：乌金血剑,-,
"47","风雨稻香村","5人英雄",肖红,特殊,天工图：花落无痕靴,-,
"47","风雨稻香村","5人英雄",肖红,特殊,天工图：珍珠锦銮装,-,
"47","风雨稻香村","5人英雄",肖红,特殊,天工图：九绝魔剑,-,
"47","风雨稻香村","5人英雄",肖红,特殊,天工图：战意御霆甲,-,
"47","风雨稻香村","5人英雄",肖红,特殊,天工图：珍珠锦銮鞋,-,
"47","风雨稻香村","5人英雄",肖红,特殊,天工图：天玄笔,-,
"47","风雨稻香村","5人英雄",肖红,特殊,天工图：狮头宝刀,-,
"47","风雨稻香村","5人英雄",肖红,特殊,天工图：寒尘霄雪装,-,
"47","风雨稻香村","5人英雄",肖红,特殊,天工图：战意御霆靴,-,
"47","风雨稻香村","5人英雄",熊奎、汪莽,特殊,天工图：天玄笔,-,
"47","风雨稻香村","5人英雄",熊奎、汪莽,特殊,天工图：狮头宝刀,-,
"47","风雨稻香村","5人英雄",熊奎、汪莽,特殊,天工图：寒尘霄雪装,-,
"47","风雨稻香村","5人英雄",熊奎、汪莽,特殊,天工图：战意御霆靴,-,
"47","风雨稻香村","5人英雄",熊奎、汪莽,特殊,天工图：雷烈,-,
"47","风雨稻香村","5人英雄",熊奎、汪莽,特殊,天工图：红炎,-,
"47","风雨稻香村","5人英雄",熊奎、汪莽,特殊,天泉水玉,-,
"47","风雨稻香村","5人英雄",熊奎、汪莽,特殊,天工图：九霄双剑,-,
"47","风雨稻香村","5人英雄",熊奎、汪莽,特殊,天工图：花落无痕装,-,
"47","风雨稻香村","5人英雄",熊奎、汪莽,特殊,天工图：寒尘霄雪靴,-,
"47","风雨稻香村","5人英雄",熊奎、汪莽,特殊,《袈裟伏魔功·五蕴皆空》注解残页,-,
"47","风雨稻香村","5人英雄",熊奎、汪莽,特殊,天工图：天涛棍,-,
"47","风雨稻香村","5人英雄",熊奎、汪莽,特殊,天工图：乌金血剑,-,
"47","风雨稻香村","5人英雄",熊奎、汪莽,特殊,天工图：花落无痕靴,-,
"47","风雨稻香村","5人英雄",熊奎、汪莽,特殊,天工图：珍珠锦銮装,-,
"47","风雨稻香村","5人英雄",熊奎、汪莽,特殊,天工图：九绝魔剑,-,
"47","风雨稻香村","5人英雄",熊奎、汪莽,特殊,天工图：战意御霆甲,-,
"47","风雨稻香村","5人英雄",熊奎、汪莽,特殊,天工图：珍珠锦銮鞋,-,
